sku,name,currentFamily,correctedFamily,correctedRole,correctedCategory,confidence,reason
"AMP-2120-DNT","Advanced 1 or 2 Channel Dante Amplifier with support for Low and High Impedance Speaker Systems - WyreStorm","Audio / Control","Speaker","Loudspeaker","Audio","high","Speaker naming"
"OFFICIAL-PRODUCT-PAGE","","","Unclassified","Product","General AV","medium","General fallback classification"
"AMP-260-DNT","Advanced 2 or 4 Channel Dante Amplifier - WyreStorm","Audio / Control","Amplifier","Audio amplifier","Audio","high","AMP SKU or amplifier naming"
"OFFICIAL-PRODUCT-PAGE","","","Unclassified","Product","General AV","medium","General fallback classification"
"APO-100-UC","Apollo Series Conference Speakerphone - WyreStorm","Unified Comms","Speaker","Loudspeaker","Audio","high","Speaker naming"
"OFFICIAL-PRODUCT-PAGE","","","Unclassified","Product","General AV","medium","General fallback classification"
"APO-200-UC","Apollo Series Conference Speakerphone & Switcher - WyreStorm","Unified Comms","Speaker","Loudspeaker","Audio","high","Speaker naming"
"OFFICIAL-PRODUCT-PAGE","","","Unclassified","Product","General AV","medium","General fallback classification"
"APO-COM-MIC","Add-On Microphone for Apollo Video Bar - WyreStorm","Unified Comms","Extender","Signal extender","Extension","high","EX SKU or extender naming"
"OFFICIAL-PRODUCT-PAGE","","","Unclassified","Product","General AV","medium","General fallback classification"
"APO-DG-DOCK","Docking Cradle for APO-DG2 Wireless Casting Dongle and APO-DG-HDMI Adapter - WyreStorm","Unified Comms","Apollo","Presentation / UC product","Presentation / UC","high","APO SKU pattern"
"OFFICIAL-PRODUCT-PAGE","","","Unclassified","Product","General AV","medium","General fallback classification"
"APO-DG-HDMI","HDMI+USB A to USB-C Adapter for the APO-DG1 & DG2 - WyreStorm","Unified Comms","Apollo","Presentation / UC product","Presentation / UC","high","APO SKU pattern"
"OFFICIAL-PRODUCT-PAGE","","","Unclassified","Product","General AV","medium","General fallback classification"
"APO-DG2","Apollo USB-C Wireless Casting Dongle - WyreStorm","Unified Comms","Apollo","Presentation / UC product","Presentation / UC","high","APO SKU pattern"
"OFFICIAL-PRODUCT-PAGE","","","Unclassified","Product","General AV","medium","General fallback classification"
"APO-DG2-PRO","Apollo USB-C Wireless Casting Dongle - WyreStorm","Unified Comms","Camera","Camera / camera bridge","Camera / capture","high","CAM SKU or camera naming"
"OFFICIAL-PRODUCT-PAGE","","","Unclassified","Product","General AV","medium","General fallback classification"
"APO-MIC-EXT","USB Extender for Apollo Add-On Mic - WyreStorm","Unified Comms","Extender","Signal extender","Extension","high","EX SKU or extender naming"
"OFFICIAL-PRODUCT-PAGE","","","Unclassified","Product","General AV","medium","General fallback classification"
"APO-SKY-MIC","Companion Add-on Ceiling Mic for Apollo Video Bar and Microphone Hub - WyreStorm","Unified Comms","Apollo","Microphone / UC audio accessory","Audio / UC","high","Microphone / UC audio naming"
"OFFICIAL-PRODUCT-PAGE","","","Unclassified","Product","General AV","medium","General fallback classification"
"APO-VX20-MNT","Display Mount for Apollo VX20 Video Bars - WyreStorm","Accessory","Apollo","Presentation / UC product","Presentation / UC","high","APO SKU pattern"
"OFFICIAL-PRODUCT-PAGE","","","Unclassified","Product","General AV","medium","General fallback classification"
"APO-VX20-UC-V2","Video Bar for Conference Rooms: Advanced Meeting Solution","Unified Comms","Speaker","Loudspeaker","Audio","high","Speaker naming"
"OFFICIAL-PRODUCT-PAGE","","","Unclassified","Product","General AV","medium","General fallback classification"
"CAB-DAOC-10-C","32Gbps 8K 60Hz DisplayPort 1.4 Active Optical Cable with DP++ Support (10m/32ft) CPR, CL3 Approvals - WyreStorm","Cable","Cable","Cable / active optical cable","Cables","high","CAB SKU or cable naming"
"OFFICIAL-PRODUCT-PAGE","","","Unclassified","Product","General AV","medium","General fallback classification"
"CAB-DAOC-10-P","32Gbps 8K 60Hz DisplayPort 1.4 Active Optical Cable with DP++ Support (10m/32ft) Plenum, FT6 Approvals - WyreStorm","Cable","Cable","Cable / active optical cable","Cables","high","CAB SKU or cable naming"
"OFFICIAL-PRODUCT-PAGE","","","Unclassified","Product","General AV","medium","General fallback classification"
"CAB-HAOC-15-C","Active Optical HDMI Cable | 4K HDR 4:4:4/60| WyreStorm","Cable","Cable","Cable / active optical cable","Cables","high","CAB SKU or cable naming"
"OFFICIAL-PRODUCT-PAGE","","","Unclassified","Product","General AV","medium","General fallback classification"
"CAB-HAOC-15-P","24Gbps 4-core Active Optical HDMI Cable | WyreStorm","Cable","Cable","Cable / active optical cable","Cables","high","CAB SKU or cable naming"
"OFFICIAL-PRODUCT-PAGE","","","Unclassified","Product","General AV","medium","General fallback classification"
"CAB-HAOC-20","Active Optical HDMI Cable | 4K HDR 4:4:4/60, ARC, CEC, ALLM & VRR| WyreStorm","Cable","Cable","Cable / active optical cable","Cables","high","CAB SKU or cable naming"
"OFFICIAL-PRODUCT-PAGE","","","Unclassified","Product","General AV","medium","General fallback classification"
"CAB-HAOC-20-C","Active Optical HDMI Cable | 4K HDR| WyreStorm","Cable","Cable","Cable / active optical cable","Cables","high","CAB SKU or cable naming"
"OFFICIAL-PRODUCT-PAGE","","","Unclassified","Product","General AV","medium","General fallback classification"
"CAB-HAOC-20-P","Active Optical HDMI Cable | Plenum & FT6 Rated| WyreStorm","Cable","Cable","Cable / active optical cable","Cables","high","CAB SKU or cable naming"
"OFFICIAL-PRODUCT-PAGE","","","Unclassified","Product","General AV","medium","General fallback classification"
"CAB-HAOC-30-C","24Gbps 4-core Active Optical HDMI Cable | 4K HDR 4:4:4/60 | Kevlar strengthened | Detachable Head | CPR Rated - WyreStorm","Cable","Cable","Cable / active optical cable","Cables","high","CAB SKU or cable naming"
"OFFICIAL-PRODUCT-PAGE","","","Unclassified","Product","General AV","medium","General fallback classification"
"CAB-HAOC-30-P","24Gbps 4-core Active Optical HDMI Cable | 4K HDR 4:4:4/60 | Kevlar strengthened | Detachable Head | Plenum & FT6 Rated - WyreStorm","Cable","Cable","Cable / active optical cable","Cables","high","CAB SKU or cable naming"
"OFFICIAL-PRODUCT-PAGE","","","Unclassified","Product","General AV","medium","General fallback classification"
"CAB-HAOC-FRL-XX","8K HDMI Cable - CAB‑HAOC‑FRL‑XX HDMI 2.1 Bandwidth 48Gbps | WyreStorm","Cable","Cable","Cable / active optical cable","Cables","high","CAB SKU or cable naming"
"OFFICIAL-PRODUCT-PAGE","","","Unclassified","Product","General AV","medium","General fallback classification"
"CAB-HAOC-XX","24Gbps 4-core Active Optical HDMI Cable | 4K HDR 4:4:4/60, ARC, CEC, ALLM & VRR | Kevlar strengthened | ISF Certified - WyreStorm","Cable","Cable","Cable / active optical cable","Cables","high","CAB SKU or cable naming"
"OFFICIAL-PRODUCT-PAGE","","","Unclassified","Product","General AV","medium","General fallback classification"
"CAB-HAOC-XX-C","24Gbps 4-core Active Optical HDMI Cable | 4K HDR 4:4:4/60 | Kevlar strengthened | Detachable Head | CPR Rated - WyreStorm","Cable","Cable","Cable / active optical cable","Cables","high","CAB SKU or cable naming"
"OFFICIAL-PRODUCT-PAGE","","","Unclassified","Product","General AV","medium","General fallback classification"
"CAB-HAOC-XX-P","24Gbps 4-core Active Optical HDMI Cable | 4K HDR 4:4:4/60 | Kevlar strengthened | Detachable Head | Plenum & FT6 Rated - WyreStorm","Cable","Cable","Cable / active optical cable","Cables","high","CAB SKU or cable naming"
"OFFICIAL-PRODUCT-PAGE","","","Unclassified","Product","General AV","medium","General fallback classification"
"CAB-IR-LINK","IR Link Cable for Control System Integration - WyreStorm","Cable","Extender","Signal extender","Extension","high","EX SKU or extender naming"
"OFFICIAL-PRODUCT-PAGE","","","Unclassified","Product","General AV","medium","General fallback classification"
"CAB-UAOC-15-C","15 Meter USB 3.2 GEN 2 10Gbps Active Optical Extension Cable - WyreStorm","Cable","Cable","Cable / active optical cable","Cables","high","CAB SKU or cable naming"
"OFFICIAL-PRODUCT-PAGE","","","Unclassified","Product","General AV","medium","General fallback classification"
"CAB-UAOC-15-P","15 Meter USB 3.2 GEN 2 10Gbps Active Optical Extension Cable - WyreStorm","Cable","Cable","Cable / active optical cable","Cables","high","CAB SKU or cable naming"
"OFFICIAL-PRODUCT-PAGE","","","Unclassified","Product","General AV","medium","General fallback classification"
"CAB-UAOC-USBC-10","USB 3.2 USB-C to USB-C Cable| WyreStorm","Cable","Cable","Cable / active optical cable","Cables","high","CAB SKU or cable naming"
"OFFICIAL-PRODUCT-PAGE","","","Unclassified","Product","General AV","medium","General fallback classification"
"CAB-USBC-15","USB-C Active Optical Cable (15m/49ft) - WyreStorm","Cable","Cable","Cable / active optical cable","Cables","high","CAB SKU or cable naming"
"OFFICIAL-PRODUCT-PAGE","","","Unclassified","Product","General AV","medium","General fallback classification"
"CAM-0402-BRG","4K Multi-Camera Video Bridge with USB & HDMI Inputs & Outputs - WyreStorm","Camera / Capture","Camera","Camera / camera bridge","Camera / capture","high","CAM SKU or camera naming"
"OFFICIAL-PRODUCT-PAGE","","","Unclassified","Product","General AV","medium","General fallback classification"
"CAM-0402-NDI-BRG","4K Multi-Camera Video Bridge with USB, HDMI & NDI Inputs & Outputs - WyreStorm","Camera / Capture","Camera","Camera / camera bridge","Camera / capture","high","CAM SKU or camera naming"
"OFFICIAL-PRODUCT-PAGE","","","Unclassified","Product","General AV","medium","General fallback classification"
"CAM-200-PTZ","1080p HD PTZ Conference Camera with USB 3.0 & Network Output - WyreStorm","Camera / Capture","Camera","Camera / camera bridge","Camera / capture","high","CAM SKU or camera naming"
"OFFICIAL-PRODUCT-PAGE","","","Unclassified","Product","General AV","medium","General fallback classification"
"CAM-210-NDI-PTZ","CAM-210-NDI-PTZ 1080p60 Camera with with USB 3.0 - Pro AV & Streaming - WyreStorm","Camera / Capture","Camera","Camera / camera bridge","Camera / capture","high","CAM SKU or camera naming"
"OFFICIAL-PRODUCT-PAGE","","","Unclassified","Product","General AV","medium","General fallback classification"
"CAM-210-PTZ","PTZ Camera with AI Tracking | CAM-210-PTZ 1080p – WyreStorm","Camera / Capture","Camera","Camera / camera bridge","Camera / capture","high","CAM SKU or camera naming"
"OFFICIAL-PRODUCT-PAGE","","","Unclassified","Product","General AV","medium","General fallback classification"
"CAM-420-PTZ","4K Dual-Lens AI PTZ Camera with AI features - WyreStorm","Camera / Capture","Speaker","Loudspeaker","Audio","high","Speaker naming"
"OFFICIAL-PRODUCT-PAGE","","","Unclassified","Product","General AV","medium","General fallback classification"
"COM-MIC-HUB","Microphone Hub - WyreStorm","Unified Comms","Speaker","Loudspeaker","Audio","high","Speaker naming"
"OFFICIAL-PRODUCT-PAGE","","","Unclassified","Product","General AV","medium","General fallback classification"
"COMPANIONCONTROL","Companion Control App for NetworkHD 100, 400, 500 & 600 Series - WyreStorm","Audio / Control","NetworkHD","NetworkHD accessory / control","AV-over-IP","high","NetworkHD accessory/control naming"
"OFFICIAL-PRODUCT-PAGE","","","Unclassified","Product","General AV","medium","General fallback classification"
"CON-H2-DD-EARC","4K/60 In-line HDMI Scaler with DSP-Controlled Audio Breakout, Dolby TrueHD & DTS-HD Downmixing and eARC Output - WyreStorm","Audio / Control","Unclassified","Product","General AV","medium","General fallback classification"
"OFFICIAL-PRODUCT-PAGE","","","Unclassified","Product","General AV","medium","General fallback classification"
"CON-H2-EDID","4K60 In-line Signal Re-Clocker with EDID Management - WyreStorm","Audio / Control","Unclassified","Product","General AV","medium","General fallback classification"
"OFFICIAL-PRODUCT-PAGE","","","Unclassified","Product","General AV","medium","General fallback classification"
"CON-H2-SCL","4K60 In-Line HDMI Scaler with Audio Breakout - WyreStorm","Audio / Control","Unclassified","Product","General AV","medium","General fallback classification"
"OFFICIAL-PRODUCT-PAGE","","","Unclassified","Product","General AV","medium","General fallback classification"
"EX-100-G2","4K HDBaseT Extender Set with Bi-directional PoC, IR, RS-232, and EDID Support - WyreStorm","Extender / HDBaseT","Extender","Signal extender","Extension","high","EX SKU or extender naming"
"OFFICIAL-PRODUCT-PAGE","","","Unclassified","Product","General AV","medium","General fallback classification"
"EX-100-H2","100m 4K HDBaseT Extender with USB - WyreStorm","Extender / HDBaseT","Extender","Signal extender","Extension","high","EX SKU or extender naming"
"OFFICIAL-PRODUCT-PAGE","","","Unclassified","Product","General AV","medium","General fallback classification"
"EX-100-H2-EARC","100m 4K60 AVX Extender with eARC - WyreStorm","Extender / HDBaseT","Extender","Signal extender","Extension","high","EX SKU or extender naming"
"OFFICIAL-PRODUCT-PAGE","","","Unclassified","Product","General AV","medium","General fallback classification"
"EX-100-IW-USBC","100m USB 3.2 Single Gang In-Wall HDBT-USB3 Transmitter and Receiver Kit - WyreStorm","Extender / HDBaseT","Extender","Signal extender","Extension","high","EX SKU or extender naming"
"OFFICIAL-PRODUCT-PAGE","","","Unclassified","Product","General AV","medium","General fallback classification"
"EX-100-KVM","WyreStorm EX-100-KVM 4K HDMI & USB KVM Extender over HDBaseT","Extender / HDBaseT","Extender","Signal extender","Extension","high","EX SKU or extender naming"
"OFFICIAL-PRODUCT-PAGE","","","Unclassified","Product","General AV","medium","General fallback classification"
"EX-100-KVM-8K","100m HDMI 2.1 8K HDBaseT Extender with RS-232 Passthrough, Audio De-embed and USB 2.0 Extension - WyreStorm","Extender / HDBaseT","Extender","Signal extender","Extension","high","EX SKU or extender naming"
"OFFICIAL-PRODUCT-PAGE","","","Unclassified","Product","General AV","medium","General fallback classification"
"EX-100-KVM-IP","4K 30Hz KVM Extender over IP | EX-100-KVM-IP - WyreStorm","Extender / HDBaseT","Extender","Signal extender","Extension","high","EX SKU or extender naming"
"OFFICIAL-PRODUCT-PAGE","","","Unclassified","Product","General AV","medium","General fallback classification"
"EX-100-USB3","USB 3.0 Extender | EX-100-USB3 Gen 1 Standard - WyreStorm","Extender / HDBaseT","Extender","Signal extender","Extension","high","EX SKU or extender naming"
"OFFICIAL-PRODUCT-PAGE","","","Unclassified","Product","General AV","medium","General fallback classification"
"EX-35-8K","35m HDMI 2.1 8K HDBaseT Extender with IR/RS-232 Passthrough, Audio De-embed, and Bi-directional PoH - WyreStorm","Extender / HDBaseT","Extender","Signal extender","Extension","high","EX SKU or extender naming"
"OFFICIAL-PRODUCT-PAGE","","","Unclassified","Product","General AV","medium","General fallback classification"
"EX-35-H2","35m 4K60 HDBaseT Extender - WyreStorm","Extender / HDBaseT","Extender","Signal extender","Extension","high","EX SKU or extender naming"
"OFFICIAL-PRODUCT-PAGE","","","Unclassified","Product","General AV","medium","General fallback classification"
"EX-35-H2-ARC","ARC HDMI Extender - EX-35-H2-ARC 18Gbps 4K HDR HDBaseT Extender - WyreStorm","Extender / HDBaseT","Extender","Signal extender","Extension","high","EX SKU or extender naming"
"OFFICIAL-PRODUCT-PAGE","","","Unclassified","Product","General AV","medium","General fallback classification"
"EX-40-G3","40m 1080p UTP Extender - WyreStorm","Extender / HDBaseT","Extender","Signal extender","Extension","high","EX SKU or extender naming"
"OFFICIAL-PRODUCT-PAGE","","","Unclassified","Product","General AV","medium","General fallback classification"
"EX-40-H2-ARC","40m 4K HDBaseT Extender with ARC and Audio Breakout - WyreStorm","Extender / HDBaseT","Extender","Signal extender","Extension","high","EX SKU or extender naming"
"OFFICIAL-PRODUCT-PAGE","","","Unclassified","Product","General AV","medium","General fallback classification"
"EX-40-KVM-5K","5K30Hz HDBT 3.0 Box to Box Extender Kit - WyreStorm","Extender / HDBaseT","Extender","Signal extender","Extension","high","EX SKU or extender naming"
"OFFICIAL-PRODUCT-PAGE","","","Unclassified","Product","General AV","medium","General fallback classification"
"EX-60-USB2","EX-60-USB2 USB 2.0 Extender over Cat6 with 4-Port Hub","Extender / HDBaseT","Extender","Signal extender","Extension","high","EX SKU or extender naming"
"OFFICIAL-PRODUCT-PAGE","","","Unclassified","Product","General AV","medium","General fallback classification"
"EX-70-G2","EX-70-G2 4K HDBaseT Extender Set with HDCP 2.2 & 2-way PoH - WyreStorm","Extender / HDBaseT","Extender","Signal extender","Extension","high","EX SKU or extender naming"
"OFFICIAL-PRODUCT-PAGE","","","Unclassified","Product","General AV","medium","General fallback classification"
"EX-70-H2","4K HDBaseT Extender – High-Quality Video and Audio Transmission","Extender / HDBaseT","Extender","Signal extender","Extension","high","EX SKU or extender naming"
"OFFICIAL-PRODUCT-PAGE","","","Unclassified","Product","General AV","medium","General fallback classification"
"EX-70-H2C","EX-70-H2C 70m 4K HDMI Extender over Cat6 with ARC","Extender / HDBaseT","Extender","Signal extender","Extension","high","EX SKU or extender naming"
"OFFICIAL-PRODUCT-PAGE","","","Unclassified","Product","General AV","medium","General fallback classification"
"EX-70-H2X","70m 4K60 HDBaseT Extender with Ethernet - WyreStorm","Extender / HDBaseT","Extender","Signal extender","Extension","high","EX SKU or extender naming"
"OFFICIAL-PRODUCT-PAGE","","","Unclassified","Product","General AV","medium","General fallback classification"
"EX3-100-EARC","WyreStorm EX3-100-EARC 4K60 HDbaseT 3.0 Extender with eARC","Extender / HDBaseT","Extender","Signal extender","Extension","high","EX SKU or extender naming"
"OFFICIAL-PRODUCT-PAGE","","","Unclassified","Product","General AV","medium","General fallback classification"
"EXA-100-EARC","WyreStorm EXA-100-EARC eARC Audio Extender over Cat Cable","Extender / HDBaseT","Extender","Signal extender","Extension","high","EX SKU or extender naming"
"OFFICIAL-PRODUCT-PAGE","","","Unclassified","Product","General AV","medium","General fallback classification"
"EXF-10KM-5K","5K30Hz 4:4:4 SDVoE Fiber Extender - WyreStorm","Extender / HDBaseT","Extender","Signal extender","Extension","high","EX SKU or extender naming"
"OFFICIAL-PRODUCT-PAGE","","","Unclassified","Product","General AV","medium","General fallback classification"
"EXF-300-H2","WyreStorm EXF-300-H2 4K HDMI Fiber Extender | Long-Range AV over Fiber","Extender / HDBaseT","Extender","Signal extender","Extension","high","EX SKU or extender naming"
"OFFICIAL-PRODUCT-PAGE","","","Unclassified","Product","General AV","medium","General fallback classification"
"EXP-4KUHD-X","4K HDR 4:4:4 60Hz HDMI Cable with VW-1 Rating - WyreStorm","Cable","Cable","Cable / active optical cable","Cables","high","CAB SKU or cable naming"
"OFFICIAL-PRODUCT-PAGE","","","Unclassified","Product","General AV","medium","General fallback classification"
"EXP-8KUHD-X","8K 60Hz HDMI 2.1 Cable with VW-1 Rating - WyreStorm","Cable","Cable","Cable / active optical cable","Cables","high","CAB SKU or cable naming"
"OFFICIAL-PRODUCT-PAGE","","","Unclassified","Product","General AV","medium","General fallback classification"
"EXP-CAB-HAOC-2","24Gbps 4-Core Active Optical HDMI Cable | 4K HDR 4:4:4/60, ARC, CEC, ALLM & VRR | Kevlar strengthened | ISF Certified - WyreStorm","Cable","Cable","Cable / active optical cable","Cables","high","CAB SKU or cable naming"
"OFFICIAL-PRODUCT-PAGE","","","Unclassified","Product","General AV","medium","General fallback classification"
"EXP-CAB-HAOC-4","24Gbps 4-Core Active Optical HDMI Cable | 4K HDR 4:4:4/60, ARC, CEC, ALLM & VRR | Kevlar strengthened | ISF Certified - WyreStorm","Cable","Cable","Cable / active optical cable","Cables","high","CAB SKU or cable naming"
"OFFICIAL-PRODUCT-PAGE","","","Unclassified","Product","General AV","medium","General fallback classification"
"EXP-CAB-HAOC-6","24Gbps 4-Core Active Optical HDMI Cable | 4K HDR 4:4:4/60, ARC, CEC, ALLM & VRR | Kevlar strengthened | ISF Certified - WyreStorm","Cable","Cable","Cable / active optical cable","Cables","high","CAB SKU or cable naming"
"OFFICIAL-PRODUCT-PAGE","","","Unclassified","Product","General AV","medium","General fallback classification"
"EXP-CAB-HAOC-8","Active Optical HDMI Cable | 4K HDR 4:4:4/60, ARC, CEC, ALLM & VRR | WyreStorm","Cable","Cable","Cable / active optical cable","Cables","high","CAB SKU or cable naming"
"OFFICIAL-PRODUCT-PAGE","","","Unclassified","Product","General AV","medium","General fallback classification"
"EXP-CAB-USBC-5M","USB 3.2 USB-C to USB-C Cable| WyreStorm","Cable","Cable","Cable / active optical cable","Cables","high","CAB SKU or cable naming"
"OFFICIAL-PRODUCT-PAGE","","","Unclassified","Product","General AV","medium","General fallback classification"
"EXP-CAB-USBC-XM","USB 3.2 USB-C to USB-C Cable| WyreStorm","Cable","Cable","Cable / active optical cable","Cables","high","CAB SKU or cable naming"
"OFFICIAL-PRODUCT-PAGE","","","Unclassified","Product","General AV","medium","General fallback classification"
"EXP-CON-AUD-H2","WyreStorm Essentials™ HDMI Audio Extractor| WyreStorm","Audio / Control","Unclassified","Product","General AV","medium","General fallback classification"
"OFFICIAL-PRODUCT-PAGE","","","Unclassified","Product","General AV","medium","General fallback classification"
"EXP-CON-DAC","WyreStorm Essentials? Digital to Analog Audio Converter| WyreStorm","Audio / Control","Unclassified","Product","General AV","medium","General fallback classification"
"OFFICIAL-PRODUCT-PAGE","","","Unclassified","Product","General AV","medium","General fallback classification"
"EXP-CON-DAC-D","WyreStorm Essentials? Dolby? 5.1 Downmixer| WyreStorm","Audio / Control","Unclassified","Product","General AV","medium","General fallback classification"
"OFFICIAL-PRODUCT-PAGE","","","Unclassified","Product","General AV","medium","General fallback classification"
"EXP-CON-H2-DD","WyreStorm Essentials? Dolby? & DTS? 7.1 Downmixer| WyreStorm","Audio / Control","Unclassified","Product","General AV","medium","General fallback classification"
"OFFICIAL-PRODUCT-PAGE","","","Unclassified","Product","General AV","medium","General fallback classification"
"EXP-EX-35-G2","WyreStorm Essentials? 35m 4K60 UTP Extender| WyreStorm","Extender / HDBaseT","Extender","Signal extender","Extension","high","EX SKU or extender naming"
"OFFICIAL-PRODUCT-PAGE","","","Unclassified","Product","General AV","medium","General fallback classification"
"EXP-EX-80-KVM","WyreStorm Essentials 80m KVM UTP Extender - WyreStorm","Extender / HDBaseT","Extender","Signal extender","Extension","high","EX SKU or extender naming"
"OFFICIAL-PRODUCT-PAGE","","","Unclassified","Product","General AV","medium","General fallback classification"
"EXP-HDMI-10.0M","10 Meter High Speed HDMI Cable | WyreStorm","Cable","Cable","Cable / active optical cable","Cables","high","CAB SKU or cable naming"
"OFFICIAL-PRODUCT-PAGE","","","Unclassified","Product","General AV","medium","General fallback classification"
"EXP-HDMI-15.0M","WyreStorm Essentials? 15 Meter High Speed HDMI Cable| WyreStorm","Cable","Cable","Cable / active optical cable","Cables","high","CAB SKU or cable naming"
"OFFICIAL-PRODUCT-PAGE","","","Unclassified","Product","General AV","medium","General fallback classification"
"EXP-HDMI-CPL","WyreStorm Essentials HDMI Coupler - WyreStorm","Cable","Cable","Cable / active optical cable","Cables","high","CAB SKU or cable naming"
"OFFICIAL-PRODUCT-PAGE","","","Unclassified","Product","General AV","medium","General fallback classification"
"EXP-HDMI-DVI","WyreStorm Essentials DVI to HDMI - WyreStorm","Cable","Cable","Cable / active optical cable","Cables","high","CAB SKU or cable naming"
"OFFICIAL-PRODUCT-PAGE","","","Unclassified","Product","General AV","medium","General fallback classification"
"EXP-HDMI-H2-0.5M","HDMI Cable with CL3 Rating (0.5m/1.6ft)| WyreStorm","Cable","Cable","Cable / active optical cable","Cables","high","CAB SKU or cable naming"
"OFFICIAL-PRODUCT-PAGE","","","Unclassified","Product","General AV","medium","General fallback classification"
"EXP-HDMI-H2-1M","HDMI Cable with CL3 Rating (1m/3.2ft)| WyreStorm","Cable","Cable","Cable / active optical cable","Cables","high","CAB SKU or cable naming"
"OFFICIAL-PRODUCT-PAGE","","","Unclassified","Product","General AV","medium","General fallback classification"
"EXP-HDMI-H2-2M","HDMI Cable with CL3 Rating (2m/6.5ft)| WyreStorm","Cable","Cable","Cable / active optical cable","Cables","high","CAB SKU or cable naming"
"OFFICIAL-PRODUCT-PAGE","","","Unclassified","Product","General AV","medium","General fallback classification"
"EXP-HDMI-H2-3M","HDMI Cable with CL3 Rating (3m/9.8ft)| WyreStorm","Cable","Cable","Cable / active optical cable","Cables","high","CAB SKU or cable naming"
"OFFICIAL-PRODUCT-PAGE","","","Unclassified","Product","General AV","medium","General fallback classification"
"EXP-HDMI-H2-5M","HDMI Cable with CL3 Rating | WyreStorm","Cable","Cable","Cable / active optical cable","Cables","high","CAB SKU or cable naming"
"OFFICIAL-PRODUCT-PAGE","","","Unclassified","Product","General AV","medium","General fallback classification"
"EXP-HDMI-RTA","WyreStorm Essentials Right Angle HDMI Adapter - WyreStorm","Cable","Cable","Cable / active optical cable","Cables","high","CAB SKU or cable naming"
"OFFICIAL-PRODUCT-PAGE","","","Unclassified","Product","General AV","medium","General fallback classification"
"EXP-HDMI-USBC","WyreStorm Essentials USB-C to HDMI - WyreStorm","Cable","Cable","Cable / active optical cable","Cables","high","CAB SKU or cable naming"
"OFFICIAL-PRODUCT-PAGE","","","Unclassified","Product","General AV","medium","General fallback classification"
"EXP-HDMI-VGA","HDMI VGA Extender Essentials VGA to HDMI | WyreStorm","Cable","Extender","Signal extender","Extension","high","EX SKU or extender naming"
"OFFICIAL-PRODUCT-PAGE","","","Unclassified","Product","General AV","medium","General fallback classification"
"EXP-HDMI-XM-8K","WyreStorm EXP‑HDMI‑XM‑8K 8K HDMI Cable – Ultra‑High Speed HDMI 2.1","Cable","Cable","Cable / active optical cable","Cables","high","CAB SKU or cable naming"
"OFFICIAL-PRODUCT-PAGE","","","Unclassified","Product","General AV","medium","General fallback classification"
"EXP-MX-0402-H2","WyreStorm Essentials 4K60 4x2 HDMI Matrix Switcher - WyreStorm","Matrix Switcher","Matrix","Matrix switcher","Matrix switching","high","MX / MXV / EXP-MX SKU pattern"
"OFFICIAL-PRODUCT-PAGE","","","Unclassified","Product","General AV","medium","General fallback classification"
"EXP-MX-0404-H2","WyreStorm Essentials 4 Input and 4 Scaling Output 4K HDR HDMI Matrix Switcher W/ Digital S/PDIF Audio De-Embed - WyreStorm","Matrix Switcher","Matrix","Matrix switcher","Matrix switching","high","MX / MXV / EXP-MX SKU pattern"
"OFFICIAL-PRODUCT-PAGE","","","Unclassified","Product","General AV","medium","General fallback classification"
"EXP-MX-0808-KIT","4K 8x8 HDBaseT Matrix with Receivers - WyreStorm","Matrix Switcher","HDBaseT Matrix","HDBaseT matrix switcher","Matrix switching","high","Matrix product with HDBaseT naming"
"OFFICIAL-PRODUCT-PAGE","","","Unclassified","Product","General AV","medium","General fallback classification"
"EXP-SP-0102-8K","WyreStorm Essentials 8K60 1:2 HDMI Splitter - WyreStorm","Splitter / Distribution","Unclassified","Product","General AV","medium","General fallback classification"
"OFFICIAL-PRODUCT-PAGE","","","Unclassified","Product","General AV","medium","General fallback classification"
"EXP-SP-0102-H2","WyreStorm Essentials 4K60 1:2 Scaling HDMI Splitter - WyreStorm","Splitter / Distribution","Unclassified","Product","General AV","medium","General fallback classification"
"OFFICIAL-PRODUCT-PAGE","","","Unclassified","Product","General AV","medium","General fallback classification"
"EXP-SP-0104-H2","WyreStorm Essentials 4K60 1:4 Scaling HDMI Splitter - WyreStorm","Splitter / Distribution","Unclassified","Product","General AV","medium","General fallback classification"
"OFFICIAL-PRODUCT-PAGE","","","Unclassified","Product","General AV","medium","General fallback classification"
"EXP-SW-0401-H2","WyreStorm Essentials 4K60 4x1 HDMI Switcher - WyreStorm","Presentation / Room Core","Extender","Signal extender","Extension","high","EX SKU or extender naming"
"OFFICIAL-PRODUCT-PAGE","","","Unclassified","Product","General AV","medium","General fallback classification"
"EXP-SW-0X01-8K","WyreStorm Essentials 8K60 HDMI Switcher - WyreStorm","Presentation / Room Core","Unclassified","Product","General AV","medium","General fallback classification"
"OFFICIAL-PRODUCT-PAGE","","","Unclassified","Product","General AV","medium","General fallback classification"
"FOCUS-100","1080P HD Webcam - Business USB Webcam w/ Mic | WyreStorm FOCUS 100 Webcam","Camera / Capture","Camera","Camera / camera bridge","Camera / capture","high","CAM SKU or camera naming"
"OFFICIAL-PRODUCT-PAGE","","","Unclassified","Product","General AV","medium","General fallback classification"
"FOCUS-180A","4K Autofocus AI Webcam w/ Auto Framing & Presenter Tracking","Camera / Capture","Camera","Camera / camera bridge","Camera / capture","high","CAM SKU or camera naming"
"OFFICIAL-PRODUCT-PAGE","","","Unclassified","Product","General AV","medium","General fallback classification"
"FOCUS-200","Zoom-Certified 4K Webcam | WyreStorm FOCUS 200 Ultra HD Wide-Angle","Camera / Capture","Camera","Camera / camera bridge","Camera / capture","high","CAM SKU or camera naming"
"OFFICIAL-PRODUCT-PAGE","","","Unclassified","Product","General AV","medium","General fallback classification"
"FOCUS-200-PRO","4K Wide Angle Webcam - High-Quality Video for Streaming","Camera / Capture","Camera","Camera / camera bridge","Camera / capture","high","CAM SKU or camera naming"
"OFFICIAL-PRODUCT-PAGE","","","Unclassified","Product","General AV","medium","General fallback classification"
"FOCUS-210","AI webcam - 4K Ultra-Wide Angle Webcam | WyreStorm","Camera / Capture","Camera","Camera / camera bridge","Camera / capture","high","CAM SKU or camera naming"
"OFFICIAL-PRODUCT-PAGE","","","Unclassified","Product","General AV","medium","General fallback classification"
"HALO-30","Halo 30 Professional USB Conference Speakerphone | WyreStorm","Unified Comms","Speaker","Loudspeaker","Audio","high","Speaker naming"
"OFFICIAL-PRODUCT-PAGE","","","Unclassified","Product","General AV","medium","General fallback classification"
"HALO-60","USB Bluetooth Speakerphone by Wyrestom","Unified Comms","Speaker","Loudspeaker","Audio","high","Speaker naming"
"OFFICIAL-PRODUCT-PAGE","","","Unclassified","Product","General AV","medium","General fallback classification"
"HALO-80","Plug and Play Portable USB and Bluetooth Conference Speakerphone - WyreStorm","Unified Comms","Speaker","Loudspeaker","Audio","high","Speaker naming"
"OFFICIAL-PRODUCT-PAGE","","","Unclassified","Product","General AV","medium","General fallback classification"
"HALO-90","WyreStorm Halo 90 USB-C Docking Conference Speakerphone","Unified Comms","Speaker","Loudspeaker","Audio","high","Speaker naming"
"OFFICIAL-PRODUCT-PAGE","","","Unclassified","Product","General AV","medium","General fallback classification"
"HALO-COM-MIC","Add-On Microphone for Halo Video Bar - WyreStorm","Unified Comms","Cable","Cable / active optical cable","Cables","high","CAB SKU or cable naming"
"OFFICIAL-PRODUCT-PAGE","","","Unclassified","Product","General AV","medium","General fallback classification"
"HALO-VX10-V1","WyreStorm Video Bar w/ 4K Camera, Stereo Speaker & Mic","Unified Comms","Speaker","Loudspeaker","Audio","high","Speaker naming"
"OFFICIAL-PRODUCT-PAGE","","","Unclassified","Product","General AV","medium","General fallback classification"
"HALO-WFA-130","1080P HD Webcam - Business USB Webcam w/ Mic | WyreStorm FOCUS 100 Webcam","Camera / Capture","Camera","Camera / camera bridge","Camera / capture","high","CAM SKU or camera naming"
"OFFICIAL-PRODUCT-PAGE","","","Unclassified","Product","General AV","medium","General fallback classification"
"HALO-WFA-290","1080P HD Webcam - Business USB Webcam w/ Mic | WyreStorm FOCUS 100 Webcam","Camera / Capture","Camera","Camera / camera bridge","Camera / capture","high","CAM SKU or camera naming"
"OFFICIAL-PRODUCT-PAGE","","","Unclassified","Product","General AV","medium","General fallback classification"
"IDB-200-XX","Compact In-Desk Connectivity with Power - WyreStorm","Accessory","Cable Management","In-desk cable box","Cable management","high","IDB SKU pattern"
"OFFICIAL-PRODUCT-PAGE","","","Unclassified","Product","General AV","medium","General fallback classification"
"IDB-400-MS","Flip Up In-Desk Connectivity with Power - WyreStorm","Accessory","Cable Management","In-desk cable box","Cable management","high","IDB SKU pattern"
"OFFICIAL-PRODUCT-PAGE","","","Unclassified","Product","General AV","medium","General fallback classification"
"IDB-400-MS-C","Flip Up In-Desk Connectivity with Power - WyreStorm","Accessory","Cable Management","In-desk cable box","Cable management","high","IDB SKU pattern"
"OFFICIAL-PRODUCT-PAGE","","","Unclassified","Product","General AV","medium","General fallback classification"
"IDB-400-NA","Flip Up In-Desk Connectivity with Power - WyreStorm","Accessory","Cable Management","In-desk cable box","Cable management","high","IDB SKU pattern"
"OFFICIAL-PRODUCT-PAGE","","","Unclassified","Product","General AV","medium","General fallback classification"
"M4250-GSM4212PX-10P","Netgear Pre-configured 1GbE 10-port Switch with 1G/10G Uplinks for use with NetworkHD 100, 400 & 500 Series - WyreStorm","NetworkHD AVoIP","NetworkHD","NetworkHD accessory / control","AV-over-IP","high","NetworkHD accessory/control naming"
"OFFICIAL-PRODUCT-PAGE","","","Unclassified","Product","General AV","medium","General fallback classification"
"M4250-GSM4230PX-26P","Netgear Pre-configured 1GbE 26-port Switch with 1G/10G Uplinks for use with NetworkHD 100, 400 & 500 Series - WyreStorm","NetworkHD AVoIP","NetworkHD","NetworkHD accessory / control","AV-over-IP","high","NetworkHD accessory/control naming"
"OFFICIAL-PRODUCT-PAGE","","","Unclassified","Product","General AV","medium","General fallback classification"
"M4250-GSM4248PX-40P","Netgear Pre-configured 1GbE 48-port Switch with 1G/10G Uplinks for use with NetworkHD 100, 400 & 500 Series - WyreStorm","NetworkHD AVoIP","NetworkHD","NetworkHD accessory / control","AV-over-IP","high","NetworkHD accessory/control naming"
"OFFICIAL-PRODUCT-PAGE","","","Unclassified","Product","General AV","medium","General fallback classification"
"M4300-XSM4316PA-16X","Netgear Pre-configured 10GbE 16-port Switch for use with NetworkHD 600 Series - WyreStorm","NetworkHD AVoIP","NetworkHD","AV-over-IP product","AV-over-IP","high","NHD / NetworkHD naming"
"OFFICIAL-PRODUCT-PAGE","","","Unclassified","Product","General AV","medium","General fallback classification"
"M4300-XSM4324CS-24X","Netgear Pre-configured 10GbE 24-port Switch for use with NetworkHD 600 Series - WyreStorm","NetworkHD AVoIP","NetworkHD","AV-over-IP product","AV-over-IP","high","NHD / NetworkHD naming"
"OFFICIAL-PRODUCT-PAGE","","","Unclassified","Product","General AV","medium","General fallback classification"
"MX-0402-MST","Video Conferencing Equipment for Seamless Communication","Presentation / Room Core","Presentation Switcher","Room core / presentation switcher","Presentation switching","high","MST presentation switcher naming"
"OFFICIAL-PRODUCT-PAGE","","","Unclassified","Product","General AV","medium","General fallback classification"
"MX-0403-H3-MST","4x3 Multi-Input Conference Room Switcher with Advanced USB-C Integration & HDBT 3.0 Output - WyreStorm","Presentation / Room Core","Presentation Switcher","Room core / presentation switcher","Presentation switching","high","MST presentation switcher naming"
"OFFICIAL-PRODUCT-PAGE","","","Unclassified","Product","General AV","medium","General fallback classification"
"MX-0404-HDBT-H2A-KIT","4K 4x4 HDBaseT Matrix with Receivers - WyreStorm","Matrix Switcher","HDBaseT Matrix","HDBaseT matrix switcher","Matrix switching","high","Matrix product with HDBaseT naming"
"OFFICIAL-PRODUCT-PAGE","","","Unclassified","Product","General AV","medium","General fallback classification"
"MX-0404-HDMI","WyreStorm MX-0404-HDMI 4×4 4K Matrix Switcher – 18Gbps HDMI","Matrix Switcher","Matrix","Matrix switcher","Matrix switching","high","MX / MXV / EXP-MX SKU pattern"
"OFFICIAL-PRODUCT-PAGE","","","Unclassified","Product","General AV","medium","General fallback classification"
"MX-0404-KIT","4K 4x4 HDBaseT Matrix with Receiver - WyreStorm","Matrix Switcher","HDBaseT Matrix","HDBaseT matrix switcher","Matrix switching","high","Matrix product with HDBaseT naming"
"OFFICIAL-PRODUCT-PAGE","","","Unclassified","Product","General AV","medium","General fallback classification"
"MX-0404-SCL","WyreStorm MX-0404-SCL 4x4 Seamless 4K60 HDMI Matrix Switcher with Scaling","Matrix Switcher","Seamless Matrix","Seamless scaling matrix switcher","Matrix switching / multiview","high","SCL matrix SKU pattern"
"OFFICIAL-PRODUCT-PAGE","","","Unclassified","Product","General AV","medium","General fallback classification"
"MX-0804-EDC","WyreStorm MX-0804-EDC 8x4 Seamless Matrix Switch with USB-C & Dante","Matrix Switcher","Matrix","Matrix switcher","Matrix switching","high","MX / MXV / EXP-MX SKU pattern"
"OFFICIAL-PRODUCT-PAGE","","","Unclassified","Product","General AV","medium","General fallback classification"
"MX-0808-H2A-MK2","8x8 HDMI Matrix – Seamless Video Switching for Multiple Displays","Matrix Switcher","Matrix","Matrix switcher","Matrix switching","high","MX / MXV / EXP-MX SKU pattern"
"OFFICIAL-PRODUCT-PAGE","","","Unclassified","Product","General AV","medium","General fallback classification"
"MX-0808-KIT-V2","8x8 4K UHD HDBaseT Matrix Kit - WyreStorm","Matrix Switcher","HDBaseT Matrix","HDBaseT matrix switcher","Matrix switching","high","Matrix product with HDBaseT naming"
"OFFICIAL-PRODUCT-PAGE","","","Unclassified","Product","General AV","medium","General fallback classification"
"MX-0808-SCL","4K60 8x8 Seamless Scaling HDMI Matrix with USB-C Support - WyreStorm","Matrix Switcher","Seamless Matrix","Seamless scaling matrix switcher","Matrix switching / multiview","high","SCL matrix SKU pattern"
"OFFICIAL-PRODUCT-PAGE","","","Unclassified","Product","General AV","medium","General fallback classification"
"MX-0808-SCL-V2","4K60 8x8 Seamless Scaling HDMI Matrix with USB-C Support v2 - WyreStorm","Matrix Switcher","Seamless Matrix","Seamless scaling matrix switcher","Matrix switching / multiview","high","SCL matrix SKU pattern"
"OFFICIAL-PRODUCT-PAGE","","","Unclassified","Product","General AV","medium","General fallback classification"
"MX-0812-SCL","4K60 8x12 Advanced Seamless Scaling HDMI Matrix - WyreStorm","Matrix Switcher","Seamless Matrix","Seamless scaling matrix switcher","Matrix switching / multiview","high","SCL matrix SKU pattern"
"OFFICIAL-PRODUCT-PAGE","","","Unclassified","Product","General AV","medium","General fallback classification"
"MX-1007-HYB","WyreStorm MX-1007-HYB 10×7 4K Hybrid Matrix Switcher","Matrix Switcher","HDBaseT Matrix","HDBaseT matrix switcher","Matrix switching","high","Matrix product with HDBaseT naming"
"OFFICIAL-PRODUCT-PAGE","","","Unclassified","Product","General AV","medium","General fallback classification"
"MX-1010-H2XC","10 Slot 18Gbps 4K HDR Modular Matrix Switch Chassis - WyreStorm","Matrix Switcher","Matrix","Matrix switcher","Matrix switching","high","MX / MXV / EXP-MX SKU pattern"
"OFFICIAL-PRODUCT-PAGE","","","Unclassified","Product","General AV","medium","General fallback classification"
"MX-1616-H2XC","16 Slot 18Gbps 4K HDR Modular Matrix Switch Chassis - WyreStorm","Matrix Switcher","Matrix","Matrix switcher","Matrix switching","high","MX / MXV / EXP-MX SKU pattern"
"OFFICIAL-PRODUCT-PAGE","","","Unclassified","Product","General AV","medium","General fallback classification"
"MX-1616-SCL","Advanced 16x16 Seamless Scaling Matrix Chassis - WyreStorm","Matrix Switcher","Seamless Matrix","Seamless scaling matrix switcher","Matrix switching / multiview","high","SCL matrix SKU pattern"
"OFFICIAL-PRODUCT-PAGE","","","Unclassified","Product","General AV","medium","General fallback classification"
"MXV-0404-H2A-KIT-V2","4K60 4x4 HDBaseT Matrix with Receivers - WyreStorm","Matrix Switcher","HDBaseT Matrix","HDBaseT matrix switcher","Matrix switching","high","Matrix product with HDBaseT naming"
"OFFICIAL-PRODUCT-PAGE","","","Unclassified","Product","General AV","medium","General fallback classification"
"MXV-0408-H2A","4K60 4x8 HDBaseT Matrix - WyreStorm","Matrix Switcher","HDBaseT Matrix","HDBaseT matrix switcher","Matrix switching","high","Matrix product with HDBaseT naming"
"OFFICIAL-PRODUCT-PAGE","","","Unclassified","Product","General AV","medium","General fallback classification"
"MXV-0408-H2A-KIT","4K60 4x8 HDBaseT Matrix with 6x Receivers - WyreStorm","Matrix Switcher","HDBaseT Matrix","HDBaseT matrix switcher","Matrix switching","high","Matrix product with HDBaseT naming"
"OFFICIAL-PRODUCT-PAGE","","","Unclassified","Product","General AV","medium","General fallback classification"
"MXV-0606-H2A-V2","4K HDR 4:4:4 60Hz HDBaseT 6x6 Matrix Switch with 6x Toslink Zone Audio De-Embed and 4 Mirrored HDMI Outputs (4K: 35m/115ft, 1080p: 70m/230ft) - WyreStorm","Matrix Switcher","HDBaseT Matrix","HDBaseT matrix switcher","Matrix switching","high","Matrix product with HDBaseT naming"
"OFFICIAL-PRODUCT-PAGE","","","Unclassified","Product","General AV","medium","General fallback classification"
"MXV-0606-H2A-V3","4K60 6x6 HDBaseT Matrix - WyreStorm","Matrix Switcher","HDBaseT Matrix","HDBaseT matrix switcher","Matrix switching","high","Matrix product with HDBaseT naming"
"OFFICIAL-PRODUCT-PAGE","","","Unclassified","Product","General AV","medium","General fallback classification"
"MXV-0808-H2A-70-V2","4K HDR 4:4:4 60Hz HDBaseT 8x8 Matrix Switch with Zone Audio De-Embed and 4 Mirrored HDMI Outputs (4K: 70m/230ft, 1080p: 100m/328ft) - WyreStorm","Matrix Switcher","HDBaseT Matrix","HDBaseT matrix switcher","Matrix switching","high","Matrix product with HDBaseT naming"
"OFFICIAL-PRODUCT-PAGE","","","Unclassified","Product","General AV","medium","General fallback classification"
"MXV-0808-H2A-70-V3","70m 4K60 8x8 HDBaseT Matrix - WyreStorm","Matrix Switcher","HDBaseT Matrix","HDBaseT matrix switcher","Matrix switching","high","Matrix product with HDBaseT naming"
"OFFICIAL-PRODUCT-PAGE","","","Unclassified","Product","General AV","medium","General fallback classification"
"MXV-0808-H2A-KIT","4K60 8x8 HDBaseT Matrix Kit with 8x Receivers - WyreStorm","Matrix Switcher","HDBaseT Matrix","HDBaseT matrix switcher","Matrix switching","high","Matrix product with HDBaseT naming"
"OFFICIAL-PRODUCT-PAGE","","","Unclassified","Product","General AV","medium","General fallback classification"
"MXV-0808-H2A-V2","4K HDR 4:4:4 60Hz HDBaseT 8x8 Matrix Switch with Assignable Audio De-Embed and 4 mirrored HDMI outputs (4K 35m/114ft, 1080p 70m/230ft) - WyreStorm","Matrix Switcher","HDBaseT Matrix","HDBaseT matrix switcher","Matrix switching","high","Matrix product with HDBaseT naming"
"OFFICIAL-PRODUCT-PAGE","","","Unclassified","Product","General AV","medium","General fallback classification"
"MXV-0808-H2A-V3","4K60 8x8 HDBaseT Matrix - WyreStorm","Matrix Switcher","HDBaseT Matrix","HDBaseT matrix switcher","Matrix switching","high","Matrix product with HDBaseT naming"
"OFFICIAL-PRODUCT-PAGE","","","Unclassified","Product","General AV","medium","General fallback classification"
"MXV-0808-H2L","8x8 4K60 'Lite' HDBaseT Matrix - WyreStorm","Matrix Switcher","HDBaseT Matrix","HDBaseT matrix switcher","Matrix switching","high","Matrix product with HDBaseT naming"
"OFFICIAL-PRODUCT-PAGE","","","Unclassified","Product","General AV","medium","General fallback classification"
"NHD-000-CTL","Controller for NetworkHD Systems - WyreStorm","NetworkHD AVoIP","NetworkHD","NetworkHD accessory / control","AV-over-IP","high","NetworkHD accessory/control naming"
"OFFICIAL-PRODUCT-PAGE","","","Unclassified","Product","General AV","medium","General fallback classification"
"NHD-000-RACK3","7U/8 Slot Rack Mount for NetworkHD 600 TX/RX - WyreStorm","Accessory","NetworkHD","NetworkHD accessory / control","AV-over-IP","high","NetworkHD accessory/control naming"
"OFFICIAL-PRODUCT-PAGE","","","Unclassified","Product","General AV","medium","General fallback classification"
"NHD-000-RACK4","6U/12 Slot Rack Mount for NetworkHD 100/250/400/500/600 Series - WyreStorm","Accessory","NetworkHD","NetworkHD accessory / control","AV-over-IP","high","NetworkHD accessory/control naming"
"OFFICIAL-PRODUCT-PAGE","","","Unclassified","Product","General AV","medium","General fallback classification"
"NHD-0401-MV","NetworkHD 4-Input 4K60 Multiview Switcher - WyreStorm","NetworkHD AVoIP","NetworkHD 500","NetworkHD accessory / control","AV-over-IP processing","high","NetworkHD accessory/control naming"
"OFFICIAL-PRODUCT-PAGE","","","Unclassified","Product","General AV","medium","General fallback classification"
"NHD-110-RX","1080p HD Low Bandwidth AV over IP Decoder - WyreStorm","NetworkHD AVoIP","Video Wall Processor","Video wall processor","Video Wall","high","VW / video wall naming"
"OFFICIAL-PRODUCT-PAGE","","","Unclassified","Product","General AV","medium","General fallback classification"
"NHD-110-RX-S","1080p HD Low Bandwidth AV over IP Decoder with Sealoc Protection - WyreStorm","NetworkHD AVoIP","Video Wall Processor","Video wall processor","Video Wall","high","VW / video wall naming"
"OFFICIAL-PRODUCT-PAGE","","","Unclassified","Product","General AV","medium","General fallback classification"
"NHD-110-TX","1080p HD Low Bandwidth AV over IP Encoder - WyreStorm","NetworkHD AVoIP","NetworkHD 100","AV-over-IP endpoint","AV-over-IP","high","NHD-1xx SKU pattern"
"OFFICIAL-PRODUCT-PAGE","","","Unclassified","Product","General AV","medium","General fallback classification"
"NHD-120-IW-TX","NetworkHD 100 Series 4K30 4:2:0 H.265/H.265 In-Wall Encoder - WyreStorm","NetworkHD AVoIP","NetworkHD 100","AV-over-IP endpoint","AV-over-IP","high","NHD-1xx SKU pattern"
"OFFICIAL-PRODUCT-PAGE","","","Unclassified","Product","General AV","medium","General fallback classification"
"NHD-120-RX","NetworkHD 120 Series 4K30 4:2:0 Decoder - WyreStorm","NetworkHD AVoIP","Video Wall Processor","Video wall processor","Video Wall","high","VW / video wall naming"
"OFFICIAL-PRODUCT-PAGE","","","Unclassified","Product","General AV","medium","General fallback classification"
"NHD-120-RX-S","NetworkHD 120 Series 4K30 4:2:0 Decoder with Sealoc Protection - WyreStorm","NetworkHD AVoIP","NetworkHD 100","AV-over-IP endpoint","AV-over-IP","high","NHD-1xx SKU pattern"
"OFFICIAL-PRODUCT-PAGE","","","Unclassified","Product","General AV","medium","General fallback classification"
"NHD-120-TX","WyreStorm NHD-120-TX 4K AV over IP Encoder with H.264/H.265","NetworkHD AVoIP","Video Wall Processor","Video wall processor","Video Wall","high","VW / video wall naming"
"OFFICIAL-PRODUCT-PAGE","","","Unclassified","Product","General AV","medium","General fallback classification"
"NHD-124-TX","NetworkHD 100 Series 4K AV over IP Quad Encoder - WyreStorm","NetworkHD AVoIP","NetworkHD 100","AV-over-IP endpoint","AV-over-IP","high","NHD-1xx SKU pattern"
"OFFICIAL-PRODUCT-PAGE","","","Unclassified","Product","General AV","medium","General fallback classification"
"NHD-128-NDI-TRX","WyreStorm NHD-128-NDI-TRX 4K30 NDI to AV over IP Gateway","Camera / Capture","Camera","Camera / camera bridge","Camera / capture","high","CAM SKU or camera naming"
"OFFICIAL-PRODUCT-PAGE","","","Unclassified","Product","General AV","medium","General fallback classification"
"NHD-140-RACK-1U","1U/2 Slot Rack Mount for NetworkHD NHD-140-TX - WyreStorm","Accessory","NetworkHD 100","NetworkHD accessory / control","AV-over-IP","high","NetworkHD accessory/control naming"
"OFFICIAL-PRODUCT-PAGE","","","Unclassified","Product","General AV","medium","General fallback classification"
"NHD-150-RX","NetworkHD 100 Series 4K60 4:2:0 MultiView Processor - WyreStorm","NetworkHD AVoIP","NetworkHD 100","NetworkHD accessory / control","AV-over-IP","high","NetworkHD accessory/control naming"
"OFFICIAL-PRODUCT-PAGE","","","Unclassified","Product","General AV","medium","General fallback classification"
"NHD-250-RX","NetworkHD 200 Series AV over IP H.264 MultiView Processor - WyreStorm","NetworkHD AVoIP","NetworkHD","NetworkHD accessory / control","AV-over-IP","high","NetworkHD accessory/control naming"
"OFFICIAL-PRODUCT-PAGE","","","Unclassified","Product","General AV","medium","General fallback classification"
"NHD-300-TX","NetworkHD 300 Series 1080p AV over IP H.264 Open Standards Encoder - WyreStorm","NetworkHD AVoIP","NetworkHD","AV-over-IP product","AV-over-IP","high","NHD / NetworkHD naming"
"OFFICIAL-PRODUCT-PAGE","","","Unclassified","Product","General AV","medium","General fallback classification"
"NHD-400-DNT-TX","NetworkHD 400 Series 4K AV over IP JPEG 2000 Encoder with Dante - WyreStorm","NetworkHD AVoIP","Video Wall Processor","Video wall processor","Video Wall","high","VW / video wall naming"
"OFFICIAL-PRODUCT-PAGE","","","Unclassified","Product","General AV","medium","General fallback classification"
"NHD-400-E-RX","NetworkHD 400 Series 4K AV over IP JPEG 2000 Decoder - WyreStorm","NetworkHD AVoIP","Video Wall Processor","Video wall processor","Video Wall","high","VW / video wall naming"
"OFFICIAL-PRODUCT-PAGE","","","Unclassified","Product","General AV","medium","General fallback classification"
"NHD-400-E-TX","NetworkHD 400 Series 4K AV over IP JPEG 2000 Encoder - WyreStorm","NetworkHD AVoIP","Video Wall Processor","Video wall processor","Video Wall","high","VW / video wall naming"
"OFFICIAL-PRODUCT-PAGE","","","Unclassified","Product","General AV","medium","General fallback classification"
"NHD-400-RX","4K AV Over IP - NetworkHD™ 400 Series| WyreStorm","NetworkHD AVoIP","Video Wall Processor","Video wall processor","Video Wall","high","VW / video wall naming"
"OFFICIAL-PRODUCT-PAGE","","","Unclassified","Product","General AV","medium","General fallback classification"
"NHD-400-TX","NetworkHD 400 Series 4K AV over IP JPEG 2000 Encoder - WyreStorm","NetworkHD AVoIP","Video Wall Processor","Video wall processor","Video Wall","high","VW / video wall naming"
"OFFICIAL-PRODUCT-PAGE","","","Unclassified","Product","General AV","medium","General fallback classification"
"NHD-400-TX-IW","NetworkHD 400 Series In-Wall 4K AV over IP JPEG 2000 Encoder - WyreStorm","NetworkHD AVoIP","Video Wall Processor","Video wall processor","Video Wall","high","VW / video wall naming"
"OFFICIAL-PRODUCT-PAGE","","","Unclassified","Product","General AV","medium","General fallback classification"
"NHD-500","NetworkHD 500 Series 4K60 4:4:4 JPEG2000 Encoder & Decoder - WyreStorm","NetworkHD AVoIP","Video Wall Processor","Video wall processor","Video Wall","high","VW / video wall naming"
"OFFICIAL-PRODUCT-PAGE","","","Unclassified","Product","General AV","medium","General fallback classification"
"NHD-500-DNT-TX","NetworkHD 500 Series 4K60 4:4:4 JPEG2000 Encoder with Dante Audio - WyreStorm","NetworkHD AVoIP","NetworkHD 500","AV-over-IP endpoint","AV-over-IP","high","NHD-5xx SKU pattern"
"OFFICIAL-PRODUCT-PAGE","","","Unclassified","Product","General AV","medium","General fallback classification"
"NHD-500-E","NetworkHD 500 Series Lite 4K60 4:4:4 JPEG2000 Encoder & Decoder - WyreStorm","NetworkHD AVoIP","NetworkHD 500","AV-over-IP endpoint","AV-over-IP","high","NHD-5xx SKU pattern"
"OFFICIAL-PRODUCT-PAGE","","","Unclassified","Product","General AV","medium","General fallback classification"
"NHD-500-IW-TX","NetworkHD 500 Series 4K60 4:4:4 JPEG2000 In-Wall Encoder - WyreStorm","NetworkHD AVoIP","Camera","Camera / camera bridge","Camera / capture","high","CAM SKU or camera naming"
"OFFICIAL-PRODUCT-PAGE","","","Unclassified","Product","General AV","medium","General fallback classification"
"NHD-500-IW-TX-V2","NetworkHD 500 Series 4K60 4:4:4 JPEG2000 In-Wall Encoder - WyreStorm","NetworkHD AVoIP","Camera","Camera / camera bridge","Camera / capture","high","CAM SKU or camera naming"
"OFFICIAL-PRODUCT-PAGE","","","Unclassified","Product","General AV","medium","General fallback classification"
"NHD-500-T","NetworkHD 500 Series 4K60 4:4:4 JPEG2000 TAA Compliant Encoder & Decoder - WyreStorm","NetworkHD AVoIP","Video Wall Processor","Video wall processor","Video Wall","high","VW / video wall naming"
"OFFICIAL-PRODUCT-PAGE","","","Unclassified","Product","General AV","medium","General fallback classification"
"NHD-500-TXRX-V2","WyreStorm NHD-500-TX/RX V2 4K60 Encoder & Decoder with JPEG2000","NetworkHD AVoIP","Video Wall Processor","Video wall processor","Video Wall","high","VW / video wall naming"
"OFFICIAL-PRODUCT-PAGE","","","Unclassified","Product","General AV","medium","General fallback classification"
"NHD-510-TX","WyreStorm NHD-510-TX 4K60 JPEG2000 AV over IP Encoder with USB-C","NetworkHD AVoIP","NetworkHD 500","AV-over-IP endpoint","AV-over-IP","high","NHD-5xx SKU pattern"
"OFFICIAL-PRODUCT-PAGE","","","Unclassified","Product","General AV","medium","General fallback classification"
"NHD-600-E-TXRX","WyreStorm NHD-600-E-TX/RX 4K60 SDVoE AV over IP Encoder & Decoder","NetworkHD AVoIP","NetworkHD 600","10G AV-over-IP endpoint","AV-over-IP","high","NHD-6xx SKU pattern"
"OFFICIAL-PRODUCT-PAGE","","","Unclassified","Product","General AV","medium","General fallback classification"
"NHD-600-RX","NetworkHD 600 Series 4K HDR Premium AV over IP SDVoE Decoder - WyreStorm","NetworkHD AVoIP","NetworkHD 600","10G AV-over-IP endpoint","AV-over-IP","high","NHD-6xx SKU pattern"
"OFFICIAL-PRODUCT-PAGE","","","Unclassified","Product","General AV","medium","General fallback classification"
"NHD-600-TRX","NetworkHD 600 Series 4K60 4:4:4 10GbE SDVoE Transceiver - WyreStorm","NetworkHD AVoIP","NetworkHD 600","10G AV-over-IP endpoint","AV-over-IP","high","NHD-6xx SKU pattern"
"OFFICIAL-PRODUCT-PAGE","","","Unclassified","Product","General AV","medium","General fallback classification"
"NHD-600-TRXF","NetworkHD 600 Series 4K60 4:4:4 10Gb SDVoE Fiber Transceiver - WyreStorm","Camera / Capture","Camera","Camera / camera bridge","Camera / capture","high","CAM SKU or camera naming"
"OFFICIAL-PRODUCT-PAGE","","","Unclassified","Product","General AV","medium","General fallback classification"
"NHD-600-TX","NetworkHD 600 Series 4K HDR Premium AV over IP SDVoE Encoder - WyreStorm","NetworkHD AVoIP","NetworkHD 600","10G AV-over-IP endpoint","AV-over-IP","high","NHD-6xx SKU pattern"
"OFFICIAL-PRODUCT-PAGE","","","Unclassified","Product","General AV","medium","General fallback classification"
"NHD-610","NetworkHD 610 Series 4K60 10GbE SDVoE Encoder & Decoder - WyreStorm","NetworkHD AVoIP","Video Wall Processor","Video wall processor","Video Wall","high","VW / video wall naming"
"OFFICIAL-PRODUCT-PAGE","","","Unclassified","Product","General AV","medium","General fallback classification"
"NHD-610-TX-V2","WyreStorm NHD-610-TX V2 4K60 SDVoE AV over IP Encoder with Dante","NetworkHD AVoIP","NetworkHD 600","10G AV-over-IP endpoint","AV-over-IP","high","NHD-6xx SKU pattern"
"OFFICIAL-PRODUCT-PAGE","","","Unclassified","Product","General AV","medium","General fallback classification"
"NHD-CTL-PRO","Pro Controller for NetworkHD - WyreStorm","NetworkHD AVoIP","Video Wall Processor","Video wall processor","Video Wall","high","VW / video wall naming"
"OFFICIAL-PRODUCT-PAGE","","","Unclassified","Product","General AV","medium","General fallback classification"
"NHD-CTL-PRO-T","Pro Controller for NetworkHD Series TAA Compliant - WyreStorm","NetworkHD AVoIP","Video Wall Processor","Video wall processor","Video Wall","high","VW / video wall naming"
"OFFICIAL-PRODUCT-PAGE","","","Unclassified","Product","General AV","medium","General fallback classification"
"NHD-CTL-PRO-V2","Pro Controller for NetworkHD Series - WyreStorm","NetworkHD AVoIP","Video Wall Processor","Video wall processor","Video Wall","high","VW / video wall naming"
"OFFICIAL-PRODUCT-PAGE","","","Unclassified","Product","General AV","medium","General fallback classification"
"NHD-RACK-1U","1U/2 Slot Rack Mount for NetworkHD 100/500/600 Series - WyreStorm","Accessory","NetworkHD","NetworkHD accessory / control","AV-over-IP","high","NetworkHD accessory/control naming"
"OFFICIAL-PRODUCT-PAGE","","","Unclassified","Product","General AV","medium","General fallback classification"
"NHD-RACK4-BLK","Accessory for the NHD-000-RACK4 6U/12 Slot Rack Mount - WyreStorm","Accessory","NetworkHD","NetworkHD accessory / control","AV-over-IP","high","NetworkHD accessory/control naming"
"OFFICIAL-PRODUCT-PAGE","","","Unclassified","Product","General AV","medium","General fallback classification"
"NHD-TOUCH","Touchscreen Control for NetworkHD 100, 400, 500 & 600 Series - WyreStorm","NetworkHD AVoIP","Video Wall Processor","Video wall processor","Video Wall","high","VW / video wall naming"
"OFFICIAL-PRODUCT-PAGE","","","Unclassified","Product","General AV","medium","General fallback classification"
"NHD-TOUCHPLUS","Touchscreen control application for NetworkHD 110 Series - WyreStorm","Audio / Control","Video Wall Processor","Video wall processor","Video Wall","high","VW / video wall naming"
"OFFICIAL-PRODUCT-PAGE","","","Unclassified","Product","General AV","medium","General fallback classification"
"NHD-USB-TRX","USB 2.0 Over IP Transceiver - WyreStorm","NetworkHD AVoIP","Camera","Camera / camera bridge","Camera / capture","high","CAM SKU or camera naming"
"OFFICIAL-PRODUCT-PAGE","","","Unclassified","Product","General AV","medium","General fallback classification"
"OFFICE-KIT","WyreStorm FOCUS Webcam & HALO Speakerphone, Office Kits","Camera / Capture","Speaker","Loudspeaker","Audio","high","Speaker naming"
"OFFICIAL-PRODUCT-PAGE","","","Unclassified","Product","General AV","medium","General fallback classification"
"PSU-12V-3A","External Universal 12W Power Supply - 12V 3A - WyreStorm","Accessory","Cable","Cable / active optical cable","Cables","high","CAB SKU or cable naming"
"OFFICIAL-PRODUCT-PAGE","","","Unclassified","Product","General AV","medium","General fallback classification"
"RX-35-POH","35m 4K HDBaseT Receiver - WyreStorm","Extender / HDBaseT","Extender","Signal extender","Extension","high","EX SKU or extender naming"
"OFFICIAL-PRODUCT-PAGE","","","Unclassified","Product","General AV","medium","General fallback classification"
"RX-500","35m 4K HDBaseT Receiver with USB - WyreStorm","Camera / Capture","Camera","Camera / camera bridge","Camera / capture","high","CAM SKU or camera naming"
"OFFICIAL-PRODUCT-PAGE","","","Unclassified","Product","General AV","medium","General fallback classification"
"RX-70-4K","70m 4K HDBaseT Receiver - WyreStorm","Extender / HDBaseT","Extender","Signal extender","Extension","high","EX SKU or extender naming"
"OFFICIAL-PRODUCT-PAGE","","","Unclassified","Product","General AV","medium","General fallback classification"
"RX-70-4K-ARC","70m 4K HDBaseT Receiver with ARC - WyreStorm","Extender / HDBaseT","Extender","Signal extender","Extension","high","EX SKU or extender naming"
"OFFICIAL-PRODUCT-PAGE","","","Unclassified","Product","General AV","medium","General fallback classification"
"RX-70-4K-SCL","70m 4K HDBaseT Scaling Receiver with Downscaling - WyreStorm","Extender / HDBaseT","Extender","Signal extender","Extension","high","EX SKU or extender naming"
"OFFICIAL-PRODUCT-PAGE","","","Unclassified","Product","General AV","medium","General fallback classification"
"RX-700","100m 4K60 HDBaseT DSC Receiver with USB - WyreStorm","Camera / Capture","Cable","Cable / active optical cable","Cables","high","CAB SKU or cable naming"
"OFFICIAL-PRODUCT-PAGE","","","Unclassified","Product","General AV","medium","General fallback classification"
"RX3-100","4K HDR 4:4:4 60Hz HDBaseT3.0 Receiver with USB Device Inputs, Audio De-embed & PoH 100m/328ft over Cat6 - WyreStorm","Camera / Capture","Cable","Cable / active optical cable","Cables","high","CAB SKU or cable naming"
"OFFICIAL-PRODUCT-PAGE","","","Unclassified","Product","General AV","medium","General fallback classification"
"RXF-300-4K","4K HDR 4:4:4 60Hz HDBaseT Receiver with 2-Way IR and PoH (4K: 35m/115ft) - WyreStorm","Extender / HDBaseT","Extender","Signal extender","Extension","high","EX SKU or extender naming"
"OFFICIAL-PRODUCT-PAGE","","","Unclassified","Product","General AV","medium","General fallback classification"
"RXV-35-4K","35m 4K60 HDBaseT Receiver for MXV - WyreStorm","Extender / HDBaseT","Extender","Signal extender","Extension","high","EX SKU or extender naming"
"OFFICIAL-PRODUCT-PAGE","","","Unclassified","Product","General AV","medium","General fallback classification"
"RXV-35-SCL","Scaling 35m 4K60 HDBaseT Receiver for MXV - WyreStorm","Extender / HDBaseT","Extender","Signal extender","Extension","high","EX SKU or extender naming"
"OFFICIAL-PRODUCT-PAGE","","","Unclassified","Product","General AV","medium","General fallback classification"
"RXV-70-4K","70m 4K60 HDBaseT Receiver - WyreStorm","Extender / HDBaseT","Extender","Signal extender","Extension","high","EX SKU or extender naming"
"OFFICIAL-PRODUCT-PAGE","","","Unclassified","Product","General AV","medium","General fallback classification"
"RXV-70-4K-ARC","70m 4K60 HDBaseT Receiver with ARC - WyreStorm","Extender / HDBaseT","Extender","Signal extender","Extension","high","EX SKU or extender naming"
"OFFICIAL-PRODUCT-PAGE","","","Unclassified","Product","General AV","medium","General fallback classification"
"RXV-70-4K-G2","70m 4K60 HDBaseT Receiver for MXV - WyreStorm","Extender / HDBaseT","Extender","Signal extender","Extension","high","EX SKU or extender naming"
"OFFICIAL-PRODUCT-PAGE","","","Unclassified","Product","General AV","medium","General fallback classification"
"RXV-70-G2-SCL","Scaling 70m 4K60 HDBaseT Receiver for MX - WyreStorm","Extender / HDBaseT","Extender","Signal extender","Extension","high","EX SKU or extender naming"
"OFFICIAL-PRODUCT-PAGE","","","Unclassified","Product","General AV","medium","General fallback classification"
"SP-0102-H2","4K60 1:2 HDMI Splitter - WyreStorm","Splitter / Distribution","Unclassified","Product","General AV","medium","General fallback classification"
"OFFICIAL-PRODUCT-PAGE","","","Unclassified","Product","General AV","medium","General fallback classification"
"SP-0104-H2","4K HDMI Splitter – High-Quality HDMI Signal Distribution","Splitter / Distribution","Unclassified","Product","General AV","medium","General fallback classification"
"OFFICIAL-PRODUCT-PAGE","","","Unclassified","Product","General AV","medium","General fallback classification"
"SP-0108-SCL","4K HDR 1:8 Splitter with Scaling Outputs - WyreStorm","Splitter / Distribution","Amplifier","Audio amplifier","Audio","high","AMP SKU or amplifier naming"
"OFFICIAL-PRODUCT-PAGE","","","Unclassified","Product","General AV","medium","General fallback classification"
"SP-618","4K60 1:8 Scaling HDMI Splitter - WyreStorm","Splitter / Distribution","Amplifier","Audio amplifier","Audio","high","AMP SKU or amplifier naming"
"OFFICIAL-PRODUCT-PAGE","","","Unclassified","Product","General AV","medium","General fallback classification"
"SR-10G-MM-SFPP","10G SFP+ Multimode Transceiver - WyreStorm","Accessory","Unclassified","Product","General AV","medium","General fallback classification"
"OFFICIAL-PRODUCT-PAGE","","","Unclassified","Product","General AV","medium","General fallback classification"
"SR-1G-MM-SFP","1G SFP Multimode Transceiver - WyreStorm","Accessory","Unclassified","Product","General AV","medium","General fallback classification"
"OFFICIAL-PRODUCT-PAGE","","","Unclassified","Product","General AV","medium","General fallback classification"
"SW-0204-VW","4K60Hz 4-Output Video Wall Processor - WyreStorm","Video Processor","Video Wall Processor","Video wall processor","Video Wall","high","VW / video wall naming"
"OFFICIAL-PRODUCT-PAGE","","","Unclassified","Product","General AV","medium","General fallback classification"
"SW-0206-VW","WyreStorm SW-0206-VW 4K60 Video Wall Processor","Video Processor","Video Wall Processor","Video wall processor","Video Wall","high","VW / video wall naming"
"OFFICIAL-PRODUCT-PAGE","","","Unclassified","Product","General AV","medium","General fallback classification"
"SW-120-TX3","Synergy 2-input 4K60Hz HDBaseT 3.0 Switching Transmitter with USB-C Charging and CEC Trigger - WyreStorm","Presentation / Room Core","Switcher / processor","Switcher / processor","Switching / processing","high","SW SKU pattern"
"OFFICIAL-PRODUCT-PAGE","","","Unclassified","Product","General AV","medium","General fallback classification"
"SW-120-TX3-UK","Synergy 2-Input 4K60Hz HDBaseT 3.0 In-Wall Transmitter - WyreStorm","Presentation / Room Core","Switcher / processor","Switcher / processor","Switching / processing","high","SW SKU pattern"
"OFFICIAL-PRODUCT-PAGE","","","Unclassified","Product","General AV","medium","General fallback classification"
"SW-120-TX3-US","Synergy 2-Input 4K60Hz HDBaseT 3.0 In-Wall Transmitter - WyreStorm","Presentation / Room Core","Switcher / processor","Switcher / processor","Switching / processing","high","SW SKU pattern"
"OFFICIAL-PRODUCT-PAGE","","","Unclassified","Product","General AV","medium","General fallback classification"
"SW-130-TX-UK","3-Input In-wall HDBaseT Transmitter (2-gang UK) - WyreStorm","Presentation / Room Core","Switcher / processor","Switcher / processor","Switching / processing","high","SW SKU pattern"
"OFFICIAL-PRODUCT-PAGE","","","Unclassified","Product","General AV","medium","General fallback classification"
"SW-130-TX-US","3-Input In-wall HDBaseT Transmitter (2-gang US) - WyreStorm","Presentation / Room Core","Switcher / processor","Switcher / processor","Switching / processing","high","SW SKU pattern"
"OFFICIAL-PRODUCT-PAGE","","","Unclassified","Product","General AV","medium","General fallback classification"
"SW-220-TX-W","Wireless Presentation System for Seamless Presentations","Presentation / Room Core","Switcher / processor","Switcher / processor","Switching / processing","high","SW SKU pattern"
"OFFICIAL-PRODUCT-PAGE","","","Unclassified","Product","General AV","medium","General fallback classification"
"SW-540-TX-W","4x2 4K HDBaseT Switcher with Wireless Casting - WyreStorm","Presentation / Room Core","Switcher / processor","Switcher / processor","Switching / processing","high","SW SKU pattern"
"OFFICIAL-PRODUCT-PAGE","","","Unclassified","Product","General AV","medium","General fallback classification"
"SW-620-TX-W","Wireless Conferencing Solutions for Seamless Communication","Unified Comms","Switcher / processor","Switcher / processor","Switching / processing","high","SW SKU pattern"
"OFFICIAL-PRODUCT-PAGE","","","Unclassified","Product","General AV","medium","General fallback classification"
"SW-640L-TX-W","Wireless Conferencing Solutions for Seamless Communication","Unified Comms","Switcher / processor","Switcher / processor","Switching / processing","high","SW SKU pattern"
"OFFICIAL-PRODUCT-PAGE","","","Unclassified","Product","General AV","medium","General fallback classification"
"SW-740-TX","4-Input 4K60 DSC HDBaseT Switcher with USB - WyreStorm","Presentation / Room Core","Switcher / processor","Switcher / processor","Switching / processing","high","SW SKU pattern"
"OFFICIAL-PRODUCT-PAGE","","","Unclassified","Product","General AV","medium","General fallback classification"
"SWX-100-HDBT3","SW-120-TX3 Transmitter and RX3-100 Receiver Kit - WyreStorm","Extender / HDBaseT","Extender","Signal extender","Extension","high","EX SKU or extender naming"
"OFFICIAL-PRODUCT-PAGE","","","Unclassified","Product","General AV","medium","General fallback classification"
"SWX-100-IW-UK","In-Wall Kit with the SW-120-TX3-UK Transmitter and RX3-100 Receiver - WyreStorm","Extender / HDBaseT","Extender","Signal extender","Extension","high","EX SKU or extender naming"
"OFFICIAL-PRODUCT-PAGE","","","Unclassified","Product","General AV","medium","General fallback classification"
"SWX-100-IW-US","In-Wall Kit with the SW-120-TX3-US Transmitter and RX3-100 Receiver - WyreStorm","Extender / HDBaseT","Extender","Signal extender","Extension","high","EX SKU or extender naming"
"OFFICIAL-PRODUCT-PAGE","","","Unclassified","Product","General AV","medium","General fallback classification"
"SYN-CTL-HUB","IP to RS232/Relay/IR Protocol Converter - WyreStorm","Audio / Control","Unclassified","Product","General AV","medium","General fallback classification"
"OFFICIAL-PRODUCT-PAGE","","","Unclassified","Product","General AV","medium","General fallback classification"
"SYN-KEY10","Synergy 10-button Keypad Controller - WyreStorm","Audio / Control","Unclassified","Product","General AV","medium","General fallback classification"
"OFFICIAL-PRODUCT-PAGE","","","Unclassified","Product","General AV","medium","General fallback classification"
"SYN-KIT-130-EU","In-Wall Presentation Kit with Control (EU) - WyreStorm","Presentation / Room Core","Unclassified","Product","General AV","medium","General fallback classification"
"OFFICIAL-PRODUCT-PAGE","","","Unclassified","Product","General AV","medium","General fallback classification"
"SYN-KIT-130-US","In-Wall Presentation Kit with Control - WyreStorm","Presentation / Room Core","Unclassified","Product","General AV","medium","General fallback classification"
"OFFICIAL-PRODUCT-PAGE","","","Unclassified","Product","General AV","medium","General fallback classification"
"SYN-KIT-510-EU","Advanced Presentation Kit with Control (EU) - WyreStorm","Presentation / Room Core","Unclassified","Product","General AV","medium","General fallback classification"
"OFFICIAL-PRODUCT-PAGE","","","Unclassified","Product","General AV","medium","General fallback classification"
"SYN-KIT-510-US","Advanced Presentation Kit with Control - WyreStorm","Presentation / Room Core","Unclassified","Product","General AV","medium","General fallback classification"
"OFFICIAL-PRODUCT-PAGE","","","Unclassified","Product","General AV","medium","General fallback classification"
"SYN-TOUCH10","Synergy 10.1"" All-In-One Touchpad Controller - WyreStorm","Audio / Control","Unclassified","Product","General AV","medium","General fallback classification"
"OFFICIAL-PRODUCT-PAGE","","","Unclassified","Product","General AV","medium","General fallback classification"
"SYN-TOUCH10-V2","Synergy 10.1"" All-In-One Touchpad Controller - WyreStorm","Audio / Control","Unclassified","Product","General AV","medium","General fallback classification"
"OFFICIAL-PRODUCT-PAGE","","","Unclassified","Product","General AV","medium","General fallback classification"
"TS-280-EU","2.8"" Serial Control Color Touchscreen - WyreStorm","Audio / Control","Unclassified","Product","General AV","medium","General fallback classification"
"OFFICIAL-PRODUCT-PAGE","","","Unclassified","Product","General AV","medium","General fallback classification"
"TS-280-US","2.8"" Serial Control Color Touchscreen - WyreStorm","Audio / Control","Unclassified","Product","General AV","medium","General fallback classification"
"OFFICIAL-PRODUCT-PAGE","","","Unclassified","Product","General AV","medium","General fallback classification"
"TX-35-IW","HDMI Single Gang In-Wall HDBaseT Transmitter - WyreStorm","Extender / HDBaseT","Extender","Signal extender","Extension","high","EX SKU or extender naming"
"OFFICIAL-PRODUCT-PAGE","","","Unclassified","Product","General AV","medium","General fallback classification"
"TX-35-IW-KVM","HDMI & USB Single Gang In-Wall HDBaseT Transmitter - WyreStorm","Extender / HDBaseT","Extender","Signal extender","Extension","high","EX SKU or extender naming"
"OFFICIAL-PRODUCT-PAGE","","","Unclassified","Product","General AV","medium","General fallback classification"
"TX-35-IWC-KVM","USB C Single Gang In-Wall HDBaseT Transmitter - WyreStorm","Extender / HDBaseT","Extender","Signal extender","Extension","high","EX SKU or extender naming"
"OFFICIAL-PRODUCT-PAGE","","","Unclassified","Product","General AV","medium","General fallback classification"
"TX-70-4K","70m 4K HDBaseT Transmitter - WyreStorm","Extender / HDBaseT","Extender","Signal extender","Extension","high","EX SKU or extender naming"
"OFFICIAL-PRODUCT-PAGE","","","Unclassified","Product","General AV","medium","General fallback classification"
"TX-H2X-ADZ","H2XC Card: HDMI In, HDMI Out - WyreStorm","Extender / HDBaseT","Extender","Signal extender","Extension","high","EX SKU or extender naming"
"OFFICIAL-PRODUCT-PAGE","","","Unclassified","Product","General AV","medium","General fallback classification"
"TX-H2X-HDBT","H2XC Card: 4K HDBaseT In, 4K HDBaseT Out, Mirrored HDMI Out - WyreStorm","Extender / HDBaseT","Extender","Signal extender","Extension","high","EX SKU or extender naming"
"OFFICIAL-PRODUCT-PAGE","","","Unclassified","Product","General AV","medium","General fallback classification"
"TX-H2X-HDMI","H2XC Card: HDMI In, 4K HDBaseT Out, Mirrored HDMI Out - WyreStorm","Extender / HDBaseT","Extender","Signal extender","Extension","high","EX SKU or extender naming"
"OFFICIAL-PRODUCT-PAGE","","","Unclassified","Product","General AV","medium","General fallback classification"
"TX-H2X-OM3","H2XC Card: HDMI In, 4K60 Fiber Out, Mirrored HDMI Out - WyreStorm","Extender / HDBaseT","Extender","Signal extender","Extension","high","EX SKU or extender naming"
"OFFICIAL-PRODUCT-PAGE","","","Unclassified","Product","General AV","medium","General fallback classification"
"TX-H2X-VLC","H2XC Card: HDMI In, 4K60 HDBaseT Out - WyreStorm","Extender / HDBaseT","Extender","Signal extender","Extension","high","EX SKU or extender naming"
"OFFICIAL-PRODUCT-PAGE","","","Unclassified","Product","General AV","medium","General fallback classification"
"USB-HUB4","4-Port USB 3.0 Superspeed Hub - WyreStorm","Accessory","Cable","Cable / active optical cable","Cables","high","CAB SKU or cable naming"
"OFFICIAL-PRODUCT-PAGE","","","Unclassified","Product","General AV","medium","General fallback classification"
"WYRERING","Adapter Ring with USB-C, DisplayPort & Mini DisplayPort to HDMI with Cable Lock - WyreStorm","Accessory","Cable","Cable / active optical cable","Cables","high","CAB SKU or cable naming"
"OFFICIAL-PRODUCT-PAGE","","","Unclassified","Product","General AV","medium","General fallback classification"
"AMP-2120","Advanced 2 or 4 Channel Amplifier","Audio / Control","Amplifier","Audio amplifier","Audio","high","AMP SKU or amplifier naming"
"CAB-UAOC-15","USB 3.2 Active Optical Extension Cable","Cable","Cable","Cable / active optical cable","Cables","high","CAB SKU or cable naming"
"EX-60D-KVM","60m Dual HDMI KVM Extender","Extender / HDBaseT","Extender","Signal extender","Extension","high","EX SKU or extender naming"
"IDB-200-NA","Flip-Up In-Desk Box with USB-C, HDMI, USB Charging and Mains","Accessory","Cable Management","In-desk cable box","Cable management","high","IDB SKU pattern"
"IDB-400-EU-C","Flip-Up In-Desk Box with USB-C, HDMI, USB Charging and RJ-45","Accessory","Cable Management","In-desk cable box","Cable management","high","IDB SKU pattern"
"IDB-SPINE","Under-Desk Cable Management Spine with Adjustable Height","Accessory","Cable Management","In-desk cable box","Cable management","high","IDB SKU pattern"
"MV-0401-PRO","4-Input 4K60 Multiview Processor for NetworkHD","Video Processor","Video Wall Processor","Video wall processor","Video Wall","high","VW / video wall naming"
"MXV-0808-H2A-MK2","4K60 8x8 HDMI Matrix","Matrix Switcher","Matrix","Matrix switcher","Matrix switching","high","MX / MXV / EXP-MX SKU pattern"
"NHD-124-RACK-1U","1U 2-Slot Rack Mount for NetworkHD NHD-124-TX","Accessory","NetworkHD 100","NetworkHD accessory / control","AV-over-IP","high","NetworkHD accessory/control naming"
"NHD-600-E-RX","4K60 4:4:4 SDVoE Decoder with Zero-Latency Video and PoE+ Power","NetworkHD AVoIP","NetworkHD 600","10G AV-over-IP endpoint","AV-over-IP","high","NHD-6xx SKU pattern"
"NHD-600-E-TX","4K60 4:4:4 SDVoE Encoder with Zero-Latency Video and PoE+ Power","NetworkHD AVoIP","NetworkHD 600","10G AV-over-IP endpoint","AV-over-IP","high","NHD-6xx SKU pattern"
"SWX-100-IW-UX","100m 4K60 HDBaseT 3.0 In-Wall KVM Extender with USB-C and HDMI","Extender / HDBaseT","Extender","Signal extender","Extension","high","EX SKU or extender naming"
"AMP-260-DNT","120W Network Amplifier","","Amplifier","Audio amplifier","Audio","high","AMP SKU or amplifier naming"
"AMP-260-DNT","120W Network Amplifier","Audio / Control","Amplifier","Audio amplifier","Audio","high","AMP SKU or amplifier naming"
"APO-210-UC","Apollo TM Video-speakerphone switcher","","Speaker","Loudspeaker","Audio","high","Speaker naming"
"APO-210-UC","Apollo TM Video-speakerphone switcher","Unified Comms","Speaker","Loudspeaker","Audio","high","Speaker naming"
"APO-COM-MIC","Apollo TM companion mic","","Apollo","Microphone / UC audio accessory","Audio / UC","high","Microphone / UC audio naming"
"APO-COM-MIC","Apollo TM companion mic","Unified Comms","Apollo","Microphone / UC audio accessory","Audio / UC","high","Microphone / UC audio naming"
"APO-DG-DOCK","Docking station for APO-DG1, APO-DG2 & APO-DG-HDMI","","Apollo","Presentation / UC product","Presentation / UC","high","APO SKU pattern"
"APO-DG-DOCK","Docking station for APO-DG1, APO-DG2 & APO-DG-HDMI","Unified Comms","Apollo","Presentation / UC product","Presentation / UC","high","APO SKU pattern"
"APO-DG-HDMI","HDMI - USB C Adapter for the APO-DG1/2","","Apollo","Presentation / UC product","Presentation / UC","high","APO SKU pattern"
"APO-DG-HDMI","HDMI - USB C Adapter for the APO-DG1/2","Unified Comms","Apollo","Presentation / UC product","Presentation / UC","high","APO SKU pattern"
"APO-DG1","Apollo TM 1080p USB-C(DP Atl mode) dongle for wireless casting","","Apollo","Presentation / UC product","Presentation / UC","high","APO SKU pattern"
"APO-DG1","Apollo TM 1080p USB-C(DP Atl mode) dongle for wireless casting","Unified Comms","Apollo","Presentation / UC product","Presentation / UC","high","APO SKU pattern"
"APO-DG2","Apollo TM 4K USB-C(DP Atl mode) dongle for wireless casting and wireless conferencing(...","","Apollo","Presentation / UC product","Presentation / UC","high","APO SKU pattern"
"APO-DG2","Apollo TM 4K USB-C(DP Atl mode) dongle for wireless casting and wireless conferencing(...","Unified Comms","Apollo","Presentation / UC product","Presentation / UC","high","APO SKU pattern"
"APO-DG2-PRO","Apollo TM 4K USB-C(DP Atl mode) dongle for wireless casting and wireless conferencing(...","","Apollo","Presentation / UC product","Presentation / UC","high","APO SKU pattern"
"APO-DG2-PRO","Apollo TM 4K USB-C(DP Atl mode) dongle for wireless casting and wireless conferencing(...","Unified Comms","Apollo","Presentation / UC product","Presentation / UC","high","APO SKU pattern"
"APO-MIC-EXT","Mini-USB to Ethernet adaptor for connection between Videobar and Companion Mic APO-COM-MIC","","Apollo","Microphone / UC audio accessory","Audio / UC","high","Microphone / UC audio naming"
"APO-MIC-EXT","Mini-USB to Ethernet adaptor for connection between Videobar and Companion Mic APO-COM-MIC","Unified Comms","Apollo","Microphone / UC audio accessory","Audio / UC","high","Microphone / UC audio naming"
"APO-SKY-MIC","Apollo TM companion Add-On Ceiling Mic","","Apollo","Microphone / UC audio accessory","Audio / UC","high","Microphone / UC audio naming"
"APO-SKY-MIC","Apollo TM companion Add-On Ceiling Mic","Unified Comms","Apollo","Microphone / UC audio accessory","Audio / UC","high","Microphone / UC audio naming"
"APO-VX20-MNT","Wall Mounting Kit for the APO-VX20-UC Video Bar","","Apollo","Presentation / UC product","Presentation / UC","high","APO SKU pattern"
"APO-VX20-MNT","Wall Mounting Kit for the APO-VX20-UC Video Bar","Accessory","Apollo","Presentation / UC product","Presentation / UC","high","APO SKU pattern"
"APO-VX20-UC","Apollo TM Video Bar & Switcher","","Speaker","Loudspeaker","Audio","high","Speaker naming"
"APO-VX20-UC","Apollo TM Video Bar & Switcher","Unified Comms","Speaker","Loudspeaker","Audio","high","Speaker naming"
"CAB-HAOC-10","10m/32ft HDMI 2.0 AOC","","Cable","Cable / active optical cable","Cables","high","CAB SKU or cable naming"
"CAB-HAOC-10","10m/32ft HDMI 2.0 AOC","Cable","Cable","Cable / active optical cable","Cables","high","CAB SKU or cable naming"
"CAB-HAOC-15","15m/49ft HDMI 2.0 AOC","","Cable","Cable / active optical cable","Cables","high","CAB SKU or cable naming"
"CAB-HAOC-15","15m/49ft HDMI 2.0 AOC","Cable","Cable","Cable / active optical cable","Cables","high","CAB SKU or cable naming"
"CAB-HAOC-15-C","15m/49ft HDMI 2.0 AOC","","Cable","Cable / active optical cable","Cables","high","CAB SKU or cable naming"
"CAB-HAOC-15-C","15m/49ft HDMI 2.0 AOC","Cable","Cable","Cable / active optical cable","Cables","high","CAB SKU or cable naming"
"CAB-HAOC-20","20m/65ft HDMI 2.0 AOC","","Cable","Cable / active optical cable","Cables","high","CAB SKU or cable naming"
"CAB-HAOC-20","20m/65ft HDMI 2.0 AOC","Cable","Cable","Cable / active optical cable","Cables","high","CAB SKU or cable naming"
"CAB-HAOC-20-C","20m/65ft HDMI 2.0 AOC","","Cable","Cable / active optical cable","Cables","high","CAB SKU or cable naming"
"CAB-HAOC-20-C","20m/65ft HDMI 2.0 AOC","Cable","Cable","Cable / active optical cable","Cables","high","CAB SKU or cable naming"
"CAB-HAOC-30-C","30m/98ft HDMI 2.0 AOC","","Cable","Cable / active optical cable","Cables","high","CAB SKU or cable naming"
"CAB-HAOC-30-C","30m/98ft HDMI 2.0 AOC","Cable","Cable","Cable / active optical cable","Cables","high","CAB SKU or cable naming"
"CAB-HAOC-FRL-10","10m/32ft HDMI 2.1 AOC","","Cable","Cable / active optical cable","Cables","high","CAB SKU or cable naming"
"CAB-HAOC-FRL-10","10m/32ft HDMI 2.1 AOC","Cable","Cable","Cable / active optical cable","Cables","high","CAB SKU or cable naming"
"CAB-HAOC-FRL-15","15m/49ft HDMI 2.1 AOC","","Cable","Cable / active optical cable","Cables","high","CAB SKU or cable naming"
"CAB-HAOC-FRL-15","15m/49ft HDMI 2.1 AOC","Cable","Cable","Cable / active optical cable","Cables","high","CAB SKU or cable naming"
"CAB-UAOC-15-C","USB 3.2 M to F Active Optical Extension Cable","","Cable","Cable / active optical cable","Cables","high","CAB SKU or cable naming"
"CAB-UAOC-15-C","USB 3.2 M to F Active Optical Extension Cable","Cable","Cable","Cable / active optical cable","Cables","high","CAB SKU or cable naming"
"CAB-USBC-15","USB-C to C Active Optical Cable","","Cable","Cable / active optical cable","Cables","high","CAB SKU or cable naming"
"CAB-USBC-15","USB-C to C Active Optical Cable","Cable","Cable","Cable / active optical cable","Cables","high","CAB SKU or cable naming"
"CAM-210-NDI-PTZ","1080p60 PTZ Camera","","Camera","Camera / camera bridge","Camera / capture","high","CAM SKU or camera naming"
"CAM-210-NDI-PTZ","1080p60 PTZ Camera","Camera / Capture","Camera","Camera / camera bridge","Camera / capture","high","CAM SKU or camera naming"
"CAM-210-PTZ","1080p60 PTZ Camera","","Camera","Camera / camera bridge","Camera / capture","high","CAM SKU or camera naming"
"CAM-210-PTZ","1080p60 PTZ Camera","Camera / Capture","Camera","Camera / camera bridge","Camera / capture","high","CAM SKU or camera naming"
"COM-MIC-HUB","Microphone Hub","","Apollo","Microphone / UC audio accessory","Audio / UC","high","Microphone / UC audio naming"
"COM-MIC-HUB","Microphone Hub","Unified Comms","Apollo","Microphone / UC audio accessory","Audio / UC","high","Microphone / UC audio naming"
"EX-100-G2","4K60Hz 4:2:0 HDBaseT Extender","","Extender","Signal extender","Extension","high","EX SKU or extender naming"
"EX-100-G2","4K60Hz 4:2:0 HDBaseT Extender","Extender / HDBaseT","Extender","Signal extender","Extension","high","EX SKU or extender naming"
"EX-100-H2","4K60Hz 4:2:0 HDBT 2.0 Extender Set","","Extender","Signal extender","Extension","high","EX SKU or extender naming"
"EX-100-H2","4K60Hz 4:2:0 HDBT 2.0 Extender Set","Extender / HDBaseT","Extender","Signal extender","Extension","high","EX SKU or extender naming"
"EX-100-IW-USBC","USB 3.2 Single Gang In-Wall HDBT-USB3 Transmitter and Receiver Kit","","Extender","Signal extender","Extension","high","EX SKU or extender naming"
"EX-100-IW-USBC","USB 3.2 Single Gang In-Wall HDBT-USB3 Transmitter and Receiver Kit","Extender / HDBaseT","Extender","Signal extender","Extension","high","EX SKU or extender naming"
"EX-100-KVM","4K60Hz 4:2:0 HDBT 2.0 Extender Set","","Extender","Signal extender","Extension","high","EX SKU or extender naming"
"EX-100-KVM","4K60Hz 4:2:0 HDBT 2.0 Extender Set","Extender / HDBaseT","Extender","Signal extender","Extension","high","EX SKU or extender naming"
"EX-100-KVM-IP","4K30Hz 4:4:4 IP Extender set","","Extender","Signal extender","Extension","high","EX SKU or extender naming"
"EX-100-KVM-IP","4K30Hz 4:4:4 IP Extender set","Extender / HDBaseT","Extender","Signal extender","Extension","high","EX SKU or extender naming"
"EX-100-USB3","USB 3.2 HDBT-USB3 Extender","","Extender","Signal extender","Extension","high","EX SKU or extender naming"
"EX-100-USB3","USB 3.2 HDBT-USB3 Extender","Extender / HDBaseT","Extender","Signal extender","Extension","high","EX SKU or extender naming"
"EX-35-H2","4K60Hz 4:4:4 HDBaseT TM Extender Set","","Extender","Signal extender","Extension","high","EX SKU or extender naming"
"EX-35-H2","4K60Hz 4:4:4 HDBaseT TM Extender Set","Extender / HDBaseT","Extender","Signal extender","Extension","high","EX SKU or extender naming"
"EX-35-H2-ARC","4K60Hz 4:4:4 HDBaseT TM Extender Set","","Extender","Signal extender","Extension","high","EX SKU or extender naming"
"EX-35-H2-ARC","4K60Hz 4:4:4 HDBaseT TM Extender Set","Extender / HDBaseT","Extender","Signal extender","Extension","high","EX SKU or extender naming"
"EX-40-G3","1080p60Hz UTP Extender Set","","Extender","Signal extender","Extension","high","EX SKU or extender naming"
"EX-40-G3","1080p60Hz UTP Extender Set","Extender / HDBaseT","Extender","Signal extender","Extension","high","EX SKU or extender naming"
"EX-40-H2-ARC","4K60Hz 4:4:4 HDBaseT TM Extender Set","","Extender","Signal extender","Extension","high","EX SKU or extender naming"
"EX-40-H2-ARC","4K60Hz 4:4:4 HDBaseT TM Extender Set","Extender / HDBaseT","Extender","Signal extender","Extension","high","EX SKU or extender naming"
"EX-40-KVM-5K","5K30Hz HDBT3.0 Extender Kit","","Extender","Signal extender","Extension","high","EX SKU or extender naming"
"EX-40-KVM-5K","5K30Hz HDBT3.0 Extender Kit","Extender / HDBaseT","Extender","Signal extender","Extension","high","EX SKU or extender naming"
"EX-60-USB2","USB2.0 Extender Set","","Extender","Signal extender","Extension","high","EX SKU or extender naming"
"EX-60-USB2","USB2.0 Extender Set","Extender / HDBaseT","Extender","Signal extender","Extension","high","EX SKU or extender naming"
"EX-70-G2","4K60Hz 4:2:0 HDBaseT TM Extender Set","","Extender","Signal extender","Extension","high","EX SKU or extender naming"
"EX-70-G2","4K60Hz 4:2:0 HDBaseT TM Extender Set","Extender / HDBaseT","Extender","Signal extender","Extension","high","EX SKU or extender naming"
"EX-70-H2","4K60Hz 4:4:4 HDBaseT TM Extender Set","","Extender","Signal extender","Extension","high","EX SKU or extender naming"
"EX-70-H2","4K60Hz 4:4:4 HDBaseT TM Extender Set","Extender / HDBaseT","Extender","Signal extender","Extension","high","EX SKU or extender naming"
"EX-80-KVM","1080p60Hz UTP Extender","","Extender","Signal extender","Extension","high","EX SKU or extender naming"
"EX-80-KVM","1080p60Hz UTP Extender","Extender / HDBaseT","Extender","Signal extender","Extension","high","EX SKU or extender naming"
"EX3-100-EARC","4K60Hz 4:4:4,5K30Hz 4:4:4 HDBaseT TM Extender Set","","Extender","Signal extender","Extension","high","EX SKU or extender naming"
"EX3-100-EARC","4K60Hz 4:4:4,5K30Hz 4:4:4 HDBaseT TM Extender Set","Extender / HDBaseT","Extender","Signal extender","Extension","high","EX SKU or extender naming"
"EXA-100-EARC","HDMI 2.0 Audio Only Extender","","Extender","Signal extender","Extension","high","EX SKU or extender naming"
"EXA-100-EARC","HDMI 2.0 Audio Only Extender","Extender / HDBaseT","Extender","Signal extender","Extension","high","EX SKU or extender naming"
"EXF-300-H2","4K60Hz 4:4:4 Multi-Mode Fiber Extender Set","","Extender","Signal extender","Extension","high","EX SKU or extender naming"
"EXF-300-H2","4K60Hz 4:4:4 Multi-Mode Fiber Extender Set","Extender / HDBaseT","Extender","Signal extender","Extension","high","EX SKU or extender naming"
"EXP-4KUHD-0.5","0.5m/1.6ft HDMI 2.0 Cable","","Cable","Cable / active optical cable","Cables","high","CAB SKU or cable naming"
"EXP-4KUHD-0.5","0.5m/1.6ft HDMI 2.0 Cable","Cable","Cable","Cable / active optical cable","Cables","high","CAB SKU or cable naming"
"EXP-4KUHD-1.0","1m/3ft HDMI 2.0 Cable","","Cable","Cable / active optical cable","Cables","high","CAB SKU or cable naming"
"EXP-4KUHD-1.0","1m/3ft HDMI 2.0 Cable","Cable","Cable","Cable / active optical cable","Cables","high","CAB SKU or cable naming"
"EXP-4KUHD-2.0","2m/6.5ft HDMI 2.0 Cable","","Cable","Cable / active optical cable","Cables","high","CAB SKU or cable naming"
"EXP-4KUHD-2.0","2m/6.5ft HDMI 2.0 Cable","Cable","Cable","Cable / active optical cable","Cables","high","CAB SKU or cable naming"
"EXP-4KUHD-3.0","3m/10ft HDMI 2.0 Cable","","Cable","Cable / active optical cable","Cables","high","CAB SKU or cable naming"
"EXP-4KUHD-3.0","3m/10ft HDMI 2.0 Cable","Cable","Cable","Cable / active optical cable","Cables","high","CAB SKU or cable naming"
"EXP-4KUHD-5.0","5m/15ft HDMI 2.0 Cable","","Cable","Cable / active optical cable","Cables","high","CAB SKU or cable naming"
"EXP-4KUHD-5.0","5m/15ft HDMI 2.0 Cable","Cable","Cable","Cable / active optical cable","Cables","high","CAB SKU or cable naming"
"EXP-8KUHD-0.5","0.5m/1.6ft HDMI 2.1 Cable","","Cable","Cable / active optical cable","Cables","high","CAB SKU or cable naming"
"EXP-8KUHD-0.5","0.5m/1.6ft HDMI 2.1 Cable","Cable","Cable","Cable / active optical cable","Cables","high","CAB SKU or cable naming"
"EXP-CAB-USBC-1M","1m/3.2ft USB-C to C Cable","","Cable","Cable / active optical cable","Cables","high","CAB SKU or cable naming"
"EXP-CAB-USBC-1M","1m/3.2ft USB-C to C Cable","Cable","Cable","Cable / active optical cable","Cables","high","CAB SKU or cable naming"
"EXP-CAB-USBC-2M","2m/6.5ft USB-C to C Cable","","Cable","Cable / active optical cable","Cables","high","CAB SKU or cable naming"
"EXP-CAB-USBC-2M","2m/6.5ft USB-C to C Cable","Cable","Cable","Cable / active optical cable","Cables","high","CAB SKU or cable naming"
"EXP-CAB-USBC-5M","5m/16.40ft USB-C to C cable","","Cable","Cable / active optical cable","Cables","high","CAB SKU or cable naming"
"EXP-CAB-USBC-5M","5m/16.40ft USB-C to C cable","Cable","Cable","Cable / active optical cable","Cables","high","CAB SKU or cable naming"
"EXP-CON-AUD-H2","4K60Hz 4:4:4 HDMI 2.0 Audio Exractor with Passthrough","","Unclassified","Product","General AV","medium","General fallback classification"
"EXP-CON-AUD-H2","4K60Hz 4:4:4 HDMI 2.0 Audio Exractor with Passthrough","Audio / Control","Unclassified","Product","General AV","medium","General fallback classification"
"EXP-MX-0402-H2","4K60Hz 4:4:4 4x2 HDMI Matrix Switch","","Matrix","Matrix switcher","Matrix switching","high","MX / MXV / EXP-MX SKU pattern"
"EXP-MX-0402-H2","4K60Hz 4:4:4 4x2 HDMI Matrix Switch","Matrix Switcher","Matrix","Matrix switcher","Matrix switching","high","MX / MXV / EXP-MX SKU pattern"
"EXP-SP-0102-8K","8K60Hz 4:4:4 1x2 HDMI Splitter","","Unclassified","Product","General AV","medium","General fallback classification"
"EXP-SP-0102-8K","8K60Hz 4:4:4 1x2 HDMI Splitter","Splitter / Distribution","Unclassified","Product","General AV","medium","General fallback classification"
"EXP-SP-0102-H2","4K60Hz 4:4:4 1x2 HDMI Splitter","","Unclassified","Product","General AV","medium","General fallback classification"
"EXP-SP-0102-H2","4K60Hz 4:4:4 1x2 HDMI Splitter","Splitter / Distribution","Unclassified","Product","General AV","medium","General fallback classification"
"EXP-SP-0104-H2","4K60Hz 4:4:4 1x4 HDMI Splitter","","Unclassified","Product","General AV","medium","General fallback classification"
"EXP-SP-0104-H2","4K60Hz 4:4:4 1x4 HDMI Splitter","Splitter / Distribution","Unclassified","Product","General AV","medium","General fallback classification"
"EXP-SW-0201-8K","8K60Hz 4:4:4 2x1 HDMI Switcher","","Unclassified","Product","General AV","medium","General fallback classification"
"EXP-SW-0201-8K","8K60Hz 4:4:4 2x1 HDMI Switcher","Presentation / Room Core","Unclassified","Product","General AV","medium","General fallback classification"
"EXP-SW-0401-8K","8K60Hz 4:4:4 4x1 HDMI Switcher","","Unclassified","Product","General AV","medium","General fallback classification"
"EXP-SW-0401-8K","8K60Hz 4:4:4 4x1 HDMI Switcher","Presentation / Room Core","Unclassified","Product","General AV","medium","General fallback classification"
"EXP-SW-0401-H2","4K60Hz 4:4:4 4x1 HDMI Switcher","","Unclassified","Product","General AV","medium","General fallback classification"
"EXP-SW-0401-H2","4K60Hz 4:4:4 4x1 HDMI Switcher","Presentation / Room Core","Unclassified","Product","General AV","medium","General fallback classification"
"FOCUS 200 PRO","4K AI Webcam","","Unclassified","Product","General AV","medium","General fallback classification"
"FOCUS 200 PRO","4K AI Webcam","Camera / Capture","Camera","Camera / camera bridge","Camera / capture","high","CAM SKU or camera naming"
"HALO 60","Compact USB Speakerphone","","Speaker","Loudspeaker","Audio","high","Speaker naming"
"HALO 60","Compact USB Speakerphone","Unified Comms","Speaker","Loudspeaker","Audio","high","Speaker naming"
"HALO 80","USB/Bluetooth Speakerphone","","Speaker","Loudspeaker","Audio","high","Speaker naming"
"HALO 80","USB/Bluetooth Speakerphone","Unified Comms","Speaker","Loudspeaker","Audio","high","Speaker naming"
"HALO-COM-MIC","Apollo TM companion mic","","HALO","USB/Bluetooth speakerphone or UC audio product","Audio / UC","high","HALO SKU pattern"
"HALO-COM-MIC","Apollo TM companion mic","Unified Comms","HALO","USB/Bluetooth speakerphone or UC audio product","Audio / UC","high","HALO SKU pattern"
"HALO-VX10-V2","HALO Video Bar mini","","Speaker","Loudspeaker","Audio","high","Speaker naming"
"HALO-VX10-V2","HALO Video Bar mini","Unified Comms","Speaker","Loudspeaker","Audio","high","Speaker naming"
"IDB-200-MS","Compact In-Desk Connectivity","","Cable Management","In-desk cable box","Cable management","high","IDB SKU pattern"
"IDB-200-MS","Compact In-Desk Connectivity","Accessory","Cable Management","In-desk cable box","Cable management","high","IDB SKU pattern"
"IDB-300","Dual Channel CableBox","","Cable Management","In-desk cable box","Cable management","high","IDB SKU pattern"
"IDB-300","Dual Channel CableBox","Accessory","Cable Management","In-desk cable box","Cable management","high","IDB SKU pattern"
"IDB-300-BTN","Dual Channel CableBox","","Cable Management","In-desk cable box","Cable management","high","IDB SKU pattern"
"IDB-300-BTN","Dual Channel CableBox","Accessory","Cable Management","In-desk cable box","Cable management","high","IDB SKU pattern"
"IDB-400-MS","Flip Up In-Desk Connectivity","","Cable Management","In-desk cable box","Cable management","high","IDB SKU pattern"
"IDB-400-MS","Flip Up In-Desk Connectivity","Accessory","Cable Management","In-desk cable box","Cable management","high","IDB SKU pattern"
"IDB-400-MS-C","Flip Up In-Desk Connectivity","","Cable Management","In-desk cable box","Cable management","high","IDB SKU pattern"
"IDB-400-MS-C","Flip Up In-Desk Connectivity","Accessory","Cable Management","In-desk cable box","Cable management","high","IDB SKU pattern"
"IDB-CBL-SPINE","Under Desk Cable Management 'SPINE' for IDB Series (Adjustable up to 36"")","","Cable Management","In-desk cable box","Cable management","high","IDB SKU pattern"
"IDB-CBL-SPINE","Under Desk Cable Management 'SPINE' for IDB Series (Adjustable up to 36"")","Accessory","Cable Management","In-desk cable box","Cable management","high","IDB SKU pattern"
"IDB-HDMI-C","HDMI","","Cable Management","In-desk cable box","Cable management","high","IDB SKU pattern"
"IDB-HDMI-C","HDMI","Accessory","Cable Management","In-desk cable box","Cable management","high","IDB SKU pattern"
"IDB-K2-C","Carrier Keystone 2 ports","","Cable Management","In-desk cable box","Cable management","high","IDB SKU pattern"
"IDB-K2-C","Carrier Keystone 2 ports","Accessory","Cable Management","In-desk cable box","Cable management","high","IDB SKU pattern"
"IDB-PWR-SCH","2m Wieland to Schuko Power Supply Cable For IDB-MS Series (Schuko Plug)","","Cable Management","In-desk cable box","Cable management","high","IDB SKU pattern"
"IDB-PWR-SCH","2m Wieland to Schuko Power Supply Cable For IDB-MS Series (Schuko Plug)","Accessory","Cable Management","In-desk cable box","Cable management","high","IDB SKU pattern"
"IDB-PWR-UK","2m Wieland to UK Power Supply Cable For IDB-MS Series (UK Plug)","","Cable Management","In-desk cable box","Cable management","high","IDB SKU pattern"
"IDB-PWR-UK","2m Wieland to UK Power Supply Cable For IDB-MS Series (UK Plug)","Accessory","Cable Management","In-desk cable box","Cable management","high","IDB SKU pattern"
"IDB-RJ45-C","RJ45 CAT6","","Cable Management","In-desk cable box","Cable management","high","IDB SKU pattern"
"IDB-RJ45-C","RJ45 CAT6","Accessory","Cable Management","In-desk cable box","Cable management","high","IDB SKU pattern"
"IDB-USBA-C","USB 3.0 type A","","Cable Management","In-desk cable box","Cable management","high","IDB SKU pattern"
"IDB-USBA-C","USB 3.0 type A","Accessory","Cable Management","In-desk cable box","Cable management","high","IDB SKU pattern"
"IDB-USBC-C","USB 3.2 type C","","Cable Management","In-desk cable box","Cable management","high","IDB SKU pattern"
"IDB-USBC-C","USB 3.2 type C","Accessory","Cable Management","In-desk cable box","Cable management","high","IDB SKU pattern"
"MX-0402-MST","Synergy 4K60Hz HDR 4x2 HDMI & USB-C Matrix Switcher with MST","","Presentation Switcher","Room core / presentation switcher","Presentation switching","high","MST presentation switcher naming"
"MX-0402-MST","Synergy 4K60Hz HDR 4x2 HDMI & USB-C Matrix Switcher with MST","Presentation / Room Core","Presentation Switcher","Room core / presentation switcher","Presentation switching","high","MST presentation switcher naming"
"MX-0403-H3-MST","Synergy 4K60Hz HDR 4x3 HDMI & USB-C Matrix Switcher with MST & HDBaseT 3.0 Output","","Presentation Switcher","Room core / presentation switcher","Presentation switching","high","MST presentation switcher naming"
"MX-0403-H3-MST","Synergy 4K60Hz HDR 4x3 HDMI & USB-C Matrix Switcher with MST & HDBaseT 3.0 Output","Presentation / Room Core","Presentation Switcher","Room core / presentation switcher","Presentation switching","high","MST presentation switcher naming"
"MX-0404-HDMI","4K60Hz 4:4:4 4x4 HDMI Matrix","","Matrix","Matrix switcher","Matrix switching","high","MX / MXV / EXP-MX SKU pattern"
"MX-0404-HDMI","4K60Hz 4:4:4 4x4 HDMI Matrix","Matrix Switcher","Matrix","Matrix switcher","Matrix switching","high","MX / MXV / EXP-MX SKU pattern"
"MX-0404-KIT","4K60Hz 4:2:0 4x4 (3 HDBaseT TM , 1 HDMI) Matrix","","HDBaseT Matrix","HDBaseT matrix switcher","Matrix switching","high","Matrix product with HDBaseT naming"
"MX-0404-KIT","4K60Hz 4:2:0 4x4 (3 HDBaseT TM , 1 HDMI) Matrix","Matrix Switcher","HDBaseT Matrix","HDBaseT matrix switcher","Matrix switching","high","Matrix product with HDBaseT naming"
"MX-0404-SCL","4K60Hz 4:4:4 4x4 HDMI Matrix","","Seamless Matrix","Seamless scaling matrix switcher","Matrix switching / multiview","high","SCL matrix SKU pattern"
"MX-0404-SCL","4K60Hz 4:4:4 4x4 HDMI Matrix","Matrix Switcher","Seamless Matrix","Seamless scaling matrix switcher","Matrix switching / multiview","high","SCL matrix SKU pattern"
"MX-0804-EDC","4K60Hz 4:4:4 8x4 Seamless Matrix","","Matrix","Matrix switcher","Matrix switching","high","MX / MXV / EXP-MX SKU pattern"
"MX-0804-EDC","4K60Hz 4:4:4 8x4 Seamless Matrix","Matrix Switcher","Matrix","Matrix switcher","Matrix switching","high","MX / MXV / EXP-MX SKU pattern"
"MX-0808-H2A-MK2","4K60Hz 4:4:4 8x8 HDMI Matrix","","Matrix","Matrix switcher","Matrix switching","high","MX / MXV / EXP-MX SKU pattern"
"MX-0808-H2A-MK2","4K60Hz 4:4:4 8x8 HDMI Matrix","Matrix Switcher","Matrix","Matrix switcher","Matrix switching","high","MX / MXV / EXP-MX SKU pattern"
"MX-0808-KIT-V2","4K60Hz 4:2:0 8x8 HDBaseT TM Matrix","","HDBaseT Matrix","HDBaseT matrix switcher","Matrix switching","high","Matrix product with HDBaseT naming"
"MX-0808-KIT-V2","4K60Hz 4:2:0 8x8 HDBaseT TM Matrix","Matrix Switcher","HDBaseT Matrix","HDBaseT matrix switcher","Matrix switching","high","Matrix product with HDBaseT naming"
"MX-0808-SCL","4K60 4:4:4 8x8 Seamless Scaling HDMI Matrix with USB-C","","Seamless Matrix","Seamless scaling matrix switcher","Matrix switching / multiview","high","SCL matrix SKU pattern"
"MX-0808-SCL","4K60 4:4:4 8x8 Seamless Scaling HDMI Matrix with USB-C","Matrix Switcher","Seamless Matrix","Seamless scaling matrix switcher","Matrix switching / multiview","high","SCL matrix SKU pattern"
"MX-0812-SCL","4K60 4:4:4 8x12 Advanced Seamless Scaling HDMI Matrix","","Seamless Matrix","Seamless scaling matrix switcher","Matrix switching / multiview","high","SCL matrix SKU pattern"
"MX-0812-SCL","4K60 4:4:4 8x12 Advanced Seamless Scaling HDMI Matrix","Matrix Switcher","Seamless Matrix","Seamless scaling matrix switcher","Matrix switching / multiview","high","SCL matrix SKU pattern"
"MX-1007-HYB","4K60Hz 4:4:4 10x7 Seamless Matrix","","Matrix","Matrix switcher","Matrix switching","high","MX / MXV / EXP-MX SKU pattern"
"MX-1007-HYB","4K60Hz 4:4:4 10x7 Seamless Matrix","Matrix Switcher","Matrix","Matrix switcher","Matrix switching","high","MX / MXV / EXP-MX SKU pattern"
"MX-1616-SCL","16 Slot - 4K60Hz 4:4:4 Seamless Empty Custom Matrix Chassis","","Seamless Matrix","Seamless scaling matrix switcher","Matrix switching / multiview","high","SCL matrix SKU pattern"
"MX-1616-SCL","16 Slot - 4K60Hz 4:4:4 Seamless Empty Custom Matrix Chassis","Matrix Switcher","Seamless Matrix","Seamless scaling matrix switcher","Matrix switching / multiview","high","SCL matrix SKU pattern"
"MXV-0404-H2A-KIT","4K60Hz 4:4:4 4x4 HDBaseT TM Matrix","","HDBaseT Matrix","HDBaseT matrix switcher","Matrix switching","high","Matrix product with HDBaseT naming"
"MXV-0404-H2A-KIT","4K60Hz 4:4:4 4x4 HDBaseT TM Matrix","Matrix Switcher","HDBaseT Matrix","HDBaseT matrix switcher","Matrix switching","high","Matrix product with HDBaseT naming"
"MXV-0808-H2A-70-V3","4K60Hz 4:4:4 8x8 HDBaseT TM Matrix","","HDBaseT Matrix","HDBaseT matrix switcher","Matrix switching","high","Matrix product with HDBaseT naming"
"MXV-0808-H2A-70-V3","4K60Hz 4:4:4 8x8 HDBaseT TM Matrix","Matrix Switcher","HDBaseT Matrix","HDBaseT matrix switcher","Matrix switching","high","Matrix product with HDBaseT naming"
"MXV-0808-H2A-KIT","4K60Hz 4:4:4 8x8 HDBaseT TM Matrix Kit w/ 6 standard receivers & 2 Scaling receivers","","HDBaseT Matrix","HDBaseT matrix switcher","Matrix switching","high","Matrix product with HDBaseT naming"
"MXV-0808-H2A-KIT","4K60Hz 4:4:4 8x8 HDBaseT TM Matrix Kit w/ 6 standard receivers & 2 Scaling receivers","Matrix Switcher","HDBaseT Matrix","HDBaseT matrix switcher","Matrix switching","high","Matrix product with HDBaseT naming"
"MXV-0808-H2A-V3","4K60Hz 4:4:4 8x8 HDBaseT TM Matrix","","HDBaseT Matrix","HDBaseT matrix switcher","Matrix switching","high","Matrix product with HDBaseT naming"
"MXV-0808-H2A-V3","4K60Hz 4:4:4 8x8 HDBaseT TM Matrix","Matrix Switcher","HDBaseT Matrix","HDBaseT matrix switcher","Matrix switching","high","Matrix product with HDBaseT naming"
"NETWORKHD TOUCH TM","Free iPad & Android Control App for NetworkHD 100, 200 & 400 Series","","NetworkHD","NetworkHD accessory / control","AV-over-IP","high","NetworkHD accessory/control naming"
"NETWORKHD TOUCH TM","Free iPad & Android Control App for NetworkHD 100, 200 & 400 Series","Audio / Control","NetworkHD","NetworkHD accessory / control","AV-over-IP","high","NetworkHD accessory/control naming"
"NHD-000-RACK4","6U/12 Slot Rack Mount for all NetworkHD Series","","NetworkHD","NetworkHD accessory / control","AV-over-IP","high","NetworkHD accessory/control naming"
"NHD-000-RACK4","6U/12 Slot Rack Mount for all NetworkHD Series","Accessory","NetworkHD","NetworkHD accessory / control","AV-over-IP","high","NetworkHD accessory/control naming"
"NHD-0401-MV","NetworkHD 4-Input 4K60 Multiview Switcher","","NetworkHD 500","Multiview processor","AV-over-IP processing","high","NHD-0401-MV multiview processor"
"NHD-0401-MV","NetworkHD 4-Input 4K60 Multiview Switcher","NetworkHD AVoIP","NetworkHD 500","Multiview processor","AV-over-IP processing","high","NHD-0401-MV multiview processor"
"NHD-120-IW-TX","4K30Hz 2-Gang In-Wall Encoder","","NetworkHD 100","AV-over-IP endpoint","AV-over-IP","high","NHD-1xx SKU pattern"
"NHD-120-IW-TX","4K30Hz 2-Gang In-Wall Encoder","NetworkHD AVoIP","NetworkHD 100","AV-over-IP endpoint","AV-over-IP","high","NHD-1xx SKU pattern"
"NHD-120-RX","4K30Hz Decoder","","Video Wall Processor","Video wall processor","Video Wall","high","VW / video wall naming"
"NHD-120-RX","4K30Hz Decoder","NetworkHD AVoIP","Video Wall Processor","Video wall processor","Video Wall","high","VW / video wall naming"
"NHD-120-TX","4K30Hz Encoder","","NetworkHD 100","AV-over-IP endpoint","AV-over-IP","high","NHD-1xx SKU pattern"
"NHD-120-TX","4K30Hz Encoder","NetworkHD AVoIP","NetworkHD 100","AV-over-IP endpoint","AV-over-IP","high","NHD-1xx SKU pattern"
"NHD-124-TX","4K30Hz Quad Encoder","","NetworkHD 100","AV-over-IP endpoint","AV-over-IP","high","NHD-1xx SKU pattern"
"NHD-124-TX","4K30Hz Quad Encoder","NetworkHD AVoIP","NetworkHD 100","AV-over-IP endpoint","AV-over-IP","high","NHD-1xx SKU pattern"
"NHD-140-RACK-1U","1U/2 Slot Rack Mount for NHD-140-TX &NHD-124-TX Quad Encoder","","NetworkHD 100","NetworkHD accessory / control","AV-over-IP","high","NetworkHD accessory/control naming"
"NHD-140-RACK-1U","1U/2 Slot Rack Mount for NHD-140-TX &NHD-124-TX Quad Encoder","Accessory","NetworkHD 100","NetworkHD accessory / control","AV-over-IP","high","NetworkHD accessory/control naming"
"NHD-150-RX","4K30Hz Decoder","","NetworkHD 100","AV-over-IP endpoint","AV-over-IP","high","NHD-1xx SKU pattern"
"NHD-150-RX","4K30Hz Decoder","NetworkHD AVoIP","NetworkHD 100","AV-over-IP endpoint","AV-over-IP","high","NHD-1xx SKU pattern"
"NHD-500-DNT-TX","4K60Hz 4:4:4 Encoder","","NetworkHD 500","AV-over-IP endpoint","AV-over-IP","high","NHD-5xx SKU pattern"
"NHD-500-DNT-TX","4K60Hz 4:4:4 Encoder","NetworkHD AVoIP","NetworkHD 500","AV-over-IP endpoint","AV-over-IP","high","NHD-5xx SKU pattern"
"NHD-500-E-RX","Lite 4K60Hz 4:4:4 Decoder","","NetworkHD 500","AV-over-IP endpoint","AV-over-IP","high","NHD-5xx SKU pattern"
"NHD-500-E-RX","Lite 4K60Hz 4:4:4 Decoder","NetworkHD AVoIP","NetworkHD 500","AV-over-IP endpoint","AV-over-IP","high","NHD-5xx SKU pattern"
"NHD-500-E-TX","Lite 4K60Hz 4:4:4 Encoder","","NetworkHD 500","AV-over-IP endpoint","AV-over-IP","high","NHD-5xx SKU pattern"
"NHD-500-E-TX","Lite 4K60Hz 4:4:4 Encoder","NetworkHD AVoIP","NetworkHD 500","AV-over-IP endpoint","AV-over-IP","high","NHD-5xx SKU pattern"
"NHD-500-IW-TX","4K60Hz 4:4:4 2-Gang In-Wall Encoder","","NetworkHD 500","AV-over-IP endpoint","AV-over-IP","high","NHD-5xx SKU pattern"
"NHD-500-IW-TX","4K60Hz 4:4:4 2-Gang In-Wall Encoder","NetworkHD AVoIP","NetworkHD 500","AV-over-IP endpoint","AV-over-IP","high","NHD-5xx SKU pattern"
"NHD-500-RX","4K60Hz 4:4:4 Decoder","","Video Wall Processor","Video wall processor","Video Wall","high","VW / video wall naming"
"NHD-500-RX","4K60Hz 4:4:4 Decoder","NetworkHD AVoIP","Video Wall Processor","Video wall processor","Video Wall","high","VW / video wall naming"
"NHD-500-TX","4K60Hz 4:4:4 Encoder","","NetworkHD 500","AV-over-IP endpoint","AV-over-IP","high","NHD-5xx SKU pattern"
"NHD-500-TX","4K60Hz 4:4:4 Encoder","NetworkHD AVoIP","NetworkHD 500","AV-over-IP endpoint","AV-over-IP","high","NHD-5xx SKU pattern"
"NHD-510-TX","4K60Hz 4:4:4 Encoder","","NetworkHD 500","AV-over-IP endpoint","AV-over-IP","high","NHD-5xx SKU pattern"
"NHD-510-TX","4K60Hz 4:4:4 Encoder","NetworkHD AVoIP","NetworkHD 500","AV-over-IP endpoint","AV-over-IP","high","NHD-5xx SKU pattern"
"NHD-600-TRX","4K60Hz 4:4:4 SDVoE Transceiver","","Video Wall Processor","Video wall processor","Video Wall","high","VW / video wall naming"
"NHD-600-TRX","4K60Hz 4:4:4 SDVoE Transceiver","NetworkHD AVoIP","Video Wall Processor","Video wall processor","Video Wall","high","VW / video wall naming"
"NHD-600-TRXF","4K60Hz 4:4:4 SDVoE Fiber Transceiver","","Video Wall Processor","Video wall processor","Video Wall","high","VW / video wall naming"
"NHD-600-TRXF","4K60Hz 4:4:4 SDVoE Fiber Transceiver","Camera / Capture","Video Wall Processor","Video wall processor","Video Wall","high","VW / video wall naming"
"NHD-610-RX","4K60Hz 4:4:4 SDVoE Decoder","","Video Wall Processor","Video wall processor","Video Wall","high","VW / video wall naming"
"NHD-610-RX","4K60Hz 4:4:4 SDVoE Decoder","NetworkHD AVoIP","Video Wall Processor","Video wall processor","Video Wall","high","VW / video wall naming"
"NHD-610-TX","4K60Hz 4:4:4 SDVoE Encoder","","NetworkHD 600","10G AV-over-IP endpoint","AV-over-IP","high","NHD-6xx SKU pattern"
"NHD-610-TX","4K60Hz 4:4:4 SDVoE Encoder","NetworkHD AVoIP","NetworkHD 600","10G AV-over-IP endpoint","AV-over-IP","high","NHD-6xx SKU pattern"
"NHD-610-TX-V2","4K60Hz 4:4:4 SDVoE Encoder","","NetworkHD 600","10G AV-over-IP endpoint","AV-over-IP","high","NHD-6xx SKU pattern"
"NHD-610-TX-V2","4K60Hz 4:4:4 SDVoE Encoder","NetworkHD AVoIP","NetworkHD 600","10G AV-over-IP endpoint","AV-over-IP","high","NHD-6xx SKU pattern"
"NHD-CTL-PRO-V2","Pro Controller for NetworkHD Series","","NetworkHD","NetworkHD accessory / control","AV-over-IP","high","NetworkHD accessory/control naming"
"NHD-CTL-PRO-V2","Pro Controller for NetworkHD Series","NetworkHD AVoIP","NetworkHD","NetworkHD accessory / control","AV-over-IP","high","NetworkHD accessory/control naming"
"NHD-RACK-1U","1U/2 Slot Rack Mount for NetworkHD TM 110/120/500/600/CTL","","NetworkHD","NetworkHD accessory / control","AV-over-IP","high","NetworkHD accessory/control naming"
"NHD-RACK-1U","1U/2 Slot Rack Mount for NetworkHD TM 110/120/500/600/CTL","Accessory","NetworkHD","NetworkHD accessory / control","AV-over-IP","high","NetworkHD accessory/control naming"
"NHD-RACK4-BLK","Blanking Plate for NHD-000-RACK4","","NetworkHD","NetworkHD accessory / control","AV-over-IP","high","NetworkHD accessory/control naming"
"NHD-RACK4-BLK","Blanking Plate for NHD-000-RACK4","Accessory","NetworkHD","NetworkHD accessory / control","AV-over-IP","high","NetworkHD accessory/control naming"
"NHD-USB-TRX","USB 2.0 over IP Transceiver","","NetworkHD","AV-over-IP product","AV-over-IP","high","NHD / NetworkHD naming"
"NHD-USB-TRX","USB 2.0 over IP Transceiver","NetworkHD AVoIP","NetworkHD","AV-over-IP product","AV-over-IP","high","NHD / NetworkHD naming"
"RX-35-POH","4K60Hz 4:2:0 HDBaseT TM Receiver","","Extender","Signal extender","Extension","high","EX SKU or extender naming"
"RX-35-POH","4K60Hz 4:2:0 HDBaseT TM Receiver","Extender / HDBaseT","Extender","Signal extender","Extension","high","EX SKU or extender naming"
"RX-500","4K60Hz (4:2:0 8bit) HDBaseT 2.0 Receiver","","Extender","Signal extender","Extension","high","EX SKU or extender naming"
"RX-500","4K60Hz (4:2:0 8bit) HDBaseT 2.0 Receiver","Camera / Capture","Extender","Signal extender","Extension","high","EX SKU or extender naming"
"RX-70-4K","4K60Hz 4:2:0 HDBaseT TM Receiver","","Extender","Signal extender","Extension","high","EX SKU or extender naming"
"RX-70-4K","4K60Hz 4:2:0 HDBaseT TM Receiver","Extender / HDBaseT","Extender","Signal extender","Extension","high","EX SKU or extender naming"
"RX-70-4K-SCL","4K60Hz 4:2:0 HDBaseT TM Scaling Receiver","","Extender","Signal extender","Extension","high","EX SKU or extender naming"
"RX-70-4K-SCL","4K60Hz 4:2:0 HDBaseT TM Scaling Receiver","Extender / HDBaseT","Extender","Signal extender","Extension","high","EX SKU or extender naming"
"RX-700","4K60Hz 4:2:0 HDBaseT Receiver","","Extender","Signal extender","Extension","high","EX SKU or extender naming"
"RX-700","4K60Hz 4:2:0 HDBaseT Receiver","Camera / Capture","Extender","Signal extender","Extension","high","EX SKU or extender naming"
"RX3-100","4K60Hz 4:4:4,5K30Hz 4:4:4 HDBaseT 3.0 Receiver","","Unclassified","Product","General AV","medium","General fallback classification"
"RX3-100","4K60Hz 4:4:4,5K30Hz 4:4:4 HDBaseT 3.0 Receiver","Camera / Capture","Camera","Camera / camera bridge","Camera / capture","high","CAM SKU or camera naming"
"RXF-300-4K","4K60Hz 4:4:4 Fiber Receiver","","Unclassified","Product","General AV","medium","General fallback classification"
"RXF-300-4K","4K60Hz 4:4:4 Fiber Receiver","Extender / HDBaseT","Extender","Signal extender","Extension","high","EX SKU or extender naming"
"RXV-35-4K","4K60Hz 4:4:4 HDBaseT Receiver","","Extender","Signal extender","Extension","high","EX SKU or extender naming"
"RXV-35-4K","4K60Hz 4:4:4 HDBaseT Receiver","Extender / HDBaseT","Extender","Signal extender","Extension","high","EX SKU or extender naming"
"RXV-35-SCL","4K60Hz 4:4:4 HDBaseT Scaling Receiver","","Extender","Signal extender","Extension","high","EX SKU or extender naming"
"RXV-35-SCL","4K60Hz 4:4:4 HDBaseT Scaling Receiver","Extender / HDBaseT","Extender","Signal extender","Extension","high","EX SKU or extender naming"
"RXV-70-4K-G2","4K60Hz 4:4:4 HDBaseT Receiver","","Extender","Signal extender","Extension","high","EX SKU or extender naming"
"RXV-70-4K-G2","4K60Hz 4:4:4 HDBaseT Receiver","Extender / HDBaseT","Extender","Signal extender","Extension","high","EX SKU or extender naming"
"RXV-70-G2-SCL","4K60Hz 4:4:4 HDBaseT Scaling Receiver","","Extender","Signal extender","Extension","high","EX SKU or extender naming"
"RXV-70-G2-SCL","4K60Hz 4:4:4 HDBaseT Scaling Receiver","Extender / HDBaseT","Extender","Signal extender","Extension","high","EX SKU or extender naming"
"SP-0104-H2","4K60Hz 4:4:4 1x4 HDMI Splitter","","Unclassified","Product","General AV","medium","General fallback classification"
"SP-0104-H2","4K60Hz 4:4:4 1x4 HDMI Splitter","Splitter / Distribution","Unclassified","Product","General AV","medium","General fallback classification"
"SP-0108-SCL","4K60Hz 4:4:4 1x8 HDMI Splitter","","Unclassified","Product","General AV","medium","General fallback classification"
"SP-0108-SCL","4K60Hz 4:4:4 1x8 HDMI Splitter","Splitter / Distribution","Unclassified","Product","General AV","medium","General fallback classification"
"SW-0204-VW","4K 60Hz 4-Output Video Wall","","Video Wall Processor","Video wall processor","Video Wall","high","VW / video wall naming"
"SW-0204-VW","4K 60Hz 4-Output Video Wall","Video Processor","Video Wall Processor","Video wall processor","Video Wall","high","VW / video wall naming"
"SW-0206-VW","4K 60Hz 6-Output Video Wall","","Video Wall Processor","Video wall processor","Video Wall","high","VW / video wall naming"
"SW-0206-VW","4K 60Hz 6-Output Video Wall","Video Processor","Video Wall Processor","Video wall processor","Video Wall","high","VW / video wall naming"
"SW-120-TX3","4K60Hz 4:4:4, 5K30Hz 4:4:4(HDMI) HDBaseT 3.0 Transmitter","","Switcher / processor","Switcher / processor","Switching / processing","high","SW SKU pattern"
"SW-120-TX3","4K60Hz 4:4:4, 5K30Hz 4:4:4(HDMI) HDBaseT 3.0 Transmitter","Presentation / Room Core","Switcher / processor","Switcher / processor","Switching / processing","high","SW SKU pattern"
"SW-120-TX3-UK","4K60Hz 4:4:4, 5K30Hz 4:4:4(HDMI) HDBaseT 3.0 2-Gang In-Wall Transmitter","","Switcher / processor","Switcher / processor","Switching / processing","high","SW SKU pattern"
"SW-120-TX3-UK","4K60Hz 4:4:4, 5K30Hz 4:4:4(HDMI) HDBaseT 3.0 2-Gang In-Wall Transmitter","Presentation / Room Core","Switcher / processor","Switcher / processor","Switching / processing","high","SW SKU pattern"
"SW-130-TX-UK","3-Input 4K60Hz 4:2:0 In-wall HDBaseT TM Switcher","","Switcher / processor","Switcher / processor","Switching / processing","high","SW SKU pattern"
"SW-130-TX-UK","3-Input 4K60Hz 4:2:0 In-wall HDBaseT TM Switcher","Presentation / Room Core","Switcher / processor","Switcher / processor","Switching / processing","high","SW SKU pattern"
"SW-220-TX-W","Synergy TM 2-Input 4K30Hz Switcher","","Switcher / processor","Switcher / processor","Switching / processing","high","SW SKU pattern"
"SW-220-TX-W","Synergy TM 2-Input 4K30Hz Switcher","Presentation / Room Core","Switcher / processor","Switcher / processor","Switching / processing","high","SW SKU pattern"
"SW-510-TX","Synergy TM 4-input 4K60Hz 4:2:0 HDBaseT TM Switcher","","Switcher / processor","Switcher / processor","Switching / processing","high","SW SKU pattern"
"SW-510-TX","Synergy TM 4-input 4K60Hz 4:2:0 HDBaseT TM Switcher","Presentation / Room Core","Switcher / processor","Switcher / processor","Switching / processing","high","SW SKU pattern"
"SW-515-RX","Synergy TM 3-input 4K60Hz 4:2:0 HDBaseT TM Switching Receiver","","Switcher / processor","Switcher / processor","Switching / processing","high","SW SKU pattern"
"SW-515-RX","Synergy TM 3-input 4K60Hz 4:2:0 HDBaseT TM Switching Receiver","Presentation / Room Core","Switcher / processor","Switcher / processor","Switching / processing","high","SW SKU pattern"
"SW-640L-TX-W","Synergy 4-Input 4K60Hz Presentation Switcher","","Switcher / processor","Switcher / processor","Switching / processing","high","SW SKU pattern"
"SW-640L-TX-W","Synergy 4-Input 4K60Hz Presentation Switcher","Unified Comms","Switcher / processor","Switcher / processor","Switching / processing","high","SW SKU pattern"
"SYN-CTL-HUB","Ethernet Protocol Converter for the SYN-TOUCH10","","Unclassified","Product","General AV","medium","General fallback classification"
"SYN-CTL-HUB","Ethernet Protocol Converter for the SYN-TOUCH10","Audio / Control","Unclassified","Product","General AV","medium","General fallback classification"
"SYN-KEY10","Synergy TM 10-button Keypad Controller","","Unclassified","Product","General AV","medium","General fallback classification"
"SYN-KEY10","Synergy TM 10-button Keypad Controller","Audio / Control","Unclassified","Product","General AV","medium","General fallback classification"
"SYN-TOUCH10","Synergy TM 10.1"" All-In-One Touchpad IP Controller","","Unclassified","Product","General AV","medium","General fallback classification"
"SYN-TOUCH10","Synergy TM 10.1"" All-In-One Touchpad IP Controller","Audio / Control","Unclassified","Product","General AV","medium","General fallback classification"
"TS-280-EU","2-Gang 2.8"" Touchscreen Controller for Presentation Switcher Solutions","","Unclassified","Product","General AV","medium","General fallback classification"
"TS-280-EU","2-Gang 2.8"" Touchscreen Controller for Presentation Switcher Solutions","Audio / Control","Unclassified","Product","General AV","medium","General fallback classification"
"TX-35-IW","4K60Hz 4:2:0 HDBaseT TM Single Gang In-Wall Transmitter","","Extender","Signal extender","Extension","high","EX SKU or extender naming"
"TX-35-IW","4K60Hz 4:2:0 HDBaseT TM Single Gang In-Wall Transmitter","Extender / HDBaseT","Extender","Signal extender","Extension","high","EX SKU or extender naming"
"TX-35-IW-KVM","4K60Hz 4:2:0 HDMI & USB Single Gange In-Wall HDBT 2.0 Transmitter","","Extender","Signal extender","Extension","high","EX SKU or extender naming"
"TX-35-IW-KVM","4K60Hz 4:2:0 HDMI & USB Single Gange In-Wall HDBT 2.0 Transmitter","Extender / HDBaseT","Extender","Signal extender","Extension","high","EX SKU or extender naming"
"TX-35-IWC-KVM","4K60Hz 4:2:0 USB C Single Gang In-Wall HDBT 2.0 Transmitter","","Extender","Signal extender","Extension","high","EX SKU or extender naming"
"TX-35-IWC-KVM","4K60Hz 4:2:0 USB C Single Gang In-Wall HDBT 2.0 Transmitter","Extender / HDBaseT","Extender","Signal extender","Extension","high","EX SKU or extender naming"
"TX-SCL-HDBT","4K60Hz 4:2:0 HDBaseT TM Scaling Output Card for MX-1616-SCL","","Unclassified","Product","General AV","medium","General fallback classification"
"TX-SCL-HDBT","4K60Hz 4:2:0 HDBaseT TM Scaling Output Card for MX-1616-SCL","Extender / HDBaseT","Extender","Signal extender","Extension","high","EX SKU or extender naming"
"TX-SCL-HDMI","4K60Hz 4:4:4HDMI Scaling Output Card for MX-1616-SCL","","Unclassified","Product","General AV","medium","General fallback classification"
"TX-SCL-HDMI","4K60Hz 4:4:4HDMI Scaling Output Card for MX-1616-SCL","Extender / HDBaseT","Extender","Signal extender","Extension","high","EX SKU or extender naming"
"USB-HUB4","4-Port 5Gbps Superspeed USB 3.2 Hub","","Unclassified","Product","General AV","medium","General fallback classification"
"USB-HUB4","4-Port 5Gbps Superspeed USB 3.2 Hub","Accessory","Unclassified","Product","General AV","medium","General fallback classification"
"AMP-2120","Advanced 2 or 4 Channel Amplifier","","Amplifier","Audio amplifier","Audio","high","AMP SKU or amplifier naming"
"AMP-2120","Advanced 2 or 4 Channel Amplifier","Audio / Control","Amplifier","Audio amplifier","Audio","high","AMP SKU or amplifier naming"
"AMP-2120-DNT","Advanced 1 or 2 Channel Dante Amplifier with support for Low and High Impedance Speaker Systems - WyreStorm","","Speaker","Loudspeaker","Audio","high","Speaker naming"
"AMP-2120-DNT","Advanced 1 or 2 Channel Dante Amplifier with support for Low and High Impedance Speaker Systems - WyreStorm","Audio / Control","Speaker","Loudspeaker","Audio","high","Speaker naming"
"CAB-HAOC-15-P","24Gbps 4-core Active Optical HDMI Cable | WyreStorm","","Cable","Cable / active optical cable","Cables","high","CAB SKU or cable naming"
"CAB-HAOC-15-P","24Gbps 4-core Active Optical HDMI Cable | WyreStorm","Cable","Cable","Cable / active optical cable","Cables","high","CAB SKU or cable naming"
"CAB-UAOC-15","USB 3.2 Active Optical Extension Cable","","Cable","Cable / active optical cable","Cables","high","CAB SKU or cable naming"
"CAB-UAOC-15","USB 3.2 Active Optical Extension Cable","Cable","Cable","Cable / active optical cable","Cables","high","CAB SKU or cable naming"
"CAM-0402-BRG","4K Multi-Camera Video Bridge with USB & HDMI Inputs & Outputs - WyreStorm","","Camera","Camera / camera bridge","Camera / capture","high","CAM SKU or camera naming"
"CAM-0402-BRG","4K Multi-Camera Video Bridge with USB & HDMI Inputs & Outputs - WyreStorm","Camera / Capture","Camera","Camera / camera bridge","Camera / capture","high","CAM SKU or camera naming"
"CAM-0402-NDI-BRG","4K Multi-Camera Video Bridge with USB, HDMI & NDI Inputs & Outputs - WyreStorm","","Camera","Camera / camera bridge","Camera / capture","high","CAM SKU or camera naming"
"CAM-0402-NDI-BRG","4K Multi-Camera Video Bridge with USB, HDMI & NDI Inputs & Outputs - WyreStorm","Camera / Capture","Camera","Camera / camera bridge","Camera / capture","high","CAM SKU or camera naming"
"CAM-420-PTZ","4K Dual-Lens AI PTZ Camera with AI features - WyreStorm","","Speaker","Loudspeaker","Audio","high","Speaker naming"
"CAM-420-PTZ","4K Dual-Lens AI PTZ Camera with AI features - WyreStorm","Camera / Capture","Speaker","Loudspeaker","Audio","high","Speaker naming"
"EX-100-KVM-8K","100m HDMI 2.1 8K HDBaseT Extender with RS-232 Passthrough, Audio De-embed and USB 2.0 Extension - WyreStorm","","Extender","Signal extender","Extension","high","EX SKU or extender naming"
"EX-100-KVM-8K","100m HDMI 2.1 8K HDBaseT Extender with RS-232 Passthrough, Audio De-embed and USB 2.0 Extension - WyreStorm","Extender / HDBaseT","Extender","Signal extender","Extension","high","EX SKU or extender naming"
"EX-35-8K","35m HDMI 2.1 8K HDBaseT Extender with IR/RS-232 Passthrough, Audio De-embed, and Bi-directional PoH - WyreStorm","","Extender","Signal extender","Extension","high","EX SKU or extender naming"
"EX-35-8K","35m HDMI 2.1 8K HDBaseT Extender with IR/RS-232 Passthrough, Audio De-embed, and Bi-directional PoH - WyreStorm","Extender / HDBaseT","Extender","Signal extender","Extension","high","EX SKU or extender naming"
"EX-60D-KVM","60m Dual HDMI KVM Extender","","Extender","Signal extender","Extension","high","EX SKU or extender naming"
"EX-60D-KVM","60m Dual HDMI KVM Extender","Extender / HDBaseT","Extender","Signal extender","Extension","high","EX SKU or extender naming"
"EX-70-H2C","EX-70-H2C 70m 4K HDMI Extender over Cat6 with ARC","","Extender","Signal extender","Extension","high","EX SKU or extender naming"
"EX-70-H2C","EX-70-H2C 70m 4K HDMI Extender over Cat6 with ARC","Extender / HDBaseT","Extender","Signal extender","Extension","high","EX SKU or extender naming"
"EXF-10KM-5K","5K30Hz 4:4:4 SDVoE Fiber Extender - WyreStorm","","Extender","Signal extender","Extension","high","EX SKU or extender naming"
"EXF-10KM-5K","5K30Hz 4:4:4 SDVoE Fiber Extender - WyreStorm","Extender / HDBaseT","Extender","Signal extender","Extension","high","EX SKU or extender naming"
"EXP-CON-DAC-D","WyreStorm Essentials? Dolby? 5.1 Downmixer| WyreStorm","","Unclassified","Product","General AV","medium","General fallback classification"
"EXP-CON-DAC-D","WyreStorm Essentials? Dolby? 5.1 Downmixer| WyreStorm","Audio / Control","Unclassified","Product","General AV","medium","General fallback classification"
"IDB-200-NA","Flip-Up In-Desk Box with USB-C, HDMI, USB Charging and Mains","","Cable Management","In-desk cable box","Cable management","high","IDB SKU pattern"
"IDB-200-NA","Flip-Up In-Desk Box with USB-C, HDMI, USB Charging and Mains","Accessory","Cable Management","In-desk cable box","Cable management","high","IDB SKU pattern"
"IDB-400-EU-C","Flip-Up In-Desk Box with USB-C, HDMI, USB Charging and RJ-45","","Cable Management","In-desk cable box","Cable management","high","IDB SKU pattern"
"IDB-400-EU-C","Flip-Up In-Desk Box with USB-C, HDMI, USB Charging and RJ-45","Accessory","Cable Management","In-desk cable box","Cable management","high","IDB SKU pattern"
"IDB-400-NA","Flip Up In-Desk Connectivity with Power - WyreStorm","","Cable Management","In-desk cable box","Cable management","high","IDB SKU pattern"
"IDB-400-NA","Flip Up In-Desk Connectivity with Power - WyreStorm","Accessory","Cable Management","In-desk cable box","Cable management","high","IDB SKU pattern"
"IDB-SPINE","Under-Desk Cable Management Spine with Adjustable Height","","Cable Management","In-desk cable box","Cable management","high","IDB SKU pattern"
"IDB-SPINE","Under-Desk Cable Management Spine with Adjustable Height","Accessory","Cable Management","In-desk cable box","Cable management","high","IDB SKU pattern"
"MV-0401-PRO","4-Input 4K60 Multiview Processor for NetworkHD","","Video Wall Processor","Video wall processor","Video Wall","high","VW / video wall naming"
"MV-0401-PRO","4-Input 4K60 Multiview Processor for NetworkHD","Video Processor","Video Wall Processor","Video wall processor","Video Wall","high","VW / video wall naming"
"MXV-0808-H2A-MK2","4K60 8x8 HDMI Matrix","","Matrix","Matrix switcher","Matrix switching","high","MX / MXV / EXP-MX SKU pattern"
"MXV-0808-H2A-MK2","4K60 8x8 HDMI Matrix","Matrix Switcher","Matrix","Matrix switcher","Matrix switching","high","MX / MXV / EXP-MX SKU pattern"
"NHD-110-RX","1080p HD Low Bandwidth AV over IP Decoder - WyreStorm","","Video Wall Processor","Video wall processor","Video Wall","high","VW / video wall naming"
"NHD-110-RX","1080p HD Low Bandwidth AV over IP Decoder - WyreStorm","NetworkHD AVoIP","Video Wall Processor","Video wall processor","Video Wall","high","VW / video wall naming"
"NHD-120-RX-S","NetworkHD 120 Series 4K30 4:2:0 Decoder with Sealoc Protection - WyreStorm","","NetworkHD 100","AV-over-IP endpoint","AV-over-IP","high","NHD-1xx SKU pattern"
"NHD-120-RX-S","NetworkHD 120 Series 4K30 4:2:0 Decoder with Sealoc Protection - WyreStorm","NetworkHD AVoIP","NetworkHD 100","AV-over-IP endpoint","AV-over-IP","high","NHD-1xx SKU pattern"
"NHD-124-RACK-1U","1U 2-Slot Rack Mount for NetworkHD NHD-124-TX","","NetworkHD 100","NetworkHD accessory / control","AV-over-IP","high","NetworkHD accessory/control naming"
"NHD-124-RACK-1U","1U 2-Slot Rack Mount for NetworkHD NHD-124-TX","Accessory","NetworkHD 100","NetworkHD accessory / control","AV-over-IP","high","NetworkHD accessory/control naming"
"NHD-128-NDI-TRX","WyreStorm NHD-128-NDI-TRX 4K30 NDI to AV over IP Gateway","","Camera","Camera / camera bridge","Camera / capture","high","CAM SKU or camera naming"
"NHD-128-NDI-TRX","WyreStorm NHD-128-NDI-TRX 4K30 NDI to AV over IP Gateway","Camera / Capture","Camera","Camera / camera bridge","Camera / capture","high","CAM SKU or camera naming"
"NHD-600-E-RX","4K60 4:4:4 SDVoE Decoder with Zero-Latency Video and PoE+ Power","","NetworkHD 600","10G AV-over-IP endpoint","AV-over-IP","high","NHD-6xx SKU pattern"
"NHD-600-E-RX","4K60 4:4:4 SDVoE Decoder with Zero-Latency Video and PoE+ Power","NetworkHD AVoIP","NetworkHD 600","10G AV-over-IP endpoint","AV-over-IP","high","NHD-6xx SKU pattern"
"NHD-600-E-TX","4K60 4:4:4 SDVoE Encoder with Zero-Latency Video and PoE+ Power","","NetworkHD 600","10G AV-over-IP endpoint","AV-over-IP","high","NHD-6xx SKU pattern"
"NHD-600-E-TX","4K60 4:4:4 SDVoE Encoder with Zero-Latency Video and PoE+ Power","NetworkHD AVoIP","NetworkHD 600","10G AV-over-IP endpoint","AV-over-IP","high","NHD-6xx SKU pattern"
"SP-0102-H2","4K60 1:2 HDMI Splitter - WyreStorm","","Unclassified","Product","General AV","medium","General fallback classification"
"SP-0102-H2","4K60 1:2 HDMI Splitter - WyreStorm","Splitter / Distribution","Unclassified","Product","General AV","medium","General fallback classification"
"SW-120-TX3-US","Synergy 2-Input 4K60Hz HDBaseT 3.0 In-Wall Transmitter - WyreStorm","","Switcher / processor","Switcher / processor","Switching / processing","high","SW SKU pattern"
"SW-120-TX3-US","Synergy 2-Input 4K60Hz HDBaseT 3.0 In-Wall Transmitter - WyreStorm","Presentation / Room Core","Switcher / processor","Switcher / processor","Switching / processing","high","SW SKU pattern"
"SW-130-TX-US","3-Input In-wall HDBaseT Transmitter (2-gang US) - WyreStorm","","Switcher / processor","Switcher / processor","Switching / processing","high","SW SKU pattern"
"SW-130-TX-US","3-Input In-wall HDBaseT Transmitter (2-gang US) - WyreStorm","Presentation / Room Core","Switcher / processor","Switcher / processor","Switching / processing","high","SW SKU pattern"
"SW-620-TX-W","Wireless Conferencing Solutions for Seamless Communication","","Switcher / processor","Switcher / processor","Switching / processing","high","SW SKU pattern"
"SW-620-TX-W","Wireless Conferencing Solutions for Seamless Communication","Unified Comms","Switcher / processor","Switcher / processor","Switching / processing","high","SW SKU pattern"
"SWX-100-HDBT3","SW-120-TX3 Transmitter and RX3-100 Receiver Kit - WyreStorm","","Extender","Signal extender","Extension","high","EX SKU or extender naming"
"SWX-100-HDBT3","SW-120-TX3 Transmitter and RX3-100 Receiver Kit - WyreStorm","Extender / HDBaseT","Extender","Signal extender","Extension","high","EX SKU or extender naming"
"SWX-100-IW-UX","100m 4K60 HDBaseT 3.0 In-Wall KVM Extender with USB-C and HDMI","","Extender","Signal extender","Extension","high","EX SKU or extender naming"
"SWX-100-IW-UX","100m 4K60 HDBaseT 3.0 In-Wall KVM Extender with USB-C and HDMI","Extender / HDBaseT","Extender","Signal extender","Extension","high","EX SKU or extender naming"
"SYN-KIT-130-EU","In-Wall Presentation Kit with Control (EU) - WyreStorm","","Unclassified","Product","General AV","medium","General fallback classification"
"SYN-KIT-130-EU","In-Wall Presentation Kit with Control (EU) - WyreStorm","Presentation / Room Core","Unclassified","Product","General AV","medium","General fallback classification"
"SYN-KIT-130-US","In-Wall Presentation Kit with Control - WyreStorm","","Unclassified","Product","General AV","medium","General fallback classification"
"SYN-KIT-130-US","In-Wall Presentation Kit with Control - WyreStorm","Presentation / Room Core","Unclassified","Product","General AV","medium","General fallback classification"
"SYN-KIT-510-EU","Advanced Presentation Kit with Control (EU) - WyreStorm","","Unclassified","Product","General AV","medium","General fallback classification"
"SYN-KIT-510-EU","Advanced Presentation Kit with Control (EU) - WyreStorm","Presentation / Room Core","Unclassified","Product","General AV","medium","General fallback classification"
"SYN-KIT-510-US","Advanced Presentation Kit with Control - WyreStorm","","Unclassified","Product","General AV","medium","General fallback classification"
"SYN-KIT-510-US","Advanced Presentation Kit with Control - WyreStorm","Presentation / Room Core","Unclassified","Product","General AV","medium","General fallback classification"
"TS-280-US","2.8"" Serial Control Color Touchscreen - WyreStorm","","Unclassified","Product","General AV","medium","General fallback classification"
"TS-280-US","2.8"" Serial Control Color Touchscreen - WyreStorm","Audio / Control","Unclassified","Product","General AV","medium","General fallback classification"