sku,activeSku,name,title,family,role,technologyType,hardwareType,productRole,catalogVisibility,roleCorrectionSource,description,features,featureTags,tags,capabilities,searchTerms,manualReviewNotes
AMP-2120-DNT,Yes,Advanced 1 or 2 Channel Dante Amplifier with support for Low and High Impedance Speaker Systems - WyreStorm,Advanced 1 or 2 Channel Dante Amplifier with support for Low and High Impedance Speaker Systems - WyreStorm,Audio / Control,Primary hardware,Audio / Control,Audio / Control,primary-hardware,default,product-manager-profile:wyrestorm-product-manager-v1,"The AMP-2120-DNT is a compact, professional-grade amplifier designed for maximum flexibility in modern AV environments. Supporting both 70V/100V high-impedance or 4/8Ω low-impedance speaker loads, it delivers up to 240W of power in mono or 2x120W in stereo. Built-in DSP provides advanced audio processing—including gain, EQ, filters, dynamics, delay, and mixing—ensuring crystal-clear speech and optimized playback for any application. With flexible analog inputs, Dante connectivity, and intuitive control options via...",Dante; Audio / Control; Audio; Amplification; Dante DSP amplifier; Network amplifier; Low/high impedance amplifier; Amplifier output; Analog audio; DSP audio processing; Ethernet / LAN; NDI; IP / web control; IR control; PoE / PoH / PoC,Dante; Audio / Control; amplifier; dsp; Amplifier output; Analog audio; DSP audio processing; Ethernet / LAN; NDI; IP / web control; IR control; PoE / PoH / PoC,"Dante; Audio / Control; Audio; Amplification; Dante DSP amplifier; Network amplifier; Low/high impedance amplifier; amplifier; dsp; Amplifier output; Analog audio; DSP audio processing; Ethernet / LAN; NDI; IP / web control; IR control; PoE / PoH / PoC; Control room; Audio reinforcement; Room audio, distributed audio and speech reinforcement",Dante; Audio / Control; Amplifier output; Analog audio; DSP audio processing; Ethernet / LAN; NDI; IP / web control; IR control; PoE / PoH / PoC; Dante/AES67,"AMP-2120-DNT; Advanced 1 or 2 Channel Dante Amplifier with support for Low and High Impedance Speaker Systems - WyreStorm; Product; Primary hardware; Dante; Audio / Control; Audio; Amplification; Dante DSP amplifier; Network amplifier; Low/high impedance amplifier; Audio DSP and speaker amplification; amplifier; dsp; Amplifier output; Analog audio; DSP audio processing; Ethernet / LAN; NDI; IP / web control; IR control; PoE / PoH / PoC; Control room; Audio reinforcement; Room audio, distributed audio and speech reinforcement",
AMP-260-DNT,Yes,Advanced 2 or 4 Channel Dante Amplifier - WyreStorm,Advanced 2 or 4 Channel Dante Amplifier - WyreStorm,Audio / Control,Primary hardware,Audio / Control,Audio / Control,primary-hardware,default,product-manager-profile:wyrestorm-product-manager-v1,"The AMP-260-DNT is a cutting-edge two or four channel network amplifier designed to cater to the advanced audiovisual needs of professional environments such as medium to large meeting rooms and university lecture halls. This robust amplifier integrates both local line-level and Dante audio inputs, ensuring flexible connectivity and superior audio distribution tailored to the acoustics of the space. With its dual power supply capability, sophisticated DSP for custom audio shaping, and intelligent IO detection for s...",Dante; Audio / Control; Audio; Amplification; Dante DSP amplifier; Network amplifier; Amplifier output; Analog audio; DSP audio processing; Ethernet / LAN; NDI; IP / web control; IR control; PoE / PoH / PoC,Dante; Audio / Control; amplifier; dsp; Amplifier output; Analog audio; DSP audio processing; Ethernet / LAN; NDI; IP / web control; IR control; PoE / PoH / PoC,"Dante; Audio / Control; Audio; Amplification; Dante DSP amplifier; Network amplifier; amplifier; dsp; Amplifier output; Analog audio; DSP audio processing; Ethernet / LAN; NDI; IP / web control; IR control; PoE / PoH / PoC; Meeting room; Classroom / lecture; Control room; Audio reinforcement; Room audio, distributed audio and speech reinforcement",Dante; Audio / Control; Amplifier output; Analog audio; DSP audio processing; Ethernet / LAN; NDI; IP / web control; IR control; PoE / PoH / PoC; Dante/AES67,"AMP-260-DNT; Advanced 2 or 4 Channel Dante Amplifier - WyreStorm; Accessory; Accessory / request-only; Dante; Audio / Control; Primary hardware; Audio; Amplification; Dante DSP amplifier; Network amplifier; Audio DSP and speaker amplification; amplifier; dsp; Amplifier output; Analog audio; DSP audio processing; Ethernet / LAN; NDI; IP / web control; IR control; PoE / PoH / PoC; Meeting room; Classroom / lecture; Control room; Audio reinforcement; Room audio, distributed audio and speech reinforcement",
APO-100-UC,EOL,Apollo Series Conference Speakerphone - WyreStorm,Apollo Series Conference Speakerphone - WyreStorm,Unified Comms,Primary hardware,Unified Comms,Unified Comms,primary-hardware,default,product-manager-profile:wyrestorm-product-manager-v1,"The APO-100-UC is the entry level solution in the Apollo series of unified communication products. The APO-100 is designed for small meeting rooms and huddle spaces. Simply connect the included USB cable to any laptop and instantly have access to a premium conference speakerphone, no drivers or software required. The APO-100 also allows video passthrough via USB. The supplied USB-C cable can be used natively with USB-C equipped devices, or with a standard USB-A 3.0 port using Display Link technology. Use the capaci...",USB-C; USB; Unified Comms; Unified Communications; UC audio / room core; Speakerphone switcher; UC room device; Speakerphone / presentation switcher; HDMI; HDMI 2.1 / 8K; USB-C video input; DSP audio processing; Microphone; USB 3.x; USB routing / switching; USB-C power delivery; NDI; IR control; Camera; Speakerphone,USB-C; USB; Unified Comms; speakerphone; HDMI; HDMI 2.1 / 8K; USB-C video input; DSP audio processing; Microphone; USB 3.x; USB routing / switching; USB-C power delivery; NDI; IR control; Camera,"USB-C; USB; Unified Comms; Unified Communications; UC audio / room core; Speakerphone switcher; UC room device; Speakerphone / presentation switcher; speakerphone; HDMI; HDMI 2.1 / 8K; USB-C video input; DSP audio processing; Microphone; USB 3.x; USB routing / switching; USB-C power delivery; NDI; IR control; Camera; Meeting room; BYOD presentation; BYOM / UC; Audio reinforcement; Meeting room, BYOD/BYOM and conferencing workflows; EOL",USB-C; USB; Unified Comms; HDMI; HDMI 2.1 / 8K; USB-C video input; DSP audio processing; Microphone; USB 3.x; USB routing / switching; USB-C power delivery; NDI; IR control; Camera; Speakerphone; Audio,"APO-100-UC; Apollo Series Conference Speakerphone - WyreStorm; Software / Service; Software or service / request-only; USB-C; USB; Unified Comms; Primary hardware; Unified Communications; UC audio / room core; Speakerphone switcher; UC room device; Speakerphone / presentation switcher; UC room endpoint; speakerphone; HDMI; HDMI 2.1 / 8K; USB-C video input; DSP audio processing; Microphone; USB 3.x; USB routing / switching; USB-C power delivery; NDI; IR control; Camera; Meeting room; BYOD presentation; BYOM / UC; Audio reinforcement; Meeting room, BYOD/BYOM and conferencing workflows; EOL",Lifecycle confirmed EOL.
APO-200-UC,EOL,Apollo Series Conference Speakerphone & Switcher - WyreStorm,Apollo Series Conference Speakerphone & Switcher - WyreStorm,Unified Comms,Primary hardware,Unified Comms,Unified Comms,primary-hardware,default,product-manager-profile:wyrestorm-product-manager-v1,"The APO-200-UC is the premium solution in the Apollo series of unified communication products. The APO-200 is a conference speakerphone and presentation switcher wrapped into one package. With a broad range of connectivity options, transmit video via local USB-C or HDMI, wirelessly with Miracast or AirPlay. Multiview capability allows up to two devices to share content simultaneously, promoting improved collaboration. An integrated USB 3.0 device port allows easy connection of peripheral equipment such as PTZ camer...",USB-C; USB; HDMI; Wireless Casting; Multiview; Unified Comms; Unified Communications; UC audio / room core; Speakerphone switcher; UC room device; Speakerphone / presentation switcher; HDMI 2.1 / 8K; USB-C video input; DSP audio processing; Microphone; USB 3.x; USB routing / switching; USB-C power delivery; Ethernet / LAN; NDI; CEC control; IP / web control; IR control; EDID management; HDCP support; Camera; Speakerphone; Wireless presentation,USB-C; USB; HDMI; Wireless Casting; Multiview; Unified Comms; speakerphone; switcher; HDMI 2.1 / 8K; USB-C video input; DSP audio processing; Microphone; USB 3.x; USB routing / switching; USB-C power delivery; Ethernet / LAN; NDI; CEC control; IP / web control; IR control; EDID management; HDCP support; Camera; Wireless presentation,"USB-C; USB; HDMI; Wireless Casting; Multiview; Unified Comms; Unified Communications; UC audio / room core; Speakerphone switcher; UC room device; Speakerphone / presentation switcher; speakerphone; switcher; HDMI 2.1 / 8K; USB-C video input; DSP audio processing; Microphone; USB 3.x; USB routing / switching; USB-C power delivery; Ethernet / LAN; NDI; CEC control; IP / web control; IR control; EDID management; HDCP support; Camera; Wireless presentation; BYOD presentation; BYOM / UC; Audio reinforcement; Meeting room, BYOD/BYOM and conferencing workflows; EOL",USB-C; USB; HDMI; Wireless Casting; Multiview; Unified Comms; HDMI 2.1 / 8K; USB-C video input; DSP audio processing; Microphone; USB 3.x; USB routing / switching; USB-C power delivery; Ethernet / LAN; NDI; CEC control; IP / web control; IR control; EDID management; HDCP support; Camera; Speakerphone; Wireless presentation; Audio; Wireless,"APO-200-UC; Apollo Series Conference Speakerphone & Switcher - WyreStorm; Product; Primary hardware; USB-C; USB; HDMI; Wireless Casting; Multiview; Unified Comms; Unified Communications; UC audio / room core; Speakerphone switcher; UC room device; Speakerphone / presentation switcher; UC room endpoint; speakerphone; switcher; HDMI 2.1 / 8K; USB-C video input; DSP audio processing; Microphone; USB 3.x; USB routing / switching; USB-C power delivery; Ethernet / LAN; NDI; CEC control; IP / web control; IR control; EDID management; HDCP support; Camera; Wireless presentation; BYOD presentation; BYOM / UC; Audio reinforcement; Meeting room, BYOD/BYOM and conferencing workflows; EOL",Lifecycle confirmed EOL.
APO-COM-MIC,Yes,Add-On Microphone for Apollo Video Bar - WyreStorm,Add-On Microphone for Apollo Video Bar - WyreStorm,Unified Comms,Accessory / request-only,Unified Comms,Unified Comms,accessory,request-only,product-manager-profile:wyrestorm-product-manager-v1,Add-On microphone for use with the Apollo VX20 video bar. Connect this mic to expand the pickup range in your meeting spaces. Connects to the VX20 via an included USB cable. The APO-COM-MIC can be cascaded up to 3 times. For longer extension requirements the APO-MIC-EXT ethernet extender can be used.,USB; Audio / Control; Unified Comms; Unified Communications; Microphone system; UC microphone accessory; Microphone endpoint; Conference microphone / microphone hub; USB-C video input; DSP audio processing; Microphone; USB-C; Ethernet / LAN; IR control; Video bar,USB; Audio / Control; Unified Comms; microphone; video-bar; USB-C video input; DSP audio processing; USB-C; Ethernet / LAN; IR control; Video bar,"USB; Audio / Control; Unified Comms; Unified Communications; Microphone system; UC microphone accessory; Microphone endpoint; Conference microphone / microphone hub; microphone; video-bar; USB-C video input; DSP audio processing; USB-C; Ethernet / LAN; IR control; Video bar; Audio reinforcement; Meeting room, BYOD/BYOM and conferencing workflows",USB; Audio / Control; USB-C video input; DSP audio processing; Microphone; USB-C; Ethernet / LAN; IR control; Video bar; Audio,"APO-COM-MIC; Add-On Microphone for Apollo Video Bar - WyreStorm; Cable; Cable / request-only; USB; Audio / Control; Accessory / request-only; Unified Communications; Microphone system; UC microphone accessory; Microphone endpoint; Conference microphone / microphone hub; UC audio capture component; microphone; video-bar; USB-C video input; DSP audio processing; USB-C; Ethernet / LAN; IR control; Video bar; Audio reinforcement; Meeting room, BYOD/BYOM and conferencing workflows",
APO-DG-DOCK,Yes,Docking Cradle for APO-DG2 Wireless Casting Dongle and APO-DG-HDMI Adapter - WyreStorm,Docking Cradle for APO-DG2 Wireless Casting Dongle and APO-DG-HDMI Adapter - WyreStorm,Unified Comms,Workflow endpoint / conditional-default,Unified Comms,Unified Comms,workflow-endpoint,conditional-default,product-manager-profile:wyrestorm-product-manager-v1,"The Docking Cradle securely stores the APO-DG2 wireless casting dongle and APO-DG-HDMI adapter together, preventing loss or misplacement. Featuring durable, sturdy construction with a sleek, professional finish, it organizes essential components while complementing and enhancing any modern workspace.",HDMI; Wireless Casting; Accessory; Unified Comms; Unified Communications; Wireless collaboration accessory; Apollo wireless dongle; Wireless casting endpoint; IR control; Wireless presentation,HDMI; Wireless Casting; Accessory; Unified Comms; wireless-dongle; IR control; Wireless presentation,"HDMI; Wireless Casting; Accessory; Unified Comms; Unified Communications; Wireless collaboration accessory; Apollo wireless dongle; Wireless casting endpoint; wireless-dongle; IR control; Wireless presentation; Meeting room, BYOD/BYOM and conferencing workflows",HDMI; Wireless Casting; Accessory; IR control; Wireless presentation; Wireless,"APO-DG-DOCK; Docking Cradle for APO-DG2 Wireless Casting Dongle and APO-DG-HDMI Adapter - WyreStorm; Accessory; Accessory / request-only; HDMI; Wireless Casting; Unified Communications; Wireless collaboration accessory; Apollo wireless dongle; Wireless casting endpoint; Optional collaboration endpoint; wireless-dongle; IR control; Wireless presentation; Meeting room, BYOD/BYOM and conferencing workflows",
APO-DG-HDMI,Yes,HDMI+USB A to USB-C Adapter for the APO-DG1 & DG2 - WyreStorm,HDMI+USB A to USB-C Adapter for the APO-DG1 & DG2 - WyreStorm,Unified Comms,Workflow endpoint / conditional-default,Unified Comms,Unified Comms,workflow-endpoint,conditional-default,product-manager-profile:wyrestorm-product-manager-v1,"The APO-DG-HDMI expands your connectivity options by enabling the HDMI output of your laptop to work seamlessly with our USB-C Casting Dongles (APO-DG1 and APO-DG2). This enhancement allows for greater device compatibility across both the Synergy and Apollo product lines. Supporting DisplayPort Alt Mode 1.2 and featuring a USB-A port, the APO-DG-HDMI facilitates the transmission of up to 4K resolution at 60Hz, as well as USB 2.0 data, to compatible devices.",USB-C; USB; HDMI; Seamless Switching; Wireless Casting; Dongle; Unified Comms; Unified Communications; Wireless collaboration accessory; Apollo wireless dongle; Wireless casting endpoint; DisplayPort; USB-C video input; USB 2.0; IR control,USB-C; USB; HDMI; Seamless Switching; Wireless Casting; Dongle; Unified Comms; wireless-dongle; DisplayPort; USB-C video input; USB 2.0; IR control,"USB-C; USB; HDMI; Seamless Switching; Wireless Casting; Dongle; Unified Comms; Unified Communications; Wireless collaboration accessory; Apollo wireless dongle; Wireless casting endpoint; wireless-dongle; DisplayPort; USB-C video input; USB 2.0; IR control; BYOD presentation; Meeting room, BYOD/BYOM and conferencing workflows",USB-C; USB; HDMI; Seamless Switching; Wireless Casting; Dongle; DisplayPort; USB-C video input; USB 2.0; IR control; Wireless,"APO-DG-HDMI; HDMI+USB A to USB-C Adapter for the APO-DG1 & DG2 - WyreStorm; Product; Primary hardware; USB-C; USB; HDMI; Seamless Switching; Wireless Casting; Wireless / Dongle; Workflow endpoint / conditional-default; Dongle; Unified Communications; Wireless collaboration accessory; Apollo wireless dongle; Wireless casting endpoint; Optional collaboration endpoint; wireless-dongle; DisplayPort; USB-C video input; USB 2.0; IR control; BYOD presentation; Meeting room, BYOD/BYOM and conferencing workflows",
APO-DG2,Yes,Apollo USB-C Wireless Casting Dongle - WyreStorm,Apollo USB-C Wireless Casting Dongle - WyreStorm,Unified Comms,Workflow endpoint / conditional-default,Unified Comms,Unified Comms,workflow-endpoint,conditional-default,product-manager-profile:wyrestorm-product-manager-v1,"The APO-DG2 is a USB-C 4K30 casting dongle compatible with a number of WyreStorm solutions including the SW-640L-TX-W presentation switcher. The DG2 uses a single USB-C connection to power the dongle and transmit video. Tap the casting button to start sharing content, press it again to stop sharing. Getting connected couldn’t be easier!",USB-C; USB; Wireless Casting; Dongle; Unified Comms; Unified Communications; Wireless collaboration accessory; Apollo wireless dongle; Wireless casting endpoint; USB-C video input; IR control; Wireless presentation,USB-C; USB; Wireless Casting; Dongle; Unified Comms; wireless-dongle; switcher; USB-C video input; IR control; Wireless presentation,"USB-C; USB; Wireless Casting; Dongle; Unified Comms; Unified Communications; Wireless collaboration accessory; Apollo wireless dongle; Wireless casting endpoint; wireless-dongle; switcher; USB-C video input; IR control; Wireless presentation; BYOD presentation; Meeting room, BYOD/BYOM and conferencing workflows",USB-C; USB; Wireless Casting; Dongle; USB-C video input; IR control; Wireless presentation; Wireless,"APO-DG2; Apollo USB-C Wireless Casting Dongle - WyreStorm; Product; Primary hardware; USB-C; USB; Wireless Casting; Wireless / Dongle; Workflow endpoint / conditional-default; Dongle; Unified Communications; Wireless collaboration accessory; Apollo wireless dongle; Wireless casting endpoint; Optional collaboration endpoint; wireless-dongle; switcher; USB-C video input; IR control; Wireless presentation; BYOD presentation; Meeting room, BYOD/BYOM and conferencing workflows",
APO-DG2-PRO,Yes,Apollo USB-C Wireless Casting Dongle - WyreStorm,Apollo USB-C Wireless Casting Dongle - WyreStorm,Unified Comms,Workflow endpoint / conditional-default,Unified Comms,Unified Comms,workflow-endpoint,conditional-default,product-manager-profile:wyrestorm-product-manager-v1,"The APO-DG2-PRO is a USB-C 4K30 casting dongle compatible with a number of WyreStorm solutions including the SW-640L-TX-W presentation switcher. Simply turn any USB-C computer into a wireless casting device. The DG2-PRO uses a single USB-C connection to power the dongle and transmit video. Tap the casting button to start sharing content, press it again to stop sharing. Getting connected couldn’t be easier! In addition, the APO-DG2-PRO supports wireless conferencing, allowing USB data such as camera HID and micropho...",USB-C; USB; Wireless Casting; Dongle; Unified Comms; Unified Communications; Wireless collaboration accessory; Apollo wireless dongle; Wireless casting endpoint; USB-C video input; KVM / USB extension; IR control; Camera; Wireless conferencing; Wireless presentation,USB-C; USB; Wireless Casting; Dongle; Unified Comms; wireless-dongle; camera; switcher; USB-C video input; KVM / USB extension; IR control; Wireless conferencing; Wireless presentation,"USB-C; USB; Wireless Casting; Dongle; Unified Comms; Unified Communications; Wireless collaboration accessory; Apollo wireless dongle; Wireless casting endpoint; wireless-dongle; camera; switcher; USB-C video input; KVM / USB extension; IR control; Wireless conferencing; Wireless presentation; BYOD presentation; BYOM / UC; Meeting room, BYOD/BYOM and conferencing workflows",USB-C; USB; Wireless Casting; Dongle; USB-C video input; KVM / USB extension; IR control; Camera; Wireless conferencing; Wireless presentation; Wireless,"APO-DG2-PRO; Apollo USB-C Wireless Casting Dongle - WyreStorm; Product; Primary hardware; USB-C; USB; Wireless Casting; Wireless / Dongle; Workflow endpoint / conditional-default; Dongle; Unified Communications; Wireless collaboration accessory; Apollo wireless dongle; Wireless casting endpoint; Optional collaboration endpoint; wireless-dongle; camera; switcher; USB-C video input; KVM / USB extension; IR control; Wireless conferencing; Wireless presentation; BYOD presentation; BYOM / UC; Meeting room, BYOD/BYOM and conferencing workflows",
APO-MIC-EXT,Yes,USB Extender for Apollo Add-On Mic - WyreStorm,USB Extender for Apollo Add-On Mic - WyreStorm,Unified Comms,Accessory / request-only,Unified Comms,Unified Comms,accessory,request-only,product-manager-profile:wyrestorm-product-manager-v1,A simple USB to Ethernet extender for use with the APO-COM-MIC/APO-SKY-MIC add-on microphone. Connects to the APO-VX20-UC Mini USB port and allows point-to-point extension up to 60m over Cat6 cable to the APO-COM-MIC. Connect to the APO-VX20-UC v2 Mini USB port can extend 26m over Cat6 cable in total with up to 5 APO-SKY-MIC,USB; Audio / Control; Unified Comms; Unified Communications; Microphone system; UC microphone accessory; Microphone endpoint; Conference microphone / microphone hub; Microphone; Ethernet / LAN,USB; Audio / Control; Unified Comms; microphone; Ethernet / LAN,"USB; Audio / Control; Unified Comms; Unified Communications; Microphone system; UC microphone accessory; Microphone endpoint; Conference microphone / microphone hub; microphone; Ethernet / LAN; Audio reinforcement; Meeting room, BYOD/BYOM and conferencing workflows",USB; Audio / Control; Microphone; Ethernet / LAN; Audio,"APO-MIC-EXT; USB Extender for Apollo Add-On Mic - WyreStorm; Cable; Cable / request-only; USB; Audio / Control; Accessory / request-only; Unified Communications; Microphone system; UC microphone accessory; Microphone endpoint; Conference microphone / microphone hub; UC audio capture component; microphone; Ethernet / LAN; Audio reinforcement; Meeting room, BYOD/BYOM and conferencing workflows",
APO-SKY-MIC,Yes,Companion Add-on Ceiling Mic for Apollo Video Bar and Microphone Hub - WyreStorm,Companion Add-on Ceiling Mic for Apollo Video Bar and Microphone Hub - WyreStorm,Unified Comms,Accessory / request-only,Unified Comms,Unified Comms,accessory,request-only,product-manager-profile:wyrestorm-product-manager-v1,"Designed for seamless integration in conference rooms and lecture halls, these microphones offer a clutter-free solution. Expertly crafted to mount on the ceiling, they ensure your tables remain unencumbered by wires and mics, providing a clean, professional environment for effective communication. Pair with the APO-MIC-EXT to cascade up to 5 times!",Seamless Switching; Audio / Control; Unified Comms; Unified Communications; Microphone system; UC microphone accessory; Microphone endpoint; Conference microphone / microphone hub; USB-C video input; DSP audio processing; Microphone; USB-C; Ethernet / LAN; NDI; IR control; Video bar,Seamless Switching; Audio / Control; Unified Comms; microphone; video-bar; USB-C video input; DSP audio processing; USB-C; Ethernet / LAN; NDI; IR control; Video bar,"Seamless Switching; Audio / Control; Unified Comms; Unified Communications; Microphone system; UC microphone accessory; Microphone endpoint; Conference microphone / microphone hub; microphone; video-bar; USB-C video input; DSP audio processing; USB-C; Ethernet / LAN; NDI; IR control; Video bar; Meeting room; Classroom / lecture; BYOD presentation; BYOM / UC; Audio reinforcement; Meeting room, BYOD/BYOM and conferencing workflows",Seamless Switching; Audio / Control; USB-C video input; DSP audio processing; Microphone; USB-C; Ethernet / LAN; NDI; IR control; Video bar; USB; Audio,"APO-SKY-MIC; Companion Add-on Ceiling Mic for Apollo Video Bar and Microphone Hub - WyreStorm; Accessory; Accessory / request-only; Seamless Switching; Audio / Control; Unified Communications; Microphone system; UC microphone accessory; Microphone endpoint; Conference microphone / microphone hub; UC audio capture component; microphone; video-bar; USB-C video input; DSP audio processing; USB-C; Ethernet / LAN; NDI; IR control; Video bar; Meeting room; Classroom / lecture; BYOD presentation; BYOM / UC; Audio reinforcement; Meeting room, BYOD/BYOM and conferencing workflows",
APO-VX20-MNT,Yes,Display Mount for Apollo VX20 Video Bars - WyreStorm,Display Mount for Apollo VX20 Video Bars - WyreStorm,Accessory,Accessory / request-only,Accessory,Accessory,accessory,request-only,product-manager-profile:wyrestorm-product-manager-v1,Display Mount for use with the Apollo VX20 video bar. Use the mount with your existing display bracket to mount the video bar above or below the display.,Accessory; Accessory / Other; Mounting accessory; Product-specific mounting kit; Mount / bracket; Video bar,Accessory; mounting-accessory; Video bar,Accessory; Accessory / Other; Mounting accessory; Product-specific mounting kit; Mount / bracket; mounting-accessory; Video bar; Mounting or installation support for parent product,Accessory; Video bar,APO-VX20-MNT; Display Mount for Apollo VX20 Video Bars - WyreStorm; Accessory; Accessory / request-only; Accessory / Other; Mounting accessory; Product-specific mounting kit; Mount / bracket; Mechanical support accessory; mounting-accessory; Video bar; Mounting or installation support for parent product,
APO-VX20-UC-V2,Yes,Video Bar for Conference Rooms: Advanced Meeting Solution,Video Bar for Conference Rooms: Advanced Meeting Solution,Unified Comms,Primary hardware,Unified Comms,Unified Comms,primary-hardware,default,product-manager-profile:wyrestorm-product-manager-v1,"Video Bar with camera, microphone, and speakers for seamless meetings. Upgrade your video conferencing experience with an all-in-one solution.",Seamless Switching; Unified Comms; Unified Communications; Camera / capture; UC microphone accessory; Camera endpoint; Conference microphone / microphone hub; HDMI; HDR; USB-C video input; Microphone; KVM / USB extension; USB 3.x; USB-C; USB-C power delivery; Ethernet / LAN; NDI; IP / web control; IR control; HDCP support; Tabletop / room installation; Camera; Speakerphone; Video bar,Seamless Switching; Unified Comms; microphone; camera; video-bar; HDMI; HDR; USB-C video input; KVM / USB extension; USB 3.x; USB-C; USB-C power delivery; Ethernet / LAN; NDI; IP / web control; IR control; HDCP support; Tabletop / room installation; Speakerphone; Video bar,"Seamless Switching; Unified Comms; Unified Communications; Camera / capture; UC microphone accessory; Camera endpoint; Conference microphone / microphone hub; microphone; camera; video-bar; HDMI; HDR; USB-C video input; KVM / USB extension; USB 3.x; USB-C; USB-C power delivery; Ethernet / LAN; NDI; IP / web control; IR control; HDCP support; Tabletop / room installation; Speakerphone; Video bar; Meeting room; BYOD presentation; BYOM / UC; Audio reinforcement; Meeting room, BYOD/BYOM and conferencing workflows",Seamless Switching; Unified Comms; HDMI; HDR; USB-C video input; Microphone; KVM / USB extension; USB 3.x; USB-C; USB-C power delivery; Ethernet / LAN; NDI; IP / web control; IR control; HDCP support; Tabletop / room installation; Camera; Speakerphone; Video bar; USB; Audio,"APO-VX20-UC-V2; Video Bar for Conference Rooms: Advanced Meeting Solution; Product; Primary hardware; Seamless Switching; Unified Comms; Unified Communications; Camera / capture; UC microphone accessory; Camera endpoint; Conference microphone / microphone hub; UC audio capture component; microphone; camera; video-bar; HDMI; HDR; USB-C video input; KVM / USB extension; USB 3.x; USB-C; USB-C power delivery; Ethernet / LAN; NDI; IP / web control; IR control; HDCP support; Tabletop / room installation; Speakerphone; Video bar; Meeting room; BYOD presentation; BYOM / UC; Audio reinforcement; Meeting room, BYOD/BYOM and conferencing workflows",
CAB-DAOC-10-C,Yes,"32Gbps 8K 60Hz DisplayPort 1.4 Active Optical Cable with DP++ Support (10m/32ft) CPR, CL3 Approvals - WyreStorm","32Gbps 8K 60Hz DisplayPort 1.4 Active Optical Cable with DP++ Support (10m/32ft) CPR, CL3 Approvals - WyreStorm",Cable,Cable / request-only,Cable,Cable,cable,request-only,product-manager-profile:wyrestorm-product-manager-v1,"DISCONTINUED Bringing the wealth of knowledge that WyreStorm has accumulated in hybrid HDMI cables, the DAOC brings the same powerful benefits to DisplayPort system topology. Connecting to PC graphics cards or high performance media playback systems, the DAOC is ready for content up to 8K/60 at 8-bit 4:4:4 plus support for HDR-10. The WyreStorm DAOC can extend super high-bandwidth video with up to 32 channels of PCM audio up to 10m/33ft using the very latest in active optical transmission technology.",HDMI; Cable; Cable / Connectivity; DisplayPort cable; Active optical cable; CPR / CL3 rated; DisplayPort; HDMI 2.1 / 8K; HDR; SFP / fibre; Plenum / rated cable,HDMI; Cable; active-optical; DisplayPort; HDMI 2.1 / 8K; HDR; SFP / fibre; Plenum / rated cable,HDMI; Cable; Cable / Connectivity; DisplayPort cable; Active optical cable; CPR / CL3 rated; active-optical; DisplayPort; HDMI 2.1 / 8K; HDR; SFP / fibre; Plenum / rated cable; Installed cabling; Interconnect and installed cabling,HDMI; Cable; DisplayPort; HDMI 2.1 / 8K; HDR; SFP / fibre; Plenum / rated cable,"CAB-DAOC-10-C; 32Gbps 8K 60Hz DisplayPort 1.4 Active Optical Cable with DP++ Support (10m/32ft) CPR, CL3 Approvals - WyreStorm; Cable; Cable / request-only; HDMI; Cable / Connectivity; DisplayPort cable; Active optical cable; CPR / CL3 rated; Physical connectivity; active-optical; DisplayPort; HDMI 2.1 / 8K; HDR; SFP / fibre; Plenum / rated cable; Installed cabling; Interconnect and installed cabling",
CAB-DAOC-10-P,Yes,"32Gbps 8K 60Hz DisplayPort 1.4 Active Optical Cable with DP++ Support (10m/32ft) Plenum, FT6 Approvals - WyreStorm","32Gbps 8K 60Hz DisplayPort 1.4 Active Optical Cable with DP++ Support (10m/32ft) Plenum, FT6 Approvals - WyreStorm",Cable,Cable / request-only,Cable,Cable,cable,request-only,product-manager-profile:wyrestorm-product-manager-v1,"DISCONTINUED Bringing the wealth of knowledge that WyreStorm has accumulated in hybrid HDMI cables, the DAOC brings the same powerful benefits to DisplayPort system topology. Connecting to PC graphics cards or high performance media playback systems, the DAOC is ready for content up to 8K/60 at 8-bit 4:4:4 plus support for HDR-10. The WyreStorm DAOC can extend super high-bandwidth video with up to 32 channels of PCM audio up to 10m/33ft using the very latest in active optical transmission technology.",HDMI; Cable; Cable / Connectivity; DisplayPort cable; Active optical cable; Plenum rated; DisplayPort; HDMI 2.1 / 8K; HDR; SFP / fibre; Plenum / rated cable,HDMI; Cable; active-optical; DisplayPort; HDMI 2.1 / 8K; HDR; SFP / fibre; Plenum / rated cable,HDMI; Cable; Cable / Connectivity; DisplayPort cable; Active optical cable; Plenum rated; active-optical; DisplayPort; HDMI 2.1 / 8K; HDR; SFP / fibre; Plenum / rated cable; Installed cabling; Interconnect and installed cabling,HDMI; Cable; DisplayPort; HDMI 2.1 / 8K; HDR; SFP / fibre; Plenum / rated cable,"CAB-DAOC-10-P; 32Gbps 8K 60Hz DisplayPort 1.4 Active Optical Cable with DP++ Support (10m/32ft) Plenum, FT6 Approvals - WyreStorm; Cable; Cable / request-only; HDMI; Cable / Connectivity; DisplayPort cable; Active optical cable; Plenum rated; Physical connectivity; active-optical; DisplayPort; HDMI 2.1 / 8K; HDR; SFP / fibre; Plenum / rated cable; Installed cabling; Interconnect and installed cabling",
CAB-HAOC-15-C,Yes,Active Optical HDMI Cable | 4K HDR 4:4:4/60| WyreStorm,Active Optical HDMI Cable | 4K HDR 4:4:4/60| WyreStorm,Cable,Cable / request-only,Cable,Cable,cable,request-only,product-manager-profile:wyrestorm-product-manager-v1,The WyreStorm HAOC is a 4K and 5K HDR-ready HDMI cable that is designed for the next generation of 4K and 5K HDR content.,HDMI; Cable; Cable / Connectivity; HDMI cable; Active optical cable; HDR; SFP / fibre,HDMI; Cable; active-optical; HDR; SFP / fibre,HDMI; Cable; Cable / Connectivity; HDMI cable; Active optical cable; active-optical; HDR; SFP / fibre; Installed cabling; Interconnect and installed cabling,HDMI; Cable; HDR; SFP / fibre,CAB-HAOC-15-C; Active Optical HDMI Cable | 4K HDR 4:4:4/60| WyreStorm; Cable; Cable / request-only; HDMI; Cable / Connectivity; HDMI cable; Active optical cable; Physical connectivity; active-optical; HDR; SFP / fibre; Installed cabling; Interconnect and installed cabling,
CAB-HAOC-15-P,Yes,24Gbps 4-core Active Optical HDMI Cable | WyreStorm,24Gbps 4-core Active Optical HDMI Cable | WyreStorm,Cable,Cable / request-only,Cable,Cable,cable,request-only,product-manager-profile:wyrestorm-product-manager-v1,The WyreStorm HAOC is an HDMI cable that has been designed for 4K and 5K HDR content.,HDMI; Cable; Cable / Connectivity; HDMI cable; Active optical cable; HDR; SFP / fibre,HDMI; Cable; active-optical; HDR; SFP / fibre,HDMI; Cable; Cable / Connectivity; HDMI cable; Active optical cable; active-optical; HDR; SFP / fibre; Installed cabling; Interconnect and installed cabling,HDMI; Cable; HDR; SFP / fibre,CAB-HAOC-15-P; 24Gbps 4-core Active Optical HDMI Cable | WyreStorm; Cable; Cable / request-only; HDMI; Cable / Connectivity; HDMI cable; Active optical cable; Physical connectivity; active-optical; HDR; SFP / fibre; Installed cabling; Interconnect and installed cabling,
CAB-HAOC-20,Yes,"Active Optical HDMI Cable | 4K HDR 4:4:4/60, ARC, CEC, ALLM & VRR| WyreStorm","Active Optical HDMI Cable | 4K HDR 4:4:4/60, ARC, CEC, ALLM & VRR| WyreStorm",Cable,Cable / request-only,Cable,Cable,cable,request-only,product-manager-profile:wyrestorm-product-manager-v1,The WyreStorm HAOC is a high-quality HDMI cable that is designed for watching 4K and 5K HDR content.,HDMI; Cable; Cable / Connectivity; HDMI cable; Active optical cable; HDR; SFP / fibre; CEC control,HDMI; Cable; active-optical; HDR; SFP / fibre; CEC control,HDMI; Cable; Cable / Connectivity; HDMI cable; Active optical cable; active-optical; HDR; SFP / fibre; CEC control; Installed cabling; Interconnect and installed cabling,HDMI; Cable; HDR; SFP / fibre; CEC control,"CAB-HAOC-20; Active Optical HDMI Cable | 4K HDR 4:4:4/60, ARC, CEC, ALLM & VRR| WyreStorm; Cable; Cable / request-only; HDMI; Cable / Connectivity; HDMI cable; Active optical cable; Physical connectivity; active-optical; HDR; SFP / fibre; CEC control; Installed cabling; Interconnect and installed cabling",
CAB-HAOC-20-C,Yes,Active Optical HDMI Cable | 4K HDR| WyreStorm,Active Optical HDMI Cable | 4K HDR| WyreStorm,Cable,Cable / request-only,Cable,Cable,cable,request-only,product-manager-profile:wyrestorm-product-manager-v1,The WyreStorm HAOC is a 4K and 5K HDR HDMI cable designed for the future generation of 4K and 5K HDR entertainment.,HDMI; Cable; Cable / Connectivity; HDMI cable; Active optical cable; HDR; SFP / fibre,HDMI; Cable; active-optical; HDR; SFP / fibre,HDMI; Cable; Cable / Connectivity; HDMI cable; Active optical cable; active-optical; HDR; SFP / fibre; Installed cabling; Interconnect and installed cabling,HDMI; Cable; HDR; SFP / fibre,CAB-HAOC-20-C; Active Optical HDMI Cable | 4K HDR| WyreStorm; Cable; Cable / request-only; HDMI; Cable / Connectivity; HDMI cable; Active optical cable; Physical connectivity; active-optical; HDR; SFP / fibre; Installed cabling; Interconnect and installed cabling,
CAB-HAOC-20-P,Yes,Active Optical HDMI Cable | Plenum & FT6 Rated| WyreStorm,Active Optical HDMI Cable | Plenum & FT6 Rated| WyreStorm,Cable,Cable / request-only,Cable,Cable,cable,request-only,product-manager-profile:wyrestorm-product-manager-v1,The WyreStorm HAOC is a state-of-the-art HDMI cable designed to provide the best possible experience for 4K and 5K HDR content.,HDMI; Cable; Cable / Connectivity; HDMI cable; Active optical cable; Plenum rated; HDR; SFP / fibre; Plenum / rated cable,HDMI; Cable; active-optical; HDR; SFP / fibre; Plenum / rated cable,HDMI; Cable; Cable / Connectivity; HDMI cable; Active optical cable; Plenum rated; active-optical; HDR; SFP / fibre; Plenum / rated cable; Installed cabling; Interconnect and installed cabling,HDMI; Cable; HDR; SFP / fibre; Plenum / rated cable,CAB-HAOC-20-P; Active Optical HDMI Cable | Plenum & FT6 Rated| WyreStorm; Cable; Cable / request-only; HDMI; Cable / Connectivity; HDMI cable; Active optical cable; Plenum rated; Physical connectivity; active-optical; HDR; SFP / fibre; Plenum / rated cable; Installed cabling; Interconnect and installed cabling,
CAB-HAOC-30-C,Yes,24Gbps 4-core Active Optical HDMI Cable | 4K HDR 4:4:4/60 | Kevlar strengthened | Detachable Head | CPR Rated - WyreStorm,24Gbps 4-core Active Optical HDMI Cable | 4K HDR 4:4:4/60 | Kevlar strengthened | Detachable Head | CPR Rated - WyreStorm,Cable,Cable / request-only,Cable,Cable,cable,request-only,product-manager-profile:wyrestorm-product-manager-v1,"The WyreStorm HAOC is a next generation HDMI cable designed for the next generation of 4K and 5K HDR content. It offers a unique feature set in both delivering uncompressed HDMI content at up to 24Gbps and compatibility with emerging HDMI technologies such as ALLM (Auto Low Latency Mode) & VRR (Variable Refresh Rate) using the latest in optical transmission technology. Now established as the most powerful form of HDMI extension, WyreStorm active optical cables offer the best of both worlds: pixel-perfect long dista...",HDMI; Cable; Cable / Connectivity; HDMI cable; Active optical cable; CPR / CL3 rated; HDR; SFP / fibre; Plenum / rated cable,HDMI; Cable; active-optical; HDR; SFP / fibre; Plenum / rated cable,HDMI; Cable; Cable / Connectivity; HDMI cable; Active optical cable; CPR / CL3 rated; active-optical; HDR; SFP / fibre; Plenum / rated cable; Installed cabling; Interconnect and installed cabling,HDMI; Cable; HDR; SFP / fibre; Plenum / rated cable,CAB-HAOC-30-C; 24Gbps 4-core Active Optical HDMI Cable | 4K HDR 4:4:4/60 | Kevlar strengthened | Detachable Head | CPR Rated - WyreStorm; Cable; Cable / request-only; HDMI; Cable / Connectivity; HDMI cable; Active optical cable; CPR / CL3 rated; Physical connectivity; active-optical; HDR; SFP / fibre; Plenum / rated cable; Installed cabling; Interconnect and installed cabling,
CAB-HAOC-30-P,Yes,24Gbps 4-core Active Optical HDMI Cable | 4K HDR 4:4:4/60 | Kevlar strengthened | Detachable Head | Plenum & FT6 Rated - WyreStorm,24Gbps 4-core Active Optical HDMI Cable | 4K HDR 4:4:4/60 | Kevlar strengthened | Detachable Head | Plenum & FT6 Rated - WyreStorm,Cable,Cable / request-only,Cable,Cable,cable,request-only,product-manager-profile:wyrestorm-product-manager-v1,"DISCONTINUED The WyreStorm HAOC is a next generation HDMI cable designed for the next generation of 4K and 5K HDR content. It offers a unique feature set in both delivering uncompressed HDMI content at up to 24Gbps and compatibility with emerging HDMI technologies such as ALLM (Auto Low Latency Mode) & VRR (Variable Refresh Rate) using the latest in optical transmission technology. Now established as the most powerful form of HDMI extension, WyreStorm active optical cables offer the best of both worlds: pixel-perfe...",HDMI; Cable; Cable / Connectivity; HDMI cable; Active optical cable; Plenum rated; HDR; SFP / fibre; Plenum / rated cable,HDMI; Cable; active-optical; HDR; SFP / fibre; Plenum / rated cable,HDMI; Cable; Cable / Connectivity; HDMI cable; Active optical cable; Plenum rated; active-optical; HDR; SFP / fibre; Plenum / rated cable; Installed cabling; Interconnect and installed cabling,HDMI; Cable; HDR; SFP / fibre; Plenum / rated cable,CAB-HAOC-30-P; 24Gbps 4-core Active Optical HDMI Cable | 4K HDR 4:4:4/60 | Kevlar strengthened | Detachable Head | Plenum & FT6 Rated - WyreStorm; Cable; Cable / request-only; HDMI; Cable / Connectivity; HDMI cable; Active optical cable; Plenum rated; Physical connectivity; active-optical; HDR; SFP / fibre; Plenum / rated cable; Installed cabling; Interconnect and installed cabling,
CAB-HAOC-FRL-XX,Yes,8K HDMI Cable - CAB‑HAOC‑FRL‑XX HDMI 2.1 Bandwidth 48Gbps | WyreStorm,8K HDMI Cable - CAB‑HAOC‑FRL‑XX HDMI 2.1 Bandwidth 48Gbps | WyreStorm,Cable,Cable / request-only,Cable,Cable,cable,request-only,product-manager-profile:wyrestorm-product-manager-v1,"Buy the WyreStorm CAB‑HAOC‑FRL‑XX HDMI cable for ultra-long 4K & 8KHDR video with uncompressed HDMI, ALLM, VRR, and reliable pro AV performance.",HDMI; Cable; Cable / Connectivity; HDMI cable; Active optical cable; HDMI 2.1 / 8K; HDR; DSP audio processing; Ethernet / LAN; SFP / fibre; CEC control; IR control; EDID management; HDCP support,HDMI; Cable; active-optical; HDMI 2.1 / 8K; HDR; DSP audio processing; Ethernet / LAN; SFP / fibre; CEC control; IR control; EDID management; HDCP support,HDMI; Cable; Cable / Connectivity; HDMI cable; Active optical cable; active-optical; HDMI 2.1 / 8K; HDR; DSP audio processing; Ethernet / LAN; SFP / fibre; CEC control; IR control; EDID management; HDCP support; Installed cabling; Interconnect and installed cabling,HDMI; Cable; HDMI 2.1 / 8K; HDR; DSP audio processing; Ethernet / LAN; SFP / fibre; CEC control; IR control; EDID management; HDCP support,CAB-HAOC-FRL-XX; 8K HDMI Cable - CAB‑HAOC‑FRL‑XX HDMI 2.1 Bandwidth 48Gbps | WyreStorm; Cable; Cable / request-only; HDMI; Cable / Connectivity; HDMI cable; Active optical cable; Physical connectivity; active-optical; HDMI 2.1 / 8K; HDR; DSP audio processing; Ethernet / LAN; SFP / fibre; CEC control; IR control; EDID management; HDCP support; Installed cabling; Interconnect and installed cabling,
CAB-HAOC-XX,Yes,"24Gbps 4-core Active Optical HDMI Cable | 4K HDR 4:4:4/60, ARC, CEC, ALLM & VRR | Kevlar strengthened | ISF Certified - WyreStorm","24Gbps 4-core Active Optical HDMI Cable | 4K HDR 4:4:4/60, ARC, CEC, ALLM & VRR | Kevlar strengthened | ISF Certified - WyreStorm",Cable,Cable / request-only,Cable,Cable,cable,request-only,product-manager-profile:wyrestorm-product-manager-v1,"The WyreStorm HAOC is a next generation HDMI cable designed for the next generation of 4K and 5K HDR content. It offers a unique feature set in both delivering uncompressed HDMI content at up to 24Gbps and compatibility with emerging HDMI technologies such as ALLM (Auto Low Latency Mode) & VRR (Variable Refresh Rate) using the latest in optical transmission technology. Now established as the most powerful form of HDMI extension, WyreStorm active optical cables offer the best of both worlds: pixel-perfect long dista...",HDMI; Cable; Cable / Connectivity; HDMI cable; Active optical cable; HDR; Ethernet / LAN; SFP / fibre; CEC control; IR control; EDID management; HDCP support,HDMI; Cable; active-optical; HDR; Ethernet / LAN; SFP / fibre; CEC control; IR control; EDID management; HDCP support,HDMI; Cable; Cable / Connectivity; HDMI cable; Active optical cable; active-optical; HDR; Ethernet / LAN; SFP / fibre; CEC control; IR control; EDID management; HDCP support; Installed cabling; Interconnect and installed cabling,HDMI; Cable; HDR; Ethernet / LAN; SFP / fibre; CEC control; IR control; EDID management; HDCP support,"CAB-HAOC-XX; 24Gbps 4-core Active Optical HDMI Cable | 4K HDR 4:4:4/60, ARC, CEC, ALLM & VRR | Kevlar strengthened | ISF Certified - WyreStorm; Cable; Cable / request-only; HDMI; Cable / Connectivity; HDMI cable; Active optical cable; Physical connectivity; active-optical; HDR; Ethernet / LAN; SFP / fibre; CEC control; IR control; EDID management; HDCP support; Installed cabling; Interconnect and installed cabling",
CAB-HAOC-XX-C,Yes,24Gbps 4-core Active Optical HDMI Cable | 4K HDR 4:4:4/60 | Kevlar strengthened | Detachable Head | CPR Rated - WyreStorm,24Gbps 4-core Active Optical HDMI Cable | 4K HDR 4:4:4/60 | Kevlar strengthened | Detachable Head | CPR Rated - WyreStorm,Cable,Cable / request-only,Cable,Cable,cable,request-only,product-manager-profile:wyrestorm-product-manager-v1,"The WyreStorm HAOC is a next generation HDMI cable designed for the next generation of 4K and 5K HDR content. It offers a unique feature set in both delivering uncompressed HDMI content at up to 24Gbps and compatibility with emerging HDMI technologies such as ALLM (Auto Low Latency Mode) & VRR (Variable Refresh Rate) using the latest in optical transmission technology. Now established as the most powerful form of HDMI extension, WyreStorm active optical cables offer the best of both worlds: pixel-perfect long dista...",HDMI; Cable; Cable / Connectivity; HDMI cable; Active optical cable; CPR / CL3 rated; HDR; Ethernet / LAN; SFP / fibre; CEC control; IR control; EDID management; HDCP support; Plenum / rated cable,HDMI; Cable; active-optical; HDR; Ethernet / LAN; SFP / fibre; CEC control; IR control; EDID management; HDCP support; Plenum / rated cable,HDMI; Cable; Cable / Connectivity; HDMI cable; Active optical cable; CPR / CL3 rated; active-optical; HDR; Ethernet / LAN; SFP / fibre; CEC control; IR control; EDID management; HDCP support; Plenum / rated cable; Installed cabling; Interconnect and installed cabling,HDMI; Cable; HDR; Ethernet / LAN; SFP / fibre; CEC control; IR control; EDID management; HDCP support; Plenum / rated cable,CAB-HAOC-XX-C; 24Gbps 4-core Active Optical HDMI Cable | 4K HDR 4:4:4/60 | Kevlar strengthened | Detachable Head | CPR Rated - WyreStorm; Cable; Cable / request-only; HDMI; Cable / Connectivity; HDMI cable; Active optical cable; CPR / CL3 rated; Physical connectivity; active-optical; HDR; Ethernet / LAN; SFP / fibre; CEC control; IR control; EDID management; HDCP support; Plenum / rated cable; Installed cabling; Interconnect and installed cabling,
CAB-HAOC-XX-P,Yes,24Gbps 4-core Active Optical HDMI Cable | 4K HDR 4:4:4/60 | Kevlar strengthened | Detachable Head | Plenum & FT6 Rated - WyreStorm,24Gbps 4-core Active Optical HDMI Cable | 4K HDR 4:4:4/60 | Kevlar strengthened | Detachable Head | Plenum & FT6 Rated - WyreStorm,Cable,Cable / request-only,Cable,Cable,cable,request-only,product-manager-profile:wyrestorm-product-manager-v1,"The WyreStorm HAOC is a next generation HDMI cable designed for the next generation of 4K and 5K HDR content. It offers a unique feature set in both delivering uncompressed HDMI content at up to 24Gbps and compatibility with emerging HDMI technologies such as ALLM (Auto Low Latency Mode) & VRR (Variable Refresh Rate) using the latest in optical transmission technology. Now established as the most powerful form of HDMI extension, WyreStorm active optical cables offer the best of both worlds: pixel-perfect long dista...",HDMI; Cable; Cable / Connectivity; HDMI cable; Active optical cable; Plenum rated; HDR; Ethernet / LAN; SFP / fibre; CEC control; IR control; EDID management; HDCP support; Plenum / rated cable,HDMI; Cable; active-optical; HDR; Ethernet / LAN; SFP / fibre; CEC control; IR control; EDID management; HDCP support; Plenum / rated cable,HDMI; Cable; Cable / Connectivity; HDMI cable; Active optical cable; Plenum rated; active-optical; HDR; Ethernet / LAN; SFP / fibre; CEC control; IR control; EDID management; HDCP support; Plenum / rated cable; Installed cabling; Interconnect and installed cabling,HDMI; Cable; HDR; Ethernet / LAN; SFP / fibre; CEC control; IR control; EDID management; HDCP support; Plenum / rated cable,CAB-HAOC-XX-P; 24Gbps 4-core Active Optical HDMI Cable | 4K HDR 4:4:4/60 | Kevlar strengthened | Detachable Head | Plenum & FT6 Rated - WyreStorm; Cable; Cable / request-only; HDMI; Cable / Connectivity; HDMI cable; Active optical cable; Plenum rated; Physical connectivity; active-optical; HDR; Ethernet / LAN; SFP / fibre; CEC control; IR control; EDID management; HDCP support; Plenum / rated cable; Installed cabling; Interconnect and installed cabling,
CAB-IR-LINK,Yes,IR Link Cable for Control System Integration - WyreStorm,IR Link Cable for Control System Integration - WyreStorm,Cable,Cable / request-only,Cable,Cable,cable,request-only,product-manager-profile:wyrestorm-product-manager-v1,The WyreStorm CAB-IR-LINK integration cable provides integrators with a simple 2-way IR integration between WyreStorm products and any mainstream control system. Simply plug the CAB-IR-LINK cable from the IR emitter output of any control system to the IR RX port of a WyreStorm matrix or extender set to achieve seamless control system compatibility and integration.,Matrix; Switching; Seamless Switching; Cable; Cable / Connectivity; HDMI cable; Passive cable; HDMI 2.1 / 8K; IR control,Matrix; Switching; Seamless Switching; Cable; HDMI 2.1 / 8K; IR control,Matrix; Switching; Seamless Switching; Cable; Cable / Connectivity; HDMI cable; Passive cable; HDMI 2.1 / 8K; IR control; Installed cabling; Interconnect and installed cabling,Matrix; Switching; Seamless Switching; Cable; HDMI 2.1 / 8K; IR control,CAB-IR-LINK; IR Link Cable for Control System Integration - WyreStorm; Matrix Switcher; Matrix; Switching; Seamless Switching; Cable; Cable / request-only; Cable / Connectivity; HDMI cable; Passive cable; Physical connectivity; HDMI 2.1 / 8K; IR control; Installed cabling; Interconnect and installed cabling,
CAB-UAOC-15-C,Yes,15 Meter USB 3.2 GEN 2 10Gbps Active Optical Extension Cable - WyreStorm,15 Meter USB 3.2 GEN 2 10Gbps Active Optical Extension Cable - WyreStorm,Cable,Cable / request-only,Cable,Cable,cable,request-only,product-manager-profile:wyrestorm-product-manager-v1,"The CAB-UAOC-15 is an active optical cable supporting extension of USB signals ranging from 2.0 up to the 3.2 Gen 2 spec, meaning this cable can support 10Gbps at a distance of 15 meters (50ft). The CAB-UAOC-15 is great for connection of remote USB devices such as PTZ cameras, interactive touchscreens or smartboards, audio/video extension or simply high-speed data transfer over long distances. With the USB Male to USB Female design, you can connect and extend practically any USB peripheral device in seconds.",USB; Cable; Cable / Connectivity; USB cable; Active optical cable; USB 3.x; USB routing / switching; SFP / fibre; Camera,USB; Cable; active-optical; USB 3.x; USB routing / switching; SFP / fibre; Camera,USB; Cable; Cable / Connectivity; USB cable; Active optical cable; active-optical; USB 3.x; USB routing / switching; SFP / fibre; Camera; BYOM / UC; Installed cabling; Interconnect and installed cabling,USB; Cable; USB 3.x; USB routing / switching; SFP / fibre; Camera,CAB-UAOC-15-C; 15 Meter USB 3.2 GEN 2 10Gbps Active Optical Extension Cable - WyreStorm; Cable; Cable / request-only; USB; Cable / Connectivity; USB cable; Active optical cable; Physical connectivity; active-optical; USB 3.x; USB routing / switching; SFP / fibre; Camera; BYOM / UC; Installed cabling; Interconnect and installed cabling,
CAB-UAOC-15-P,Yes,15 Meter USB 3.2 GEN 2 10Gbps Active Optical Extension Cable - WyreStorm,15 Meter USB 3.2 GEN 2 10Gbps Active Optical Extension Cable - WyreStorm,Cable,Cable / request-only,Cable,Cable,cable,request-only,product-manager-profile:wyrestorm-product-manager-v1,"The CAB-UAOC-15 is an active optical cable supporting extension of USB signals ranging from 2.0 up to the 3.2 Gen 2 spec, meaning this cable can support 10Gbps at a distance of 15 meters (50ft). The CAB-UAOC-15 is great for connection of remote USB devices such as PTZ cameras, interactive touchscreens or smartboards, audio/video extension or simply high-speed data transfer over long distances. With the USB Male to USB Female design, you can connect and extend practically any USB peripheral device in seconds.",USB; Cable; Cable / Connectivity; USB cable; Active optical cable; USB 3.x; USB routing / switching; SFP / fibre; Camera,USB; Cable; active-optical; USB 3.x; USB routing / switching; SFP / fibre; Camera,USB; Cable; Cable / Connectivity; USB cable; Active optical cable; active-optical; USB 3.x; USB routing / switching; SFP / fibre; Camera; BYOM / UC; Installed cabling; Interconnect and installed cabling,USB; Cable; USB 3.x; USB routing / switching; SFP / fibre; Camera,CAB-UAOC-15-P; 15 Meter USB 3.2 GEN 2 10Gbps Active Optical Extension Cable - WyreStorm; Cable; Cable / request-only; USB; Cable / Connectivity; USB cable; Active optical cable; Physical connectivity; active-optical; USB 3.x; USB routing / switching; SFP / fibre; Camera; BYOM / UC; Installed cabling; Interconnect and installed cabling,
CAB-UAOC-USBC-10,Yes,USB 3.2 USB-C to USB-C Cable| WyreStorm,USB 3.2 USB-C to USB-C Cable| WyreStorm,Cable,Cable / request-only,Cable,Cable,cable,request-only,product-manager-profile:wyrestorm-product-manager-v1,"This USB-C to C cable is a great choice for transmitting data and audio/video. It can handle speeds up to 20Gbps, making it perfect for quickly transferring files or connecting devices that use USB 3.0.",USB-C; USB; Cable; Cable / Connectivity; USB cable; Active optical cable; USB-C video input; USB 3.x; USB-C power delivery,USB-C; USB; Cable; active-optical; USB-C video input; USB 3.x; USB-C power delivery,USB-C; USB; Cable; Cable / Connectivity; USB cable; Active optical cable; active-optical; USB-C video input; USB 3.x; USB-C power delivery; BYOD presentation; Installed cabling; Interconnect and installed cabling,USB-C; USB; Cable; USB-C video input; USB 3.x; USB-C power delivery,CAB-UAOC-USBC-10; USB 3.2 USB-C to USB-C Cable| WyreStorm; Cable; Cable / request-only; USB-C; USB; Cable / Connectivity; USB cable; Active optical cable; Physical connectivity; active-optical; USB-C video input; USB 3.x; USB-C power delivery; BYOD presentation; Installed cabling; Interconnect and installed cabling,
CAB-USBC-15,Yes,USB-C Active Optical Cable (15m/49ft) - WyreStorm,USB-C Active Optical Cable (15m/49ft) - WyreStorm,Cable,Cable / request-only,Cable,Cable,cable,request-only,product-manager-profile:wyrestorm-product-manager-v1,The CAB-USBC-15 is an active optical USB-C to C cable capable of transmitting A/V and data 15m/49ft. USB data is rated up to Superspeed 5Gbps for fast file transfers or connecting USB 3.0 equipped devices such as conference cameras. The CAB-USBC-15 also supports Alt-Mode which allows 4K30 video to be transmitted from USB-C laptops or mobile devices. Pair this cable with a WyreStorm Apollo or presentation switcher to take advantage of the 60W power delivery so you can keep your device charged while you present.,USB-C; USB; Cable; Cable / Connectivity; USB cable; Active optical cable; USB-C video input; DSP audio processing; USB 3.x; USB-C power delivery; SFP / fibre; IR control; Camera,USB-C; USB; Cable; active-optical; USB-C video input; DSP audio processing; USB 3.x; USB-C power delivery; SFP / fibre; IR control; Camera,USB-C; USB; Cable; Cable / Connectivity; USB cable; Active optical cable; active-optical; USB-C video input; DSP audio processing; USB 3.x; USB-C power delivery; SFP / fibre; IR control; Camera; BYOD presentation; BYOM / UC; Installed cabling; Interconnect and installed cabling,USB-C; USB; Cable; USB-C video input; DSP audio processing; USB 3.x; USB-C power delivery; SFP / fibre; IR control; Camera,CAB-USBC-15; USB-C Active Optical Cable (15m/49ft) - WyreStorm; Cable; Cable / request-only; USB-C; USB; Cable / Connectivity; USB cable; Active optical cable; Physical connectivity; active-optical; USB-C video input; DSP audio processing; USB 3.x; USB-C power delivery; SFP / fibre; IR control; Camera; BYOD presentation; BYOM / UC; Installed cabling; Interconnect and installed cabling,
CAM-0402-BRG,Yes,4K Multi-Camera Video Bridge with USB & HDMI Inputs & Outputs - WyreStorm,4K Multi-Camera Video Bridge with USB & HDMI Inputs & Outputs - WyreStorm,Camera / Capture,Primary hardware,Camera / Capture,Camera / Capture,primary-hardware,default,product-manager-profile:wyrestorm-product-manager-v1,"The CAM-0402-BRG is a compact and powerful 4K multi-camera video bridge designed to simplify video switching and integration for conferencing, streaming, recording, and hybrid events. Supporting up to four wired inputs (2x HDMI, 2x USB), this device delivers a unified video output via USB or HDMI — all in stunning 4K resolution. Whether you're combining professional cameras or document cameras from across the network, the CAM-0402-BRG offers seamless multiview capabilities and flexible control options via Buttons,...",USB; HDMI; Seamless Switching; Multiview; Camera / Capture; Camera endpoint; Camera bridge / mixer; 4K camera; HDMI 2.1 / 8K; USB-C video input; Analog audio; USB 3.x; USB routing / switching; USB-C; USB-C power delivery; Ethernet / LAN; NDI; CEC control; IP / web control; IR control; RS-232 control; EDID management; HDCP support; Camera,USB; HDMI; Seamless Switching; Multiview; Camera / Capture; camera; HDMI 2.1 / 8K; USB-C video input; Analog audio; USB 3.x; USB routing / switching; USB-C; USB-C power delivery; Ethernet / LAN; NDI; CEC control; IP / web control; IR control; RS-232 control; EDID management; HDCP support,"USB; HDMI; Seamless Switching; Multiview; Camera / Capture; Camera endpoint; Camera bridge / mixer; 4K camera; camera; HDMI 2.1 / 8K; USB-C video input; Analog audio; USB 3.x; USB routing / switching; USB-C; USB-C power delivery; Ethernet / LAN; NDI; CEC control; IP / web control; IR control; RS-232 control; EDID management; HDCP support; BYOM / UC; Control room; UC, lecture capture and streaming workflows",USB; HDMI; Seamless Switching; Multiview; Camera / Capture; HDMI 2.1 / 8K; USB-C video input; Analog audio; USB 3.x; USB routing / switching; USB-C; USB-C power delivery; Ethernet / LAN; NDI; CEC control; IP / web control; IR control; RS-232 control; EDID management; HDCP support; Camera; Network,"CAM-0402-BRG; 4K Multi-Camera Video Bridge with USB & HDMI Inputs & Outputs - WyreStorm; Product; Primary hardware; USB; HDMI; Seamless Switching; Multiview; Camera / Capture; Camera endpoint; Camera bridge / mixer; 4K camera; Image capture endpoint; camera; HDMI 2.1 / 8K; USB-C video input; Analog audio; USB 3.x; USB routing / switching; USB-C; USB-C power delivery; Ethernet / LAN; NDI; CEC control; IP / web control; IR control; RS-232 control; EDID management; HDCP support; BYOM / UC; Control room; UC, lecture capture and streaming workflows",
CAM-0402-NDI-BRG,Yes,"4K Multi-Camera Video Bridge with USB, HDMI & NDI Inputs & Outputs - WyreStorm","4K Multi-Camera Video Bridge with USB, HDMI & NDI Inputs & Outputs - WyreStorm",Camera / Capture,Primary hardware,Camera / Capture,Camera / Capture,primary-hardware,default,product-manager-profile:wyrestorm-product-manager-v1,"The CAM-0402-NDI-BRG is a compact and powerful 4K multi-camera video bridge designed to simplify video switching and integration for conferencing, streaming, recording, and hybrid events. Supporting up to four wired inputs (2x HDMI, 2x USB) and four network-based NDI streams, this device delivers a unified video output via USB, HDMI, or NDI — all in stunning 4K resolution. Whether you're combining professional cameras, document cameras, or NDI sources from across the network, the CAM-0402-NDI-BRG offers seamless mu...",USB; HDMI; NDI; Seamless Switching; Camera / Capture; Camera endpoint; Camera bridge / mixer; NDI camera endpoint; 4K camera; HDMI 2.1 / 8K; USB-C video input; Analog audio; USB 3.x; USB routing / switching; USB-C; USB-C power delivery; Ethernet / LAN; CEC control; IP / web control; IR control; RS-232 control; EDID management; HDCP support; Multiview; Camera,USB; HDMI; NDI; Seamless Switching; Camera / Capture; camera; HDMI 2.1 / 8K; USB-C video input; Analog audio; USB 3.x; USB routing / switching; USB-C; USB-C power delivery; Ethernet / LAN; CEC control; IP / web control; IR control; RS-232 control; EDID management; HDCP support; Multiview,"USB; HDMI; NDI; Seamless Switching; Camera / Capture; Camera endpoint; Camera bridge / mixer; NDI camera endpoint; 4K camera; camera; HDMI 2.1 / 8K; USB-C video input; Analog audio; USB 3.x; USB routing / switching; USB-C; USB-C power delivery; Ethernet / LAN; CEC control; IP / web control; IR control; RS-232 control; EDID management; HDCP support; Multiview; BYOD presentation; BYOM / UC; Control room; UC, lecture capture and streaming workflows",USB; HDMI; NDI; Seamless Switching; Camera / Capture; HDMI 2.1 / 8K; USB-C video input; Analog audio; USB 3.x; USB routing / switching; USB-C; USB-C power delivery; Ethernet / LAN; CEC control; IP / web control; IR control; RS-232 control; EDID management; HDCP support; Multiview; Camera; Network,"CAM-0402-NDI-BRG; 4K Multi-Camera Video Bridge with USB, HDMI & NDI Inputs & Outputs - WyreStorm; Product; Primary hardware; USB; HDMI; NDI; Seamless Switching; Camera / Capture; Camera endpoint; Camera bridge / mixer; NDI camera endpoint; 4K camera; Image capture endpoint; camera; HDMI 2.1 / 8K; USB-C video input; Analog audio; USB 3.x; USB routing / switching; USB-C; USB-C power delivery; Ethernet / LAN; CEC control; IP / web control; IR control; RS-232 control; EDID management; HDCP support; Multiview; BYOD presentation; BYOM / UC; Control room; UC, lecture capture and streaming workflows",
CAM-200-PTZ,Yes,1080p HD PTZ Conference Camera with USB 3.0 & Network Output - WyreStorm,1080p HD PTZ Conference Camera with USB 3.0 & Network Output - WyreStorm,Camera / Capture,Primary hardware,Camera / Capture,Camera / Capture,primary-hardware,default,product-manager-profile:wyrestorm-product-manager-v1,"DISCONTINUED Part of the Unified Communication line of products, the CAM-200-PTZ offers a premium video conferencing experience. HD 1080p video ensures users appear crystal clear in their meetings. A high-quality pan and tilt motor provides a smooth experience without excess noise or judder. Equipped with dual outputs, the CAM-200-PTZ can output video via its USB 3.0 port or the network connection. 3rd-party control is a breeze by utilizing the industry standard VISCA protocol. An integrated web interface and free...",USB; Camera / Capture; Camera endpoint; PTZ camera; 1080p camera; DSP audio processing; USB 3.x; Ethernet / LAN; SFP / fibre; IR control; RS-232 control; Camera,USB; Camera / Capture; camera; ptz; DSP audio processing; USB 3.x; Ethernet / LAN; SFP / fibre; IR control; RS-232 control,"USB; Camera / Capture; Camera endpoint; PTZ camera; 1080p camera; camera; ptz; DSP audio processing; USB 3.x; Ethernet / LAN; SFP / fibre; IR control; RS-232 control; Classroom / lecture; BYOM / UC; UC, lecture capture and streaming workflows",USB; Camera / Capture; DSP audio processing; USB 3.x; Ethernet / LAN; SFP / fibre; IR control; RS-232 control; Camera; Network,"CAM-200-PTZ; 1080p HD PTZ Conference Camera with USB 3.0 & Network Output - WyreStorm; Product; Primary hardware; USB; Camera / Capture; Camera endpoint; PTZ camera; 1080p camera; Image capture endpoint; camera; ptz; DSP audio processing; USB 3.x; Ethernet / LAN; SFP / fibre; IR control; RS-232 control; Classroom / lecture; BYOM / UC; UC, lecture capture and streaming workflows",
CAM-210-NDI-PTZ,Yes,CAM-210-NDI-PTZ 1080p60 Camera with with USB 3.0 - Pro AV & Streaming - WyreStorm,CAM-210-NDI-PTZ 1080p60 Camera with with USB 3.0 - Pro AV & Streaming - WyreStorm,Camera / Capture,Primary hardware,Camera / Capture,Camera / Capture,primary-hardware,default,product-manager-profile:wyrestorm-product-manager-v1,"Capture crystal-clear 1080p60 video with the WyreStorm CAM-210-NDI-PTZ camera, featuring NDI, HDMI, USB-C & network outputs, smooth pan/tilt/zoom, auto-framing and presenter tracking for professional AV, conferencing & streaming setups.",USB-C; USB; HDMI; NDI; Camera / Capture; Camera endpoint; PTZ camera; NDI camera endpoint; 1080p camera; USB-C video input; DSP audio processing; USB 3.x; Ethernet / LAN; SFP / fibre; IR control; RS-232 control; PoE / PoH / PoC; Camera,USB-C; USB; HDMI; NDI; Camera / Capture; camera; ptz; USB-C video input; DSP audio processing; USB 3.x; Ethernet / LAN; SFP / fibre; IR control; RS-232 control; PoE / PoH / PoC,"USB-C; USB; HDMI; NDI; Camera / Capture; Camera endpoint; PTZ camera; NDI camera endpoint; 1080p camera; camera; ptz; USB-C video input; DSP audio processing; USB 3.x; Ethernet / LAN; SFP / fibre; IR control; RS-232 control; PoE / PoH / PoC; Classroom / lecture; BYOD presentation; BYOM / UC; UC, lecture capture and streaming workflows",USB-C; USB; HDMI; NDI; Camera / Capture; USB-C video input; DSP audio processing; USB 3.x; Ethernet / LAN; SFP / fibre; IR control; RS-232 control; PoE / PoH / PoC; Camera; Network,"CAM-210-NDI-PTZ; CAM-210-NDI-PTZ 1080p60 Camera with with USB 3.0 - Pro AV & Streaming - WyreStorm; Product; Primary hardware; USB-C; USB; HDMI; NDI; Camera / Capture; Camera endpoint; PTZ camera; NDI camera endpoint; 1080p camera; Image capture endpoint; camera; ptz; USB-C video input; DSP audio processing; USB 3.x; Ethernet / LAN; SFP / fibre; IR control; RS-232 control; PoE / PoH / PoC; Classroom / lecture; BYOD presentation; BYOM / UC; UC, lecture capture and streaming workflows",
CAM-210-PTZ,Yes,PTZ Camera with AI Tracking | CAM-210-PTZ 1080p – WyreStorm,PTZ Camera with AI Tracking | CAM-210-PTZ 1080p – WyreStorm,Camera / Capture,Primary hardware,Camera / Capture,Camera / Capture,primary-hardware,default,product-manager-profile:wyrestorm-product-manager-v1,"Buy the CAM-210-PTZ 1080p PTZ camera with AI tracking, USB 3.0 and HDMI outputs, delivering precise pan/tilt/zoom control for professional AV, conferencing, and live streaming installations.",USB; HDMI; Camera / Capture; Camera endpoint; PTZ camera; 1080p camera; USB-C video input; DSP audio processing; USB 3.x; USB-C; Ethernet / LAN; SFP / fibre; IR control; RS-232 control; PoE / PoH / PoC; Camera,USB; HDMI; Camera / Capture; camera; ptz; USB-C video input; DSP audio processing; USB 3.x; USB-C; Ethernet / LAN; SFP / fibre; IR control; RS-232 control; PoE / PoH / PoC,"USB; HDMI; Camera / Capture; Camera endpoint; PTZ camera; 1080p camera; camera; ptz; USB-C video input; DSP audio processing; USB 3.x; USB-C; Ethernet / LAN; SFP / fibre; IR control; RS-232 control; PoE / PoH / PoC; Classroom / lecture; BYOM / UC; UC, lecture capture and streaming workflows",USB; HDMI; Camera / Capture; USB-C video input; DSP audio processing; USB 3.x; USB-C; Ethernet / LAN; SFP / fibre; IR control; RS-232 control; PoE / PoH / PoC; Camera; Network,"CAM-210-PTZ; PTZ Camera with AI Tracking | CAM-210-PTZ 1080p – WyreStorm; Product; Primary hardware; USB; HDMI; Camera / Capture; Camera endpoint; PTZ camera; 1080p camera; Image capture endpoint; camera; ptz; USB-C video input; DSP audio processing; USB 3.x; USB-C; Ethernet / LAN; SFP / fibre; IR control; RS-232 control; PoE / PoH / PoC; Classroom / lecture; BYOM / UC; UC, lecture capture and streaming workflows",
CAM-420-PTZ,Yes,4K Dual-Lens AI PTZ Camera with AI features - WyreStorm,4K Dual-Lens AI PTZ Camera with AI features - WyreStorm,Camera / Capture,Primary hardware,Camera / Capture,Camera / Capture,primary-hardware,default,product-manager-profile:wyrestorm-product-manager-v1,"The CAM-420-PTZ is a 4K dual-lens AI tracking camera design for medium room and huddle room, providing a 3x optical zoom PTZ camera with DFOV 110°and a second panoramic lens with DFOV 120. It offers built-in 4 mics to detect human voice and audio tracking function. AI technology includes Auto Framing, Speaker Tracking, Presenter Tracking, and Individuals Gallery to enhance the meeting experience. Additionally, this camera also supports ‘multiple installations options whether on a conference table, top of TV, mounte...",Camera / Capture; Camera endpoint; PTZ camera; NDI camera endpoint; 4K camera; HDMI; USB-C video input; DSP audio processing; Microphone; USB 2.0; USB 3.x; USB routing / switching; USB-C; Ethernet / LAN; NDI; SFP / fibre; IP / web control; IR control; Camera,Camera / Capture; camera; ptz; ndi; HDMI; USB-C video input; DSP audio processing; Microphone; USB 2.0; USB 3.x; USB routing / switching; USB-C; Ethernet / LAN; SFP / fibre; IP / web control; IR control,"Camera / Capture; Camera endpoint; PTZ camera; NDI camera endpoint; 4K camera; camera; ptz; ndi; HDMI; USB-C video input; DSP audio processing; Microphone; USB 2.0; USB 3.x; USB routing / switching; USB-C; Ethernet / LAN; SFP / fibre; IP / web control; IR control; Meeting room; BYOD presentation; BYOM / UC; Audio reinforcement; UC, lecture capture and streaming workflows",Camera / Capture; HDMI; USB-C video input; DSP audio processing; Microphone; USB 2.0; USB 3.x; USB routing / switching; USB-C; Ethernet / LAN; NDI; SFP / fibre; IP / web control; IR control; Camera; USB,"CAM-420-PTZ; 4K Dual-Lens AI PTZ Camera with AI features - WyreStorm; Product; Primary hardware; Camera / Capture; Camera endpoint; PTZ camera; NDI camera endpoint; 4K camera; Image capture endpoint; camera; ptz; ndi; HDMI; USB-C video input; DSP audio processing; Microphone; USB 2.0; USB 3.x; USB routing / switching; USB-C; Ethernet / LAN; SFP / fibre; IP / web control; IR control; Meeting room; BYOD presentation; BYOM / UC; Audio reinforcement; UC, lecture capture and streaming workflows",
COM-MIC-HUB,Yes,Microphone Hub - WyreStorm,Microphone Hub - WyreStorm,Unified Comms,Primary hardware,Unified Comms,Unified Comms,primary-hardware,default,product-manager-profile:wyrestorm-product-manager-v1,"The COM-MIC-HUB is a versatile microphone hub designed to integrate seamlessly with a variety of microphones and speakers, making it an essential audio solution for educational and conference environments. Compared to other microphone hubs, it features a wireless receiver port, enabling support for wireless microphones. The built-in professional audio DSP enhances both local and remote audio performance, ensuring clear and optimized sound quality for all participants. The COM-MIC-HUB delivers a high-quality, user-f...",Seamless Switching; Wireless Casting; Audio / Control; Unified Comms; Unified Communications; Microphone system; UC microphone accessory; Microphone endpoint; Conference microphone / microphone hub; Analog audio; DSP audio processing; Microphone; USB-C power delivery; Ethernet / LAN; IP / web control; IR control; Relay / I/O control; RS-232 control,Seamless Switching; Wireless Casting; Audio / Control; Unified Comms; microphone; Analog audio; DSP audio processing; USB-C power delivery; Ethernet / LAN; IP / web control; IR control; Relay / I/O control; RS-232 control,"Seamless Switching; Wireless Casting; Audio / Control; Unified Comms; Unified Communications; Microphone system; UC microphone accessory; Microphone endpoint; Conference microphone / microphone hub; microphone; Analog audio; DSP audio processing; USB-C power delivery; Ethernet / LAN; IP / web control; IR control; Relay / I/O control; RS-232 control; Classroom / lecture; BYOM / UC; Control room; Audio reinforcement; Meeting room, BYOD/BYOM and conferencing workflows",Seamless Switching; Wireless Casting; Audio / Control; Analog audio; DSP audio processing; Microphone; USB-C power delivery; Ethernet / LAN; IP / web control; IR control; Relay / I/O control; RS-232 control; USB; Audio; Wireless,"COM-MIC-HUB; Microphone Hub - WyreStorm; Product; Primary hardware; Seamless Switching; Wireless Casting; Audio / Control; Unified Communications; Microphone system; UC microphone accessory; Microphone endpoint; Conference microphone / microphone hub; UC audio capture component; microphone; Analog audio; DSP audio processing; USB-C power delivery; Ethernet / LAN; IP / web control; IR control; Relay / I/O control; RS-232 control; Classroom / lecture; BYOM / UC; Control room; Audio reinforcement; Meeting room, BYOD/BYOM and conferencing workflows",
COMPANIONCONTROL,Yes,"Companion Control App for NetworkHD 100, 400, 500 & 600 Series - WyreStorm","Companion Control App for NetworkHD 100, 400, 500 & 600 Series - WyreStorm",Audio / Control,System controller / conditional-default,Audio / Control,Audio / Control,system-controller,conditional-default,product-manager-profile:wyrestorm-product-manager-v1,"Companion Control provides additional capability to a NetworkHD system by working seamlessly with NetworkHD hardware and the NetworkHD Touch app. Companion adds the ability to control source devices by leveraging already existing hardware and the NetworkHD API. The app offers an incredibly quick and intuitive experience driven by a wizard-guided setup. Preloaded control commands for the industry’s most common source devices such as DirecTV, SKY, Apple TV, Roku and more are available with a modern user interface tha...",AVoIP; NetworkHD; Seamless Switching; Audio / Control; Control; Software control; Control application; Software control app; DSP audio processing; NDI; NetworkHD AV over IP; IP / web control; IR control; Multiview; Video wall,AVoIP; NetworkHD; Seamless Switching; Audio / Control; software; control-app; DSP audio processing; NDI; NetworkHD AV over IP; IP / web control; IR control; Multiview; Video wall,AVoIP; NetworkHD; Seamless Switching; Audio / Control; Control; Software control; Control application; Software control app; software; control-app; DSP audio processing; NDI; NetworkHD AV over IP; IP / web control; IR control; Multiview; Video wall; Control room; Control interface for compatible WyreStorm systems,AVoIP; NetworkHD; Seamless Switching; Audio / Control; DSP audio processing; NDI; NetworkHD AV over IP; IP / web control; IR control; Multiview; Video wall; IP,"COMPANIONCONTROL; Companion Control App for NetworkHD 100, 400, 500 & 600 Series - WyreStorm; NetworkHD AVoIP; AVoIP endpoint / system component; AVoIP; NetworkHD; Seamless Switching; Audio / Control; System controller / conditional-default; Control; Software control; Control application; Software control app; User control interface; software; control-app; DSP audio processing; NDI; NetworkHD AV over IP; IP / web control; IR control; Multiview; Video wall; Control room; Control interface for compatible WyreStorm systems",
CON-H2-DD-EARC,Yes,"4K/60 In-line HDMI Scaler with DSP-Controlled Audio Breakout, Dolby TrueHD & DTS-HD Downmixing and eARC Output - WyreStorm","4K/60 In-line HDMI Scaler with DSP-Controlled Audio Breakout, Dolby TrueHD & DTS-HD Downmixing and eARC Output - WyreStorm",Audio / Control,System controller / conditional-default,Audio / Control,Audio / Control,system-controller,conditional-default,product-manager-profile:wyrestorm-product-manager-v1,DISCONTINUED Bringing the latest technology currently only seen on the latest HDMI 2.1 devices the CON-H2-DD-EARC tackles the demands of today's technology head-on and provides a multi-pronged approach to the challenges of the modern residential AV system. It combines a powerful set of features that can both down-mix Dolby TrueHD or DTS-HD audio to stereo and scale incoming 4K UHD content to 1080p. The DSP-controlled stereo audio output allows adjustment of both volume and EQ via a control system and the unit can b...,HDMI; Scaling; Audio / Control; Control; Signal management; Audio extraction / conversion; Inline signal utility; HDMI 2.1 / 8K; Audio breakout; DSP audio processing,HDMI; Scaling; Audio / Control; signal-utility; audio-conversion; HDMI 2.1 / 8K; Audio breakout; DSP audio processing,"HDMI; Scaling; Audio / Control; Control; Signal management; Audio extraction / conversion; Inline signal utility; signal-utility; audio-conversion; HDMI 2.1 / 8K; Audio breakout; DSP audio processing; Problem-solving utility for HDMI, audio and control paths",HDMI; Scaling; Audio / Control; HDMI 2.1 / 8K; Audio breakout; DSP audio processing; Audio; Control,"CON-H2-DD-EARC; 4K/60 In-line HDMI Scaler with DSP-Controlled Audio Breakout, Dolby TrueHD & DTS-HD Downmixing and eARC Output - WyreStorm; Product; Primary hardware; HDMI; Scaling; Audio / Control; System controller / conditional-default; Control; Signal management; Audio extraction / conversion; Inline signal utility; Signal conditioning, audio breakout or format management; signal-utility; audio-conversion; HDMI 2.1 / 8K; Audio breakout; DSP audio processing; Problem-solving utility for HDMI, audio and control paths",
CON-H2-EDID,Yes,4K60 In-line Signal Re-Clocker with EDID Management - WyreStorm,4K60 In-line Signal Re-Clocker with EDID Management - WyreStorm,Audio / Control,System controller / conditional-default,Audio / Control,Audio / Control,system-controller,conditional-default,product-manager-profile:wyrestorm-product-manager-v1,"DISCONTINUED A multi-purpose installer tool, the CON-H2-EDID can perform a variety of tasks within an install. As an in-line device, it can act as an EDID manager to request specific content from a source, or as an audio de-embedder, extracting HDMI source audio via the S/PDIF or stereo mini-jack ports. Additionally, it can be a micro zone controller, sending CEC and RS-232 power triggers to connected projectors or screens and from its two relay ports, and can trigger devices in the zone using signal presence logic...",HDMI; Audio / Control; Control; Signal management; EDID / re-clocking; Inline signal utility; DisplayPort; HDR; Analog audio; Audio breakout; DSP audio processing; USB-C power delivery; NDI; CEC control; IP / web control; IR control; Relay / I/O control; RS-232 control; EDID management; HDCP support,HDMI; Audio / Control; signal-utility; edid; audio-conversion; DisplayPort; HDR; Analog audio; Audio breakout; DSP audio processing; USB-C power delivery; NDI; CEC control; IP / web control; IR control; Relay / I/O control; RS-232 control; EDID management; HDCP support,"HDMI; Audio / Control; Control; Signal management; EDID / re-clocking; Inline signal utility; signal-utility; edid; audio-conversion; DisplayPort; HDR; Analog audio; Audio breakout; DSP audio processing; USB-C power delivery; NDI; CEC control; IP / web control; IR control; Relay / I/O control; RS-232 control; EDID management; HDCP support; Control room; Problem-solving utility for HDMI, audio and control paths",HDMI; Audio / Control; DisplayPort; HDR; Analog audio; Audio breakout; DSP audio processing; USB-C power delivery; NDI; CEC control; IP / web control; IR control; Relay / I/O control; RS-232 control; EDID management; HDCP support; Audio; Control,"CON-H2-EDID; 4K60 In-line Signal Re-Clocker with EDID Management - WyreStorm; Product; Primary hardware; HDMI; Audio / Control; System controller / conditional-default; Control; Signal management; EDID / re-clocking; Inline signal utility; Signal conditioning, audio breakout or format management; signal-utility; edid; audio-conversion; DisplayPort; HDR; Analog audio; Audio breakout; DSP audio processing; USB-C power delivery; NDI; CEC control; IP / web control; IR control; Relay / I/O control; RS-232 control; EDID management; HDCP support; Control room; Problem-solving utility for HDMI, audio and control paths",
CON-H2-SCL,Yes,4K60 In-Line HDMI Scaler with Audio Breakout - WyreStorm,4K60 In-Line HDMI Scaler with Audio Breakout - WyreStorm,Audio / Control,System controller / conditional-default,Audio / Control,Audio / Control,system-controller,conditional-default,product-manager-profile:wyrestorm-product-manager-v1,"DISCONTINUED An essential tool when mixing 4K & 2K screens on the same distribution system, the CON-H2-SCL enables in-line scaling of HDMI content. An HDMI signal from a source device, DA or matrix is converted so that it can be accepted by the connected display. Via a powerful scaling chip, 4K/60 4:4:4 or 4:2:0 can be down-scaled to as low as 480P; likewise, content can be up-scaled to 4K/60 4:4:4. Set up & configuration is done using a simple PC tool which is part of WyreStorm Management Suite V1.6. The software...",Matrix; Switching; HDMI; Scaling; Multiview; Multi-view; Picture-in-Picture; PIP; Quad view; multi-window; multiple sources on one output; Seamless Scaling Matrix; Accessory; Audio / Control; Control; Signal management; Audio extraction / conversion; Inline signal utility; DisplayPort; HDR; Analog audio; Audio breakout; DSP audio processing; USB-C power delivery; SFP / fibre; IR control; RS-232 control; EDID management; HDCP support,Matrix; Switching; HDMI; Scaling; Multiview; Multi-view; Picture-in-Picture; PIP; Quad view; multi-window; multiple sources on one output; Seamless Scaling Matrix; Accessory; Audio / Control; signal-utility; audio-conversion; DisplayPort; HDR; Analog audio; Audio breakout; DSP audio processing; USB-C power delivery; SFP / fibre; IR control; RS-232 control; EDID management; HDCP support,"Matrix; Switching; HDMI; Scaling; Multiview; Multi-view; Picture-in-Picture; PIP; Quad view; multi-window; multiple sources on one output; Seamless Scaling Matrix; Accessory; Audio / Control; Control; Signal management; Audio extraction / conversion; Inline signal utility; signal-utility; audio-conversion; DisplayPort; HDR; Analog audio; Audio breakout; DSP audio processing; USB-C power delivery; SFP / fibre; IR control; RS-232 control; EDID management; HDCP support; Problem-solving utility for HDMI, audio and control paths",Matrix; Switching; HDMI; Scaling; Multiview; Multi-view; Picture-in-Picture; PIP; Quad view; multi-window; multiple sources on one output; Seamless Scaling Matrix; Accessory; DisplayPort; HDR; Analog audio; Audio breakout; DSP audio processing; USB-C power delivery; SFP / fibre; IR control; RS-232 control; EDID management; HDCP support; Audio; Control,"CON-H2-SCL; 4K60 In-Line HDMI Scaler with Audio Breakout - WyreStorm; Matrix Switcher; Seamless scaling matrix switcher; Matrix; Switching; HDMI; Scaling; Multiview; Multi-view; Picture-in-Picture; PIP; Quad view; multi-window; multiple sources on one output; Seamless Scaling Matrix; Accessory; Primary hardware; Control; Signal management; Audio extraction / conversion; Inline signal utility; Signal conditioning, audio breakout or format management; signal-utility; audio-conversion; DisplayPort; HDR; Analog audio; Audio breakout; DSP audio processing; USB-C power delivery; SFP / fibre; IR control; RS-232 control; EDID management; HDCP support; Problem-solving utility for HDMI, audio and control paths",
EX-100-G2,Yes,"4K HDBaseT Extender Set with Bi-directional PoC, IR, RS-232, and EDID Support - WyreStorm","4K HDBaseT Extender Set with Bi-directional PoC, IR, RS-232, and EDID Support - WyreStorm",Extender / HDBaseT,Endpoint hardware,Extender / HDBaseT,Extender / HDBaseT,endpoint-hardware,default,product-manager-profile:wyrestorm-product-manager-v1,"Unleash the full potential of your 4K HDMI devices with the EX-100-G2. This compact, plug-and-play solution extends high-quality video signals over a single Cat 5e/6/6A/7 cable, making it perfect for a wide range of applications from home theaters to corporate training environments. Say goodbye to cable clutter and hello to seamless, long-distance signal transmission.",HDBaseT; HDMI; Seamless Switching; Extender / HDBaseT; Extension; HDBaseT extender; Receiver; Signal extension endpoint; Analog audio; USB-C power delivery; CEC control; IR control; RS-232 control; EDID management; PoE / PoH / PoC,HDBaseT; HDMI; Seamless Switching; Extender / HDBaseT; extender; receiver; transmitter; Analog audio; USB-C power delivery; CEC control; IR control; RS-232 control; EDID management; PoE / PoH / PoC,"HDBaseT; HDMI; Seamless Switching; Extender / HDBaseT; Extension; HDBaseT extender; Receiver; Signal extension endpoint; extender; transmitter; Analog audio; USB-C power delivery; CEC control; IR control; RS-232 control; EDID management; PoE / PoH / PoC; Point-to-point extension; Long-distance video, USB, control and network transport",HDBaseT; HDMI; Seamless Switching; Extender / HDBaseT; Analog audio; USB-C power delivery; CEC control; IR control; RS-232 control; EDID management; PoE / PoH / PoC,"EX-100-G2; 4K HDBaseT Extender Set with Bi-directional PoC, IR, RS-232, and EDID Support - WyreStorm; Cable; Cable / request-only; HDBaseT; HDMI; Seamless Switching; Extender / HDBaseT; Endpoint hardware; Extension; HDBaseT extender; Receiver; Signal extension endpoint; Point-to-point extension; extender; transmitter; Analog audio; USB-C power delivery; CEC control; IR control; RS-232 control; EDID management; PoE / PoH / PoC; Long-distance video, USB, control and network transport",
EX-100-H2,Yes,100m 4K HDBaseT Extender with USB - WyreStorm,100m 4K HDBaseT Extender with USB - WyreStorm,Extender / HDBaseT,Endpoint hardware,Extender / HDBaseT,Extender / HDBaseT,endpoint-hardware,default,product-manager-profile:wyrestorm-product-manager-v1,"DISCONTINUED The EX-100-H2 uses the powerful HDBaseT 2.0 chipset to send along 4K, USB, PoH and HD audio up to 100m/328ft with a single Cat 6 cable. This extender hosts the perfect combination of features to give you the tools you need to set up your next conference or presentation. With separate audio lanes, you’re free to send audio independently to overlay your presentation. With data transfers in mind, the EX-100-H2 is equipped with the fastest USB hardware HDBaseT is currently capable of; USB 2.0 and up to 190...",HDBaseT; USB; Extender / HDBaseT; Extension; USB / KVM extender; Receiver; Signal extension endpoint; HDMI; HDR; Analog audio; DSP audio processing; USB 2.0; Ethernet / LAN; NDI; CEC control; IR control; RS-232 control; EDID management; HDCP support; PoE / PoH / PoC; Camera,HDBaseT; USB; Extender / HDBaseT; extender; usb-kvm; receiver; transmitter; HDMI; HDR; Analog audio; DSP audio processing; USB 2.0; Ethernet / LAN; NDI; CEC control; IR control; RS-232 control; EDID management; HDCP support; PoE / PoH / PoC; Camera,"HDBaseT; USB; Extender / HDBaseT; Extension; USB / KVM extender; Receiver; Signal extension endpoint; extender; usb-kvm; transmitter; HDMI; HDR; Analog audio; DSP audio processing; USB 2.0; Ethernet / LAN; NDI; CEC control; IR control; RS-232 control; EDID management; HDCP support; PoE / PoH / PoC; Camera; BYOM / UC; Point-to-point extension; Long-distance video, USB, control and network transport",HDBaseT; USB; Extender / HDBaseT; HDMI; HDR; Analog audio; DSP audio processing; USB 2.0; Ethernet / LAN; NDI; CEC control; IR control; RS-232 control; EDID management; HDCP support; PoE / PoH / PoC; Camera,"EX-100-H2; 100m 4K HDBaseT Extender with USB - WyreStorm; Cable; Cable / request-only; HDBaseT; USB; Extender / HDBaseT; Endpoint hardware; Extension; USB / KVM extender; Receiver; Signal extension endpoint; Point-to-point extension; extender; usb-kvm; transmitter; HDMI; HDR; Analog audio; DSP audio processing; USB 2.0; Ethernet / LAN; NDI; CEC control; IR control; RS-232 control; EDID management; HDCP support; PoE / PoH / PoC; Camera; BYOM / UC; Long-distance video, USB, control and network transport",
EX-100-H2-EARC,Yes,100m 4K60 AVX Extender with eARC - WyreStorm,100m 4K60 AVX Extender with eARC - WyreStorm,Extender / HDBaseT,Endpoint hardware,Extender / HDBaseT,Extender / HDBaseT,endpoint-hardware,default,product-manager-profile:wyrestorm-product-manager-v1,"Extend 18Gbps A/V signals up to 100 meters with the EX-100-H2-EARC. This extender uses AVX technology, a similar transmission that is found inside our powerful NetworkHD 600 series, to send 4K HDR and Dolby Vision content at 60Hz. Compatible with eARC, you can transmit audio signals such as Dolby TrueHD/Atmos and DTS-HD MA 7.1 signals from a smart TV back to an eARC enabled AVR or soundbar. Flexible control passthrough options including IR, RS-232 and LAN allow you control a display and get devices connected over l...",AVoIP; NetworkHD; Extender / HDBaseT; Extension; HDBaseT extender; Receiver; Signal extension endpoint; HDBaseT; HDMI; HDR; Analog audio; Audio breakout; DSP audio processing; USB-C power delivery; Ethernet / LAN; NetworkHD AV over IP; CEC control; IR control; RS-232 control; EDID management; HDCP support; PoE / PoH / PoC,AVoIP; NetworkHD; Extender / HDBaseT; extender; receiver; transmitter; HDBaseT; HDMI; HDR; Analog audio; Audio breakout; DSP audio processing; USB-C power delivery; Ethernet / LAN; NetworkHD AV over IP; CEC control; IR control; RS-232 control; EDID management; HDCP support; PoE / PoH / PoC,"AVoIP; NetworkHD; Extender / HDBaseT; Extension; HDBaseT extender; Receiver; Signal extension endpoint; extender; transmitter; HDBaseT; HDMI; HDR; Analog audio; Audio breakout; DSP audio processing; USB-C power delivery; Ethernet / LAN; NetworkHD AV over IP; CEC control; IR control; RS-232 control; EDID management; HDCP support; PoE / PoH / PoC; Point-to-point extension; Long-distance video, USB, control and network transport",AVoIP; NetworkHD; Extender / HDBaseT; HDBaseT; HDMI; HDR; Analog audio; Audio breakout; DSP audio processing; USB-C power delivery; Ethernet / LAN; NetworkHD AV over IP; CEC control; IR control; RS-232 control; EDID management; HDCP support; PoE / PoH / PoC,"EX-100-H2-EARC; 100m 4K60 AVX Extender with eARC - WyreStorm; NetworkHD AVoIP; AVoIP endpoint / system component; AVoIP; NetworkHD; Extender / HDBaseT; Endpoint hardware; Extension; HDBaseT extender; Receiver; Signal extension endpoint; Point-to-point extension; extender; transmitter; HDBaseT; HDMI; HDR; Analog audio; Audio breakout; DSP audio processing; USB-C power delivery; Ethernet / LAN; NetworkHD AV over IP; CEC control; IR control; RS-232 control; EDID management; HDCP support; PoE / PoH / PoC; Long-distance video, USB, control and network transport",
EX-100-IW-USBC,Yes,100m USB 3.2 Single Gang In-Wall HDBT-USB3 Transmitter and Receiver Kit - WyreStorm,100m USB 3.2 Single Gang In-Wall HDBT-USB3 Transmitter and Receiver Kit - WyreStorm,Extender / HDBaseT,Endpoint hardware,Extender / HDBaseT,Extender / HDBaseT,endpoint-hardware,default,product-manager-profile:wyrestorm-product-manager-v1,"A versatile and powerful solution for extending your USB connectivity. Engineered to support the latest USB 3.2 Gen 1 standard, this extender offers rapid data transfer speeds of up to 5Gbps, ideal for a variety of high-performance USB peripherals. Its four-port design allows for simultaneous connection of multiple devices. With a remarkable capability to extend USB signals up to 100 meters, it ensures reliable, long-distance connectivity in a convenient form factor.",USB-C; USB; Extender / HDBaseT; Extension; USB / KVM extender; Receiver; Signal extension endpoint; HDBaseT; USB-C video input; USB 3.x; USB routing / switching; USB-C power delivery; Ethernet / LAN; NDI; IP / web control; IR control; In-wall installation,USB-C; USB; Extender / HDBaseT; extender; usb-kvm; receiver; transmitter; HDBaseT; USB-C video input; USB 3.x; USB routing / switching; USB-C power delivery; Ethernet / LAN; NDI; IP / web control; IR control; In-wall installation,"USB-C; USB; Extender / HDBaseT; Extension; USB / KVM extender; Receiver; Signal extension endpoint; extender; usb-kvm; transmitter; HDBaseT; USB-C video input; USB 3.x; USB routing / switching; USB-C power delivery; Ethernet / LAN; NDI; IP / web control; IR control; In-wall installation; Point-to-point extension; Long-distance video, USB, control and network transport",USB-C; USB; Extender / HDBaseT; HDBaseT; USB-C video input; USB 3.x; USB routing / switching; USB-C power delivery; Ethernet / LAN; NDI; IP / web control; IR control; In-wall installation,"EX-100-IW-USBC; 100m USB 3.2 Single Gang In-Wall HDBT-USB3 Transmitter and Receiver Kit - WyreStorm; Product; Primary hardware; USB-C; USB; Extender / HDBaseT; Endpoint hardware; Extension; USB / KVM extender; Receiver; Signal extension endpoint; Point-to-point extension; extender; usb-kvm; transmitter; HDBaseT; USB-C video input; USB 3.x; USB routing / switching; USB-C power delivery; Ethernet / LAN; NDI; IP / web control; IR control; In-wall installation; Long-distance video, USB, control and network transport",
EX-100-KVM,Yes,WyreStorm EX-100-KVM 4K HDMI & USB KVM Extender over HDBaseT,WyreStorm EX-100-KVM 4K HDMI & USB KVM Extender over HDBaseT,Extender / HDBaseT,Endpoint hardware,Extender / HDBaseT,Extender / HDBaseT,endpoint-hardware,default,product-manager-profile:wyrestorm-product-manager-v1,"WyreStorm EX-100-KVM extends 4K HDMI, USB 2.0, audio, and control up to 100m over Cat6. Ideal for meeting rooms, classrooms, and control centers.",HDBaseT; USB; HDMI; Extender / HDBaseT; Extension; USB / KVM extender; Endpoint; Signal extension endpoint; HDMI 2.1 / 8K; Analog audio; Audio breakout; KVM / USB extension; USB 2.0; USB 3.x; USB routing / switching; Ethernet / LAN; IR control; RS-232 control; HDCP support,HDBaseT; USB; HDMI; Extender / HDBaseT; extender; usb-kvm; HDMI 2.1 / 8K; Analog audio; Audio breakout; KVM / USB extension; USB 2.0; USB 3.x; USB routing / switching; Ethernet / LAN; IR control; RS-232 control; HDCP support,"HDBaseT; USB; HDMI; Extender / HDBaseT; Extension; USB / KVM extender; Endpoint; Signal extension endpoint; extender; usb-kvm; HDMI 2.1 / 8K; Analog audio; Audio breakout; KVM / USB extension; USB 2.0; USB 3.x; USB routing / switching; Ethernet / LAN; IR control; RS-232 control; HDCP support; Meeting room; Classroom / lecture; Point-to-point extension; Long-distance video, USB, control and network transport",HDBaseT; USB; HDMI; Extender / HDBaseT; HDMI 2.1 / 8K; Analog audio; Audio breakout; KVM / USB extension; USB 2.0; USB 3.x; USB routing / switching; Ethernet / LAN; IR control; RS-232 control; HDCP support,"EX-100-KVM; WyreStorm EX-100-KVM 4K HDMI & USB KVM Extender over HDBaseT; Product; Primary hardware; HDBaseT; USB; HDMI; Extender / HDBaseT; Endpoint hardware; Extension; USB / KVM extender; Endpoint; Signal extension endpoint; Point-to-point extension; extender; usb-kvm; HDMI 2.1 / 8K; Analog audio; Audio breakout; KVM / USB extension; USB 2.0; USB 3.x; USB routing / switching; Ethernet / LAN; IR control; RS-232 control; HDCP support; Meeting room; Classroom / lecture; Long-distance video, USB, control and network transport",
EX-100-KVM-8K,Yes,"100m HDMI 2.1 8K HDBaseT Extender with RS-232 Passthrough, Audio De-embed and USB 2.0 Extension - WyreStorm","100m HDMI 2.1 8K HDBaseT Extender with RS-232 Passthrough, Audio De-embed and USB 2.0 Extension - WyreStorm",Extender / HDBaseT,Endpoint hardware,Extender / HDBaseT,Extender / HDBaseT,endpoint-hardware,default,product-manager-profile:wyrestorm-product-manager-v1,"The EX-100-KVM-8K KVM Extender is a high-performance connectivity solution designed for multi-media conference halls and professional A/V environments, capable of extending HDMI 2.1 and USB 2.0 signals up to 100 meters (330 feet) over a single Cat6/6a/7 cable using HDBaseT. It supports ultra-high-definition video up to 8K@30Hz (or 8K@60Hz 4:2:0) and 4K@120Hz (4:4:4), with visually lossless VESA Display Stream Compression (DSC) ensuring signal quality. The system includes both a Transmitter (TX) and a Receiver (RX)...",HDBaseT; USB; HDMI; Extender / HDBaseT; Extension; USB / KVM extender; Receiver; Signal extension endpoint; HDMI 2.1 / 8K; Analog audio; Audio breakout; KVM / USB extension; USB 2.0; NDI; IR control; RS-232 control; HDCP support; PoE / PoH / PoC,HDBaseT; USB; HDMI; Extender / HDBaseT; extender; usb-kvm; receiver; transmitter; HDMI 2.1 / 8K; Analog audio; Audio breakout; KVM / USB extension; USB 2.0; NDI; IR control; RS-232 control; HDCP support; PoE / PoH / PoC,"HDBaseT; USB; HDMI; Extender / HDBaseT; Extension; USB / KVM extender; Receiver; Signal extension endpoint; extender; usb-kvm; transmitter; HDMI 2.1 / 8K; Analog audio; Audio breakout; KVM / USB extension; USB 2.0; NDI; IR control; RS-232 control; HDCP support; PoE / PoH / PoC; BYOM / UC; Point-to-point extension; Long-distance video, USB, control and network transport",HDBaseT; USB; HDMI; Extender / HDBaseT; HDMI 2.1 / 8K; Analog audio; Audio breakout; KVM / USB extension; USB 2.0; NDI; IR control; RS-232 control; HDCP support; PoE / PoH / PoC,"EX-100-KVM-8K; 100m HDMI 2.1 8K HDBaseT Extender with RS-232 Passthrough, Audio De-embed and USB 2.0 Extension - WyreStorm; Cable; Cable / request-only; HDBaseT; USB; HDMI; Extender / HDBaseT; Endpoint hardware; Extension; USB / KVM extender; Receiver; Signal extension endpoint; Point-to-point extension; extender; usb-kvm; transmitter; HDMI 2.1 / 8K; Analog audio; Audio breakout; KVM / USB extension; USB 2.0; NDI; IR control; RS-232 control; HDCP support; PoE / PoH / PoC; BYOM / UC; Long-distance video, USB, control and network transport",
EX-100-KVM-IP,Yes,4K 30Hz KVM Extender over IP | EX-100-KVM-IP - WyreStorm,4K 30Hz KVM Extender over IP | EX-100-KVM-IP - WyreStorm,Extender / HDBaseT,Endpoint hardware,Extender / HDBaseT,Extender / HDBaseT,endpoint-hardware,default,product-manager-profile:wyrestorm-product-manager-v1,"Buy the WyreStorm EX-100-KVM-IP 4K KVM over IP extender to control computers and AV systems over networks with ultra-clear 4K video, USB device support, low latency, and secure remote management for pro AV and IT installations.",USB; Extender / HDBaseT; Extension; USB / KVM extender; Receiver; Signal extension endpoint; HDBaseT; HDMI; KVM / USB extension; USB 2.0; USB routing / switching; Ethernet / LAN; EDID management; HDCP support,USB; Extender / HDBaseT; extender; usb-kvm; receiver; HDBaseT; HDMI; KVM / USB extension; USB 2.0; USB routing / switching; Ethernet / LAN; EDID management; HDCP support,"USB; Extender / HDBaseT; Extension; USB / KVM extender; Receiver; Signal extension endpoint; extender; usb-kvm; HDBaseT; HDMI; KVM / USB extension; USB 2.0; USB routing / switching; Ethernet / LAN; EDID management; HDCP support; Point-to-point extension; Long-distance video, USB, control and network transport",USB; Extender / HDBaseT; HDBaseT; HDMI; KVM / USB extension; USB 2.0; USB routing / switching; Ethernet / LAN; EDID management; HDCP support,"EX-100-KVM-IP; 4K 30Hz KVM Extender over IP | EX-100-KVM-IP - WyreStorm; Product; Primary hardware; USB; Extender / HDBaseT; Endpoint hardware; Extension; USB / KVM extender; Receiver; Signal extension endpoint; Point-to-point extension; extender; usb-kvm; HDBaseT; HDMI; KVM / USB extension; USB 2.0; USB routing / switching; Ethernet / LAN; EDID management; HDCP support; Long-distance video, USB, control and network transport",
EX-100-USB3,Yes,USB 3.0 Extender | EX-100-USB3 Gen 1 Standard - WyreStorm,USB 3.0 Extender | EX-100-USB3 Gen 1 Standard - WyreStorm,Extender / HDBaseT,Endpoint hardware,Extender / HDBaseT,Extender / HDBaseT,endpoint-hardware,default,product-manager-profile:wyrestorm-product-manager-v1,"Buy the WyreStorm EX-100-USB3 4K USB 3.0 and HDMI extender to extend high-speed USB and 4K video over long distances with low latency, reliable performance, and seamless USB device support for pro AV, conferencing, and IT setups.",USB; HDMI; Seamless Switching; Extender / HDBaseT; Extension; USB / KVM extender; Endpoint; Signal extension endpoint; HDBaseT; USB 3.x; USB routing / switching; Ethernet / LAN,USB; HDMI; Seamless Switching; Extender / HDBaseT; extender; usb-kvm; HDBaseT; USB 3.x; USB routing / switching; Ethernet / LAN,"USB; HDMI; Seamless Switching; Extender / HDBaseT; Extension; USB / KVM extender; Endpoint; Signal extension endpoint; extender; usb-kvm; HDBaseT; USB 3.x; USB routing / switching; Ethernet / LAN; Point-to-point extension; Long-distance video, USB, control and network transport",USB; HDMI; Seamless Switching; Extender / HDBaseT; HDBaseT; USB 3.x; USB routing / switching; Ethernet / LAN,"EX-100-USB3; USB 3.0 Extender | EX-100-USB3 Gen 1 Standard - WyreStorm; Product; Primary hardware; USB; HDMI; Seamless Switching; Extender / HDBaseT; Endpoint hardware; Extension; USB / KVM extender; Endpoint; Signal extension endpoint; Point-to-point extension; extender; usb-kvm; HDBaseT; USB 3.x; USB routing / switching; Ethernet / LAN; Long-distance video, USB, control and network transport",
EX-35-8K,Yes,"35m HDMI 2.1 8K HDBaseT Extender with IR/RS-232 Passthrough, Audio De-embed, and Bi-directional PoH - WyreStorm","35m HDMI 2.1 8K HDBaseT Extender with IR/RS-232 Passthrough, Audio De-embed, and Bi-directional PoH - WyreStorm",Extender / HDBaseT,Endpoint hardware,Extender / HDBaseT,Extender / HDBaseT,endpoint-hardware,default,product-manager-profile:wyrestorm-product-manager-v1,"The EX-35-8K is a robust solution for extending high-bandwidth video and control signals for residential and corporate installations. It’s features include support for cutting-edge HDMI 2.1 resolutions, delivering 8K@30Hz (or 8K@60Hz 4:2:0) and 4K@120Hz (4:4:4) video up to 35m over a single Cat5e/6 cable, or up to 40m over Cat6a/7, ensuring future-proof performance with a 40Gbps data rate and HDCP 2.3 compliance. Installation is simplified through Bi-direction PoC (Power over Cable), requiring only one power adapte...",HDBaseT; HDMI; Extender / HDBaseT; Extension; HDBaseT extender; Receiver; Signal extension endpoint; HDMI 2.1 / 8K; Analog audio; Audio breakout; DSP audio processing; Ethernet / LAN; NDI; IR control; RS-232 control; HDCP support; PoE / PoH / PoC,HDBaseT; HDMI; Extender / HDBaseT; extender; receiver; HDMI 2.1 / 8K; Analog audio; Audio breakout; DSP audio processing; Ethernet / LAN; NDI; IR control; RS-232 control; HDCP support; PoE / PoH / PoC,"HDBaseT; HDMI; Extender / HDBaseT; Extension; HDBaseT extender; Receiver; Signal extension endpoint; extender; HDMI 2.1 / 8K; Analog audio; Audio breakout; DSP audio processing; Ethernet / LAN; NDI; IR control; RS-232 control; HDCP support; PoE / PoH / PoC; Point-to-point extension; Long-distance video, USB, control and network transport",HDBaseT; HDMI; Extender / HDBaseT; HDMI 2.1 / 8K; Analog audio; Audio breakout; DSP audio processing; Ethernet / LAN; NDI; IR control; RS-232 control; HDCP support; PoE / PoH / PoC,"EX-35-8K; 35m HDMI 2.1 8K HDBaseT Extender with IR/RS-232 Passthrough, Audio De-embed, and Bi-directional PoH - WyreStorm; Cable; Cable / request-only; HDBaseT; HDMI; Extender / HDBaseT; Endpoint hardware; Extension; HDBaseT extender; Receiver; Signal extension endpoint; Point-to-point extension; extender; HDMI 2.1 / 8K; Analog audio; Audio breakout; DSP audio processing; Ethernet / LAN; NDI; IR control; RS-232 control; HDCP support; PoE / PoH / PoC; Long-distance video, USB, control and network transport",
EX-35-H2,Yes,35m 4K60 HDBaseT Extender - WyreStorm,35m 4K60 HDBaseT Extender - WyreStorm,Extender / HDBaseT,Endpoint hardware,Extender / HDBaseT,Extender / HDBaseT,endpoint-hardware,default,product-manager-profile:wyrestorm-product-manager-v1,"Part of the latest generation of WyreStorm 4K extenders for the latest generation of 4K HDR content, the EX-35-H2 features dynamic compression technology to enable high frame rate HDR-10 and HLG content to be transmitted over standard 10Gbps HDBaseT, both visually losslessly and without latency.",HDBaseT; Extender / HDBaseT; Extension; HDBaseT extender; Receiver; Signal extension endpoint; HDMI; HDR; Analog audio; DSP audio processing; USB 3.x; USB-C power delivery; NDI; CEC control; IR control; RS-232 control; EDID management; HDCP support; PoE / PoH / PoC,HDBaseT; Extender / HDBaseT; extender; receiver; transmitter; HDMI; HDR; Analog audio; DSP audio processing; USB 3.x; USB-C power delivery; NDI; CEC control; IR control; RS-232 control; EDID management; HDCP support; PoE / PoH / PoC,"HDBaseT; Extender / HDBaseT; Extension; HDBaseT extender; Receiver; Signal extension endpoint; extender; transmitter; HDMI; HDR; Analog audio; DSP audio processing; USB 3.x; USB-C power delivery; NDI; CEC control; IR control; RS-232 control; EDID management; HDCP support; PoE / PoH / PoC; Point-to-point extension; Long-distance video, USB, control and network transport",HDBaseT; Extender / HDBaseT; HDMI; HDR; Analog audio; DSP audio processing; USB 3.x; USB-C power delivery; NDI; CEC control; IR control; RS-232 control; EDID management; HDCP support; PoE / PoH / PoC,"EX-35-H2; 35m 4K60 HDBaseT Extender - WyreStorm; Product; Primary hardware; HDBaseT; Extender / HDBaseT; Endpoint hardware; Extension; HDBaseT extender; Receiver; Signal extension endpoint; Point-to-point extension; extender; transmitter; HDMI; HDR; Analog audio; DSP audio processing; USB 3.x; USB-C power delivery; NDI; CEC control; IR control; RS-232 control; EDID management; HDCP support; PoE / PoH / PoC; Long-distance video, USB, control and network transport",
EX-35-H2-ARC,Yes,ARC HDMI Extender - EX-35-H2-ARC 18Gbps 4K HDR HDBaseT Extender - WyreStorm,ARC HDMI Extender - EX-35-H2-ARC 18Gbps 4K HDR HDBaseT Extender - WyreStorm,Extender / HDBaseT,Endpoint hardware,Extender / HDBaseT,Extender / HDBaseT,endpoint-hardware,default,product-manager-profile:wyrestorm-product-manager-v1,"Buy the WyreStorm EX-35-H2-ARC HDMI/HDBaseT extender to transmit 4K HDR video and audio over long distances, with ARC support, reliable signal performance, and professional-grade AV quality for commercial installations.",HDBaseT; HDMI; Extender / HDBaseT; Extension; HDBaseT extender; Receiver; Signal extension endpoint; HDR; Analog audio; Audio breakout; DSP audio processing; USB-C power delivery; NDI; SFP / fibre; CEC control; IR control; RS-232 control; EDID management; HDCP support; PoE / PoH / PoC,HDBaseT; HDMI; Extender / HDBaseT; extender; receiver; transmitter; HDR; Analog audio; Audio breakout; DSP audio processing; USB-C power delivery; NDI; SFP / fibre; CEC control; IR control; RS-232 control; EDID management; HDCP support; PoE / PoH / PoC,"HDBaseT; HDMI; Extender / HDBaseT; Extension; HDBaseT extender; Receiver; Signal extension endpoint; extender; transmitter; HDR; Analog audio; Audio breakout; DSP audio processing; USB-C power delivery; NDI; SFP / fibre; CEC control; IR control; RS-232 control; EDID management; HDCP support; PoE / PoH / PoC; Point-to-point extension; Long-distance video, USB, control and network transport",HDBaseT; HDMI; Extender / HDBaseT; HDR; Analog audio; Audio breakout; DSP audio processing; USB-C power delivery; NDI; SFP / fibre; CEC control; IR control; RS-232 control; EDID management; HDCP support; PoE / PoH / PoC,"EX-35-H2-ARC; ARC HDMI Extender - EX-35-H2-ARC 18Gbps 4K HDR HDBaseT Extender - WyreStorm; Product; Primary hardware; HDBaseT; HDMI; Extender / HDBaseT; Endpoint hardware; Extension; HDBaseT extender; Receiver; Signal extension endpoint; Point-to-point extension; extender; transmitter; HDR; Analog audio; Audio breakout; DSP audio processing; USB-C power delivery; NDI; SFP / fibre; CEC control; IR control; RS-232 control; EDID management; HDCP support; PoE / PoH / PoC; Long-distance video, USB, control and network transport",
EX-40-G3,Yes,40m 1080p UTP Extender - WyreStorm,40m 1080p UTP Extender - WyreStorm,Extender / HDBaseT,Endpoint hardware,Extender / HDBaseT,Extender / HDBaseT,endpoint-hardware,default,product-manager-profile:wyrestorm-product-manager-v1,"With the low-profile point-to-point EX-40-G3 extender set, it’s never been easier to extend full 1080p HD video over a Cat6 cable; HD audio is also supported. Plus, IR source control and PoC (Power-over-Cable) all wrapped up in a compact chassis for unbeatable value, reliability and ease of installation.",Extender / HDBaseT; Extension; USB / KVM extender; Receiver; Signal extension endpoint; HDBaseT; HDMI; IR control; EDID management; HDCP support; PoE / PoH / PoC,Extender / HDBaseT; extender; usb-kvm; receiver; transmitter; HDBaseT; HDMI; IR control; EDID management; HDCP support; PoE / PoH / PoC,"Extender / HDBaseT; Extension; USB / KVM extender; Receiver; Signal extension endpoint; extender; usb-kvm; transmitter; HDBaseT; HDMI; IR control; EDID management; HDCP support; PoE / PoH / PoC; Point-to-point extension; Long-distance video, USB, control and network transport",Extender / HDBaseT; HDBaseT; HDMI; IR control; EDID management; HDCP support; PoE / PoH / PoC; USB,"EX-40-G3; 40m 1080p UTP Extender - WyreStorm; Cable; Cable / request-only; Extender / HDBaseT; Endpoint hardware; Extension; USB / KVM extender; Receiver; Signal extension endpoint; Point-to-point extension; extender; usb-kvm; transmitter; HDBaseT; HDMI; IR control; EDID management; HDCP support; PoE / PoH / PoC; Long-distance video, USB, control and network transport",
EX-40-H2-ARC,Yes,40m 4K HDBaseT Extender with ARC and Audio Breakout - WyreStorm,40m 4K HDBaseT Extender with ARC and Audio Breakout - WyreStorm,Extender / HDBaseT,Endpoint hardware,Extender / HDBaseT,Extender / HDBaseT,endpoint-hardware,default,product-manager-profile:wyrestorm-product-manager-v1,"The EX-40-H2-ARC is a 4K60 4:4:4 HDBaseT 2.0 extender designed for residential applications that demand audio return flexibility. Featuring ARC and S/PDIF pathways from RX to TX and analog audio breakout from the HDMI input, this unit is the perfect fit for installations involving modern TVs and legacy audio systems.",HDBaseT; HDMI; Extender / HDBaseT; Extension; HDBaseT extender; Receiver; Signal extension endpoint; HDMI 2.1 / 8K; HDR; Analog audio; Audio breakout; USB-C power delivery; CEC control; IR control; RS-232 control; EDID management; HDCP support,HDBaseT; HDMI; Extender / HDBaseT; extender; receiver; transmitter; HDMI 2.1 / 8K; HDR; Analog audio; Audio breakout; USB-C power delivery; CEC control; IR control; RS-232 control; EDID management; HDCP support,"HDBaseT; HDMI; Extender / HDBaseT; Extension; HDBaseT extender; Receiver; Signal extension endpoint; extender; transmitter; HDMI 2.1 / 8K; HDR; Analog audio; Audio breakout; USB-C power delivery; CEC control; IR control; RS-232 control; EDID management; HDCP support; Point-to-point extension; Long-distance video, USB, control and network transport",HDBaseT; HDMI; Extender / HDBaseT; HDMI 2.1 / 8K; HDR; Analog audio; Audio breakout; USB-C power delivery; CEC control; IR control; RS-232 control; EDID management; HDCP support,"EX-40-H2-ARC; 40m 4K HDBaseT Extender with ARC and Audio Breakout - WyreStorm; Product; Primary hardware; HDBaseT; HDMI; Extender / HDBaseT; Endpoint hardware; Extension; HDBaseT extender; Receiver; Signal extension endpoint; Point-to-point extension; extender; transmitter; HDMI 2.1 / 8K; HDR; Analog audio; Audio breakout; USB-C power delivery; CEC control; IR control; RS-232 control; EDID management; HDCP support; Long-distance video, USB, control and network transport",
EX-40-KVM-5K,Yes,5K30Hz HDBT 3.0 Box to Box Extender Kit - WyreStorm,5K30Hz HDBT 3.0 Box to Box Extender Kit - WyreStorm,Extender / HDBaseT,Endpoint hardware,Extender / HDBaseT,Extender / HDBaseT,endpoint-hardware,default,product-manager-profile:wyrestorm-product-manager-v1,"EX-40-KVM-5K is an HDBT 3.0 extender kit that delivers uncompressed video up to 5K@30Hz and 5120x1440@60Hz, with full support for 4K@60Hz 4:4:4 and all HDR formats. It supports USB 2.0 pass-through with 1x USB-B on TX and 4 x USB-A on RX, making it ideal for KVM applications. Audio features include HDMI audio format support, analog audio pass-through from TX to RX, and de-embedding on both ends. An HDMI loop-out is provided on the TX for local preview. RS-232 port functions are configurable via DIP switch for contr...",USB; HDMI; Extender / HDBaseT; Extension; USB / KVM extender; Receiver; Signal extension endpoint; HDBaseT; HDBaseT 3.0; HDR; Analog audio; Audio breakout; KVM / USB extension; USB 2.0; USB-C power delivery; CEC control; RS-232 control; EDID management; HDCP support; PoE / PoH / PoC,USB; HDMI; Extender / HDBaseT; extender; usb-kvm; receiver; transmitter; HDBaseT; HDBaseT 3.0; HDR; Analog audio; Audio breakout; KVM / USB extension; USB 2.0; USB-C power delivery; CEC control; RS-232 control; EDID management; HDCP support; PoE / PoH / PoC,"USB; HDMI; Extender / HDBaseT; Extension; USB / KVM extender; Receiver; Signal extension endpoint; extender; usb-kvm; transmitter; HDBaseT; HDBaseT 3.0; HDR; Analog audio; Audio breakout; KVM / USB extension; USB 2.0; USB-C power delivery; CEC control; RS-232 control; EDID management; HDCP support; PoE / PoH / PoC; Point-to-point extension; Long-distance video, USB, control and network transport",USB; HDMI; Extender / HDBaseT; HDBaseT; HDBaseT 3.0; HDR; Analog audio; Audio breakout; KVM / USB extension; USB 2.0; USB-C power delivery; CEC control; RS-232 control; EDID management; HDCP support; PoE / PoH / PoC,"EX-40-KVM-5K; 5K30Hz HDBT 3.0 Box to Box Extender Kit - WyreStorm; Product; Primary hardware; USB; HDMI; Extender / HDBaseT; Endpoint hardware; Extension; USB / KVM extender; Receiver; Signal extension endpoint; Point-to-point extension; extender; usb-kvm; transmitter; HDBaseT; HDBaseT 3.0; HDR; Analog audio; Audio breakout; KVM / USB extension; USB 2.0; USB-C power delivery; CEC control; RS-232 control; EDID management; HDCP support; PoE / PoH / PoC; Long-distance video, USB, control and network transport",
EX-60-USB2,Yes,EX-60-USB2 USB 2.0 Extender over Cat6 with 4-Port Hub,EX-60-USB2 USB 2.0 Extender over Cat6 with 4-Port Hub,Extender / HDBaseT,Endpoint hardware,Extender / HDBaseT,Extender / HDBaseT,endpoint-hardware,default,product-manager-profile:wyrestorm-product-manager-v1,"Discover the WyreStorm EX-60-USB2 USB 2.0 extender kit. Extend USB signals up to 60m over Cat6/6a/7 with 480Mbps data transfer, built-in 4-port USB hub, one-way PoC, and plug-and-play installation. Ideal for conferencing, surveillance, gaming, and office setups.",USB; Extender / HDBaseT; Extension; USB / KVM extender; Receiver; Signal extension endpoint; HDBaseT; KVM / USB extension; USB 2.0; Ethernet / LAN; IR control; PoE / PoH / PoC,USB; Extender / HDBaseT; extender; usb-kvm; receiver; transmitter; HDBaseT; KVM / USB extension; USB 2.0; Ethernet / LAN; IR control; PoE / PoH / PoC,"USB; Extender / HDBaseT; Extension; USB / KVM extender; Receiver; Signal extension endpoint; extender; usb-kvm; transmitter; HDBaseT; KVM / USB extension; USB 2.0; Ethernet / LAN; IR control; PoE / PoH / PoC; Point-to-point extension; Long-distance video, USB, control and network transport",USB; Extender / HDBaseT; HDBaseT; KVM / USB extension; USB 2.0; Ethernet / LAN; IR control; PoE / PoH / PoC,"EX-60-USB2; EX-60-USB2 USB 2.0 Extender over Cat6 with 4-Port Hub; Product; Primary hardware; USB; Extender / HDBaseT; Endpoint hardware; Extension; USB / KVM extender; Receiver; Signal extension endpoint; Point-to-point extension; extender; usb-kvm; transmitter; HDBaseT; KVM / USB extension; USB 2.0; Ethernet / LAN; IR control; PoE / PoH / PoC; Long-distance video, USB, control and network transport",
EX-70-G2,Yes,EX-70-G2 4K HDBaseT Extender Set with HDCP 2.2 & 2-way PoH - WyreStorm,EX-70-G2 4K HDBaseT Extender Set with HDCP 2.2 & 2-way PoH - WyreStorm,Extender / HDBaseT,Endpoint hardware,Extender / HDBaseT,Extender / HDBaseT,endpoint-hardware,default,product-manager-profile:wyrestorm-product-manager-v1,"Extend 4K UHD and 1080p HDMI signals up to 35m/115ft (4K) and 70m/230ft (1080p) with the WyreStorm EX-70-G2 HDMI/HDBaseT extender set, featuring bi-directional IR, RS-232, CEC pass-through, and flexible PoH power options for pro AV installations.",HDBaseT; HDMI; Extender / HDBaseT; Extension; HDBaseT extender; Receiver; Signal extension endpoint; Analog audio; NDI; CEC control; IR control; RS-232 control; EDID management; HDCP support; PoE / PoH / PoC,HDBaseT; HDMI; Extender / HDBaseT; extender; receiver; transmitter; Analog audio; NDI; CEC control; IR control; RS-232 control; EDID management; HDCP support; PoE / PoH / PoC,"HDBaseT; HDMI; Extender / HDBaseT; Extension; HDBaseT extender; Receiver; Signal extension endpoint; extender; transmitter; Analog audio; NDI; CEC control; IR control; RS-232 control; EDID management; HDCP support; PoE / PoH / PoC; Point-to-point extension; Long-distance video, USB, control and network transport",HDBaseT; HDMI; Extender / HDBaseT; Analog audio; NDI; CEC control; IR control; RS-232 control; EDID management; HDCP support; PoE / PoH / PoC,"EX-70-G2; EX-70-G2 4K HDBaseT Extender Set with HDCP 2.2 & 2-way PoH - WyreStorm; Product; Primary hardware; HDBaseT; HDMI; Extender / HDBaseT; Endpoint hardware; Extension; HDBaseT extender; Receiver; Signal extension endpoint; Point-to-point extension; extender; transmitter; Analog audio; NDI; CEC control; IR control; RS-232 control; EDID management; HDCP support; PoE / PoH / PoC; Long-distance video, USB, control and network transport",
EX-70-H2,Yes,4K HDBaseT Extender – High-Quality Video and Audio Transmission,4K HDBaseT Extender – High-Quality Video and Audio Transmission,Extender / HDBaseT,Endpoint hardware,Extender / HDBaseT,Extender / HDBaseT,endpoint-hardware,default,product-manager-profile:wyrestorm-product-manager-v1,4K HDBaseT Extender for seamless video and audio transmission over long distances. Ideal for home theater and commercial setups. Enhance your AV experience.,HDBaseT; Seamless Switching; Extender / HDBaseT; Extension; HDBaseT extender; Receiver; Signal extension endpoint; HDMI; HDR; DSP audio processing; USB-C power delivery; Ethernet / LAN; NDI; CEC control; IR control; RS-232 control; EDID management; HDCP support; PoE / PoH / PoC,HDBaseT; Seamless Switching; Extender / HDBaseT; extender; receiver; transmitter; HDMI; HDR; DSP audio processing; USB-C power delivery; Ethernet / LAN; NDI; CEC control; IR control; RS-232 control; EDID management; HDCP support; PoE / PoH / PoC,"HDBaseT; Seamless Switching; Extender / HDBaseT; Extension; HDBaseT extender; Receiver; Signal extension endpoint; extender; transmitter; HDMI; HDR; DSP audio processing; USB-C power delivery; Ethernet / LAN; NDI; CEC control; IR control; RS-232 control; EDID management; HDCP support; PoE / PoH / PoC; Point-to-point extension; Long-distance video, USB, control and network transport",HDBaseT; Seamless Switching; Extender / HDBaseT; HDMI; HDR; DSP audio processing; USB-C power delivery; Ethernet / LAN; NDI; CEC control; IR control; RS-232 control; EDID management; HDCP support; PoE / PoH / PoC,"EX-70-H2; 4K HDBaseT Extender – High-Quality Video and Audio Transmission; Product; Primary hardware; HDBaseT; Seamless Switching; Extender / HDBaseT; Endpoint hardware; Extension; HDBaseT extender; Receiver; Signal extension endpoint; Point-to-point extension; extender; transmitter; HDMI; HDR; DSP audio processing; USB-C power delivery; Ethernet / LAN; NDI; CEC control; IR control; RS-232 control; EDID management; HDCP support; PoE / PoH / PoC; Long-distance video, USB, control and network transport",
EX-70-H2C,Yes,EX-70-H2C 70m 4K HDMI Extender over Cat6 with ARC,EX-70-H2C 70m 4K HDMI Extender over Cat6 with ARC,Extender / HDBaseT,Endpoint hardware,Extender / HDBaseT,Extender / HDBaseT,endpoint-hardware,default,product-manager-profile:wyrestorm-product-manager-v1,"Discover the WyreStorm EX-70-H2C 4K HDMI extender kit. Extend uncompressed 4K@60Hz 4:4:4 HDMI signals up to 70m over Cat6/6a/7 with HDMI loop out, ARC. Ideal for home theaters, meeting rooms, and professional AV installs.",HDMI; Extender / HDBaseT; Extension; USB / KVM extender; Receiver; Signal extension endpoint; HDBaseT; HDMI 2.1 / 8K; Audio breakout; DSP audio processing; USB-C power delivery; IR control; EDID management; HDCP support; PoE / PoH / PoC,HDMI; Extender / HDBaseT; extender; usb-kvm; receiver; transmitter; HDBaseT; HDMI 2.1 / 8K; Audio breakout; DSP audio processing; USB-C power delivery; IR control; EDID management; HDCP support; PoE / PoH / PoC,"HDMI; Extender / HDBaseT; Extension; USB / KVM extender; Receiver; Signal extension endpoint; extender; usb-kvm; transmitter; HDBaseT; HDMI 2.1 / 8K; Audio breakout; DSP audio processing; USB-C power delivery; IR control; EDID management; HDCP support; PoE / PoH / PoC; Meeting room; Point-to-point extension; Long-distance video, USB, control and network transport",HDMI; Extender / HDBaseT; HDBaseT; HDMI 2.1 / 8K; Audio breakout; DSP audio processing; USB-C power delivery; IR control; EDID management; HDCP support; PoE / PoH / PoC; USB,"EX-70-H2C; EX-70-H2C 70m 4K HDMI Extender over Cat6 with ARC; Product; Primary hardware; HDMI; Extender / HDBaseT; Endpoint hardware; Extension; USB / KVM extender; Receiver; Signal extension endpoint; Point-to-point extension; extender; usb-kvm; transmitter; HDBaseT; HDMI 2.1 / 8K; Audio breakout; DSP audio processing; USB-C power delivery; IR control; EDID management; HDCP support; PoE / PoH / PoC; Meeting room; Long-distance video, USB, control and network transport",
EX-70-H2X,Yes,70m 4K60 HDBaseT Extender with Ethernet - WyreStorm,70m 4K60 HDBaseT Extender with Ethernet - WyreStorm,Extender / HDBaseT,Primary hardware,Extender / HDBaseT,Extender / HDBaseT,primary-hardware,default,product-manager-profile:wyrestorm-product-manager-v1,"DISCONTINUED Extending 4K UHD content at 4:4:4/60 up to 70m/230ft, the EX-70-H2X is compatible with the latest HDR standards including HDR-10 and HLG up to 60Hz; Dolby Vision is supported at 30Hz. Powerful Class A HDBaseT transmission means Ethernet, IR & RS-232 are also supported, with the addition of 2-way PoH for flexible installation options. The HDMI loop-output means that source content can be sent to multiple locations by simply cascading the signal to additional extenders or switchers.",HDBaseT; HDMI; Extender / HDBaseT; Extension; HDBaseT extender; Endpoint; Signal extension endpoint; HDR; Ethernet / LAN; NDI; IR control; RS-232 control; PoE / PoH / PoC,HDBaseT; HDMI; Extender / HDBaseT; extender; HDR; Ethernet / LAN; NDI; IR control; RS-232 control; PoE / PoH / PoC,"HDBaseT; HDMI; Extender / HDBaseT; Extension; HDBaseT extender; Endpoint; Signal extension endpoint; extender; HDR; Ethernet / LAN; NDI; IR control; RS-232 control; PoE / PoH / PoC; Point-to-point extension; Long-distance video, USB, control and network transport",HDBaseT; HDMI; Extender / HDBaseT; HDR; Ethernet / LAN; NDI; IR control; RS-232 control; PoE / PoH / PoC,"EX-70-H2X; 70m 4K60 HDBaseT Extender with Ethernet - WyreStorm; Product; Primary hardware; HDBaseT; HDMI; Extender / HDBaseT; Endpoint hardware; Extension; HDBaseT extender; Endpoint; Signal extension endpoint; Point-to-point extension; extender; HDR; Ethernet / LAN; NDI; IR control; RS-232 control; PoE / PoH / PoC; Long-distance video, USB, control and network transport",
EX3-100-EARC,Yes,WyreStorm EX3-100-EARC 4K60 HDbaseT 3.0 Extender with eARC,WyreStorm EX3-100-EARC 4K60 HDbaseT 3.0 Extender with eARC,Extender / HDBaseT,Endpoint hardware,Extender / HDBaseT,Extender / HDBaseT,endpoint-hardware,default,product-manager-profile:wyrestorm-product-manager-v1,WyreStorm EX3-100-EARC 4K60 HDbaseT 3.0 Extender with eARC offers seamless high-definition audio/video transmission over long distances for an enhanced entertainment experience.,HDBaseT; Seamless Switching; Extender / HDBaseT; Extension; HDBaseT extender; Receiver; Signal extension endpoint; HDBaseT 3.0; HDMI; HDR; Analog audio; Ethernet / LAN; SFP / fibre; CEC control; IR control; RS-232 control; EDID management; HDCP support; PoE / PoH / PoC,HDBaseT; Seamless Switching; Extender / HDBaseT; extender; receiver; transmitter; HDBaseT 3.0; HDMI; HDR; Analog audio; Ethernet / LAN; SFP / fibre; CEC control; IR control; RS-232 control; EDID management; HDCP support; PoE / PoH / PoC,"HDBaseT; Seamless Switching; Extender / HDBaseT; Extension; HDBaseT extender; Receiver; Signal extension endpoint; HDBaseT 3.0; extender; transmitter; HDMI; HDR; Analog audio; Ethernet / LAN; SFP / fibre; CEC control; IR control; RS-232 control; EDID management; HDCP support; PoE / PoH / PoC; Point-to-point extension; Long-distance video, USB, control and network transport",HDBaseT; Seamless Switching; Extender / HDBaseT; HDBaseT 3.0; HDMI; HDR; Analog audio; Ethernet / LAN; SFP / fibre; CEC control; IR control; RS-232 control; EDID management; HDCP support; PoE / PoH / PoC,"EX3-100-EARC; WyreStorm EX3-100-EARC 4K60 HDbaseT 3.0 Extender with eARC; Product; Primary hardware; HDBaseT; Seamless Switching; Extender / HDBaseT; Endpoint hardware; Extension; HDBaseT extender; Receiver; Signal extension endpoint; HDBaseT 3.0; Point-to-point extension; extender; transmitter; HDMI; HDR; Analog audio; Ethernet / LAN; SFP / fibre; CEC control; IR control; RS-232 control; EDID management; HDCP support; PoE / PoH / PoC; Long-distance video, USB, control and network transport",
EXA-100-EARC,Yes,WyreStorm EXA-100-EARC eARC Audio Extender over Cat Cable,WyreStorm EXA-100-EARC eARC Audio Extender over Cat Cable,Extender / HDBaseT,Endpoint hardware,Extender / HDBaseT,Extender / HDBaseT,endpoint-hardware,default,product-manager-profile:wyrestorm-product-manager-v1,"WyreStorm EXA-100-EARC extends eARC, ARC, and S/PDIF audio up to 100m with IR, RS-232, and CEC pass-through. Ideal for home theaters and multi-room AV.",Extender / HDBaseT; Extension; USB / KVM extender; Receiver; Signal extension endpoint; HDBaseT; HDMI; HDMI 2.1 / 8K; USB-C video input; USB-C; USB-C power delivery; CEC control; IR control; RS-232 control,Extender / HDBaseT; extender; usb-kvm; receiver; transmitter; HDBaseT; HDMI; HDMI 2.1 / 8K; USB-C video input; USB-C; USB-C power delivery; CEC control; IR control; RS-232 control,"Extender / HDBaseT; Extension; USB / KVM extender; Receiver; Signal extension endpoint; extender; usb-kvm; transmitter; HDBaseT; HDMI; HDMI 2.1 / 8K; USB-C video input; USB-C; USB-C power delivery; CEC control; IR control; RS-232 control; Point-to-point extension; Long-distance video, USB, control and network transport",Extender / HDBaseT; HDBaseT; HDMI; HDMI 2.1 / 8K; USB-C video input; USB-C; USB-C power delivery; CEC control; IR control; RS-232 control; USB,"EXA-100-EARC; WyreStorm EXA-100-EARC eARC Audio Extender over Cat Cable; Cable; Cable / request-only; Extender / HDBaseT; Endpoint hardware; Extension; USB / KVM extender; Receiver; Signal extension endpoint; Point-to-point extension; extender; usb-kvm; transmitter; HDBaseT; HDMI; HDMI 2.1 / 8K; USB-C video input; USB-C; USB-C power delivery; CEC control; IR control; RS-232 control; Long-distance video, USB, control and network transport",
EXF-10KM-5K,Yes,5K30Hz 4:4:4 SDVoE Fiber Extender - WyreStorm,5K30Hz 4:4:4 SDVoE Fiber Extender - WyreStorm,Extender / HDBaseT,Endpoint hardware,Extender / HDBaseT,Extender / HDBaseT,endpoint-hardware,default,product-manager-profile:wyrestorm-product-manager-v1,"The EXF-10KM-5K Fiber Extender is a high-performance extender based on the SDVoE solution, specifically designed to transmit uncompressed 5120x1440p video and high-fidelity audio up to 10 kilometers (10KM) over a 10G fiber link. Its key advantage is zero end-to-end latency (<120mu s), which is critical for real-time applications, combined with robust support for HDMI 2.0 and HDCP 2.2 standards, including high frame rates (up to 240Hz for 1080p). Built from durable sheet steel with secure screw-lock power connectors...",HDMI; Extender / HDBaseT; Extension; HDBaseT extender; Receiver; Signal extension endpoint; HDBaseT; HDMI 2.1 / 8K; HDR; USB-C power delivery; Ethernet / LAN; SFP / fibre; IR control; EDID management; HDCP support,HDMI; Extender / HDBaseT; extender; receiver; transmitter; HDBaseT; HDMI 2.1 / 8K; HDR; USB-C power delivery; Ethernet / LAN; SFP / fibre; IR control; EDID management; HDCP support,"HDMI; Extender / HDBaseT; Extension; HDBaseT extender; Receiver; Signal extension endpoint; extender; transmitter; HDBaseT; HDMI 2.1 / 8K; HDR; USB-C power delivery; Ethernet / LAN; SFP / fibre; IR control; EDID management; HDCP support; Point-to-point extension; Long-distance video, USB, control and network transport",HDMI; Extender / HDBaseT; HDBaseT; HDMI 2.1 / 8K; HDR; USB-C power delivery; Ethernet / LAN; SFP / fibre; IR control; EDID management; HDCP support; Fiber,"EXF-10KM-5K; 5K30Hz 4:4:4 SDVoE Fiber Extender - WyreStorm; Product; Primary hardware; HDMI; Extender / HDBaseT; Endpoint hardware; Extension; HDBaseT extender; Receiver; Signal extension endpoint; Point-to-point extension; extender; transmitter; HDBaseT; HDMI 2.1 / 8K; HDR; USB-C power delivery; Ethernet / LAN; SFP / fibre; IR control; EDID management; HDCP support; Long-distance video, USB, control and network transport",
EXF-300-H2,Yes,WyreStorm EXF-300-H2 4K HDMI Fiber Extender | Long-Range AV over Fiber,WyreStorm EXF-300-H2 4K HDMI Fiber Extender | Long-Range AV over Fiber,Extender / HDBaseT,Endpoint hardware,Extender / HDBaseT,Extender / HDBaseT,endpoint-hardware,default,product-manager-profile:wyrestorm-product-manager-v1,"Buy the WyreStorm EXF-300-H2 4K HDMI fiber extender to transmit pristine 4K HDR video over long distances with ultra-low latency, reliable fiber performance, and professional-grade signal quality for commercial and AV installations.",HDMI; Extender / HDBaseT; Extension; HDBaseT extender; Receiver; Signal extension endpoint; HDBaseT; HDR; Analog audio; USB 3.x; SFP / fibre; IR control; RS-232 control; EDID management; HDCP support,HDMI; Extender / HDBaseT; extender; receiver; transmitter; HDBaseT; HDR; Analog audio; USB 3.x; SFP / fibre; IR control; RS-232 control; EDID management; HDCP support,"HDMI; Extender / HDBaseT; Extension; HDBaseT extender; Receiver; Signal extension endpoint; extender; transmitter; HDBaseT; HDR; Analog audio; USB 3.x; SFP / fibre; IR control; RS-232 control; EDID management; HDCP support; Point-to-point extension; Long-distance video, USB, control and network transport",HDMI; Extender / HDBaseT; HDBaseT; HDR; Analog audio; USB 3.x; SFP / fibre; IR control; RS-232 control; EDID management; HDCP support; Fiber,"EXF-300-H2; WyreStorm EXF-300-H2 4K HDMI Fiber Extender | Long-Range AV over Fiber; Product; Primary hardware; HDMI; Extender / HDBaseT; Endpoint hardware; Extension; HDBaseT extender; Receiver; Signal extension endpoint; Point-to-point extension; extender; transmitter; HDBaseT; HDR; Analog audio; USB 3.x; SFP / fibre; IR control; RS-232 control; EDID management; HDCP support; Long-distance video, USB, control and network transport",
EXP-4KUHD-X,Yes,4K HDR 4:4:4 60Hz HDMI Cable with VW-1 Rating - WyreStorm,4K HDR 4:4:4 60Hz HDMI Cable with VW-1 Rating - WyreStorm,Cable,Cable / request-only,Cable,Cable,cable,request-only,product-manager-profile:wyrestorm-product-manager-v1,WyreStorm HDMI cables are designed to meet the high bandwidth requirements demanded by the latest 4K UHD devices in commercial and residential applications. Our cables are tested to ensure continued compatibility with all 4K UHD and HD devices and provide a lifetime of perfect device connectivity.,HDMI; Cable; Cable / Connectivity; HDMI cable; Passive cable; HDR; DSP audio processing; Ethernet / LAN; CEC control; IR control,HDMI; Cable; HDR; DSP audio processing; Ethernet / LAN; CEC control; IR control,HDMI; Cable; Cable / Connectivity; HDMI cable; Passive cable; HDR; DSP audio processing; Ethernet / LAN; CEC control; IR control; Installed cabling; Interconnect and installed cabling,HDMI; Cable; HDR; DSP audio processing; Ethernet / LAN; CEC control; IR control,EXP-4KUHD-X; 4K HDR 4:4:4 60Hz HDMI Cable with VW-1 Rating - WyreStorm; Cable; Cable / request-only; HDMI; Cable / Connectivity; HDMI cable; Passive cable; Physical connectivity; HDR; DSP audio processing; Ethernet / LAN; CEC control; IR control; Installed cabling; Interconnect and installed cabling,
EXP-8KUHD-X,Yes,8K 60Hz HDMI 2.1 Cable with VW-1 Rating - WyreStorm,8K 60Hz HDMI 2.1 Cable with VW-1 Rating - WyreStorm,Cable,Cable / request-only,Cable,Cable,cable,request-only,product-manager-profile:wyrestorm-product-manager-v1,Our 8K HDMI cables are designed to meet the Ultra high bandwidth requirements demanded by the latest 8K UHD devices in commercial and residential applications. Our cables are tested to ensure continued compatibility with all 8K@60Hz and 4K@120Hz high refresh rated devices and provide a lifetime of perfect device connectivity.,HDMI; Cable; Cable / Connectivity; HDMI cable; Passive cable; HDMI 2.1 / 8K; HDR; DSP audio processing; Ethernet / LAN; CEC control; IR control; EDID management; HDCP support; Plenum / rated cable,HDMI; Cable; HDMI 2.1 / 8K; HDR; DSP audio processing; Ethernet / LAN; CEC control; IR control; EDID management; HDCP support; Plenum / rated cable,HDMI; Cable; Cable / Connectivity; HDMI cable; Passive cable; HDMI 2.1 / 8K; HDR; DSP audio processing; Ethernet / LAN; CEC control; IR control; EDID management; HDCP support; Plenum / rated cable; Installed cabling; Interconnect and installed cabling,HDMI; Cable; HDMI 2.1 / 8K; HDR; DSP audio processing; Ethernet / LAN; CEC control; IR control; EDID management; HDCP support; Plenum / rated cable,EXP-8KUHD-X; 8K 60Hz HDMI 2.1 Cable with VW-1 Rating - WyreStorm; Cable; Cable / request-only; HDMI; Cable / Connectivity; HDMI cable; Passive cable; Physical connectivity; HDMI 2.1 / 8K; HDR; DSP audio processing; Ethernet / LAN; CEC control; IR control; EDID management; HDCP support; Plenum / rated cable; Installed cabling; Interconnect and installed cabling,
EXP-CAB-HAOC-2,Yes,"24Gbps 4-Core Active Optical HDMI Cable | 4K HDR 4:4:4/60, ARC, CEC, ALLM & VRR | Kevlar strengthened | ISF Certified - WyreStorm","24Gbps 4-Core Active Optical HDMI Cable | 4K HDR 4:4:4/60, ARC, CEC, ALLM & VRR | Kevlar strengthened | ISF Certified - WyreStorm",Cable,Cable / request-only,Cable,Cable,cable,request-only,product-manager-profile:wyrestorm-product-manager-v1,"DISCONTINUED The WyreStorm HAOC is a next generation HDMI cable designed for the next generation of 4K HDR content. It offers a unique feature set in both delivering uncompressed HDMI content at up to 24Gbps and compatibility with emerging HDMI technologies such as ALLM (Auto Low Latency Mode) & VRR (Variable Refresh Rate) using the latest in optical transmission technology. Now established as the most powerful form of HDMI extension, WyreStorm active optical cables offer the best of both worlds: pixel-perfect long...",HDMI; Cable; Cable / Connectivity; HDMI cable; Active optical cable; HDR; SFP / fibre; CEC control,HDMI; Cable; active-optical; HDR; SFP / fibre; CEC control,HDMI; Cable; Cable / Connectivity; HDMI cable; Active optical cable; active-optical; HDR; SFP / fibre; CEC control; Installed cabling; Interconnect and installed cabling,HDMI; Cable; HDR; SFP / fibre; CEC control,"EXP-CAB-HAOC-2; 24Gbps 4-Core Active Optical HDMI Cable | 4K HDR 4:4:4/60, ARC, CEC, ALLM & VRR | Kevlar strengthened | ISF Certified - WyreStorm; Cable; Cable / request-only; HDMI; Cable / Connectivity; HDMI cable; Active optical cable; Physical connectivity; active-optical; HDR; SFP / fibre; CEC control; Installed cabling; Interconnect and installed cabling",
EXP-CAB-HAOC-4,Yes,"24Gbps 4-Core Active Optical HDMI Cable | 4K HDR 4:4:4/60, ARC, CEC, ALLM & VRR | Kevlar strengthened | ISF Certified - WyreStorm","24Gbps 4-Core Active Optical HDMI Cable | 4K HDR 4:4:4/60, ARC, CEC, ALLM & VRR | Kevlar strengthened | ISF Certified - WyreStorm",Cable,Cable / request-only,Cable,Cable,cable,request-only,product-manager-profile:wyrestorm-product-manager-v1,"DISCONTINUED The WyreStorm HAOC is a next generation HDMI cable designed for the next generation of 4K HDR content. It offers a unique feature set in both delivering uncompressed HDMI content at up to 24Gbps and compatibility with emerging HDMI technologies such as ALLM (Auto Low Latency Mode) & VRR (Variable Refresh Rate) using the latest in optical transmission technology. Now established as the most powerful form of HDMI extension, WyreStorm active optical cables offer the best of both worlds: pixel-perfect long...",HDMI; Cable; Cable / Connectivity; HDMI cable; Active optical cable; HDR; SFP / fibre; CEC control,HDMI; Cable; active-optical; HDR; SFP / fibre; CEC control,HDMI; Cable; Cable / Connectivity; HDMI cable; Active optical cable; active-optical; HDR; SFP / fibre; CEC control; Installed cabling; Interconnect and installed cabling,HDMI; Cable; HDR; SFP / fibre; CEC control,"EXP-CAB-HAOC-4; 24Gbps 4-Core Active Optical HDMI Cable | 4K HDR 4:4:4/60, ARC, CEC, ALLM & VRR | Kevlar strengthened | ISF Certified - WyreStorm; Cable; Cable / request-only; HDMI; Cable / Connectivity; HDMI cable; Active optical cable; Physical connectivity; active-optical; HDR; SFP / fibre; CEC control; Installed cabling; Interconnect and installed cabling",
EXP-CAB-HAOC-6,Yes,"24Gbps 4-Core Active Optical HDMI Cable | 4K HDR 4:4:4/60, ARC, CEC, ALLM & VRR | Kevlar strengthened | ISF Certified - WyreStorm","24Gbps 4-Core Active Optical HDMI Cable | 4K HDR 4:4:4/60, ARC, CEC, ALLM & VRR | Kevlar strengthened | ISF Certified - WyreStorm",Cable,Cable / request-only,Cable,Cable,cable,request-only,product-manager-profile:wyrestorm-product-manager-v1,"DISCONTINUED The WyreStorm HAOC is a next generation HDMI cable designed for the next generation of 4K HDR content. It offers a unique feature set in both delivering uncompressed HDMI content at up to 24Gbps and compatibility with emerging HDMI technologies such as ALLM (Auto Low Latency Mode) & VRR (Variable Refresh Rate) using the latest in optical transmission technology. Now established as the most powerful form of HDMI extension, WyreStorm active optical cables offer the best of both worlds: pixel-perfect long...",HDMI; Cable; Cable / Connectivity; HDMI cable; Active optical cable; HDR; SFP / fibre; CEC control,HDMI; Cable; active-optical; HDR; SFP / fibre; CEC control,HDMI; Cable; Cable / Connectivity; HDMI cable; Active optical cable; active-optical; HDR; SFP / fibre; CEC control; Installed cabling; Interconnect and installed cabling,HDMI; Cable; HDR; SFP / fibre; CEC control,"EXP-CAB-HAOC-6; 24Gbps 4-Core Active Optical HDMI Cable | 4K HDR 4:4:4/60, ARC, CEC, ALLM & VRR | Kevlar strengthened | ISF Certified - WyreStorm; Cable; Cable / request-only; HDMI; Cable / Connectivity; HDMI cable; Active optical cable; Physical connectivity; active-optical; HDR; SFP / fibre; CEC control; Installed cabling; Interconnect and installed cabling",
EXP-CAB-HAOC-8,Yes,"Active Optical HDMI Cable | 4K HDR 4:4:4/60, ARC, CEC, ALLM & VRR | WyreStorm","Active Optical HDMI Cable | 4K HDR 4:4:4/60, ARC, CEC, ALLM & VRR | WyreStorm",Cable,Cable / request-only,Cable,Cable,cable,request-only,product-manager-profile:wyrestorm-product-manager-v1,The WyreStorm HAOC is a 4K HDMI cable with a higher bandwidth that's designed to work with future-generation 4K HDR video.,HDMI; Cable; Cable / Connectivity; HDMI cable; Active optical cable; HDR; SFP / fibre; CEC control,HDMI; Cable; active-optical; HDR; SFP / fibre; CEC control,HDMI; Cable; Cable / Connectivity; HDMI cable; Active optical cable; active-optical; HDR; SFP / fibre; CEC control; Installed cabling; Interconnect and installed cabling,HDMI; Cable; HDR; SFP / fibre; CEC control,"EXP-CAB-HAOC-8; Active Optical HDMI Cable | 4K HDR 4:4:4/60, ARC, CEC, ALLM & VRR | WyreStorm; Cable; Cable / request-only; HDMI; Cable / Connectivity; HDMI cable; Active optical cable; Physical connectivity; active-optical; HDR; SFP / fibre; CEC control; Installed cabling; Interconnect and installed cabling",
EXP-CAB-USBC-5M,Yes,USB 3.2 USB-C to USB-C Cable| WyreStorm,USB 3.2 USB-C to USB-C Cable| WyreStorm,Cable,Cable / request-only,Cable,Cable,cable,request-only,product-manager-profile:wyrestorm-product-manager-v1,"This USB-C to C cable is a great choice for transmitting data and audio/video. It can handle speeds up to 20Gbps, making it perfect for quickly transferring files or connecting devices that use USB 3.0.",USB-C; USB; Cable; Cable / Connectivity; USB cable; Passive cable; USB-C video input; USB 3.x; IR control,USB-C; USB; Cable; USB-C video input; USB 3.x; IR control,USB-C; USB; Cable; Cable / Connectivity; USB cable; Passive cable; USB-C video input; USB 3.x; IR control; BYOD presentation; Installed cabling; Interconnect and installed cabling,USB-C; USB; Cable; USB-C video input; USB 3.x; IR control,EXP-CAB-USBC-5M; USB 3.2 USB-C to USB-C Cable| WyreStorm; Cable; Cable / request-only; USB-C; USB; Cable / Connectivity; USB cable; Passive cable; Physical connectivity; USB-C video input; USB 3.x; IR control; BYOD presentation; Installed cabling; Interconnect and installed cabling,
EXP-CAB-USBC-XM,Yes,USB 3.2 USB-C to USB-C Cable| WyreStorm,USB 3.2 USB-C to USB-C Cable| WyreStorm,Cable,Cable / request-only,Cable,Cable,cable,request-only,product-manager-profile:wyrestorm-product-manager-v1,"This USB-C to C cable is a great choice for transmitting data and audio/video. It can handle speeds up to 20Gbps, making it perfect for quickly transferring files or connecting devices that use USB 3.0.",USB-C; USB; Cable; Cable / Connectivity; USB cable; Passive cable; USB-C video input; USB 3.x; IR control,USB-C; USB; Cable; USB-C video input; USB 3.x; IR control,USB-C; USB; Cable; Cable / Connectivity; USB cable; Passive cable; USB-C video input; USB 3.x; IR control; BYOD presentation; Installed cabling; Interconnect and installed cabling,USB-C; USB; Cable; USB-C video input; USB 3.x; IR control,EXP-CAB-USBC-XM; USB 3.2 USB-C to USB-C Cable| WyreStorm; Cable; Cable / request-only; USB-C; USB; Cable / Connectivity; USB cable; Passive cable; Physical connectivity; USB-C video input; USB 3.x; IR control; BYOD presentation; Installed cabling; Interconnect and installed cabling,
EXP-CON-AUD-H2,Yes,WyreStorm Essentials™ HDMI Audio Extractor| WyreStorm,WyreStorm Essentials™ HDMI Audio Extractor| WyreStorm,Audio / Control,System controller / conditional-default,Audio / Control,Audio / Control,system-controller,conditional-default,product-manager-profile:wyrestorm-product-manager-v1,The WyreStorm EXP-CON-AUD-H2 is an excellent plug and play 4K audio de-embed solution that supports full 18Gbps HDMI and HDCP 2.2 compatibility.,HDMI; Audio / Control; Control; Signal management; Audio extraction / conversion; Inline signal utility; Audio breakout; HDCP support,HDMI; Audio / Control; signal-utility; audio-conversion; Audio breakout; HDCP support,"HDMI; Audio / Control; Control; Signal management; Audio extraction / conversion; Inline signal utility; signal-utility; audio-conversion; Audio breakout; HDCP support; Problem-solving utility for HDMI, audio and control paths",HDMI; Audio / Control; Audio breakout; HDCP support; Audio; Control,"EXP-CON-AUD-H2; WyreStorm Essentials™ HDMI Audio Extractor| WyreStorm; Product; Primary hardware; HDMI; Audio / Control; Control; Signal management; Audio extraction / conversion; Inline signal utility; Signal conditioning, audio breakout or format management; signal-utility; audio-conversion; Audio breakout; HDCP support; Problem-solving utility for HDMI, audio and control paths",
EXP-CON-DAC,Yes,WyreStorm Essentials? Digital to Analog Audio Converter| WyreStorm,WyreStorm Essentials? Digital to Analog Audio Converter| WyreStorm,Audio / Control,System controller / conditional-default,Audio / Control,Audio / Control,system-controller,conditional-default,product-manager-profile:wyrestorm-product-manager-v1,The WyreStorm Essentials EXP-CON-DAC is a device that converts digital audio signals into analog stereo sound.,Accessory; Audio / Control; Control; Signal management; Audio extraction / conversion; Inline signal utility; Analog audio,Accessory; Audio / Control; signal-utility; audio-conversion; Analog audio,"Accessory; Audio / Control; Control; Signal management; Audio extraction / conversion; Inline signal utility; signal-utility; audio-conversion; Analog audio; Problem-solving utility for HDMI, audio and control paths",Accessory; Analog audio; Audio,"EXP-CON-DAC; WyreStorm Essentials? Digital to Analog Audio Converter| WyreStorm; Product; Primary hardware; Accessory; Control; Signal management; Audio extraction / conversion; Inline signal utility; Signal conditioning, audio breakout or format management; signal-utility; audio-conversion; Analog audio; Problem-solving utility for HDMI, audio and control paths",
EXP-CON-DAC-D,Yes,WyreStorm Essentials? Dolby? 5.1 Downmixer| WyreStorm,WyreStorm Essentials? Dolby? 5.1 Downmixer| WyreStorm,Audio / Control,System controller / conditional-default,Audio / Control,Audio / Control,system-controller,conditional-default,product-manager-profile:wyrestorm-product-manager-v1,The WyreStorm EXP-CON-DAC-D is a Digital to Analogue Audio Converter that downmixes S/PDIF audio encoded as Dolby Digital 5.1 from a suitable coaxial or TOSLINK audio source to analogue stereo.,Audio / Control; Control; Signal management; Audio extraction / conversion; Inline signal utility; USB-C power delivery,Audio / Control; signal-utility; audio-conversion; USB-C power delivery,"Audio / Control; Control; Signal management; Audio extraction / conversion; Inline signal utility; signal-utility; audio-conversion; USB-C power delivery; Problem-solving utility for HDMI, audio and control paths",Audio / Control; USB-C power delivery; Audio; Control,"EXP-CON-DAC-D; WyreStorm Essentials? Dolby? 5.1 Downmixer| WyreStorm; Product; Primary hardware; Audio / Control; Control; Signal management; Audio extraction / conversion; Inline signal utility; Signal conditioning, audio breakout or format management; signal-utility; audio-conversion; USB-C power delivery; Problem-solving utility for HDMI, audio and control paths",
EXP-CON-H2-DD,Yes,WyreStorm Essentials? Dolby? & DTS? 7.1 Downmixer| WyreStorm,WyreStorm Essentials? Dolby? & DTS? 7.1 Downmixer| WyreStorm,Audio / Control,System controller / conditional-default,Audio / Control,Audio / Control,system-controller,conditional-default,product-manager-profile:wyrestorm-product-manager-v1,The EXP-CON-H2-DD is a great audio tool that everyone should have. It can take Dolby True HD or DTS-HD 7.1 audio signals from an HDMI source and downmix them to RCA stereo analog.,HDMI; Audio / Control; Control; Signal management; Audio extraction / conversion; Inline signal utility,HDMI; Audio / Control; signal-utility; audio-conversion,"HDMI; Audio / Control; Control; Signal management; Audio extraction / conversion; Inline signal utility; signal-utility; audio-conversion; Problem-solving utility for HDMI, audio and control paths",HDMI; Audio / Control; Audio; Control,"EXP-CON-H2-DD; WyreStorm Essentials? Dolby? & DTS? 7.1 Downmixer| WyreStorm; Product; Primary hardware; HDMI; Audio / Control; Control; Signal management; Audio extraction / conversion; Inline signal utility; Signal conditioning, audio breakout or format management; signal-utility; audio-conversion; Problem-solving utility for HDMI, audio and control paths",
EXP-EX-35-G2,Yes,WyreStorm Essentials? 35m 4K60 UTP Extender| WyreStorm,WyreStorm Essentials? 35m 4K60 UTP Extender| WyreStorm,Extender / HDBaseT,Endpoint hardware,Extender / HDBaseT,Extender / HDBaseT,endpoint-hardware,default,product-manager-profile:wyrestorm-product-manager-v1,The EXP-EX-35-G2 has a transmission rate of 18Gbps. This indicates it may be used with ProAV extenders! It also takes up less space and is more cost effective in its smaller form.,Accessory; Extender / HDBaseT; Extension; HDBaseT extender; Endpoint; Signal extension endpoint; NDI,Accessory; Extender / HDBaseT; extender; NDI,"Accessory; Extender / HDBaseT; Extension; HDBaseT extender; Endpoint; Signal extension endpoint; extender; NDI; Point-to-point extension; Long-distance video, USB, control and network transport",Accessory; NDI; HDBaseT,"EXP-EX-35-G2; WyreStorm Essentials? 35m 4K60 UTP Extender| WyreStorm; Product; Primary hardware; Accessory; Extension; HDBaseT extender; Endpoint; Signal extension endpoint; Point-to-point extension; extender; NDI; Long-distance video, USB, control and network transport",
EXP-EX-80-KVM,Yes,WyreStorm Essentials 80m KVM UTP Extender - WyreStorm,WyreStorm Essentials 80m KVM UTP Extender - WyreStorm,Extender / HDBaseT,Power accessory / request-only,Extender / HDBaseT,Extender / HDBaseT,power-accessory,request-only,product-manager-profile:wyrestorm-product-manager-v1,"DISCONTINUED The WyreStorm EXP-EX-80-KVM is a plug and play HDMI and KVM extender, capable of sending up to resolutions of 1080p@60Hz and HID (Human Interface Device) up to 80m (262ft) over a single CAT5e/6 cable. Additionally, it supports bidirectional POC (Power Over Cable) for powering at either the transmitter or the receiver with only one power adapter, making installations quick and effortless. Perfect use in office, home and presentation settings to extend HD video and USB keyboard and mouse from a local zon...",USB; HDMI; Accessory; Extender / HDBaseT; Extension; USB / KVM extender; Receiver; Signal extension endpoint; KVM / USB extension; NDI; IR control; EDID management; HDCP support; PoE / PoH / PoC,USB; HDMI; Accessory; Extender / HDBaseT; extender; usb-kvm; receiver; transmitter; KVM / USB extension; NDI; IR control; EDID management; HDCP support; PoE / PoH / PoC,"USB; HDMI; Accessory; Extender / HDBaseT; Extension; USB / KVM extender; Receiver; Signal extension endpoint; extender; usb-kvm; transmitter; KVM / USB extension; NDI; IR control; EDID management; HDCP support; PoE / PoH / PoC; Point-to-point extension; Long-distance video, USB, control and network transport",USB; HDMI; Accessory; KVM / USB extension; NDI; IR control; EDID management; HDCP support; PoE / PoH / PoC; HDBaseT,"EXP-EX-80-KVM; WyreStorm Essentials 80m KVM UTP Extender - WyreStorm; Cable; Cable / request-only; USB; HDMI; Accessory; Accessory / request-only; Extension; USB / KVM extender; Receiver; Signal extension endpoint; Point-to-point extension; extender; usb-kvm; transmitter; KVM / USB extension; NDI; IR control; EDID management; HDCP support; PoE / PoH / PoC; Long-distance video, USB, control and network transport",
EXP-HDMI-10.0M,Yes,10 Meter High Speed HDMI Cable | WyreStorm,10 Meter High Speed HDMI Cable | WyreStorm,Cable,Cable / request-only,Cable,Cable,cable,request-only,product-manager-profile:wyrestorm-product-manager-v1,HDMI cables from WyreStorm are tested to work with high-definition audio and video signals without affecting quality or distorting.,HDMI; Cable; Cable / Connectivity; HDMI cable; Passive cable,HDMI; Cable,HDMI; Cable; Cable / Connectivity; HDMI cable; Passive cable; Installed cabling; Interconnect and installed cabling,HDMI; Cable,EXP-HDMI-10.0M; 10 Meter High Speed HDMI Cable | WyreStorm; Cable; Cable / request-only; HDMI; Cable / Connectivity; HDMI cable; Passive cable; Physical connectivity; Installed cabling; Interconnect and installed cabling,
EXP-HDMI-15.0M,Yes,WyreStorm Essentials? 15 Meter High Speed HDMI Cable| WyreStorm,WyreStorm Essentials? 15 Meter High Speed HDMI Cable| WyreStorm,Cable,Cable / request-only,Cable,Cable,cable,request-only,product-manager-profile:wyrestorm-product-manager-v1,"The HDMI cables from Belden are the finest option for connecting 4K or HD devices over HDMI from 0.5m/1.6ft to 15m/49ft in high-quality, sturdy, and inexpensive manner.",HDMI; Cable; Cable / Connectivity; HDMI cable; Passive cable,HDMI; Cable,HDMI; Cable; Cable / Connectivity; HDMI cable; Passive cable; Installed cabling; Interconnect and installed cabling,HDMI; Cable,EXP-HDMI-15.0M; WyreStorm Essentials? 15 Meter High Speed HDMI Cable| WyreStorm; Cable; Cable / request-only; HDMI; Cable / Connectivity; HDMI cable; Passive cable; Physical connectivity; Installed cabling; Interconnect and installed cabling,
EXP-HDMI-CPL,Yes,WyreStorm Essentials HDMI Coupler - WyreStorm,WyreStorm Essentials HDMI Coupler - WyreStorm,Cable,Cable / request-only,Cable,Cable,cable,request-only,product-manager-profile:wyrestorm-product-manager-v1,DISCONTINUED The EXP-HDMI-CPL is perfect for scenarios where the embedded HDMI cable is not long enough and the cable cannot be replaced with a longer cable.,HDMI; Cable; Cable / Connectivity; HDMI cable; Passive cable; HDR; Ethernet / LAN; CEC control; IR control; EDID management; HDCP support,HDMI; Cable; HDR; Ethernet / LAN; CEC control; IR control; EDID management; HDCP support,HDMI; Cable; Cable / Connectivity; HDMI cable; Passive cable; HDR; Ethernet / LAN; CEC control; IR control; EDID management; HDCP support; Installed cabling; Interconnect and installed cabling,HDMI; Cable; HDR; Ethernet / LAN; CEC control; IR control; EDID management; HDCP support,EXP-HDMI-CPL; WyreStorm Essentials HDMI Coupler - WyreStorm; Cable; Cable / request-only; HDMI; Cable / Connectivity; HDMI cable; Passive cable; Physical connectivity; HDR; Ethernet / LAN; CEC control; IR control; EDID management; HDCP support; Installed cabling; Interconnect and installed cabling,
EXP-HDMI-DVI,Yes,WyreStorm Essentials DVI to HDMI - WyreStorm,WyreStorm Essentials DVI to HDMI - WyreStorm,Cable,Cable / request-only,Cable,Cable,cable,request-only,product-manager-profile:wyrestorm-product-manager-v1,The EXP-HDMI-DVI is a two-way adapter that can either convert HDMI signals to DVI-D signals or DVI-D signals to HDMI signals and is compatible with a variety of HDMI sources and DVI displays.,HDMI; Cable; Cable / Connectivity; HDMI cable; Passive cable; EDID management; HDCP support,HDMI; Cable; EDID management; HDCP support,HDMI; Cable; Cable / Connectivity; HDMI cable; Passive cable; EDID management; HDCP support; Installed cabling; Interconnect and installed cabling,HDMI; Cable; EDID management; HDCP support,EXP-HDMI-DVI; WyreStorm Essentials DVI to HDMI - WyreStorm; Product; Primary hardware; HDMI; Cable; Cable / request-only; Cable / Connectivity; HDMI cable; Passive cable; Physical connectivity; EDID management; HDCP support; Installed cabling; Interconnect and installed cabling,
EXP-HDMI-H2-0.5M,Yes,HDMI Cable with CL3 Rating (0.5m/1.6ft)| WyreStorm,HDMI Cable with CL3 Rating (0.5m/1.6ft)| WyreStorm,Cable,Cable / request-only,Cable,Cable,cable,request-only,product-manager-profile:wyrestorm-product-manager-v1,WyreStorm HDMI cables were created to fulfill the high-bandwidth requirements necessitated by current 4K UHD devices for both business and home applications.,HDMI; Cable; Cable / Connectivity; HDMI cable; Passive cable; CPR / CL3 rated; DSP audio processing; IR control; Plenum / rated cable,HDMI; Cable; DSP audio processing; IR control; Plenum / rated cable,HDMI; Cable; Cable / Connectivity; HDMI cable; Passive cable; CPR / CL3 rated; DSP audio processing; IR control; Plenum / rated cable; Installed cabling; Interconnect and installed cabling,HDMI; Cable; DSP audio processing; IR control; Plenum / rated cable,EXP-HDMI-H2-0.5M; HDMI Cable with CL3 Rating (0.5m/1.6ft)| WyreStorm; Cable; Cable / request-only; HDMI; Cable / Connectivity; HDMI cable; Passive cable; CPR / CL3 rated; Physical connectivity; DSP audio processing; IR control; Plenum / rated cable; Installed cabling; Interconnect and installed cabling,
EXP-HDMI-H2-1M,Yes,HDMI Cable with CL3 Rating (1m/3.2ft)| WyreStorm,HDMI Cable with CL3 Rating (1m/3.2ft)| WyreStorm,Cable,Cable / request-only,Cable,Cable,cable,request-only,product-manager-profile:wyrestorm-product-manager-v1,WyreStorm's 4K UHD HDMI cables are perfect for commercial and residential use with today's latest devices.,HDMI; Cable; Cable / Connectivity; HDMI cable; Passive cable; CPR / CL3 rated; Plenum / rated cable,HDMI; Cable; Plenum / rated cable,HDMI; Cable; Cable / Connectivity; HDMI cable; Passive cable; CPR / CL3 rated; Plenum / rated cable; Installed cabling; Interconnect and installed cabling,HDMI; Cable; Plenum / rated cable,EXP-HDMI-H2-1M; HDMI Cable with CL3 Rating (1m/3.2ft)| WyreStorm; Cable; Cable / request-only; HDMI; Cable / Connectivity; HDMI cable; Passive cable; CPR / CL3 rated; Physical connectivity; Plenum / rated cable; Installed cabling; Interconnect and installed cabling,
EXP-HDMI-H2-2M,Yes,HDMI Cable with CL3 Rating (2m/6.5ft)| WyreStorm,HDMI Cable with CL3 Rating (2m/6.5ft)| WyreStorm,Cable,Cable / request-only,Cable,Cable,cable,request-only,product-manager-profile:wyrestorm-product-manager-v1,The high bandwidth requirements of the newest 4K UHD devices in commercial and residential environments are met by WyreStorm HDMI cables.,HDMI; Cable; Cable / Connectivity; HDMI cable; Passive cable; CPR / CL3 rated; DSP audio processing; IR control; Plenum / rated cable,HDMI; Cable; DSP audio processing; IR control; Plenum / rated cable,HDMI; Cable; Cable / Connectivity; HDMI cable; Passive cable; CPR / CL3 rated; DSP audio processing; IR control; Plenum / rated cable; Installed cabling; Interconnect and installed cabling,HDMI; Cable; DSP audio processing; IR control; Plenum / rated cable,EXP-HDMI-H2-2M; HDMI Cable with CL3 Rating (2m/6.5ft)| WyreStorm; Cable; Cable / request-only; HDMI; Cable / Connectivity; HDMI cable; Passive cable; CPR / CL3 rated; Physical connectivity; DSP audio processing; IR control; Plenum / rated cable; Installed cabling; Interconnect and installed cabling,
EXP-HDMI-H2-3M,Yes,HDMI Cable with CL3 Rating (3m/9.8ft)| WyreStorm,HDMI Cable with CL3 Rating (3m/9.8ft)| WyreStorm,Cable,Cable / request-only,Cable,Cable,cable,request-only,product-manager-profile:wyrestorm-product-manager-v1,"WyreStorm HDMI cables are specifically engineered to work well with 4K UHD devices, which have high bandwidth requirements. Commercial and residential applications can both benefit from using these cables.",HDMI; Cable; Cable / Connectivity; HDMI cable; Passive cable; CPR / CL3 rated; DSP audio processing; IR control; Plenum / rated cable,HDMI; Cable; DSP audio processing; IR control; Plenum / rated cable,HDMI; Cable; Cable / Connectivity; HDMI cable; Passive cable; CPR / CL3 rated; DSP audio processing; IR control; Plenum / rated cable; Installed cabling; Interconnect and installed cabling,HDMI; Cable; DSP audio processing; IR control; Plenum / rated cable,EXP-HDMI-H2-3M; HDMI Cable with CL3 Rating (3m/9.8ft)| WyreStorm; Cable; Cable / request-only; HDMI; Cable / Connectivity; HDMI cable; Passive cable; CPR / CL3 rated; Physical connectivity; DSP audio processing; IR control; Plenum / rated cable; Installed cabling; Interconnect and installed cabling,
EXP-HDMI-H2-5M,Yes,HDMI Cable with CL3 Rating | WyreStorm,HDMI Cable with CL3 Rating | WyreStorm,Cable,Cable / request-only,Cable,Cable,cable,request-only,product-manager-profile:wyrestorm-product-manager-v1,WeftStorm HDMI cables are designed to satisfy the stringent bandwidth needs of the newest 4K UHD devices in business and residential settings.,HDMI; Cable; Cable / Connectivity; HDMI cable; Passive cable; CPR / CL3 rated; Plenum / rated cable,HDMI; Cable; Plenum / rated cable,HDMI; Cable; Cable / Connectivity; HDMI cable; Passive cable; CPR / CL3 rated; Plenum / rated cable; Installed cabling; Interconnect and installed cabling,HDMI; Cable; Plenum / rated cable,EXP-HDMI-H2-5M; HDMI Cable with CL3 Rating | WyreStorm; Cable; Cable / request-only; HDMI; Cable / Connectivity; HDMI cable; Passive cable; CPR / CL3 rated; Physical connectivity; Plenum / rated cable; Installed cabling; Interconnect and installed cabling,
EXP-HDMI-RTA,Yes,WyreStorm Essentials Right Angle HDMI Adapter - WyreStorm,WyreStorm Essentials Right Angle HDMI Adapter - WyreStorm,Cable,Cable / request-only,Cable,Cable,cable,request-only,product-manager-profile:wyrestorm-product-manager-v1,"DISCONTINUED The WyreStorm HDMI right angled adapter is designed to convert a straight HDMI cable into a 90-degree connection. Ideal for tight spaces like behind low profile flatscreen TV mounts, or in a tight cupboard space.",HDMI; Cable; Cable / Connectivity; HDMI cable; Passive cable; HDR; Ethernet / LAN; CEC control; EDID management; HDCP support,HDMI; Cable; HDR; Ethernet / LAN; CEC control; EDID management; HDCP support,HDMI; Cable; Cable / Connectivity; HDMI cable; Passive cable; HDR; Ethernet / LAN; CEC control; EDID management; HDCP support; Installed cabling; Interconnect and installed cabling,HDMI; Cable; HDR; Ethernet / LAN; CEC control; EDID management; HDCP support,EXP-HDMI-RTA; WyreStorm Essentials Right Angle HDMI Adapter - WyreStorm; Cable; Cable / request-only; HDMI; Cable / Connectivity; HDMI cable; Passive cable; Physical connectivity; HDR; Ethernet / LAN; CEC control; EDID management; HDCP support; Installed cabling; Interconnect and installed cabling,
EXP-HDMI-USBC,Yes,WyreStorm Essentials USB-C to HDMI - WyreStorm,WyreStorm Essentials USB-C to HDMI - WyreStorm,Cable,Cable / request-only,Cable,Cable,cable,request-only,product-manager-profile:wyrestorm-product-manager-v1,"The EXP-HDMI-USBC is a passive adapter that converts USB-C audio and video from a connected PC or USB-C smart device to HDMI, allowing the user to mirror or extend to UHD displays with resolutions of up to 4K@60Hz.",USB-C; USB; HDMI; Cable; Cable / Connectivity; USB cable; Passive cable; HDR; USB-C video input; Ethernet / LAN; CEC control; IR control; EDID management; HDCP support,USB-C; USB; HDMI; Cable; HDR; USB-C video input; Ethernet / LAN; CEC control; IR control; EDID management; HDCP support,USB-C; USB; HDMI; Cable; Cable / Connectivity; USB cable; Passive cable; HDR; USB-C video input; Ethernet / LAN; CEC control; IR control; EDID management; HDCP support; BYOD presentation; Installed cabling; Interconnect and installed cabling,USB-C; USB; HDMI; Cable; HDR; USB-C video input; Ethernet / LAN; CEC control; IR control; EDID management; HDCP support,EXP-HDMI-USBC; WyreStorm Essentials USB-C to HDMI - WyreStorm; Product; Primary hardware; USB-C; USB; HDMI; Cable; Cable / request-only; Cable / Connectivity; USB cable; Passive cable; Physical connectivity; HDR; USB-C video input; Ethernet / LAN; CEC control; IR control; EDID management; HDCP support; BYOD presentation; Installed cabling; Interconnect and installed cabling,
EXP-HDMI-VGA,Yes,HDMI VGA Extender Essentials VGA to HDMI | WyreStorm,HDMI VGA Extender Essentials VGA to HDMI | WyreStorm,Cable,Cable / request-only,Cable,Cable,cable,request-only,product-manager-profile:wyrestorm-product-manager-v1,HDMI VGA Extender - The WyreStorm EXP-HDMI-VGA is an active adapter that converts legacy analog VGA signals to digital HDMI for compatibility with HD and UHD displays.,HDMI; Cable; Cable / Connectivity; HDMI cable; Passive cable; USB 3.x,HDMI; Cable; USB 3.x,HDMI; Cable; Cable / Connectivity; HDMI cable; Passive cable; USB 3.x; Installed cabling; Interconnect and installed cabling,HDMI; Cable; USB 3.x,EXP-HDMI-VGA; HDMI VGA Extender Essentials VGA to HDMI | WyreStorm; Product; Primary hardware; HDMI; Cable; Cable / request-only; Cable / Connectivity; HDMI cable; Passive cable; Physical connectivity; USB 3.x; Installed cabling; Interconnect and installed cabling,
EXP-HDMI-XM-8K,Yes,WyreStorm EXP‑HDMI‑XM‑8K 8K HDMI Cable – Ultra‑High Speed HDMI 2.1,WyreStorm EXP‑HDMI‑XM‑8K 8K HDMI Cable – Ultra‑High Speed HDMI 2.1,Cable,Cable / request-only,Cable,Cable,cable,request-only,product-manager-profile:wyrestorm-product-manager-v1,"Buy the WyreStorm EXP‑HDMI‑XM‑8K ultra‑high‑speed HDMI 2.1 cable designed for uncompressed 8K@60Hz and 4K@120Hz video, HDR support, eARC and future‑proof performance for premium AV installs.",HDMI; Cable; Cable / Connectivity; HDMI cable; Passive cable; HDMI 2.1 / 8K; HDR,HDMI; Cable; HDMI 2.1 / 8K; HDR,HDMI; Cable; Cable / Connectivity; HDMI cable; Passive cable; HDMI 2.1 / 8K; HDR; Installed cabling; Interconnect and installed cabling,HDMI; Cable; HDMI 2.1 / 8K; HDR,EXP-HDMI-XM-8K; WyreStorm EXP‑HDMI‑XM‑8K 8K HDMI Cable – Ultra‑High Speed HDMI 2.1; Cable; Cable / request-only; HDMI; Cable / Connectivity; HDMI cable; Passive cable; Physical connectivity; HDMI 2.1 / 8K; HDR; Installed cabling; Interconnect and installed cabling,
EXP-MX-0402-H2,Yes,WyreStorm Essentials 4K60 4x2 HDMI Matrix Switcher - WyreStorm,WyreStorm Essentials 4K60 4x2 HDMI Matrix Switcher - WyreStorm,Matrix Switcher,Primary hardware,Matrix,Matrix,primary-hardware,default,product-manager-profile:wyrestorm-product-manager-v1,"A vast upgrade from its predecessor, the EXP-MX-0402-H2 takes the EXP-MX0402-010 features to new heights, whilst maintaining its cost effect platform. Keeping up with the latest standards, the EXP-MX-0402-H2 has been upgraded to an 18Gbps backbone with HDCP 2.2 compliance and now featuring a powerful built-in auto scaler on both of its outputs allowing users to simultaneously connect a mix of 4K and 1080p displays. If that wasn’t enough, the EXP-MX-0402-H2 also includes analog and digital audio de-embed and ARC, as...",Matrix; Switching; HDMI; Scaling; Accessory; Matrix / Routing; Matrix switcher; Fixed I/O matrix; Matrix routing package; HDR; Analog audio; Audio breakout; DSP audio processing; USB-C power delivery; CEC control; IP / web control; IR control; RS-232 control; EDID management; HDCP support,Matrix; Switching; HDMI; Scaling; Accessory; package; HDR; Analog audio; Audio breakout; DSP audio processing; USB-C power delivery; CEC control; IP / web control; IR control; RS-232 control; EDID management; HDCP support,Matrix; Switching; HDMI; Scaling; Accessory; Matrix / Routing; Matrix switcher; Fixed I/O matrix; Matrix routing package; package; HDR; Analog audio; Audio breakout; DSP audio processing; USB-C power delivery; CEC control; IP / web control; IR control; RS-232 control; EDID management; HDCP support; Fixed I/O source-to-display routing,Matrix; Switching; HDMI; Scaling; Accessory; HDR; Analog audio; Audio breakout; DSP audio processing; USB-C power delivery; CEC control; IP / web control; IR control; RS-232 control; EDID management; HDCP support,EXP-MX-0402-H2; WyreStorm Essentials 4K60 4x2 HDMI Matrix Switcher - WyreStorm; Matrix Switcher; Matrix; Switching; HDMI; Scaling; Accessory; Primary hardware; Matrix / Routing; Fixed I/O matrix; Matrix routing package; Central video routing; package; HDR; Analog audio; Audio breakout; DSP audio processing; USB-C power delivery; CEC control; IP / web control; IR control; RS-232 control; EDID management; HDCP support; Fixed I/O source-to-display routing,
EXP-MX-0404-H2,Yes,WyreStorm Essentials 4 Input and 4 Scaling Output 4K HDR HDMI Matrix Switcher W/ Digital S/PDIF Audio De-Embed - WyreStorm,WyreStorm Essentials 4 Input and 4 Scaling Output 4K HDR HDMI Matrix Switcher W/ Digital S/PDIF Audio De-Embed - WyreStorm,Matrix Switcher,Primary hardware,Matrix,Matrix,primary-hardware,default,product-manager-profile:wyrestorm-product-manager-v1,"DISCONTINUED The WyreStorm EXP-MX-0404-H2 is a powerful plug and play 4K matrix switcher solution. With 18Gbps pure HDMI support, the EXP-MX-404-H2 allows up to four UHD 4K sources to be independently routed to four UHD displays. Each Output has the capability to scale 4K content down to connected 1080p displays without affecting the 4K source. Furthermore, source audio breakout via digital coax supports to 5.1, which can be sent to an AVR for audio distribution. Additionally, the EXP-MX-0404-H2 boasts an enhance A...",Matrix; Switching; HDMI; Scaling; Accessory; Matrix / Routing; Matrix switcher; Fixed I/O matrix; Matrix routing package; HDR; Audio breakout; USB-C power delivery,Matrix; Switching; HDMI; Scaling; Accessory; package; HDR; Audio breakout; USB-C power delivery,Matrix; Switching; HDMI; Scaling; Accessory; Matrix / Routing; Matrix switcher; Fixed I/O matrix; Matrix routing package; package; HDR; Audio breakout; USB-C power delivery; Fixed I/O source-to-display routing,Matrix; Switching; HDMI; Scaling; Accessory; HDR; Audio breakout; USB-C power delivery,EXP-MX-0404-H2; WyreStorm Essentials 4 Input and 4 Scaling Output 4K HDR HDMI Matrix Switcher W/ Digital S/PDIF Audio De-Embed - WyreStorm; Matrix Switcher; Matrix; Switching; HDMI; Scaling; Accessory; Primary hardware; Matrix / Routing; Fixed I/O matrix; Matrix routing package; Central video routing; package; HDR; Audio breakout; USB-C power delivery; Fixed I/O source-to-display routing,
EXP-MX-0808-KIT,Yes,4K 8x8 HDBaseT Matrix with Receivers - WyreStorm,4K 8x8 HDBaseT Matrix with Receivers - WyreStorm,Matrix Switcher,Primary hardware,Matrix,Matrix,primary-hardware,default,product-manager-profile:wyrestorm-product-manager-v1,"DISCONTINUED An established leader in AV matrix solutions, WyreStorm introduces an 8x8 form factor as a convenient kit for the first time. Offering transmission of HDMI content up to 4K UHD & HDR content to 35m/115ft, pairing HDBaseT with WyreStorm's powerful crosspoint HDMI switching chipset. The EXP-MX-0808-KIT has 6 HDBaseT zone outputs with PoH and 2 switched HDMI outputs which can be paired with WyreStorm's HAOC hybrid optical HDMI cables or any extender for transmission via HDBaseT or OM3 fiber. The EXP-MX-08...",Matrix; Switching; HDBaseT; HDMI; Accessory; Matrix / Routing; HDBaseT matrix; Matrix with HDBaseT extension; Matrix routing package; HDR; SFP / fibre; IR control; PoE / PoH / PoC,Matrix; Switching; HDBaseT; HDMI; Accessory; package; HDR; SFP / fibre; IR control; PoE / PoH / PoC,Matrix; Switching; HDBaseT; HDMI; Accessory; Matrix / Routing; HDBaseT matrix; Matrix with HDBaseT extension; Matrix routing package; package; HDR; SFP / fibre; IR control; PoE / PoH / PoC; Fixed I/O source-to-display routing,Matrix; Switching; HDBaseT; HDMI; Accessory; HDR; SFP / fibre; IR control; PoE / PoH / PoC,EXP-MX-0808-KIT; 4K 8x8 HDBaseT Matrix with Receivers - WyreStorm; Matrix Switcher; Matrix; Switching; HDBaseT; HDMI; Accessory; Primary hardware; Matrix / Routing; HDBaseT matrix; Matrix with HDBaseT extension; Matrix routing package; Central video routing; package; HDR; SFP / fibre; IR control; PoE / PoH / PoC; Fixed I/O source-to-display routing,
EXP-SP-0102-8K,Yes,WyreStorm Essentials 8K60 1:2 HDMI Splitter - WyreStorm,WyreStorm Essentials 8K60 1:2 HDMI Splitter - WyreStorm,Splitter / Distribution,Primary hardware,Splitter / Distribution,Splitter / Distribution,primary-hardware,default,product-manager-profile:wyrestorm-product-manager-v1,"Our EXP-SP-0102-8K packs a punch as it is a powerful plug-and-play 8K HDMI splitter that has the ability to send uncompressed up to 8K@60Hz or 4K@120Hz up to two displays, but the most useful feature of this splitter is that the second output can scale content down from either 8K>4K or 4K>1080p! Furthermore, its compatible with DSC (Display Stream Compression) version 1.2a pass-through, an approved method of compression in accordance to the HDMI 2.1 specification, allowing up to a lossless 10K@120Hz signal to be tr...",HDMI; Scaling; Splitter / Distribution; Distribution; Splitter / distribution amplifier; HDMI splitter; One-to-many distribution; HDMI 2.1 / 8K; HDR; Audio breakout; DSP audio processing; USB 3.x; USB-C power delivery; Ethernet / LAN; CEC control; IR control; EDID management; HDCP support,HDMI; Scaling; Splitter / Distribution; splitter; HDMI 2.1 / 8K; HDR; Audio breakout; DSP audio processing; USB 3.x; USB-C power delivery; Ethernet / LAN; CEC control; IR control; EDID management; HDCP support,HDMI; Scaling; Splitter / Distribution; Distribution; Splitter / distribution amplifier; HDMI splitter; One-to-many distribution; splitter; HDMI 2.1 / 8K; HDR; Audio breakout; DSP audio processing; USB 3.x; USB-C power delivery; Ethernet / LAN; CEC control; IR control; EDID management; HDCP support; Duplicate one source to multiple displays,HDMI; Scaling; Splitter / Distribution; HDMI 2.1 / 8K; HDR; Audio breakout; DSP audio processing; USB 3.x; USB-C power delivery; Ethernet / LAN; CEC control; IR control; EDID management; HDCP support,EXP-SP-0102-8K; WyreStorm Essentials 8K60 1:2 HDMI Splitter - WyreStorm; Product; Primary hardware; HDMI; Scaling; Splitter / Distribution; Distribution; Splitter / distribution amplifier; HDMI splitter; One-to-many distribution; Signal distribution; splitter; HDMI 2.1 / 8K; HDR; Audio breakout; DSP audio processing; USB 3.x; USB-C power delivery; Ethernet / LAN; CEC control; IR control; EDID management; HDCP support; Duplicate one source to multiple displays,
EXP-SP-0102-H2,Yes,WyreStorm Essentials 4K60 1:2 Scaling HDMI Splitter - WyreStorm,WyreStorm Essentials 4K60 1:2 Scaling HDMI Splitter - WyreStorm,Splitter / Distribution,Primary hardware,Splitter / Distribution,Splitter / Distribution,primary-hardware,default,product-manager-profile:wyrestorm-product-manager-v1,"The latest addition to the WyreStorm Essentials splitter range, the EXP-SP-0102-H2 now offers H2 features and the same value and reliability found in its predecessor, not to mention a few new tricks up its sleeve! Upgrades to support of the full 18Gbps bandwidth HDMI 2.0 offers; 2160p@60Hz 4:4:4 and support for Dolby Vision™ included. As if that wasn’t enough, the EXP-SP-0102-H2 is now featuring a powerful built-in scaler, allowing users to simultaneously connect a mix of 4K and 1080p displays, which gives the sour...",HDMI; Scaling; Splitter / Distribution; Distribution; Splitter / distribution amplifier; Scaling splitter; One-to-many distribution; HDR; DSP audio processing; IR control; EDID management; HDCP support,HDMI; Scaling; Splitter / Distribution; splitter; HDR; DSP audio processing; IR control; EDID management; HDCP support,HDMI; Scaling; Splitter / Distribution; Distribution; Splitter / distribution amplifier; Scaling splitter; One-to-many distribution; splitter; HDR; DSP audio processing; IR control; EDID management; HDCP support; Digital signage; Duplicate one source to multiple displays,HDMI; Scaling; Splitter / Distribution; HDR; DSP audio processing; IR control; EDID management; HDCP support,EXP-SP-0102-H2; WyreStorm Essentials 4K60 1:2 Scaling HDMI Splitter - WyreStorm; Product; Primary hardware; HDMI; Scaling; Splitter / Distribution; Distribution; Splitter / distribution amplifier; Scaling splitter; One-to-many distribution; Signal distribution; splitter; HDR; DSP audio processing; IR control; EDID management; HDCP support; Digital signage; Duplicate one source to multiple displays,
EXP-SP-0104-H2,Yes,WyreStorm Essentials 4K60 1:4 Scaling HDMI Splitter - WyreStorm,WyreStorm Essentials 4K60 1:4 Scaling HDMI Splitter - WyreStorm,Splitter / Distribution,Primary hardware,Splitter / Distribution,Splitter / Distribution,primary-hardware,default,product-manager-profile:wyrestorm-product-manager-v1,"The latest addition to the WyreStorm Essentials splitter range, the EXP-SP-0104-H2 now offers H2 features and the same value and reliability found in its predecessor, not to mention a few new tricks up its sleeve! Upgrades to support of the full 18Gbps bandwidth HDMI 2.0 offers; 2160p@60Hz 4:4:4 and support for Dolby Vision™ included. As if that wasn’t enough, the EXP-SP-0104-H2 is now featuring a powerful built-in scaler, allowing users to simultaneously connect a mix of 4K and 1080p displays, which gives the sour...",HDMI; Scaling; Splitter / Distribution; Distribution; Splitter / distribution amplifier; Scaling splitter; One-to-many distribution; HDR; DSP audio processing; IR control; EDID management; HDCP support,HDMI; Scaling; Splitter / Distribution; splitter; HDR; DSP audio processing; IR control; EDID management; HDCP support,HDMI; Scaling; Splitter / Distribution; Distribution; Splitter / distribution amplifier; Scaling splitter; One-to-many distribution; splitter; HDR; DSP audio processing; IR control; EDID management; HDCP support; Digital signage; Duplicate one source to multiple displays,HDMI; Scaling; Splitter / Distribution; HDR; DSP audio processing; IR control; EDID management; HDCP support,EXP-SP-0104-H2; WyreStorm Essentials 4K60 1:4 Scaling HDMI Splitter - WyreStorm; Product; Primary hardware; HDMI; Scaling; Splitter / Distribution; Distribution; Splitter / distribution amplifier; Scaling splitter; One-to-many distribution; Signal distribution; splitter; HDR; DSP audio processing; IR control; EDID management; HDCP support; Digital signage; Duplicate one source to multiple displays,
EXP-SW-0401-H2,Yes,WyreStorm Essentials 4K60 4x1 HDMI Switcher - WyreStorm,WyreStorm Essentials 4K60 4x1 HDMI Switcher - WyreStorm,Presentation / Room Core,Primary hardware,Presentation / Room Core,Presentation / Room Core,primary-hardware,default,product-manager-profile:wyrestorm-product-manager-v1,"The WyreStorm EXP-SW-0401-H2 is a powerful plug-and-play 4K switcher solution. With up to 18Gbps pure HDMI support, which allows up to four 4K HDR sources to be routed to a single display. The EXP-SW-0401-H2 is capable of auto switching, giving the user the convenience of simply turning on their favorite device without the requiring manual intervention. Furthermore, the EXP-SW-0401-H2 is equipped with signal compensation, allowing an extender or splitter to connect to its output without degrading or delaying the si...",Video Wall; Processing; HDMI; Splitter / Distribution; Presentation / Room Core; Presentation switcher; Room switcher; Room source switcher; HDR; DSP audio processing; IR control; EDID management; HDCP support,Video Wall; Processing; HDMI; Splitter / Distribution; Presentation / Room Core; presentation-switcher; source-switcher; HDR; DSP audio processing; IR control; EDID management; HDCP support,Video Wall; Processing; HDMI; Splitter / Distribution; Presentation / Room Core; Presentation switcher; Room switcher; Room source switcher; presentation-switcher; source-switcher; HDR; DSP audio processing; IR control; EDID management; HDCP support; Presentation source selection,Video Wall; Processing; HDMI; Splitter / Distribution; HDR; DSP audio processing; IR control; EDID management; HDCP support,EXP-SW-0401-H2; WyreStorm Essentials 4K60 4x1 HDMI Switcher - WyreStorm; Video Processor; Video processing hardware; Video Wall; Processing; HDMI; Splitter / Distribution; Primary hardware; Presentation / Room Core; Presentation switcher; Room switcher; Room source switcher; Source switching; presentation-switcher; source-switcher; HDR; DSP audio processing; IR control; EDID management; HDCP support; Presentation source selection,
EXP-SW-0X01-8K,Yes,WyreStorm Essentials 8K60 HDMI Switcher - WyreStorm,WyreStorm Essentials 8K60 HDMI Switcher - WyreStorm,Presentation / Room Core,Primary hardware,Presentation / Room Core,Presentation / Room Core,primary-hardware,default,product-manager-profile:wyrestorm-product-manager-v1,"Our plug-and-play 8K HDMI switcher series has the ability to send uncompressed up to 8K@60Hz or 4K@120Hz resolutions to your display. These switchers also support DSC 1.2a pass-through, an approved method of compression in accordance to the HDMI 2.1 specification, allowing up to a 10K@120Hz signal to be transmitted losslessy. Ranging in two models with varying number of inputs to choose from, this powerful switcher series also gives you the tools to de-embed audio from your source if there isn't an option on the so...",Video Wall; Processing; HDMI; Accessory; Presentation / Room Core; Presentation switcher; 8K HDMI switcher; Room source switcher; HDMI 2.1 / 8K; HDR; Analog audio; Audio breakout; DSP audio processing; USB 3.x; USB-C power delivery; Ethernet / LAN; CEC control; IR control; RS-232 control; EDID management; HDCP support,Video Wall; Processing; HDMI; Accessory; Presentation / Room Core; presentation-switcher; source-switcher; HDMI 2.1 / 8K; HDR; Analog audio; Audio breakout; DSP audio processing; USB 3.x; USB-C power delivery; Ethernet / LAN; CEC control; IR control; RS-232 control; EDID management; HDCP support,Video Wall; Processing; HDMI; Accessory; Presentation / Room Core; Presentation switcher; 8K HDMI switcher; Room source switcher; presentation-switcher; source-switcher; HDMI 2.1 / 8K; HDR; Analog audio; Audio breakout; DSP audio processing; USB 3.x; USB-C power delivery; Ethernet / LAN; CEC control; IR control; RS-232 control; EDID management; HDCP support; Presentation source selection,Video Wall; Processing; HDMI; Accessory; HDMI 2.1 / 8K; HDR; Analog audio; Audio breakout; DSP audio processing; USB 3.x; USB-C power delivery; Ethernet / LAN; CEC control; IR control; RS-232 control; EDID management; HDCP support,EXP-SW-0X01-8K; WyreStorm Essentials 8K60 HDMI Switcher - WyreStorm; Video Processor; Video processing hardware; Video Wall; Processing; HDMI; Accessory; Primary hardware; Presentation / Room Core; Presentation switcher; 8K HDMI switcher; Room source switcher; Source switching; presentation-switcher; source-switcher; HDMI 2.1 / 8K; HDR; Analog audio; Audio breakout; DSP audio processing; USB 3.x; USB-C power delivery; Ethernet / LAN; CEC control; IR control; RS-232 control; EDID management; HDCP support; Presentation source selection,
FOCUS-100,Yes,1080P HD Webcam - Business USB Webcam w/ Mic | WyreStorm FOCUS 100 Webcam,1080P HD Webcam - Business USB Webcam w/ Mic | WyreStorm FOCUS 100 Webcam,Camera / Capture,Primary hardware,Camera / Capture,Camera / Capture,primary-hardware,default,product-manager-profile:wyrestorm-product-manager-v1,"WyreStorm FOCUS 100 1080P full HD business webcam surpasses video & sound quality provided by most laptops, ideal for home office & small meeting room.",USB; Camera / Capture; Camera endpoint; USB camera; 1080p camera; Camera,USB; Camera / Capture; camera,"USB; Camera / Capture; Camera endpoint; USB camera; 1080p camera; camera; Meeting room; BYOM / UC; UC, lecture capture and streaming workflows",USB; Camera / Capture; Camera,"FOCUS-100; 1080P HD Webcam - Business USB Webcam w/ Mic | WyreStorm FOCUS 100 Webcam; Product; Primary hardware; USB; Camera / Capture; Camera endpoint; USB camera; 1080p camera; Image capture endpoint; camera; Meeting room; BYOM / UC; UC, lecture capture and streaming workflows",
FOCUS-180A,Yes,4K Autofocus AI Webcam w/ Auto Framing & Presenter Tracking,4K Autofocus AI Webcam w/ Auto Framing & Presenter Tracking,Camera / Capture,Primary hardware,Camera / Capture,Camera / Capture,primary-hardware,default,product-manager-profile:wyrestorm-product-manager-v1,"FOCUS 180A 4K autofocus webcam w/ auto framing, presenter tracking, ePTZ, a noise-canceling mic, ideal for home office and live streaming.",Camera / Capture; Camera endpoint; PTZ camera; 4K camera; Camera,Camera / Capture; camera; ptz,"Camera / Capture; Camera endpoint; PTZ camera; 4K camera; camera; ptz; BYOM / UC; UC, lecture capture and streaming workflows",Camera / Capture; Camera,"FOCUS-180A; 4K Autofocus AI Webcam w/ Auto Framing & Presenter Tracking; Product; Primary hardware; Camera / Capture; Camera endpoint; PTZ camera; 4K camera; Image capture endpoint; camera; ptz; BYOM / UC; UC, lecture capture and streaming workflows",
FOCUS-200,Yes,Zoom-Certified 4K Webcam | WyreStorm FOCUS 200 Ultra HD Wide-Angle,Zoom-Certified 4K Webcam | WyreStorm FOCUS 200 Ultra HD Wide-Angle,Camera / Capture,Primary hardware,Camera / Capture,Camera / Capture,primary-hardware,default,product-manager-profile:wyrestorm-product-manager-v1,"WyreStorm FOCUS 200 4K Ultra HD business-wide angle webcam with wide-angle distortion-less lens, ideal for home office or small meeting room.",Camera / Capture; Camera endpoint; USB camera; 4K camera; Camera,Camera / Capture; camera,"Camera / Capture; Camera endpoint; USB camera; 4K camera; camera; Meeting room; BYOM / UC; UC, lecture capture and streaming workflows",Camera / Capture; Camera,"FOCUS-200; Zoom-Certified 4K Webcam | WyreStorm FOCUS 200 Ultra HD Wide-Angle; Product; Primary hardware; Camera / Capture; Camera endpoint; USB camera; 4K camera; Image capture endpoint; camera; Meeting room; BYOM / UC; UC, lecture capture and streaming workflows",
FOCUS-200-PRO,Yes,4K Wide Angle Webcam - High-Quality Video for Streaming,4K Wide Angle Webcam - High-Quality Video for Streaming,Camera / Capture,Primary hardware,Camera / Capture,Camera / Capture,primary-hardware,default,product-manager-profile:wyrestorm-product-manager-v1,"4K Wide Angle Webcam offers crystal-clear video and a wide field of view, perfect for streaming, meetings, and video calls. Experience superior clarity.",Camera / Capture; Camera endpoint; USB camera; 4K camera; Camera,Camera / Capture; camera,"Camera / Capture; Camera endpoint; USB camera; 4K camera; camera; BYOM / UC; UC, lecture capture and streaming workflows",Camera / Capture; Camera,"FOCUS-200-PRO; 4K Wide Angle Webcam - High-Quality Video for Streaming; Product; Primary hardware; Camera / Capture; Camera endpoint; USB camera; 4K camera; Image capture endpoint; camera; BYOM / UC; UC, lecture capture and streaming workflows",
FOCUS-210,Yes,AI webcam - 4K Ultra-Wide Angle Webcam | WyreStorm,AI webcam - 4K Ultra-Wide Angle Webcam | WyreStorm,Camera / Capture,Primary hardware,Camera / Capture,Camera / Capture,primary-hardware,default,product-manager-profile:wyrestorm-product-manager-v1,"The Wyrestorm AI webcam is Wide Angle Webcam and 4K ultra HD webcam is a high quality, reliable and affordable solution for video conferencing and online meetings. It provides the perfect mix of features to help you work better.",Camera / Capture; Camera endpoint; USB camera; 4K camera; Camera,Camera / Capture; camera,"Camera / Capture; Camera endpoint; USB camera; 4K camera; camera; BYOM / UC; UC, lecture capture and streaming workflows",Camera / Capture; Camera,"FOCUS-210; AI webcam - 4K Ultra-Wide Angle Webcam | WyreStorm; Product; Primary hardware; Camera / Capture; Camera endpoint; USB camera; 4K camera; Image capture endpoint; camera; BYOM / UC; UC, lecture capture and streaming workflows",
HALO-30,Yes,Halo 30 Professional USB Conference Speakerphone | WyreStorm,Halo 30 Professional USB Conference Speakerphone | WyreStorm,Unified Comms,Primary hardware,Unified Comms,Unified Comms,primary-hardware,default,product-manager-profile:wyrestorm-product-manager-v1,"WyreStorm Halo 30 USB conference speakerphone with 4x mics, 360?? audio pickup and full-duplex audio, ideal for home office or small meeting room.",USB; Unified Comms; Unified Communications; UC audio / room core; Speakerphone switcher; UC room device; Speakerphone / presentation switcher; USB-C video input; USB-C; Speakerphone,USB; Unified Comms; speakerphone; USB-C video input; USB-C,"USB; Unified Comms; Unified Communications; UC audio / room core; Speakerphone switcher; UC room device; Speakerphone / presentation switcher; speakerphone; USB-C video input; USB-C; Meeting room; BYOM / UC; Audio reinforcement; Meeting room, BYOD/BYOM and conferencing workflows",USB; Unified Comms; USB-C video input; USB-C; Speakerphone; Audio,"HALO-30; Halo 30 Professional USB Conference Speakerphone | WyreStorm; Product; Primary hardware; USB; Unified Comms; Unified Communications; UC audio / room core; Speakerphone switcher; UC room device; Speakerphone / presentation switcher; UC room endpoint; speakerphone; USB-C video input; USB-C; Meeting room; BYOM / UC; Audio reinforcement; Meeting room, BYOD/BYOM and conferencing workflows",
HALO-60,Yes,USB Bluetooth Speakerphone by Wyrestom,USB Bluetooth Speakerphone by Wyrestom,Unified Comms,Primary hardware,Unified Comms,Unified Comms,primary-hardware,default,product-manager-profile:wyrestorm-product-manager-v1,"USB Bluetooth Speakerphone offers crystal-clear audio, ideal for virtual meetings and conference calls with easy connectivity and seamless performance.",USB; Seamless Switching; Unified Comms; Unified Communications; UC audio / room core; Speakerphone switcher; UC room device; Speakerphone / presentation switcher; IR control; Speakerphone,USB; Seamless Switching; Unified Comms; speakerphone; IR control,"USB; Seamless Switching; Unified Comms; Unified Communications; UC audio / room core; Speakerphone switcher; UC room device; Speakerphone / presentation switcher; speakerphone; IR control; BYOM / UC; Audio reinforcement; Meeting room, BYOD/BYOM and conferencing workflows",USB; Seamless Switching; Unified Comms; IR control; Speakerphone; Audio,"HALO-60; USB Bluetooth Speakerphone by Wyrestom; Product; Primary hardware; USB; Seamless Switching; Unified Comms; Unified Communications; UC audio / room core; Speakerphone switcher; UC room device; Speakerphone / presentation switcher; UC room endpoint; speakerphone; IR control; BYOM / UC; Audio reinforcement; Meeting room, BYOD/BYOM and conferencing workflows",
HALO-80,Yes,Plug and Play Portable USB and Bluetooth Conference Speakerphone - WyreStorm,Plug and Play Portable USB and Bluetooth Conference Speakerphone - WyreStorm,Unified Comms,Primary hardware,Unified Comms,Unified Comms,primary-hardware,default,product-manager-profile:wyrestorm-product-manager-v1,"Designed for flexibility and performance, this all-in-one speakerphone features advanced AEC, AGC and ANS for crystal-clear audio in remote conferences. With support for USB and Bluetooth connectivity, it adapts seamlessly to various setups—from huddle rooms to large meeting spaces. Equipped with 4 omnidirectional mic arrays and a powerful full-range speaker, it offers plug-and-play convenience and broad compatibility with major operating systems and conferencing platforms. Cascading up to 9 same speakerphones, it...",USB; Seamless Switching; Unified Comms; Unified Communications; Microphone system; Speakerphone switcher; Microphone endpoint; Speakerphone / presentation switcher; USB-C video input; DSP audio processing; Microphone; USB 2.0; USB-C; NDI; IR control; Speakerphone,USB; Seamless Switching; Unified Comms; microphone; speakerphone; USB-C video input; DSP audio processing; USB 2.0; USB-C; NDI; IR control,"USB; Seamless Switching; Unified Comms; Unified Communications; Microphone system; Speakerphone switcher; Microphone endpoint; Speakerphone / presentation switcher; microphone; speakerphone; USB-C video input; DSP audio processing; USB 2.0; USB-C; NDI; IR control; Meeting room; BYOM / UC; Audio reinforcement; Meeting room, BYOD/BYOM and conferencing workflows",USB; Seamless Switching; Unified Comms; USB-C video input; DSP audio processing; Microphone; USB 2.0; USB-C; NDI; IR control; Speakerphone; Audio,"HALO-80; Plug and Play Portable USB and Bluetooth Conference Speakerphone - WyreStorm; Product; Primary hardware; USB; Seamless Switching; Unified Comms; Unified Communications; Microphone system; Speakerphone switcher; Microphone endpoint; Speakerphone / presentation switcher; UC audio capture component; microphone; speakerphone; USB-C video input; DSP audio processing; USB 2.0; USB-C; NDI; IR control; Meeting room; BYOM / UC; Audio reinforcement; Meeting room, BYOD/BYOM and conferencing workflows",
HALO-90,Yes,WyreStorm Halo 90 USB-C Docking Conference Speakerphone,WyreStorm Halo 90 USB-C Docking Conference Speakerphone,Unified Comms,Primary hardware,Unified Comms,Unified Comms,primary-hardware,default,product-manager-profile:wyrestorm-product-manager-v1,"WyreStorm Halo 90 USB-C docking conference speakerphone with 4K HDMI output, USB 3.2 10Gbps and reverse charging, ideal for home office or small meeting room.",USB-C; USB; HDMI; Unified Comms; Unified Communications; UC audio / room core; Speakerphone switcher; UC room device; Speakerphone / presentation switcher; USB-C video input; USB 3.x; Speakerphone,USB-C; USB; HDMI; Unified Comms; speakerphone; USB-C video input; USB 3.x,"USB-C; USB; HDMI; Unified Comms; Unified Communications; UC audio / room core; Speakerphone switcher; UC room device; Speakerphone / presentation switcher; speakerphone; USB-C video input; USB 3.x; Meeting room; BYOD presentation; BYOM / UC; Audio reinforcement; Meeting room, BYOD/BYOM and conferencing workflows",USB-C; USB; HDMI; Unified Comms; USB-C video input; USB 3.x; Speakerphone,"HALO-90; WyreStorm Halo 90 USB-C Docking Conference Speakerphone; Product; Primary hardware; USB-C; USB; HDMI; Unified Comms; Unified Communications; UC audio / room core; Speakerphone switcher; UC room device; Speakerphone / presentation switcher; UC room endpoint; speakerphone; USB-C video input; USB 3.x; Meeting room; BYOD presentation; BYOM / UC; Audio reinforcement; Meeting room, BYOD/BYOM and conferencing workflows",
HALO-COM-MIC,Yes,Add-On Microphone for Halo Video Bar - WyreStorm,Add-On Microphone for Halo Video Bar - WyreStorm,Unified Comms,Accessory / request-only,Unified Comms,Unified Comms,accessory,request-only,product-manager-profile:wyrestorm-product-manager-v1,"Add-on microphone for use with the HALO-VX10-V2 video bar. Connect this mic to expand the pickup range. Connects to the VX10 via an included USB cable. The HALO-COM-MIC can be cascaded up to 3 times. Microphone Includes AEC, background noise reduction, automatic gain control to make all participants feel like they are in the same room. Pick up range is 3 - 5 meters.",USB; Unified Comms; Unified Communications; Microphone system; UC microphone accessory; Microphone endpoint; Conference microphone / microphone hub; USB-C video input; Microphone; USB-C; Video bar,USB; Unified Comms; microphone; video-bar; USB-C video input; USB-C; Video bar,"USB; Unified Comms; Unified Communications; Microphone system; UC microphone accessory; Microphone endpoint; Conference microphone / microphone hub; microphone; video-bar; USB-C video input; USB-C; Video bar; Audio reinforcement; Meeting room, BYOD/BYOM and conferencing workflows",USB; Unified Comms; USB-C video input; Microphone; USB-C; Video bar,"HALO-COM-MIC; Add-On Microphone for Halo Video Bar - WyreStorm; Cable; Cable / request-only; USB; Unified Comms; Primary hardware; Unified Communications; Microphone system; UC microphone accessory; Microphone endpoint; Conference microphone / microphone hub; UC audio capture component; microphone; video-bar; USB-C video input; USB-C; Video bar; Audio reinforcement; Meeting room, BYOD/BYOM and conferencing workflows",
HALO-VX10-V1,Yes,"WyreStorm Video Bar w/ 4K Camera, Stereo Speaker & Mic","WyreStorm Video Bar w/ 4K Camera, Stereo Speaker & Mic",Unified Comms,Primary hardware,Unified Comms,Unified Comms,primary-hardware,default,product-manager-profile:wyrestorm-product-manager-v1,"HALO VX10 video bar integrates a 4K wide-angle AI camera, 2x stereo speaker and 4x microphone into one device, ideal for huddle room and home office.",Unified Comms; Unified Communications; Camera / capture; UC microphone accessory; Camera endpoint; Conference microphone / microphone hub; Microphone; Camera; Video bar,Unified Comms; microphone; camera; video-bar; Video bar,"Unified Comms; Unified Communications; Camera / capture; UC microphone accessory; Camera endpoint; Conference microphone / microphone hub; microphone; camera; video-bar; Video bar; Meeting room; BYOM / UC; Audio reinforcement; Meeting room, BYOD/BYOM and conferencing workflows",Unified Comms; Microphone; Camera; Video bar,"HALO-VX10-V1; WyreStorm Video Bar w/ 4K Camera, Stereo Speaker & Mic; Product; Primary hardware; Unified Comms; Unified Communications; Camera / capture; UC microphone accessory; Camera endpoint; Conference microphone / microphone hub; UC audio capture component; microphone; camera; video-bar; Video bar; Meeting room; BYOM / UC; Audio reinforcement; Meeting room, BYOD/BYOM and conferencing workflows",
HALO-WFA-130,Yes,1080P HD Webcam - Business USB Webcam w/ Mic | WyreStorm FOCUS 100 Webcam,1080P HD Webcam - Business USB Webcam w/ Mic | WyreStorm FOCUS 100 Webcam,Camera / Capture,Primary hardware,Camera / Capture,Camera / Capture,primary-hardware,default,product-manager-profile:wyrestorm-product-manager-v1,"WyreStorm FOCUS 100 1080P full HD business webcam surpasses video & sound quality provided by most laptops, ideal for home office & small meeting room.",USB; Camera / Capture; Camera endpoint; USB camera; 1080p camera; Camera,USB; Camera / Capture; camera,"USB; Camera / Capture; Camera endpoint; USB camera; 1080p camera; camera; Meeting room; BYOM / UC; UC, lecture capture and streaming workflows",USB; Camera / Capture; Camera,"HALO-WFA-130; 1080P HD Webcam - Business USB Webcam w/ Mic | WyreStorm FOCUS 100 Webcam; Product; Primary hardware; USB; Camera / Capture; Camera endpoint; USB camera; 1080p camera; Image capture endpoint; camera; Meeting room; BYOM / UC; UC, lecture capture and streaming workflows",
HALO-WFA-290,Yes,1080P HD Webcam - Business USB Webcam w/ Mic | WyreStorm FOCUS 100 Webcam,1080P HD Webcam - Business USB Webcam w/ Mic | WyreStorm FOCUS 100 Webcam,Camera / Capture,Primary hardware,Camera / Capture,Camera / Capture,primary-hardware,default,product-manager-profile:wyrestorm-product-manager-v1,"WyreStorm FOCUS 100 1080P full HD business webcam surpasses video & sound quality provided by most laptops, ideal for home office & small meeting room.",USB; Camera / Capture; Camera endpoint; USB camera; 1080p camera; Camera,USB; Camera / Capture; camera,"USB; Camera / Capture; Camera endpoint; USB camera; 1080p camera; camera; Meeting room; BYOM / UC; UC, lecture capture and streaming workflows",USB; Camera / Capture; Camera,"HALO-WFA-290; 1080P HD Webcam - Business USB Webcam w/ Mic | WyreStorm FOCUS 100 Webcam; Product; Primary hardware; USB; Camera / Capture; Camera endpoint; USB camera; 1080p camera; Image capture endpoint; camera; Meeting room; BYOM / UC; UC, lecture capture and streaming workflows",
IDB-200-XX,Yes,Compact In-Desk Connectivity with Power - WyreStorm,Compact In-Desk Connectivity with Power - WyreStorm,Accessory,Primary hardware,Accessory,Accessory,primary-hardware,default,product-manager-profile:wyrestorm-product-manager-v1,"The IDB series in-desk connectivity products are simple to use solutions for corporate or education applications. Easy to install into a desk or table, the IDB-200 offers the essential connectivity for your meeting, lecture, or classroom. The IDB-200 features a flip-top lid to protect and help blend into the desk when not in use. The IDB-200-NA includes a North American Type B mains outlet.",Room Connectivity; Accessory; Accessory / Other; Product-specific accessory; HDMI; USB-C video input; DSP audio processing; USB-C; Ethernet / LAN; IR control,Room Connectivity; Accessory; HDMI; USB-C video input; DSP audio processing; USB-C; Ethernet / LAN; IR control,Room Connectivity; Accessory; Accessory / Other; Product-specific accessory; HDMI; USB-C video input; DSP audio processing; USB-C; Ethernet / LAN; IR control; Classroom / lecture; BYOD presentation; Dependent on parent product,Room Connectivity; HDMI; USB-C video input; DSP audio processing; USB-C; Ethernet / LAN; IR control,IDB-200-XX; Compact In-Desk Connectivity with Power - WyreStorm; Product; Primary hardware; Room Connectivity; Accessory / request-only; Accessory / Other; Accessory; Product-specific accessory; Supporting component; HDMI; USB-C video input; DSP audio processing; USB-C; Ethernet / LAN; IR control; Classroom / lecture; BYOD presentation; Dependent on parent product,
IDB-400-MS,Yes,Flip Up In-Desk Connectivity with Power - WyreStorm,Flip Up In-Desk Connectivity with Power - WyreStorm,Accessory,Primary hardware,Accessory,Accessory,primary-hardware,default,product-manager-profile:wyrestorm-product-manager-v1,"The IDB series in-desk connectivity products are simple to use solutions for corporate or education applications. Easy to install into a desk or table, the IDB-400 offers a broad range of connectivity for your meeting, lecture, or classroom. The spring-loaded flip up design allows you to simply push on the lid to expose the ports. The IDB-400-MS includes a Type G mains outlet.",Room Connectivity; Accessory; Accessory / Other; Product-specific accessory; HDMI; USB-C video input; DSP audio processing; USB-C; Ethernet / LAN; NDI; IR control,Room Connectivity; Accessory; HDMI; USB-C video input; DSP audio processing; USB-C; Ethernet / LAN; NDI; IR control,Room Connectivity; Accessory; Accessory / Other; Product-specific accessory; HDMI; USB-C video input; DSP audio processing; USB-C; Ethernet / LAN; NDI; IR control; Classroom / lecture; BYOD presentation; Dependent on parent product,Room Connectivity; HDMI; USB-C video input; DSP audio processing; USB-C; Ethernet / LAN; NDI; IR control,IDB-400-MS; Flip Up In-Desk Connectivity with Power - WyreStorm; Product; Primary hardware; Room Connectivity; Accessory / request-only; Accessory / Other; Accessory; Product-specific accessory; Supporting component; HDMI; USB-C video input; DSP audio processing; USB-C; Ethernet / LAN; NDI; IR control; Classroom / lecture; BYOD presentation; Dependent on parent product,
IDB-400-MS-C,Yes,Flip Up In-Desk Connectivity with Power - WyreStorm,Flip Up In-Desk Connectivity with Power - WyreStorm,Accessory,Primary hardware,Accessory,Accessory,primary-hardware,default,product-manager-profile:wyrestorm-product-manager-v1,"The IDB in-desk connectivity products are simple to use solutions for corporate or education applications. Easy to install into a desk or table, the IDB-400 offers a broad range of connectivity for your meeting, lecture, or classroom. The spring-loaded flip up design allows you to simply push on the lid to expose the ports.",Room Connectivity; Accessory; Accessory / Other; Product-specific accessory; HDMI; USB-C video input; DSP audio processing; USB-C; Ethernet / LAN; NDI; IR control,Room Connectivity; Accessory; HDMI; USB-C video input; DSP audio processing; USB-C; Ethernet / LAN; NDI; IR control,Room Connectivity; Accessory; Accessory / Other; Product-specific accessory; HDMI; USB-C video input; DSP audio processing; USB-C; Ethernet / LAN; NDI; IR control; Classroom / lecture; BYOD presentation; Dependent on parent product,Room Connectivity; HDMI; USB-C video input; DSP audio processing; USB-C; Ethernet / LAN; NDI; IR control,IDB-400-MS-C; Flip Up In-Desk Connectivity with Power - WyreStorm; Product; Primary hardware; Room Connectivity; Accessory / request-only; Accessory / Other; Accessory; Product-specific accessory; Supporting component; HDMI; USB-C video input; DSP audio processing; USB-C; Ethernet / LAN; NDI; IR control; Classroom / lecture; BYOD presentation; Dependent on parent product,
IDB-400-NA,Yes,Flip Up In-Desk Connectivity with Power - WyreStorm,Flip Up In-Desk Connectivity with Power - WyreStorm,Accessory,Primary hardware,Accessory,Accessory,primary-hardware,default,product-manager-profile:wyrestorm-product-manager-v1,"The IDB series in-desk connectivity products are simple to use solutions for corporate or education applications. Easy to install into a desk or table, the IDB-400 offers a broad range of connectivity for your meeting, lecture, or classroom. The spring-loaded flip up design allows you to simply push on the lid to expose the ports. The IDB-400-NA includes a North American Type B mains outlet.",Room Connectivity; Accessory; Accessory / Other; Product-specific accessory; HDMI; USB-C video input; DSP audio processing; USB-C; Ethernet / LAN; IR control,Room Connectivity; Accessory; HDMI; USB-C video input; DSP audio processing; USB-C; Ethernet / LAN; IR control,Room Connectivity; Accessory; Accessory / Other; Product-specific accessory; HDMI; USB-C video input; DSP audio processing; USB-C; Ethernet / LAN; IR control; Classroom / lecture; BYOD presentation; Dependent on parent product,Room Connectivity; HDMI; USB-C video input; DSP audio processing; USB-C; Ethernet / LAN; IR control,IDB-400-NA; Flip Up In-Desk Connectivity with Power - WyreStorm; Product; Primary hardware; Room Connectivity; Accessory / request-only; Accessory / Other; Accessory; Product-specific accessory; Supporting component; HDMI; USB-C video input; DSP audio processing; USB-C; Ethernet / LAN; IR control; Classroom / lecture; BYOD presentation; Dependent on parent product,
M4250-GSM4212PX-10P,Yes,"Netgear Pre-configured 1GbE 10-port Switch with 1G/10G Uplinks for use with NetworkHD 100, 400 & 500 Series - WyreStorm","Netgear Pre-configured 1GbE 10-port Switch with 1G/10G Uplinks for use with NetworkHD 100, 400 & 500 Series - WyreStorm",NetworkHD AVoIP,Primary hardware,AVoIP Infrastructure,AVoIP Infrastructure,primary-hardware,default,product-manager-profile:wyrestorm-product-manager-v1,"As part of WyreStorm's partnership with Netgear, WyreStorm now offers a number of pre-configured Netgear switches for use with NetworkHD 100, 400, 500 and 600 series. The M4250-GSM4212PX-10p comes with 8x 1G PoE+ 240W, 2x 1G and 2xSFP+ ports. This switch is engineered for 1G AV over IP with rear-facing ports ensuring a clean integration in AV racks. Pre-configured for out of the box functionality!",AVoIP; NetworkHD; AVoIP Infrastructure; NetworkHD AV over IP; Network switch; Pre-configured network switch; 10G switch; SFP / fibre; PoE / PoH / PoC,AVoIP; NetworkHD; AVoIP Infrastructure; network-switch; avoip-infrastructure; NetworkHD AV over IP; SFP / fibre; PoE / PoH / PoC,AVoIP; NetworkHD; AVoIP Infrastructure; NetworkHD AV over IP; Network switch; Pre-configured network switch; 10G switch; network-switch; avoip-infrastructure; SFP / fibre; PoE / PoH / PoC; AV over IP distribution; NetworkHD infrastructure,AVoIP; NetworkHD; AVoIP Infrastructure; NetworkHD AV over IP; SFP / fibre; PoE / PoH / PoC; Ethernet; 10G,"M4250-GSM4212PX-10P; Netgear Pre-configured 1GbE 10-port Switch with 1G/10G Uplinks for use with NetworkHD 100, 400 & 500 Series - WyreStorm; NetworkHD AVoIP; AVoIP endpoint / system component; AVoIP; NetworkHD; System controller / conditional-default; AVoIP Infrastructure; NetworkHD AV over IP; Network switch; Pre-configured network switch; 10G switch; Network infrastructure for AV over IP; network-switch; avoip-infrastructure; SFP / fibre; PoE / PoH / PoC; AV over IP distribution; NetworkHD infrastructure",
M4250-GSM4230PX-26P,Yes,"Netgear Pre-configured 1GbE 26-port Switch with 1G/10G Uplinks for use with NetworkHD 100, 400 & 500 Series - WyreStorm","Netgear Pre-configured 1GbE 26-port Switch with 1G/10G Uplinks for use with NetworkHD 100, 400 & 500 Series - WyreStorm",NetworkHD AVoIP,Primary hardware,AVoIP Infrastructure,AVoIP Infrastructure,primary-hardware,default,product-manager-profile:wyrestorm-product-manager-v1,"As part of WyreStorm partnership with Netgear, WyreStorm now offers a number of pre-configured Netgear switches for use with NetworkHD 100, 400, 500 and 600 series. The M4250-GSM4230PX-26P comes with 24x 1G PoE+ 480W, 2x 1G and 4x SFP+ ports. This switch is engineered for 1G AV over IP with rear-facing ports ensuring a clean integration in AV racks. Pre-configured for out of the box functionality!",AVoIP; NetworkHD; AVoIP Infrastructure; NetworkHD AV over IP; Network switch; Pre-configured network switch; 10G switch; SFP / fibre; PoE / PoH / PoC,AVoIP; NetworkHD; AVoIP Infrastructure; network-switch; avoip-infrastructure; NetworkHD AV over IP; SFP / fibre; PoE / PoH / PoC,AVoIP; NetworkHD; AVoIP Infrastructure; NetworkHD AV over IP; Network switch; Pre-configured network switch; 10G switch; network-switch; avoip-infrastructure; SFP / fibre; PoE / PoH / PoC; AV over IP distribution; NetworkHD infrastructure,AVoIP; NetworkHD; AVoIP Infrastructure; NetworkHD AV over IP; SFP / fibre; PoE / PoH / PoC; Ethernet; 10G,"M4250-GSM4230PX-26P; Netgear Pre-configured 1GbE 26-port Switch with 1G/10G Uplinks for use with NetworkHD 100, 400 & 500 Series - WyreStorm; NetworkHD AVoIP; AVoIP endpoint / system component; AVoIP; NetworkHD; System controller / conditional-default; AVoIP Infrastructure; NetworkHD AV over IP; Network switch; Pre-configured network switch; 10G switch; Network infrastructure for AV over IP; network-switch; avoip-infrastructure; SFP / fibre; PoE / PoH / PoC; AV over IP distribution; NetworkHD infrastructure",
M4250-GSM4248PX-40P,Yes,"Netgear Pre-configured 1GbE 48-port Switch with 1G/10G Uplinks for use with NetworkHD 100, 400 & 500 Series - WyreStorm","Netgear Pre-configured 1GbE 48-port Switch with 1G/10G Uplinks for use with NetworkHD 100, 400 & 500 Series - WyreStorm",NetworkHD AVoIP,Primary hardware,AVoIP Infrastructure,AVoIP Infrastructure,primary-hardware,default,product-manager-profile:wyrestorm-product-manager-v1,"As part of Wyrestorm partnership with Netgear, Wyrestorm now offers a number of pre-configured Netgear switches for use with NetworkHD 100, 400, 500 and 600 series. The M4250-GSM4248PX-40p comes with 40x1G PoE+ 960W, 8xSFP+ ports. This switch is engineered for 1G AV over IP with rear-facing ports ensuring a clean integration in AV racks. Pre-configured for out of the box functionality!",AVoIP; NetworkHD; AVoIP Infrastructure; NetworkHD AV over IP; Network switch; Pre-configured network switch; 10G switch; SFP / fibre; PoE / PoH / PoC,AVoIP; NetworkHD; AVoIP Infrastructure; network-switch; avoip-infrastructure; NetworkHD AV over IP; SFP / fibre; PoE / PoH / PoC,AVoIP; NetworkHD; AVoIP Infrastructure; NetworkHD AV over IP; Network switch; Pre-configured network switch; 10G switch; network-switch; avoip-infrastructure; SFP / fibre; PoE / PoH / PoC; AV over IP distribution; NetworkHD infrastructure,AVoIP; NetworkHD; AVoIP Infrastructure; NetworkHD AV over IP; SFP / fibre; PoE / PoH / PoC; Ethernet; 10G,"M4250-GSM4248PX-40P; Netgear Pre-configured 1GbE 48-port Switch with 1G/10G Uplinks for use with NetworkHD 100, 400 & 500 Series - WyreStorm; NetworkHD AVoIP; AVoIP endpoint / system component; AVoIP; NetworkHD; System controller / conditional-default; AVoIP Infrastructure; NetworkHD AV over IP; Network switch; Pre-configured network switch; 10G switch; Network infrastructure for AV over IP; network-switch; avoip-infrastructure; SFP / fibre; PoE / PoH / PoC; AV over IP distribution; NetworkHD infrastructure",
M4300-XSM4316PA-16X,Yes,Netgear Pre-configured 10GbE 16-port Switch for use with NetworkHD 600 Series - WyreStorm,Netgear Pre-configured 10GbE 16-port Switch for use with NetworkHD 600 Series - WyreStorm,NetworkHD AVoIP,Primary hardware,AVoIP Infrastructure,AVoIP Infrastructure,primary-hardware,default,product-manager-profile:wyrestorm-product-manager-v1,"As part of WyreStorm partnership with Netgear, WyreStorm now offers a number of pre-configured Netgear switches for use with NetworkHD 100, 400, 500 and 600 series. The M4300-XSM4316PA-16X comes with 16x10G PoE+ 600W ports. This switch is engineered for 10G AV over IP. Pre-configured for out of the box functionality!",AVoIP; NetworkHD; AVoIP Infrastructure; NetworkHD AV over IP; Network switch; Pre-configured network switch; 10G switch; PoE / PoH / PoC,AVoIP; NetworkHD; AVoIP Infrastructure; network-switch; avoip-infrastructure; NetworkHD AV over IP; PoE / PoH / PoC,AVoIP; NetworkHD; AVoIP Infrastructure; NetworkHD AV over IP; Network switch; Pre-configured network switch; 10G switch; network-switch; avoip-infrastructure; PoE / PoH / PoC; AV over IP distribution; NetworkHD infrastructure,AVoIP; NetworkHD; AVoIP Infrastructure; NetworkHD AV over IP; PoE / PoH / PoC; Ethernet; 10G,M4300-XSM4316PA-16X; Netgear Pre-configured 10GbE 16-port Switch for use with NetworkHD 600 Series - WyreStorm; NetworkHD AVoIP; AVoIP endpoint / system component; AVoIP; NetworkHD; System controller / conditional-default; AVoIP Infrastructure; NetworkHD AV over IP; Network switch; Pre-configured network switch; 10G switch; Network infrastructure for AV over IP; network-switch; avoip-infrastructure; PoE / PoH / PoC; AV over IP distribution; NetworkHD infrastructure,
M4300-XSM4324CS-24X,Yes,Netgear Pre-configured 10GbE 24-port Switch for use with NetworkHD 600 Series - WyreStorm,Netgear Pre-configured 10GbE 24-port Switch for use with NetworkHD 600 Series - WyreStorm,NetworkHD AVoIP,Primary hardware,AVoIP Infrastructure,AVoIP Infrastructure,primary-hardware,default,product-manager-profile:wyrestorm-product-manager-v1,"As part of WyreStorm partnership with Netgear, WyreStorm now offers a number of pre-configured Netgear switches for use with NetworkHD 100, 400, 500 and 600 series. The M4300-XSM4324CS-24X comes with 24x10G non PoE, 4xSFP+(shared) ports. This switch is engineered for 10G AV over IP. Pre-configured for out of the box functionality!",AVoIP; NetworkHD; AVoIP Infrastructure; NetworkHD AV over IP; Network switch; Pre-configured network switch; 10G switch; SFP / fibre; PoE / PoH / PoC,AVoIP; NetworkHD; AVoIP Infrastructure; network-switch; avoip-infrastructure; NetworkHD AV over IP; SFP / fibre; PoE / PoH / PoC,AVoIP; NetworkHD; AVoIP Infrastructure; NetworkHD AV over IP; Network switch; Pre-configured network switch; 10G switch; network-switch; avoip-infrastructure; SFP / fibre; PoE / PoH / PoC; AV over IP distribution; NetworkHD infrastructure,AVoIP; NetworkHD; AVoIP Infrastructure; NetworkHD AV over IP; SFP / fibre; PoE / PoH / PoC; Ethernet; 10G,M4300-XSM4324CS-24X; Netgear Pre-configured 10GbE 24-port Switch for use with NetworkHD 600 Series - WyreStorm; NetworkHD AVoIP; AVoIP endpoint / system component; AVoIP; NetworkHD; System controller / conditional-default; AVoIP Infrastructure; NetworkHD AV over IP; Network switch; Pre-configured network switch; 10G switch; Network infrastructure for AV over IP; network-switch; avoip-infrastructure; SFP / fibre; PoE / PoH / PoC; AV over IP distribution; NetworkHD infrastructure,
MX-0402-MST,Yes,Video Conferencing Equipment for Seamless Communication,Video Conferencing Equipment for Seamless Communication,Presentation / Room Core,Primary hardware,Presentation / Room Core,Presentation / Room Core,primary-hardware,default,product-manager-profile:wyrestorm-product-manager-v1,"Video conferencing equipment for clear, reliable meetings. Enhance remote communication with top-quality tools for business or personal use.",Matrix; Switching; Seamless Switching; Presentation / Room Core; Presentation switcher; Dual-display / MST room core; Room source switcher; MST / dual-display capable; HDMI; HDR; USB-C video input; Analog audio; Audio breakout; DSP audio processing; USB 3.x; USB routing / switching; USB-C; USB-C power delivery; Ethernet / LAN; IP / web control; IR control; RS-232 control; Video bar,Matrix; Switching; Seamless Switching; Presentation / Room Core; presentation-switcher; mst; room-core; HDMI; HDR; USB-C video input; Analog audio; Audio breakout; DSP audio processing; USB 3.x; USB routing / switching; USB-C; USB-C power delivery; Ethernet / LAN; IP / web control; IR control; RS-232 control; Video bar,"Matrix; Switching; Seamless Switching; Presentation / Room Core; Presentation switcher; Dual-display / MST room core; Room source switcher; MST / dual-display capable; presentation-switcher; mst; room-core; HDMI; HDR; USB-C video input; Analog audio; Audio breakout; DSP audio processing; USB 3.x; USB routing / switching; USB-C; USB-C power delivery; Ethernet / LAN; IP / web control; IR control; RS-232 control; Video bar; BYOD presentation; Meeting room, classroom and BYOD/BYOM presentation workflows",Matrix; Switching; Seamless Switching; Presentation / Room Core; HDMI; HDR; USB-C video input; Analog audio; Audio breakout; DSP audio processing; USB 3.x; USB routing / switching; USB-C; USB-C power delivery; Ethernet / LAN; IP / web control; IR control; RS-232 control; Video bar,"MX-0402-MST; Video Conferencing Equipment for Seamless Communication; Matrix Switcher; Matrix; Switching; Seamless Switching; Presentation / Room Core; Primary hardware; Presentation switcher; Dual-display / MST room core; Room source switcher; MST / dual-display capable; Room presentation and source switching core; presentation-switcher; mst; room-core; HDMI; HDR; USB-C video input; Analog audio; Audio breakout; DSP audio processing; USB 3.x; USB routing / switching; USB-C; USB-C power delivery; Ethernet / LAN; IP / web control; IR control; RS-232 control; Video bar; BYOD presentation; Meeting room, classroom and BYOD/BYOM presentation workflows",
MX-0403-H3-MST,Yes,4x3 Multi-Input Conference Room Switcher with Advanced USB-C Integration & HDBT 3.0 Output - WyreStorm,4x3 Multi-Input Conference Room Switcher with Advanced USB-C Integration & HDBT 3.0 Output - WyreStorm,Presentation / Room Core,Primary hardware,Presentation / Room Core,Presentation / Room Core,primary-hardware,default,product-manager-profile:wyrestorm-product-manager-v1,"The MX-0403-H3-MST Conference Presentation Switcher builds on the success of the MX-0402-MST by adding an HDBaseT 3.0 output for signal extension of up to 100m. Designed to simplify and enhance your presentation experience, this 4x3 switcher integrates video, audio, USB, control, and Ethernet functionalities. With dual USB-C and dual HDMI inputs, automatic switching capabilities, and advanced USB 3.2 ports, the MX-0403-H3-MST ensures seamless connectivity and control for all your conference needs. Experience crysta...",Matrix; Switching; HDBaseT; USB-C; USB; HDMI; Seamless Switching; Presentation / Room Core; Presentation switcher; Dual-display / MST room core; Room source switcher; MST / dual-display capable; HDBaseT 3.0; HDR; USB-C video input; Analog audio; Audio breakout; DSP audio processing; USB 3.x; USB-C power delivery; Ethernet / LAN; IP / web control; IR control; RS-232 control,Matrix; Switching; HDBaseT; USB-C; USB; HDMI; Seamless Switching; Presentation / Room Core; presentation-switcher; mst; room-core; HDBaseT 3.0; HDR; USB-C video input; Analog audio; Audio breakout; DSP audio processing; USB 3.x; USB-C power delivery; Ethernet / LAN; IP / web control; IR control; RS-232 control,"Matrix; Switching; HDBaseT; USB-C; USB; HDMI; Seamless Switching; Presentation / Room Core; Presentation switcher; Dual-display / MST room core; Room source switcher; MST / dual-display capable; presentation-switcher; mst; room-core; HDBaseT 3.0; HDR; USB-C video input; Analog audio; Audio breakout; DSP audio processing; USB 3.x; USB-C power delivery; Ethernet / LAN; IP / web control; IR control; RS-232 control; Meeting room; BYOD presentation; BYOM / UC; Meeting room, classroom and BYOD/BYOM presentation workflows",Matrix; Switching; HDBaseT; USB-C; USB; HDMI; Seamless Switching; Presentation / Room Core; HDBaseT 3.0; HDR; USB-C video input; Analog audio; Audio breakout; DSP audio processing; USB 3.x; USB-C power delivery; Ethernet / LAN; IP / web control; IR control; RS-232 control,"MX-0403-H3-MST; 4x3 Multi-Input Conference Room Switcher with Advanced USB-C Integration & HDBT 3.0 Output - WyreStorm; Matrix Switcher; Matrix; Switching; HDBaseT; USB-C; USB; HDMI; Seamless Switching; Presentation / Room Core; Primary hardware; Presentation switcher; Dual-display / MST room core; Room source switcher; MST / dual-display capable; Room presentation and source switching core; presentation-switcher; mst; room-core; HDBaseT 3.0; HDR; USB-C video input; Analog audio; Audio breakout; DSP audio processing; USB 3.x; USB-C power delivery; Ethernet / LAN; IP / web control; IR control; RS-232 control; Meeting room; BYOD presentation; BYOM / UC; Meeting room, classroom and BYOD/BYOM presentation workflows",
MX-0404-HDBT-H2A-KIT,Yes,4K 4x4 HDBaseT Matrix with Receivers - WyreStorm,4K 4x4 HDBaseT Matrix with Receivers - WyreStorm,Matrix Switcher,Primary hardware,Matrix,Matrix,primary-hardware,default,product-manager-profile:wyrestorm-product-manager-v1,DISCONTINUED The latest in WyreStorm's 4x4 H2 matrix + PoH receiver kit line gets an audio upgrade in the form of the MX-0404-HDBT-H2A-KIT for 4K distribution with CEC triggering of connected screens and enhanced audio fit for the modern home. This kit also lets you do even more with your audio with internal audio switching allowing de-embedded audio from sources or HDBaseT outputs and 4x S/PDIF and 4x analog stereo offering audio breakout from source or HDMI input.,Matrix; Switching; HDBaseT; HDMI; Matrix / Routing; HDBaseT matrix; Matrix with HDBaseT extension; Matrix routing core; Audio breakout; USB-C power delivery; CEC control; PoE / PoH / PoC,Matrix; Switching; HDBaseT; HDMI; Audio breakout; USB-C power delivery; CEC control; PoE / PoH / PoC,Matrix; Switching; HDBaseT; HDMI; Matrix / Routing; HDBaseT matrix; Matrix with HDBaseT extension; Matrix routing core; Audio breakout; USB-C power delivery; CEC control; PoE / PoH / PoC; Fixed I/O source-to-display routing,Matrix; Switching; HDBaseT; HDMI; Audio breakout; USB-C power delivery; CEC control; PoE / PoH / PoC,MX-0404-HDBT-H2A-KIT; 4K 4x4 HDBaseT Matrix with Receivers - WyreStorm; Matrix Switcher; Matrix; Switching; HDBaseT; HDMI; Primary hardware; Matrix / Routing; HDBaseT matrix; Matrix with HDBaseT extension; Matrix routing core; Central video routing; Audio breakout; USB-C power delivery; CEC control; PoE / PoH / PoC; Fixed I/O source-to-display routing,
MX-0404-HDMI,Yes,WyreStorm MX-0404-HDMI 4×4 4K Matrix Switcher – 18Gbps HDMI,WyreStorm MX-0404-HDMI 4×4 4K Matrix Switcher – 18Gbps HDMI,Matrix Switcher,Primary hardware,Matrix,Matrix,primary-hardware,default,product-manager-profile:wyrestorm-product-manager-v1,"Powerful WyreStorm MX-0404-HDMI 4×4 4K HDMI matrix switcher routes four 4K HDR sources to four displays with scaling outputs, audio de-embed, CEC control & pro install design.",Matrix; Switching; HDMI; Scaling; Video Wall / Multiview; Matrix / Routing; Seamless matrix; Fixed I/O matrix; Matrix routing core; Scaling / seamless matrix; HDR; Audio breakout; DSP audio processing; USB-C power delivery; Ethernet / LAN; CEC control; IP / web control; IR control; RS-232 control; EDID management; HDCP support; Rack installation,Matrix; Switching; HDMI; Scaling; Video Wall / Multiview; seamless; HDR; Audio breakout; DSP audio processing; USB-C power delivery; Ethernet / LAN; CEC control; IP / web control; IR control; RS-232 control; EDID management; HDCP support; Rack installation,Matrix; Switching; HDMI; Scaling; Video Wall / Multiview; Matrix / Routing; Seamless matrix; Fixed I/O matrix; Matrix routing core; Scaling / seamless matrix; seamless; HDR; Audio breakout; DSP audio processing; USB-C power delivery; Ethernet / LAN; CEC control; IP / web control; IR control; RS-232 control; EDID management; HDCP support; Rack installation; Control room; Fixed I/O source-to-display routing,Matrix; Switching; HDMI; Scaling; Video Wall / Multiview; HDR; Audio breakout; DSP audio processing; USB-C power delivery; Ethernet / LAN; CEC control; IP / web control; IR control; RS-232 control; EDID management; HDCP support; Rack installation,MX-0404-HDMI; WyreStorm MX-0404-HDMI 4×4 4K Matrix Switcher – 18Gbps HDMI; Matrix Switcher; Matrix; Switching; HDMI; Scaling; Video Processor; Primary hardware; Video Wall / Multiview; Matrix / Routing; Seamless matrix; Fixed I/O matrix; Matrix routing core; Scaling / seamless matrix; Central video routing; seamless; HDR; Audio breakout; DSP audio processing; USB-C power delivery; Ethernet / LAN; CEC control; IP / web control; IR control; RS-232 control; EDID management; HDCP support; Rack installation; Control room; Fixed I/O source-to-display routing,
MX-0404-KIT,Yes,4K 4x4 HDBaseT Matrix with Receiver - WyreStorm,4K 4x4 HDBaseT Matrix with Receiver - WyreStorm,Matrix Switcher,Primary hardware,Matrix,Matrix,primary-hardware,default,product-manager-profile:wyrestorm-product-manager-v1,"An established leader in AV matrix solutions, WyreStorm packs a wealth of experience into this powerful yet compact 1U chassis. Offering transmission of HDMI content up to 4K UHD & HDR content to 35m/115ft, pairing HDBaseT with WyreStorm’s powerful crosspoint HDMI switching chipset. The MX-0404-KIT has 3 HDBaseT zone outputs with PoH and a single switched HDMI output which can be paired with WyreStorm’s HAOC hybrid optical HDMI cables or any extender for transmission via HDBaseT or OM3 fiber. The MX-0404-KIT doesn’...",Matrix; Switching; HDBaseT; HDMI; Matrix / Routing; HDBaseT matrix; Matrix with HDBaseT extension; Matrix routing core; DisplayPort; HDR; Audio breakout; DSP audio processing; USB-C power delivery; Ethernet / LAN; SFP / fibre; CEC control; IP / web control; IR control; RS-232 control; EDID management; HDCP support; PoE / PoH / PoC; Rack installation,Matrix; Switching; HDBaseT; HDMI; DisplayPort; HDR; Audio breakout; DSP audio processing; USB-C power delivery; Ethernet / LAN; SFP / fibre; CEC control; IP / web control; IR control; RS-232 control; EDID management; HDCP support; PoE / PoH / PoC; Rack installation,Matrix; Switching; HDBaseT; HDMI; Matrix / Routing; HDBaseT matrix; Matrix with HDBaseT extension; Matrix routing core; DisplayPort; HDR; Audio breakout; DSP audio processing; USB-C power delivery; Ethernet / LAN; SFP / fibre; CEC control; IP / web control; IR control; RS-232 control; EDID management; HDCP support; PoE / PoH / PoC; Rack installation; Control room; Fixed I/O source-to-display routing,Matrix; Switching; HDBaseT; HDMI; DisplayPort; HDR; Audio breakout; DSP audio processing; USB-C power delivery; Ethernet / LAN; SFP / fibre; CEC control; IP / web control; IR control; RS-232 control; EDID management; HDCP support; PoE / PoH / PoC; Rack installation,MX-0404-KIT; 4K 4x4 HDBaseT Matrix with Receiver - WyreStorm; Matrix Switcher; Matrix; Switching; HDBaseT; HDMI; Primary hardware; Matrix / Routing; HDBaseT matrix; Matrix with HDBaseT extension; Matrix routing core; Central video routing; DisplayPort; HDR; Audio breakout; DSP audio processing; USB-C power delivery; Ethernet / LAN; SFP / fibre; CEC control; IP / web control; IR control; RS-232 control; EDID management; HDCP support; PoE / PoH / PoC; Rack installation; Control room; Fixed I/O source-to-display routing,
MX-0404-SCL,Yes,WyreStorm MX-0404-SCL 4x4 Seamless 4K60 HDMI Matrix Switcher with Scaling,WyreStorm MX-0404-SCL 4x4 Seamless 4K60 HDMI Matrix Switcher with Scaling,Matrix Switcher,Primary hardware,Matrix,Matrix,primary-hardware,default,product-manager-profile:wyrestorm-product-manager-v1,"WyreStorm MX-0404-SCL is a 4x4 seamless HDMI matrix switcher with 4K60 HDR, output scaling, multiview, video wall, and audio de-embed. Ideal for meeting rooms, education, and home AV.",Matrix; Switching; Video Wall; Processing; HDMI; Scaling; Seamless Switching; Multiview; Multi-view; Picture-in-Picture; PIP; Quad view; multi-window; multiple sources on one output; Seamless Scaling Matrix; Video Wall / Multiview; Matrix / Routing; Seamless matrix; Fixed I/O matrix; Matrix routing core; Scaling / seamless matrix; HDR; Amplifier output; Analog audio; Audio breakout; DSP audio processing; USB-C power delivery; Ethernet / LAN; CEC control; IP / web control; IR control; RS-232 control; EDID management; HDCP support,Matrix; Switching; Video Wall; Processing; HDMI; Scaling; Seamless Switching; Multiview; Multi-view; Picture-in-Picture; PIP; Quad view; multi-window; multiple sources on one output; Seamless Scaling Matrix; Video Wall / Multiview; seamless; HDR; Amplifier output; Analog audio; Audio breakout; DSP audio processing; USB-C power delivery; Ethernet / LAN; CEC control; IP / web control; IR control; RS-232 control; EDID management; HDCP support,Matrix; Switching; Video Wall; Processing; HDMI; Scaling; Seamless Switching; Multiview; Multi-view; Picture-in-Picture; PIP; Quad view; multi-window; multiple sources on one output; Seamless Scaling Matrix; Video Wall / Multiview; Matrix / Routing; Seamless matrix; Fixed I/O matrix; Matrix routing core; Scaling / seamless matrix; seamless; HDR; Amplifier output; Analog audio; Audio breakout; DSP audio processing; USB-C power delivery; Ethernet / LAN; CEC control; IP / web control; IR control; RS-232 control; EDID management; HDCP support; Meeting room; Classroom / lecture; Control room; Audio reinforcement; Fixed I/O source-to-display routing,Matrix; Switching; Video Wall; Processing; HDMI; Scaling; Seamless Switching; Multiview; Multi-view; Picture-in-Picture; PIP; Quad view; multi-window; multiple sources on one output; Seamless Scaling Matrix; Video Wall / Multiview; HDR; Amplifier output; Analog audio; Audio breakout; DSP audio processing; USB-C power delivery; Ethernet / LAN; CEC control; IP / web control; IR control; RS-232 control; EDID management; HDCP support,MX-0404-SCL; WyreStorm MX-0404-SCL 4x4 Seamless 4K60 HDMI Matrix Switcher with Scaling; Video Processor; Video processing hardware; Matrix; Switching; Video Wall; Processing; HDMI; Scaling; Seamless Switching; Multiview; Multi-view; Picture-in-Picture; PIP; Quad view; multi-window; multiple sources on one output; Seamless Scaling Matrix; Primary hardware; Video Wall / Multiview; Matrix / Routing; Seamless matrix; Fixed I/O matrix; Matrix routing core; Scaling / seamless matrix; Central video routing; seamless; HDR; Amplifier output; Analog audio; Audio breakout; DSP audio processing; USB-C power delivery; Ethernet / LAN; CEC control; IP / web control; IR control; RS-232 control; EDID management; HDCP support; Meeting room; Classroom / lecture; Control room; Audio reinforcement; Fixed I/O source-to-display routing,
MX-0804-EDC,Yes,WyreStorm MX-0804-EDC 8x4 Seamless Matrix Switch with USB-C & Dante,WyreStorm MX-0804-EDC 8x4 Seamless Matrix Switch with USB-C & Dante,Matrix Switcher,Primary hardware,Matrix,Matrix,primary-hardware,default,product-manager-profile:wyrestorm-product-manager-v1,"WyreStorm MX-0804-EDC is an 8x4 seamless matrix switch with USB-C, HDMI, Dante audio DSP, and 4K60 scaling. Ideal for classrooms, lecture halls, and meeting rooms.",Matrix; Switching; USB-C; USB; HDMI; Dante; Scaling; Seamless Switching; Video Wall / Multiview; Matrix / Routing; Seamless matrix; Fixed I/O matrix; Matrix routing core; Scaling / seamless matrix; HDMI 2.1 / 8K; HDR; USB-C video input; Analog audio; DSP audio processing; USB 2.0; USB 3.x; USB routing / switching; USB-C power delivery; Ethernet / LAN; CEC control; IP / web control; IR control; Relay / I/O control; RS-232 control; EDID management; HDCP support; Rack installation,Matrix; Switching; USB-C; USB; HDMI; Dante; Scaling; Seamless Switching; Video Wall / Multiview; seamless; HDMI 2.1 / 8K; HDR; USB-C video input; Analog audio; DSP audio processing; USB 2.0; USB 3.x; USB routing / switching; USB-C power delivery; Ethernet / LAN; CEC control; IP / web control; IR control; Relay / I/O control; RS-232 control; EDID management; HDCP support; Rack installation,Matrix; Switching; USB-C; USB; HDMI; Dante; Scaling; Seamless Switching; Video Wall / Multiview; Matrix / Routing; Seamless matrix; Fixed I/O matrix; Matrix routing core; Scaling / seamless matrix; seamless; HDMI 2.1 / 8K; HDR; USB-C video input; Analog audio; DSP audio processing; USB 2.0; USB 3.x; USB routing / switching; USB-C power delivery; Ethernet / LAN; CEC control; IP / web control; IR control; Relay / I/O control; RS-232 control; EDID management; HDCP support; Rack installation; Meeting room; Classroom / lecture; BYOD presentation; Control room; Fixed I/O source-to-display routing,Matrix; Switching; USB-C; USB; HDMI; Dante; Scaling; Seamless Switching; Video Wall / Multiview; HDMI 2.1 / 8K; HDR; USB-C video input; Analog audio; DSP audio processing; USB 2.0; USB 3.x; USB routing / switching; USB-C power delivery; Ethernet / LAN; CEC control; IP / web control; IR control; Relay / I/O control; RS-232 control; EDID management; HDCP support; Rack installation,MX-0804-EDC; WyreStorm MX-0804-EDC 8x4 Seamless Matrix Switch with USB-C & Dante; Matrix Switcher; Matrix; Switching; USB-C; USB; HDMI; Dante; Scaling; Seamless Switching; Video Processor; Primary hardware; Video Wall / Multiview; Matrix / Routing; Seamless matrix; Fixed I/O matrix; Matrix routing core; Scaling / seamless matrix; Central video routing; seamless; HDMI 2.1 / 8K; HDR; USB-C video input; Analog audio; DSP audio processing; USB 2.0; USB 3.x; USB routing / switching; USB-C power delivery; Ethernet / LAN; CEC control; IP / web control; IR control; Relay / I/O control; RS-232 control; EDID management; HDCP support; Rack installation; Meeting room; Classroom / lecture; BYOD presentation; Control room; Fixed I/O source-to-display routing,
MX-0808-H2A-MK2,Yes,8x8 HDMI Matrix – Seamless Video Switching for Multiple Displays,8x8 HDMI Matrix – Seamless Video Switching for Multiple Displays,Matrix Switcher,Primary hardware,Matrix,Matrix,primary-hardware,default,product-manager-profile:wyrestorm-product-manager-v1,"8x8 HDMI Matrix offers efficient video switching, enabling you to manage multiple HDMI sources and displays with ease and clarity.",Matrix; Switching; HDMI; Seamless Switching; Video Wall / Multiview; Matrix / Routing; Seamless matrix; Fixed I/O matrix; Matrix routing core; Scaling / seamless matrix; HDR; Amplifier output; Analog audio; Audio breakout; DSP audio processing; USB-C power delivery; Ethernet / LAN; CEC control; IP / web control; IR control; RS-232 control; EDID management; HDCP support; Scaling; Rack installation,Matrix; Switching; HDMI; Seamless Switching; Video Wall / Multiview; seamless; HDR; Amplifier output; Analog audio; Audio breakout; DSP audio processing; USB-C power delivery; Ethernet / LAN; CEC control; IP / web control; IR control; RS-232 control; EDID management; HDCP support; Scaling; Rack installation,Matrix; Switching; HDMI; Seamless Switching; Video Wall / Multiview; Matrix / Routing; Seamless matrix; Fixed I/O matrix; Matrix routing core; Scaling / seamless matrix; seamless; HDR; Amplifier output; Analog audio; Audio breakout; DSP audio processing; USB-C power delivery; Ethernet / LAN; CEC control; IP / web control; IR control; RS-232 control; EDID management; HDCP support; Scaling; Rack installation; Control room; Audio reinforcement; Fixed I/O source-to-display routing,Matrix; Switching; HDMI; Seamless Switching; Video Wall / Multiview; HDR; Amplifier output; Analog audio; Audio breakout; DSP audio processing; USB-C power delivery; Ethernet / LAN; CEC control; IP / web control; IR control; RS-232 control; EDID management; HDCP support; Scaling; Rack installation,MX-0808-H2A-MK2; 8x8 HDMI Matrix – Seamless Video Switching for Multiple Displays; Matrix Switcher; Matrix; Switching; HDMI; Seamless Switching; Video Processor; Primary hardware; Video Wall / Multiview; Matrix / Routing; Seamless matrix; Fixed I/O matrix; Matrix routing core; Scaling / seamless matrix; Central video routing; seamless; HDR; Amplifier output; Analog audio; Audio breakout; DSP audio processing; USB-C power delivery; Ethernet / LAN; CEC control; IP / web control; IR control; RS-232 control; EDID management; HDCP support; Scaling; Rack installation; Control room; Audio reinforcement; Fixed I/O source-to-display routing,
MX-0808-KIT-V2,Yes,8x8 4K UHD HDBaseT Matrix Kit - WyreStorm,8x8 4K UHD HDBaseT Matrix Kit - WyreStorm,Matrix Switcher,Primary hardware,Matrix,Matrix,primary-hardware,default,product-manager-profile:wyrestorm-product-manager-v1,"The MX-0808-KIT v2 gets a make over, sharing many of the same powerful features of version 1, but with a vision of lite commercial installations in mind. Offering the same transmissions of 4K UHD up to 35m/115ft, but now up to 8 HDBaseT outputs with included receivers. Additionally, version 2 is equipped with 4 mirrored outputs, which can be paired with any of our HAOC hybrid optical HDMI cables to connect to 4 additional screens. Also new and fitting are 4 balanced analog audio outputs 2ch support to connect to ce...",Matrix; Switching; HDBaseT; HDMI; Matrix / Routing; HDBaseT matrix; Matrix with HDBaseT extension; Matrix routing core; HDR; Analog audio; DSP audio processing; KVM / USB extension; Ethernet / LAN; SFP / fibre; CEC control; IP / web control; IR control; RS-232 control; EDID management; HDCP support; PoE / PoH / PoC; Rack installation,Matrix; Switching; HDBaseT; HDMI; HDR; Analog audio; DSP audio processing; KVM / USB extension; Ethernet / LAN; SFP / fibre; CEC control; IP / web control; IR control; RS-232 control; EDID management; HDCP support; PoE / PoH / PoC; Rack installation,Matrix; Switching; HDBaseT; HDMI; Matrix / Routing; HDBaseT matrix; Matrix with HDBaseT extension; Matrix routing core; HDR; Analog audio; DSP audio processing; KVM / USB extension; Ethernet / LAN; SFP / fibre; CEC control; IP / web control; IR control; RS-232 control; EDID management; HDCP support; PoE / PoH / PoC; Rack installation; Fixed I/O source-to-display routing,Matrix; Switching; HDBaseT; HDMI; HDR; Analog audio; DSP audio processing; KVM / USB extension; Ethernet / LAN; SFP / fibre; CEC control; IP / web control; IR control; RS-232 control; EDID management; HDCP support; PoE / PoH / PoC; Rack installation,MX-0808-KIT-V2; 8x8 4K UHD HDBaseT Matrix Kit - WyreStorm; Matrix Switcher; Matrix; Switching; HDBaseT; HDMI; Primary hardware; Matrix / Routing; HDBaseT matrix; Matrix with HDBaseT extension; Matrix routing core; Central video routing; HDR; Analog audio; DSP audio processing; KVM / USB extension; Ethernet / LAN; SFP / fibre; CEC control; IP / web control; IR control; RS-232 control; EDID management; HDCP support; PoE / PoH / PoC; Rack installation; Fixed I/O source-to-display routing,
MX-0808-SCL,Yes,4K60 8x8 Seamless Scaling HDMI Matrix with USB-C Support - WyreStorm,4K60 8x8 Seamless Scaling HDMI Matrix with USB-C Support - WyreStorm,Matrix Switcher,Primary hardware,Matrix,Matrix,primary-hardware,default,product-manager-profile:wyrestorm-product-manager-v1,"The MX-0808-SCL is a sophisticated HDMI matrix switcher designed for fast Seamless switching. Perfectly suited for professional environments such as corporate training rooms, hotel meeting spaces, and academic classrooms, this device boasts an integrated 4K60 scaler on each HDMI output, scaling from 480p to 2160p. Additionally, it features a comprehensive USB-C input . delivering support for 4K60 video, a 1GbE passthrough network connection, and PD3.0 USB host charging up to 60 watts, ensuring compatibility and eas...",Matrix; Switching; USB-C; USB; HDMI; Scaling; Seamless Switching; Multiview; Multi-view; Picture-in-Picture; PIP; Quad view; multi-window; multiple sources on one output; Seamless Scaling Matrix; Video Wall / Multiview; Matrix / Routing; Seamless matrix; Fixed I/O matrix; Matrix routing core; Scaling / seamless matrix; HDR; USB-C video input; Amplifier output; Analog audio; Dante; USB 3.x; USB routing / switching; USB-C power delivery; Ethernet / LAN; CEC control; IP / web control; IR control; RS-232 control; EDID management; HDCP support; Rack installation,Matrix; Switching; USB-C; USB; HDMI; Scaling; Seamless Switching; Multiview; Multi-view; Picture-in-Picture; PIP; Quad view; multi-window; multiple sources on one output; Seamless Scaling Matrix; Video Wall / Multiview; seamless; HDR; USB-C video input; Amplifier output; Analog audio; Dante; USB 3.x; USB routing / switching; USB-C power delivery; Ethernet / LAN; CEC control; IP / web control; IR control; RS-232 control; EDID management; HDCP support; Rack installation,Matrix; Switching; USB-C; USB; HDMI; Scaling; Seamless Switching; Multiview; Multi-view; Picture-in-Picture; PIP; Quad view; multi-window; multiple sources on one output; Seamless Scaling Matrix; Video Wall / Multiview; Matrix / Routing; Seamless matrix; Fixed I/O matrix; Matrix routing core; Scaling / seamless matrix; seamless; HDR; USB-C video input; Amplifier output; Analog audio; Dante; USB 3.x; USB routing / switching; USB-C power delivery; Ethernet / LAN; CEC control; IP / web control; IR control; RS-232 control; EDID management; HDCP support; Rack installation; Classroom / lecture; BYOD presentation; Fixed I/O source-to-display routing,Matrix; Switching; USB-C; USB; HDMI; Scaling; Seamless Switching; Multiview; Multi-view; Picture-in-Picture; PIP; Quad view; multi-window; multiple sources on one output; Seamless Scaling Matrix; Video Wall / Multiview; HDR; USB-C video input; Amplifier output; Analog audio; Dante; USB 3.x; USB routing / switching; USB-C power delivery; Ethernet / LAN; CEC control; IP / web control; IR control; RS-232 control; EDID management; HDCP support; Rack installation,MX-0808-SCL; 4K60 8x8 Seamless Scaling HDMI Matrix with USB-C Support - WyreStorm; Matrix Switcher; Seamless scaling matrix switcher; Matrix; Switching; USB-C; USB; HDMI; Scaling; Seamless Switching; Multiview; Multi-view; Picture-in-Picture; PIP; Quad view; multi-window; multiple sources on one output; Seamless Scaling Matrix; Video Processor; Primary hardware; Video Wall / Multiview; Matrix / Routing; Seamless matrix; Fixed I/O matrix; Matrix routing core; Scaling / seamless matrix; Central video routing; seamless; HDR; USB-C video input; Amplifier output; Analog audio; Dante; USB 3.x; USB routing / switching; USB-C power delivery; Ethernet / LAN; CEC control; IP / web control; IR control; RS-232 control; EDID management; HDCP support; Rack installation; Classroom / lecture; BYOD presentation; Fixed I/O source-to-display routing,
MX-0808-SCL-V2,Yes,4K60 8x8 Seamless Scaling HDMI Matrix with USB-C Support v2 - WyreStorm,4K60 8x8 Seamless Scaling HDMI Matrix with USB-C Support v2 - WyreStorm,Matrix Switcher,Primary hardware,Matrix,Matrix,primary-hardware,default,product-manager-profile:wyrestorm-product-manager-v1,"The MX-0808-SCL is a sophisticated HDMI matrix switcher designed for fast Seamless switching. Perfectly suited for professional environments such as corporate training rooms, hotel meeting spaces, and academic classrooms, this device boasts an integrated 4K60 scaler on each HDMI output, scaling from 480p to 2160p. Additionally, it features a comprehensive USB-C input . delivering support for 4K60 video, a 1GbE passthrough network connection, and PD3.0 USB host charging up to 60 watts, ensuring compatibility and eas...",Matrix; Switching; USB-C; USB; HDMI; Scaling; Seamless Switching; Multiview; Multi-view; Picture-in-Picture; PIP; Quad view; multi-window; multiple sources on one output; Seamless Scaling Matrix; Video Wall / Multiview; Matrix / Routing; Seamless matrix; Fixed I/O matrix; Matrix routing core; Scaling / seamless matrix; HDR; USB-C video input; Amplifier output; Analog audio; USB 3.x; USB routing / switching; USB-C power delivery; Ethernet / LAN; CEC control; IP / web control; IR control; RS-232 control; EDID management; HDCP support; Rack installation,Matrix; Switching; USB-C; USB; HDMI; Scaling; Seamless Switching; Multiview; Multi-view; Picture-in-Picture; PIP; Quad view; multi-window; multiple sources on one output; Seamless Scaling Matrix; Video Wall / Multiview; seamless; HDR; USB-C video input; Amplifier output; Analog audio; USB 3.x; USB routing / switching; USB-C power delivery; Ethernet / LAN; CEC control; IP / web control; IR control; RS-232 control; EDID management; HDCP support; Rack installation,Matrix; Switching; USB-C; USB; HDMI; Scaling; Seamless Switching; Multiview; Multi-view; Picture-in-Picture; PIP; Quad view; multi-window; multiple sources on one output; Seamless Scaling Matrix; Video Wall / Multiview; Matrix / Routing; Seamless matrix; Fixed I/O matrix; Matrix routing core; Scaling / seamless matrix; seamless; HDR; USB-C video input; Amplifier output; Analog audio; USB 3.x; USB routing / switching; USB-C power delivery; Ethernet / LAN; CEC control; IP / web control; IR control; RS-232 control; EDID management; HDCP support; Rack installation; Classroom / lecture; BYOD presentation; Fixed I/O source-to-display routing,Matrix; Switching; USB-C; USB; HDMI; Scaling; Seamless Switching; Multiview; Multi-view; Picture-in-Picture; PIP; Quad view; multi-window; multiple sources on one output; Seamless Scaling Matrix; Video Wall / Multiview; HDR; USB-C video input; Amplifier output; Analog audio; USB 3.x; USB routing / switching; USB-C power delivery; Ethernet / LAN; CEC control; IP / web control; IR control; RS-232 control; EDID management; HDCP support; Rack installation,MX-0808-SCL-V2; 4K60 8x8 Seamless Scaling HDMI Matrix with USB-C Support v2 - WyreStorm; Matrix Switcher; Seamless scaling matrix switcher; Matrix; Switching; USB-C; USB; HDMI; Scaling; Seamless Switching; Multiview; Multi-view; Picture-in-Picture; PIP; Quad view; multi-window; multiple sources on one output; Seamless Scaling Matrix; Video Processor; Primary hardware; Video Wall / Multiview; Matrix / Routing; Seamless matrix; Fixed I/O matrix; Matrix routing core; Scaling / seamless matrix; Central video routing; seamless; HDR; USB-C video input; Amplifier output; Analog audio; USB 3.x; USB routing / switching; USB-C power delivery; Ethernet / LAN; CEC control; IP / web control; IR control; RS-232 control; EDID management; HDCP support; Rack installation; Classroom / lecture; BYOD presentation; Fixed I/O source-to-display routing,
MX-0812-SCL,Yes,4K60 8x12 Advanced Seamless Scaling HDMI Matrix - WyreStorm,4K60 8x12 Advanced Seamless Scaling HDMI Matrix - WyreStorm,Matrix Switcher,Primary hardware,Matrix,Matrix,primary-hardware,default,product-manager-profile:wyrestorm-product-manager-v1,"Best HDMI Matrix for seamless video switching and distribution. Reliable, top-rated devices for efficient multi-source and multi-display setups.",Matrix; Switching; HDMI; Scaling; Seamless Switching; Multiview; Multi-view; Picture-in-Picture; PIP; Quad view; multi-window; multiple sources on one output; Seamless Scaling Matrix; Video Wall / Multiview; Matrix / Routing; Seamless matrix; Fixed I/O matrix; Matrix routing core; Scaling / seamless matrix; HDR; Amplifier output; Analog audio; Dante; USB 3.x; Ethernet / LAN; CEC control; IP / web control; RS-232 control; EDID management; HDCP support; Video wall,Matrix; Switching; HDMI; Scaling; Seamless Switching; Multiview; Multi-view; Picture-in-Picture; PIP; Quad view; multi-window; multiple sources on one output; Seamless Scaling Matrix; Video Wall / Multiview; seamless; HDR; Amplifier output; Analog audio; Dante; USB 3.x; Ethernet / LAN; CEC control; IP / web control; RS-232 control; EDID management; HDCP support; Video wall,Matrix; Switching; HDMI; Scaling; Seamless Switching; Multiview; Multi-view; Picture-in-Picture; PIP; Quad view; multi-window; multiple sources on one output; Seamless Scaling Matrix; Video Wall / Multiview; Matrix / Routing; Seamless matrix; Fixed I/O matrix; Matrix routing core; Scaling / seamless matrix; seamless; HDR; Amplifier output; Analog audio; Dante; USB 3.x; Ethernet / LAN; CEC control; IP / web control; RS-232 control; EDID management; HDCP support; Video wall; Fixed I/O source-to-display routing,Matrix; Switching; HDMI; Scaling; Seamless Switching; Multiview; Multi-view; Picture-in-Picture; PIP; Quad view; multi-window; multiple sources on one output; Seamless Scaling Matrix; Video Wall / Multiview; HDR; Amplifier output; Analog audio; Dante; USB 3.x; Ethernet / LAN; CEC control; IP / web control; RS-232 control; EDID management; HDCP support; Video wall,MX-0812-SCL; 4K60 8x12 Advanced Seamless Scaling HDMI Matrix - WyreStorm; Matrix Switcher; Seamless scaling matrix switcher; Matrix; Switching; HDMI; Scaling; Seamless Switching; Multiview; Multi-view; Picture-in-Picture; PIP; Quad view; multi-window; multiple sources on one output; Seamless Scaling Matrix; Video Processor; Primary hardware; Video Wall / Multiview; Matrix / Routing; Seamless matrix; Fixed I/O matrix; Matrix routing core; Scaling / seamless matrix; Central video routing; seamless; HDR; Amplifier output; Analog audio; Dante; USB 3.x; Ethernet / LAN; CEC control; IP / web control; RS-232 control; EDID management; HDCP support; Video wall; Fixed I/O source-to-display routing,
MX-1007-HYB,Yes,WyreStorm MX-1007-HYB 10×7 4K Hybrid Matrix Switcher,WyreStorm MX-1007-HYB 10×7 4K Hybrid Matrix Switcher,Matrix Switcher,Primary hardware,Matrix,Matrix,primary-hardware,default,product-manager-profile:wyrestorm-product-manager-v1,"Upgrade your AV system with the WyreStorm MX-1007-HYB 10×7 hybrid matrix switcher, delivering seamless 4K switching across HDMI, USB-C, HDBaseT, NetworkHD, and Dante audio—ideal for advanced pro AV installations.",Matrix; Switching; AVoIP; NetworkHD; HDBaseT; USB-C; USB; HDMI; Dante; Seamless Switching; Video Wall / Multiview; Matrix / Routing; Seamless matrix; Matrix with HDBaseT extension; Matrix routing core; Scaling / seamless matrix; HDBaseT 3.0; HDR; USB-C video input; Amplifier output; Analog audio; Audio breakout; DSP audio processing; USB 2.0; USB 3.x; USB routing / switching; USB-C power delivery; Ethernet / LAN; NetworkHD AV over IP; CEC control; IP / web control; IR control; Relay / I/O control; RS-232 control; EDID management; HDCP support; Multiview; Scaling; Video wall; PoE / PoH / PoC; Video bar,Matrix; Switching; AVoIP; NetworkHD; HDBaseT; USB-C; USB; HDMI; Dante; Seamless Switching; Video Wall / Multiview; seamless; HDBaseT 3.0; HDR; USB-C video input; Amplifier output; Analog audio; Audio breakout; DSP audio processing; USB 2.0; USB 3.x; USB routing / switching; USB-C power delivery; Ethernet / LAN; NetworkHD AV over IP; CEC control; IP / web control; IR control; Relay / I/O control; RS-232 control; EDID management; HDCP support; Multiview; Scaling; Video wall; PoE / PoH / PoC; Video bar,Matrix; Switching; AVoIP; NetworkHD; HDBaseT; USB-C; USB; HDMI; Dante; Seamless Switching; Video Wall / Multiview; Matrix / Routing; Seamless matrix; Matrix with HDBaseT extension; Matrix routing core; Scaling / seamless matrix; seamless; HDBaseT 3.0; HDR; USB-C video input; Amplifier output; Analog audio; Audio breakout; DSP audio processing; USB 2.0; USB 3.x; USB routing / switching; USB-C power delivery; Ethernet / LAN; NetworkHD AV over IP; CEC control; IP / web control; IR control; Relay / I/O control; RS-232 control; EDID management; HDCP support; Multiview; Scaling; Video wall; PoE / PoH / PoC; Video bar; BYOD presentation; Control room; Audio reinforcement; Fixed I/O source-to-display routing,Matrix; Switching; AVoIP; NetworkHD; HDBaseT; USB-C; USB; HDMI; Dante; Seamless Switching; Video Wall / Multiview; HDBaseT 3.0; HDR; USB-C video input; Amplifier output; Analog audio; Audio breakout; DSP audio processing; USB 2.0; USB 3.x; USB routing / switching; USB-C power delivery; Ethernet / LAN; NetworkHD AV over IP; CEC control; IP / web control; IR control; Relay / I/O control; RS-232 control; EDID management; HDCP support; Multiview; Scaling; Video wall; PoE / PoH / PoC; Video bar,MX-1007-HYB; WyreStorm MX-1007-HYB 10×7 4K Hybrid Matrix Switcher; NetworkHD AVoIP; AVoIP endpoint / system component; Matrix; Switching; AVoIP; NetworkHD; HDBaseT; USB-C; USB; HDMI; Dante; Seamless Switching; Video Processor; Primary hardware; Video Wall / Multiview; Matrix / Routing; Seamless matrix; Matrix with HDBaseT extension; Matrix routing core; Scaling / seamless matrix; Central video routing; seamless; HDBaseT 3.0; HDR; USB-C video input; Amplifier output; Analog audio; Audio breakout; DSP audio processing; USB 2.0; USB 3.x; USB routing / switching; USB-C power delivery; Ethernet / LAN; NetworkHD AV over IP; CEC control; IP / web control; IR control; Relay / I/O control; RS-232 control; EDID management; HDCP support; Multiview; Scaling; Video wall; PoE / PoH / PoC; Video bar; BYOD presentation; Control room; Audio reinforcement; Fixed I/O source-to-display routing,
MX-1010-H2XC,Yes,10 Slot 18Gbps 4K HDR Modular Matrix Switch Chassis - WyreStorm,10 Slot 18Gbps 4K HDR Modular Matrix Switch Chassis - WyreStorm,Matrix Switcher,Primary hardware,Matrix,Matrix,primary-hardware,default,product-manager-profile:wyrestorm-product-manager-v1,"DISCONTINUED Because the H2X platform packs such a big punch with its standalone version, it wouldn’t be sensible to not offer a modular version. Much like the 2K 16x16 modular matrix, WyreStorm takes custom AV distribution and control to new heights with the H2XC platform. The H2XC platform gives integrators the utmost in switching and flexibility; for large projects that demand the latest in 4K HDR technology, while giving the integrator the freedom to choose exactly what goes into its chassis, making a perfect f...",Matrix; Switching; Matrix / Routing; Matrix switcher; Fixed I/O matrix; Matrix routing core; HDR,Matrix; Switching; HDR,Matrix; Switching; Matrix / Routing; Matrix switcher; Fixed I/O matrix; Matrix routing core; HDR; Fixed I/O source-to-display routing,Matrix; Switching; HDR; HDMI,MX-1010-H2XC; 10 Slot 18Gbps 4K HDR Modular Matrix Switch Chassis - WyreStorm; Matrix Switcher; Matrix; Switching; Primary hardware; Matrix / Routing; Fixed I/O matrix; Matrix routing core; Central video routing; HDR; Fixed I/O source-to-display routing,
MX-1616-H2XC,Yes,16 Slot 18Gbps 4K HDR Modular Matrix Switch Chassis - WyreStorm,16 Slot 18Gbps 4K HDR Modular Matrix Switch Chassis - WyreStorm,Matrix Switcher,Primary hardware,Matrix,Matrix,primary-hardware,default,product-manager-profile:wyrestorm-product-manager-v1,"DISCONTINUED Because the H2X platform packs such a big punch with its standalone version, it wouldn’t be sensible to not offer a modular version. Much like the 2K 16x16 modular matrix, WyreStorm takes custom AV distribution and control to new heights with the H2XC platform. The H2XC platform gives integrators the utmost in switching and flexibility; for large projects that demand the latest in 4K HDR technology, while giving the integrator the freedom to choose exactly what goes into its chassis, making a perfect f...",Matrix; Switching; Matrix / Routing; HDBaseT matrix; Matrix with HDBaseT extension; Matrix routing core; HDBaseT; HDMI; HDMI 2.1 / 8K; HDR; Analog audio; Audio breakout; DSP audio processing; USB-C power delivery; Ethernet / LAN; SFP / fibre; CEC control; IP / web control; IR control; RS-232 control; EDID management; HDCP support; PoE / PoH / PoC; Rack installation,Matrix; Switching; hdbaset; HDMI; HDMI 2.1 / 8K; HDR; Analog audio; Audio breakout; DSP audio processing; USB-C power delivery; Ethernet / LAN; SFP / fibre; CEC control; IP / web control; IR control; RS-232 control; EDID management; HDCP support; PoE / PoH / PoC; Rack installation,Matrix; Switching; Matrix / Routing; HDBaseT matrix; Matrix with HDBaseT extension; Matrix routing core; hdbaset; HDMI; HDMI 2.1 / 8K; HDR; Analog audio; Audio breakout; DSP audio processing; USB-C power delivery; Ethernet / LAN; SFP / fibre; CEC control; IP / web control; IR control; RS-232 control; EDID management; HDCP support; PoE / PoH / PoC; Rack installation; Fixed I/O source-to-display routing,Matrix; Switching; HDBaseT; HDMI; HDMI 2.1 / 8K; HDR; Analog audio; Audio breakout; DSP audio processing; USB-C power delivery; Ethernet / LAN; SFP / fibre; CEC control; IP / web control; IR control; RS-232 control; EDID management; HDCP support; PoE / PoH / PoC; Rack installation,MX-1616-H2XC; 16 Slot 18Gbps 4K HDR Modular Matrix Switch Chassis - WyreStorm; Matrix Switcher; Matrix; Switching; Primary hardware; Matrix / Routing; HDBaseT matrix; Matrix with HDBaseT extension; Matrix routing core; Central video routing; hdbaset; HDMI; HDMI 2.1 / 8K; HDR; Analog audio; Audio breakout; DSP audio processing; USB-C power delivery; Ethernet / LAN; SFP / fibre; CEC control; IP / web control; IR control; RS-232 control; EDID management; HDCP support; PoE / PoH / PoC; Rack installation; Fixed I/O source-to-display routing,
MX-1616-SCL,Yes,Advanced 16x16 Seamless Scaling Matrix Chassis - WyreStorm,Advanced 16x16 Seamless Scaling Matrix Chassis - WyreStorm,Matrix Switcher,Primary hardware,Matrix,Matrix,primary-hardware,default,product-manager-profile:wyrestorm-product-manager-v1,"Discover the MX-1616-SCL, a versatile 16x16 HDMI/HDBaseT Matrix Switcher designed to streamline audio and video distribution in commercial, educational, and entertainment settings. Offering seamless switching and scaling of up to 4K60 4:4:4 video with minimal latency, this device ensures that your content is always displayed at its best, while adhering to the latest HDMI 2.0 and HDCP 2.2 standards.",Matrix; Switching; HDBaseT; HDMI; Scaling; Seamless Switching; Multiview; Multi-view; Picture-in-Picture; PIP; Quad view; multi-window; multiple sources on one output; Seamless Scaling Matrix; Video Wall / Multiview; Matrix / Routing; Seamless matrix; Matrix with HDBaseT extension; Matrix routing core; Scaling / seamless matrix; HDR; Analog audio; Audio breakout; Ethernet / LAN; CEC control; IP / web control; IR control; RS-232 control; EDID management; HDCP support; PoE / PoH / PoC,Matrix; Switching; HDBaseT; HDMI; Scaling; Seamless Switching; Multiview; Multi-view; Picture-in-Picture; PIP; Quad view; multi-window; multiple sources on one output; Seamless Scaling Matrix; Video Wall / Multiview; seamless; HDR; Analog audio; Audio breakout; Ethernet / LAN; CEC control; IP / web control; IR control; RS-232 control; EDID management; HDCP support; PoE / PoH / PoC,Matrix; Switching; HDBaseT; HDMI; Scaling; Seamless Switching; Multiview; Multi-view; Picture-in-Picture; PIP; Quad view; multi-window; multiple sources on one output; Seamless Scaling Matrix; Video Wall / Multiview; Matrix / Routing; Seamless matrix; Matrix with HDBaseT extension; Matrix routing core; Scaling / seamless matrix; seamless; HDR; Analog audio; Audio breakout; Ethernet / LAN; CEC control; IP / web control; IR control; RS-232 control; EDID management; HDCP support; PoE / PoH / PoC; Classroom / lecture; Control room; Fixed I/O source-to-display routing,Matrix; Switching; HDBaseT; HDMI; Scaling; Seamless Switching; Multiview; Multi-view; Picture-in-Picture; PIP; Quad view; multi-window; multiple sources on one output; Seamless Scaling Matrix; Video Wall / Multiview; HDR; Analog audio; Audio breakout; Ethernet / LAN; CEC control; IP / web control; IR control; RS-232 control; EDID management; HDCP support; PoE / PoH / PoC,MX-1616-SCL; Advanced 16x16 Seamless Scaling Matrix Chassis - WyreStorm; Matrix Switcher; Seamless scaling matrix switcher; Matrix; Switching; HDBaseT; HDMI; Scaling; Seamless Switching; Multiview; Multi-view; Picture-in-Picture; PIP; Quad view; multi-window; multiple sources on one output; Seamless Scaling Matrix; Video Processor; Primary hardware; Video Wall / Multiview; Matrix / Routing; Seamless matrix; Matrix with HDBaseT extension; Matrix routing core; Scaling / seamless matrix; Central video routing; seamless; HDR; Analog audio; Audio breakout; Ethernet / LAN; CEC control; IP / web control; IR control; RS-232 control; EDID management; HDCP support; PoE / PoH / PoC; Classroom / lecture; Control room; Fixed I/O source-to-display routing,
MXV-0404-H2A-KIT-V2,Yes,4K60 4x4 HDBaseT Matrix with Receivers - WyreStorm,4K60 4x4 HDBaseT Matrix with Receivers - WyreStorm,Matrix Switcher,Primary hardware,Matrix,Matrix,primary-hardware,default,product-manager-profile:wyrestorm-product-manager-v1,"Offering transmission of 18Gbps HDMI content up to 35m/115ft by pairing HDBaseT with WyreStorm’s powerful lossless compression algorithm, the MXV-0404-H2A-KIT brings the familiar power of the WyreStorm H2-series to a compact 1U chassis. Unlike competing compression methods such as CSC, which permanently remove color data, WyreStorm’s VLC uses a lossless compression technology to ensure signal integrity. With 4 HDBaseT zone outputs and a mirrored HDMI output offering CEC triggering for all 5 connected screens, this...",Matrix; Switching; HDBaseT; HDMI; Matrix / Routing; Seamless matrix; Matrix with HDBaseT extension; Matrix routing core; Scaling / seamless matrix; HDR; Audio breakout; DSP audio processing; USB-C power delivery; Ethernet / LAN; NDI; SFP / fibre; CEC control; IP / web control; IR control; RS-232 control; EDID management; HDCP support; Scaling; PoE / PoH / PoC; Rack installation,Matrix; Switching; HDBaseT; HDMI; seamless; HDR; Audio breakout; DSP audio processing; USB-C power delivery; Ethernet / LAN; NDI; SFP / fibre; CEC control; IP / web control; IR control; RS-232 control; EDID management; HDCP support; Scaling; PoE / PoH / PoC; Rack installation,Matrix; Switching; HDBaseT; HDMI; Matrix / Routing; Seamless matrix; Matrix with HDBaseT extension; Matrix routing core; Scaling / seamless matrix; seamless; HDR; Audio breakout; DSP audio processing; USB-C power delivery; Ethernet / LAN; NDI; SFP / fibre; CEC control; IP / web control; IR control; RS-232 control; EDID management; HDCP support; Scaling; PoE / PoH / PoC; Rack installation; Fixed I/O source-to-display routing,Matrix; Switching; HDBaseT; HDMI; HDR; Audio breakout; DSP audio processing; USB-C power delivery; Ethernet / LAN; NDI; SFP / fibre; CEC control; IP / web control; IR control; RS-232 control; EDID management; HDCP support; Scaling; PoE / PoH / PoC; Rack installation,MXV-0404-H2A-KIT-V2; 4K60 4x4 HDBaseT Matrix with Receivers - WyreStorm; Matrix Switcher; Matrix; Switching; HDBaseT; HDMI; Primary hardware; Matrix / Routing; Seamless matrix; Matrix with HDBaseT extension; Matrix routing core; Scaling / seamless matrix; Central video routing; seamless; HDR; Audio breakout; DSP audio processing; USB-C power delivery; Ethernet / LAN; NDI; SFP / fibre; CEC control; IP / web control; IR control; RS-232 control; EDID management; HDCP support; Scaling; PoE / PoH / PoC; Rack installation; Fixed I/O source-to-display routing,
MXV-0408-H2A,Yes,4K60 4x8 HDBaseT Matrix - WyreStorm,4K60 4x8 HDBaseT Matrix - WyreStorm,Matrix Switcher,Primary hardware,Matrix,Matrix,primary-hardware,default,product-manager-profile:wyrestorm-product-manager-v1,"DISCONTINUED Offering transmission of 18Gbps HDMI content up to 35m/115ft by pairing HDBaseT with WyreStorm's powerful lossless compression algorithm, the MXV-0408-H2A brings the familiar power of the WyreStorm H2-series to a compact 1U chassis. Unlike competing compression methods, such as CSC which permanently remove color data, WyreStorm's VLC uses lossless compression technology to ensure signal integrity. With 6 HDBaseT & 2 HDMI zone outputs (which can be paired with WyreStorm's hybrid HDMI cables or any exten...",Matrix; Switching; HDBaseT; HDMI; Matrix / Routing; HDBaseT matrix; Matrix with HDBaseT extension; Matrix routing core; IR control; Rack installation,Matrix; Switching; HDBaseT; HDMI; IR control; Rack installation,Matrix; Switching; HDBaseT; HDMI; Matrix / Routing; HDBaseT matrix; Matrix with HDBaseT extension; Matrix routing core; IR control; Rack installation; Fixed I/O source-to-display routing,Matrix; Switching; HDBaseT; HDMI; IR control; Rack installation,MXV-0408-H2A; 4K60 4x8 HDBaseT Matrix - WyreStorm; Matrix Switcher; Matrix; Switching; HDBaseT; HDMI; Primary hardware; Matrix / Routing; HDBaseT matrix; Matrix with HDBaseT extension; Matrix routing core; Central video routing; IR control; Rack installation; Fixed I/O source-to-display routing,
MXV-0408-H2A-KIT,Yes,4K60 4x8 HDBaseT Matrix with 6x Receivers - WyreStorm,4K60 4x8 HDBaseT Matrix with 6x Receivers - WyreStorm,Matrix Switcher,Primary hardware,Matrix,Matrix,primary-hardware,default,product-manager-profile:wyrestorm-product-manager-v1,"DISCONTINUED Offering transmission of 18Gbps HDMI content up to 35m/115ft by pairing HDBaseT with WyreStorm’s powerful lossless compression algorithm, the MXV-0408-H2A brings the familiar power of the WyreStorm H2-series to a compact 1U chassis. Unlike competing compression methods, such as CSC which permanently remove color data, WyreStorm’s VLC uses lossless compression technology to ensure signal integrity. The RXV-35-4K is the perfect companion for WyreStorm’s MXV line-up of matrices when distances of under 35...",Matrix; Switching; HDBaseT; HDMI; Matrix / Routing; HDBaseT matrix; Matrix with HDBaseT extension; Matrix routing core; IR control; Rack installation,Matrix; Switching; HDBaseT; HDMI; IR control; Rack installation,Matrix; Switching; HDBaseT; HDMI; Matrix / Routing; HDBaseT matrix; Matrix with HDBaseT extension; Matrix routing core; IR control; Rack installation; Fixed I/O source-to-display routing,Matrix; Switching; HDBaseT; HDMI; IR control; Rack installation,MXV-0408-H2A-KIT; 4K60 4x8 HDBaseT Matrix with 6x Receivers - WyreStorm; Matrix Switcher; Matrix; Switching; HDBaseT; HDMI; Primary hardware; Matrix / Routing; HDBaseT matrix; Matrix with HDBaseT extension; Matrix routing core; Central video routing; IR control; Rack installation; Fixed I/O source-to-display routing,
MXV-0606-H2A-V2,Yes,"4K HDR 4:4:4 60Hz HDBaseT 6x6 Matrix Switch with 6x Toslink Zone Audio De-Embed and 4 Mirrored HDMI Outputs (4K: 35m/115ft, 1080p: 70m/230ft) - WyreStorm","4K HDR 4:4:4 60Hz HDBaseT 6x6 Matrix Switch with 6x Toslink Zone Audio De-Embed and 4 Mirrored HDMI Outputs (4K: 35m/115ft, 1080p: 70m/230ft) - WyreStorm",Matrix Switcher,Primary hardware,Matrix,Matrix,primary-hardware,default,product-manager-profile:wyrestorm-product-manager-v1,"DISCONTINUED Offering transmission of 18Gbps HDMI content up to 35m/115ft by pairing HDBaseT with WyreStorm's powerful lossless compression algorithm, the MXV-0606-H2A brings the familiar power of the WyreStorm H2-series to a compact 1U chassis. Unlike competing compression methods such as CSC, which permanently remove color data, WyreStorm's VLC uses lossless compression technology to ensure signal integrity. With 6 HDBaseT zone outputs & 4 mirrored HDMI outputs?Cwhich can be paired with WyreStorm's hybrid HDMI ca...",Matrix; Switching; HDBaseT; HDMI; Matrix / Routing; HDBaseT matrix; Matrix with HDBaseT extension; Matrix routing core; HDR; Audio breakout; IR control; Rack installation,Matrix; Switching; HDBaseT; HDMI; HDR; Audio breakout; IR control; Rack installation,Matrix; Switching; HDBaseT; HDMI; Matrix / Routing; HDBaseT matrix; Matrix with HDBaseT extension; Matrix routing core; HDR; Audio breakout; IR control; Rack installation; Fixed I/O source-to-display routing,Matrix; Switching; HDBaseT; HDMI; HDR; Audio breakout; IR control; Rack installation,"MXV-0606-H2A-V2; 4K HDR 4:4:4 60Hz HDBaseT 6x6 Matrix Switch with 6x Toslink Zone Audio De-Embed and 4 Mirrored HDMI Outputs (4K: 35m/115ft, 1080p: 70m/230ft) - WyreStorm; Matrix Switcher; Matrix; Switching; HDBaseT; HDMI; Primary hardware; Matrix / Routing; HDBaseT matrix; Matrix with HDBaseT extension; Matrix routing core; Central video routing; HDR; Audio breakout; IR control; Rack installation; Fixed I/O source-to-display routing",
MXV-0606-H2A-V3,Yes,4K60 6x6 HDBaseT Matrix - WyreStorm,4K60 6x6 HDBaseT Matrix - WyreStorm,Matrix Switcher,Primary hardware,Matrix,Matrix,primary-hardware,default,product-manager-profile:wyrestorm-product-manager-v1,"DISCONTINUED Offering transmission of 18Gbps HDMI content up to 35m/115ft by pairing HDBaseT with WyreStorm’s powerful lossless compression algorithm, the MXV-0606-H2A v3 brings the familiar power of the WyreStorm H2-series to a compact 1U chassis. Unlike competing compression methods such as CSC, which permanently remove color data, WyreStorm’s VLC uses lossless compression technology to ensure signal integrity. With 6 HDBaseT zone outputs and 4 mirrored HDMI outputs–which can be paired with WyreStorm’s hybrid HDM...",Matrix; Switching; HDBaseT; HDMI; Matrix / Routing; HDBaseT matrix; Matrix with HDBaseT extension; Matrix routing core; DisplayPort; HDR; Audio breakout; DSP audio processing; USB-C power delivery; Ethernet / LAN; SFP / fibre; CEC control; IP / web control; IR control; RS-232 control; EDID management; HDCP support; PoE / PoH / PoC; Rack installation,Matrix; Switching; HDBaseT; HDMI; DisplayPort; HDR; Audio breakout; DSP audio processing; USB-C power delivery; Ethernet / LAN; SFP / fibre; CEC control; IP / web control; IR control; RS-232 control; EDID management; HDCP support; PoE / PoH / PoC; Rack installation,Matrix; Switching; HDBaseT; HDMI; Matrix / Routing; HDBaseT matrix; Matrix with HDBaseT extension; Matrix routing core; DisplayPort; HDR; Audio breakout; DSP audio processing; USB-C power delivery; Ethernet / LAN; SFP / fibre; CEC control; IP / web control; IR control; RS-232 control; EDID management; HDCP support; PoE / PoH / PoC; Rack installation; Fixed I/O source-to-display routing,Matrix; Switching; HDBaseT; HDMI; DisplayPort; HDR; Audio breakout; DSP audio processing; USB-C power delivery; Ethernet / LAN; SFP / fibre; CEC control; IP / web control; IR control; RS-232 control; EDID management; HDCP support; PoE / PoH / PoC; Rack installation,MXV-0606-H2A-V3; 4K60 6x6 HDBaseT Matrix - WyreStorm; Matrix Switcher; Matrix; Switching; HDBaseT; HDMI; Primary hardware; Matrix / Routing; HDBaseT matrix; Matrix with HDBaseT extension; Matrix routing core; Central video routing; DisplayPort; HDR; Audio breakout; DSP audio processing; USB-C power delivery; Ethernet / LAN; SFP / fibre; CEC control; IP / web control; IR control; RS-232 control; EDID management; HDCP support; PoE / PoH / PoC; Rack installation; Fixed I/O source-to-display routing,
MXV-0808-H2A-70-V2,Yes,"4K HDR 4:4:4 60Hz HDBaseT 8x8 Matrix Switch with Zone Audio De-Embed and 4 Mirrored HDMI Outputs (4K: 70m/230ft, 1080p: 100m/328ft) - WyreStorm","4K HDR 4:4:4 60Hz HDBaseT 8x8 Matrix Switch with Zone Audio De-Embed and 4 Mirrored HDMI Outputs (4K: 70m/230ft, 1080p: 100m/328ft) - WyreStorm",Matrix Switcher,Primary hardware,Matrix,Matrix,primary-hardware,default,product-manager-profile:wyrestorm-product-manager-v1,"DISCONTINUED Offering transmission of 18Gbps HDMI content up to 70m/230ft by pairing Class A HDBaseT with WyreStorm's powerful lossless compression algorithm, the MXV-0808-H2A-70 brings the familiar power of the WyreStorm H2-series to a compact 1U chassis. Unlike competing compression methods such as CSC, which permanently remove color data, WyreStorm's VLC uses a lossless compression technology to ensure signal integrity. With 8 Class A HDBaseT zone outputs & 4 mirrored HDMI outputs, which can be paired with WyreS...",Matrix; Switching; HDBaseT; HDMI; Matrix / Routing; HDBaseT matrix; Matrix with HDBaseT extension; Matrix routing core; HDR; Audio breakout; IR control; Rack installation,Matrix; Switching; HDBaseT; HDMI; HDR; Audio breakout; IR control; Rack installation,Matrix; Switching; HDBaseT; HDMI; Matrix / Routing; HDBaseT matrix; Matrix with HDBaseT extension; Matrix routing core; HDR; Audio breakout; IR control; Rack installation; Fixed I/O source-to-display routing,Matrix; Switching; HDBaseT; HDMI; HDR; Audio breakout; IR control; Rack installation,"MXV-0808-H2A-70-V2; 4K HDR 4:4:4 60Hz HDBaseT 8x8 Matrix Switch with Zone Audio De-Embed and 4 Mirrored HDMI Outputs (4K: 70m/230ft, 1080p: 100m/328ft) - WyreStorm; Matrix Switcher; Matrix; Switching; HDBaseT; HDMI; Primary hardware; Matrix / Routing; HDBaseT matrix; Matrix with HDBaseT extension; Matrix routing core; Central video routing; HDR; Audio breakout; IR control; Rack installation; Fixed I/O source-to-display routing",
MXV-0808-H2A-70-V3,Yes,70m 4K60 8x8 HDBaseT Matrix - WyreStorm,70m 4K60 8x8 HDBaseT Matrix - WyreStorm,Matrix Switcher,Primary hardware,Matrix,Matrix,primary-hardware,default,product-manager-profile:wyrestorm-product-manager-v1,"Offering transmission of 18Gbps HDMI content up to 70m/230ft by pairing Class A HDBaseT with WyreStorm’s powerful lossless compression algorithm, the MXV-0808-H2A-70 brings the familiar power of the WyreStorm H2-series to a compact 1U chassis. Unlike competing compression methods such as CSC, which permanently remove color data, WyreStorm’s VLC uses a lossless compression technology to ensure signal integrity. With 8 Class A HDBaseT zone outputs & 4 mirrored HDMI outputs–which can be paired with WyreStorm’s hybrid...",Matrix; Switching; HDBaseT; HDMI; Matrix / Routing; HDBaseT matrix; Matrix with HDBaseT extension; Matrix routing core; DisplayPort; HDR; Audio breakout; DSP audio processing; USB-C power delivery; Ethernet / LAN; SFP / fibre; CEC control; IP / web control; IR control; RS-232 control; EDID management; HDCP support; PoE / PoH / PoC; Rack installation,Matrix; Switching; HDBaseT; HDMI; DisplayPort; HDR; Audio breakout; DSP audio processing; USB-C power delivery; Ethernet / LAN; SFP / fibre; CEC control; IP / web control; IR control; RS-232 control; EDID management; HDCP support; PoE / PoH / PoC; Rack installation,Matrix; Switching; HDBaseT; HDMI; Matrix / Routing; HDBaseT matrix; Matrix with HDBaseT extension; Matrix routing core; DisplayPort; HDR; Audio breakout; DSP audio processing; USB-C power delivery; Ethernet / LAN; SFP / fibre; CEC control; IP / web control; IR control; RS-232 control; EDID management; HDCP support; PoE / PoH / PoC; Rack installation; Control room; Fixed I/O source-to-display routing,Matrix; Switching; HDBaseT; HDMI; DisplayPort; HDR; Audio breakout; DSP audio processing; USB-C power delivery; Ethernet / LAN; SFP / fibre; CEC control; IP / web control; IR control; RS-232 control; EDID management; HDCP support; PoE / PoH / PoC; Rack installation,MXV-0808-H2A-70-V3; 70m 4K60 8x8 HDBaseT Matrix - WyreStorm; Matrix Switcher; Matrix; Switching; HDBaseT; HDMI; Primary hardware; Matrix / Routing; HDBaseT matrix; Matrix with HDBaseT extension; Matrix routing core; Central video routing; DisplayPort; HDR; Audio breakout; DSP audio processing; USB-C power delivery; Ethernet / LAN; SFP / fibre; CEC control; IP / web control; IR control; RS-232 control; EDID management; HDCP support; PoE / PoH / PoC; Rack installation; Control room; Fixed I/O source-to-display routing,
MXV-0808-H2A-KIT,Yes,4K60 8x8 HDBaseT Matrix Kit with 8x Receivers - WyreStorm,4K60 8x8 HDBaseT Matrix Kit with 8x Receivers - WyreStorm,Matrix Switcher,Primary hardware,Matrix,Matrix,primary-hardware,default,product-manager-profile:wyrestorm-product-manager-v1,"The MXV-0808-H2A-KIT delivers the same powerful performance as the standalone MXV-0808-H2A matrix switcher, now bundled with 6 standard HDBaseT receivers and 2 scaling receivers—making it an ideal solution for installations with a mix of 4K and 1080p displays. Capable of transmitting full 18Gbps HDMI content up to 35m/115ft using WyreStorm’s advanced lossless compression (VLC), this kit maintains perfect signal integrity without compromising color fidelity—unlike other methods such as CSC that permanently discard c...",Matrix; Switching; HDBaseT; HDMI; Scaling; Video Wall / Multiview; Matrix / Routing; Seamless matrix; Matrix with HDBaseT extension; Matrix routing core; Scaling / seamless matrix; DisplayPort; HDR; Analog audio; Audio breakout; DSP audio processing; USB-C power delivery; Ethernet / LAN; SFP / fibre; CEC control; IP / web control; IR control; RS-232 control; EDID management; HDCP support; PoE / PoH / PoC; Rack installation,Matrix; Switching; HDBaseT; HDMI; Scaling; Video Wall / Multiview; seamless; DisplayPort; HDR; Analog audio; Audio breakout; DSP audio processing; USB-C power delivery; Ethernet / LAN; SFP / fibre; CEC control; IP / web control; IR control; RS-232 control; EDID management; HDCP support; PoE / PoH / PoC; Rack installation,Matrix; Switching; HDBaseT; HDMI; Scaling; Video Wall / Multiview; Matrix / Routing; Seamless matrix; Matrix with HDBaseT extension; Matrix routing core; Scaling / seamless matrix; seamless; DisplayPort; HDR; Analog audio; Audio breakout; DSP audio processing; USB-C power delivery; Ethernet / LAN; SFP / fibre; CEC control; IP / web control; IR control; RS-232 control; EDID management; HDCP support; PoE / PoH / PoC; Rack installation; Control room; Fixed I/O source-to-display routing,Matrix; Switching; HDBaseT; HDMI; Scaling; Video Wall / Multiview; DisplayPort; HDR; Analog audio; Audio breakout; DSP audio processing; USB-C power delivery; Ethernet / LAN; SFP / fibre; CEC control; IP / web control; IR control; RS-232 control; EDID management; HDCP support; PoE / PoH / PoC; Rack installation,MXV-0808-H2A-KIT; 4K60 8x8 HDBaseT Matrix Kit with 8x Receivers - WyreStorm; Matrix Switcher; Matrix; Switching; HDBaseT; HDMI; Scaling; Video Processor; Primary hardware; Video Wall / Multiview; Matrix / Routing; Seamless matrix; Matrix with HDBaseT extension; Matrix routing core; Scaling / seamless matrix; Central video routing; seamless; DisplayPort; HDR; Analog audio; Audio breakout; DSP audio processing; USB-C power delivery; Ethernet / LAN; SFP / fibre; CEC control; IP / web control; IR control; RS-232 control; EDID management; HDCP support; PoE / PoH / PoC; Rack installation; Control room; Fixed I/O source-to-display routing,
MXV-0808-H2A-V2,Yes,"4K HDR 4:4:4 60Hz HDBaseT 8x8 Matrix Switch with Assignable Audio De-Embed and 4 mirrored HDMI outputs (4K 35m/114ft, 1080p 70m/230ft) - WyreStorm","4K HDR 4:4:4 60Hz HDBaseT 8x8 Matrix Switch with Assignable Audio De-Embed and 4 mirrored HDMI outputs (4K 35m/114ft, 1080p 70m/230ft) - WyreStorm",Matrix Switcher,Primary hardware,Matrix,Matrix,primary-hardware,default,product-manager-profile:wyrestorm-product-manager-v1,"DISCONTINUED Offering transmission of 18Gbps HDMI content up to 35m/115ft by pairing HDBaseT with WyreStorm's powerful lossless compression algorithm, the MXV-0808-H2A brings the familiar power of the WyreStorm H2-series to a compact 1U chassis. Unlike competing compression methods such as CSC, which permanently remove color data, WyreStorm's VLC uses lossless compression technology to ensure signal integrity. With 8 HDBaseT zone outputs and 4 mirrored HDMI outputs?Cwhich can be paired with WyreStorm's hybrid HDMI...",Matrix; Switching; HDBaseT; HDMI; Matrix / Routing; HDBaseT matrix; Matrix with HDBaseT extension; Matrix routing core; HDR; Audio breakout; IR control; Rack installation,Matrix; Switching; HDBaseT; HDMI; HDR; Audio breakout; IR control; Rack installation,Matrix; Switching; HDBaseT; HDMI; Matrix / Routing; HDBaseT matrix; Matrix with HDBaseT extension; Matrix routing core; HDR; Audio breakout; IR control; Rack installation; Fixed I/O source-to-display routing,Matrix; Switching; HDBaseT; HDMI; HDR; Audio breakout; IR control; Rack installation,"MXV-0808-H2A-V2; 4K HDR 4:4:4 60Hz HDBaseT 8x8 Matrix Switch with Assignable Audio De-Embed and 4 mirrored HDMI outputs (4K 35m/114ft, 1080p 70m/230ft) - WyreStorm; Matrix Switcher; Matrix; Switching; HDBaseT; HDMI; Primary hardware; Matrix / Routing; HDBaseT matrix; Matrix with HDBaseT extension; Matrix routing core; Central video routing; HDR; Audio breakout; IR control; Rack installation; Fixed I/O source-to-display routing",
MXV-0808-H2A-V3,Yes,4K60 8x8 HDBaseT Matrix - WyreStorm,4K60 8x8 HDBaseT Matrix - WyreStorm,Matrix Switcher,Primary hardware,Matrix,Matrix,primary-hardware,default,product-manager-profile:wyrestorm-product-manager-v1,"DISCONTINUED Offering transmission of 18Gbps HDMI content up to 35m/115ft by pairing HDBaseT with WyreStorm’s powerful lossless compression algorithm, the MXV-0808-H2A brings the familiar power of the WyreStorm H2-series to a compact 1U chassis. Unlike competing compression methods such as CSC, which permanently remove color data, WyreStorm’s VLC uses lossless compression technology to ensure signal integrity. With 8 HDBaseT zone outputs and 4 mirrored HDMI outputs–which can be paired with WyreStorm’s hybrid HDMI c...",Matrix; Switching; HDBaseT; HDMI; Matrix / Routing; HDBaseT matrix; Matrix with HDBaseT extension; Matrix routing core; DisplayPort; HDR; Audio breakout; DSP audio processing; USB-C power delivery; Ethernet / LAN; SFP / fibre; CEC control; IP / web control; IR control; RS-232 control; EDID management; HDCP support; PoE / PoH / PoC; Rack installation,Matrix; Switching; HDBaseT; HDMI; DisplayPort; HDR; Audio breakout; DSP audio processing; USB-C power delivery; Ethernet / LAN; SFP / fibre; CEC control; IP / web control; IR control; RS-232 control; EDID management; HDCP support; PoE / PoH / PoC; Rack installation,Matrix; Switching; HDBaseT; HDMI; Matrix / Routing; HDBaseT matrix; Matrix with HDBaseT extension; Matrix routing core; DisplayPort; HDR; Audio breakout; DSP audio processing; USB-C power delivery; Ethernet / LAN; SFP / fibre; CEC control; IP / web control; IR control; RS-232 control; EDID management; HDCP support; PoE / PoH / PoC; Rack installation; Fixed I/O source-to-display routing,Matrix; Switching; HDBaseT; HDMI; DisplayPort; HDR; Audio breakout; DSP audio processing; USB-C power delivery; Ethernet / LAN; SFP / fibre; CEC control; IP / web control; IR control; RS-232 control; EDID management; HDCP support; PoE / PoH / PoC; Rack installation,MXV-0808-H2A-V3; 4K60 8x8 HDBaseT Matrix - WyreStorm; Matrix Switcher; Matrix; Switching; HDBaseT; HDMI; Primary hardware; Matrix / Routing; HDBaseT matrix; Matrix with HDBaseT extension; Matrix routing core; Central video routing; DisplayPort; HDR; Audio breakout; DSP audio processing; USB-C power delivery; Ethernet / LAN; SFP / fibre; CEC control; IP / web control; IR control; RS-232 control; EDID management; HDCP support; PoE / PoH / PoC; Rack installation; Fixed I/O source-to-display routing,
MXV-0808-H2L,Yes,8x8 4K60 'Lite' HDBaseT Matrix - WyreStorm,8x8 4K60 'Lite' HDBaseT Matrix - WyreStorm,Matrix Switcher,Primary hardware,Matrix,Matrix,primary-hardware,default,product-manager-profile:wyrestorm-product-manager-v1,"DISCONTINUED The latest in market leading matrix solutions, WyreStorm's H2L brings the familiar power of the MXV platform, offering transmission of HDMI content up to 4K/60 4:4:4 & HDR to 35m/115ft, pairing powerful HDBaseT & WyreStorm's variable lite compression technologies. The MXV-0808-H2L has 8 Class B HDBaseT zone outputs with PoH and 2 mirrored HDMI outputs; additionally, the MXV-0808-H2L also supports custom CEC triggering for all connected screens, RS232 routing and A/V mute function enhances the offering...",Matrix; Switching; HDBaseT; HDMI; Matrix / Routing; HDBaseT matrix; Matrix with HDBaseT extension; Matrix routing core; HDR; DSP audio processing; Ethernet / LAN; CEC control; IP / web control; IR control; RS-232 control; EDID management; HDCP support; PoE / PoH / PoC,Matrix; Switching; HDBaseT; HDMI; HDR; DSP audio processing; Ethernet / LAN; CEC control; IP / web control; IR control; RS-232 control; EDID management; HDCP support; PoE / PoH / PoC,Matrix; Switching; HDBaseT; HDMI; Matrix / Routing; HDBaseT matrix; Matrix with HDBaseT extension; Matrix routing core; HDR; DSP audio processing; Ethernet / LAN; CEC control; IP / web control; IR control; RS-232 control; EDID management; HDCP support; PoE / PoH / PoC; Fixed I/O source-to-display routing,Matrix; Switching; HDBaseT; HDMI; HDR; DSP audio processing; Ethernet / LAN; CEC control; IP / web control; IR control; RS-232 control; EDID management; HDCP support; PoE / PoH / PoC,MXV-0808-H2L; 8x8 4K60 'Lite' HDBaseT Matrix - WyreStorm; Matrix Switcher; Matrix; Switching; HDBaseT; HDMI; Primary hardware; Matrix / Routing; HDBaseT matrix; Matrix with HDBaseT extension; Matrix routing core; Central video routing; HDR; DSP audio processing; Ethernet / LAN; CEC control; IP / web control; IR control; RS-232 control; EDID management; HDCP support; PoE / PoH / PoC; Fixed I/O source-to-display routing,
NHD-000-CTL,Yes,Controller for NetworkHD Systems - WyreStorm,Controller for NetworkHD Systems - WyreStorm,NetworkHD AVoIP,Primary hardware,AVoIP Infrastructure,AVoIP Infrastructure,primary-hardware,default,product-manager-profile:wyrestorm-product-manager-v1,"DISCONTINUED The NHD-000-CTL is the innovative control interface that makes the powerful NetworkHD system the most simple and quickest-to-configure AV over IP system available. The NHD-000-CTL IP controller is designed to be used with NetworkHD 100, 200, 400 & 600 Series systems to bridge the various encoders and decoders to a single, API-based connection point for use by a control processor or the NetworkHD Touch&#x2122; App. The NHD-000-CTL also provides monitoring and remote access for Integrators via its on-boa...",AVoIP; NetworkHD; Video Wall; Processing; AVoIP Infrastructure; NetworkHD AV over IP; NetworkHD 100; Controller; AVoIP controller; Analog audio; Ethernet / LAN; IP / web control; IR control; RS-232 control; PoE / PoH / PoC,AVoIP; NetworkHD; Video Wall; Processing; AVoIP Infrastructure; networkhd-100; controller; Analog audio; Ethernet / LAN; NetworkHD AV over IP; IP / web control; IR control; RS-232 control; PoE / PoH / PoC,"AVoIP; NetworkHD; Video Wall; Processing; AVoIP Infrastructure; NetworkHD AV over IP; NetworkHD 100; Controller; AVoIP controller; networkhd-100; Analog audio; Ethernet / LAN; IP / web control; IR control; RS-232 control; PoE / PoH / PoC; AV over IP distribution; Control room; Distributed AV routing, video wall, multiview or AVoIP transport",AVoIP; NetworkHD; Video Wall; Processing; AVoIP Infrastructure; Analog audio; Ethernet / LAN; NetworkHD AV over IP; IP / web control; IR control; RS-232 control; PoE / PoH / PoC; NetworkHD 100; 1G Ethernet,"NHD-000-CTL; Controller for NetworkHD Systems - WyreStorm; Video Processor; Video processing hardware; AVoIP; NetworkHD; Video Wall; Processing; NetworkHD AVoIP; System controller / conditional-default; AVoIP Infrastructure; NetworkHD AV over IP; NetworkHD 100; Controller; AVoIP controller; AVoIP system control; networkhd-100; Analog audio; Ethernet / LAN; IP / web control; IR control; RS-232 control; PoE / PoH / PoC; AV over IP distribution; Control room; Distributed AV routing, video wall, multiview or AVoIP transport",
NHD-000-RACK3,Yes,7U/8 Slot Rack Mount for NetworkHD 600 TX/RX - WyreStorm,7U/8 Slot Rack Mount for NetworkHD 600 TX/RX - WyreStorm,Accessory,Accessory / request-only,Accessory,Accessory,accessory,request-only,product-manager-profile:wyrestorm-product-manager-v1,DISCONTINUED The NHD-000-RACK3 is a 7U rack mount that provides a clean installation for up to 8 NetworkHD 600 encoders or decoders. Mounting brackets for all devices as well as the NHD-000-CTL NetworkHD controller are also included allowing for all required devices to be installed in a single location. The slimline and thermally optimized design helps keep your centralized 600 TX & RX NetworkHD solution perfectly organized.,AVoIP; NetworkHD; Accessory; Accessory / Other; Mounting accessory; Product-specific mounting kit; Mount / bracket; DSP audio processing; NetworkHD AV over IP; IR control; Rack installation,AVoIP; NetworkHD; Accessory; mounting-accessory; DSP audio processing; NetworkHD AV over IP; IR control; Rack installation,AVoIP; NetworkHD; Accessory; Accessory / Other; Mounting accessory; Product-specific mounting kit; Mount / bracket; mounting-accessory; DSP audio processing; NetworkHD AV over IP; IR control; Rack installation; Mounting or installation support for parent product,AVoIP; NetworkHD; Accessory; DSP audio processing; NetworkHD AV over IP; IR control; Rack installation,NHD-000-RACK3; 7U/8 Slot Rack Mount for NetworkHD 600 TX/RX - WyreStorm; NetworkHD AVoIP; AVoIP endpoint / system component; AVoIP; NetworkHD; Accessory; Accessory / request-only; Accessory / Other; Mounting accessory; Product-specific mounting kit; Mount / bracket; Mechanical support accessory; mounting-accessory; DSP audio processing; NetworkHD AV over IP; IR control; Rack installation; Mounting or installation support for parent product,
NHD-000-RACK4,Yes,6U/12 Slot Rack Mount for NetworkHD 100/250/400/500/600 Series - WyreStorm,6U/12 Slot Rack Mount for NetworkHD 100/250/400/500/600 Series - WyreStorm,Accessory,Rack mount / request-only,Accessory,Accessory,rack-mount,request-only,product-manager-profile:wyrestorm-product-manager-v1,"The NHD-000-RACK4 is a 6U rack mount that provides a clean installation for up to 12 NetworkHD 100, 400, 500 and 600 Series encoders or decoders. The NHD-000-CTL NetworkHD controller is also compatible allowing for all required devices to be installed in a single location. The slimline and thermally optimized design helps keep your centralized NetworkHD solution perfectly organized.",AVoIP; NetworkHD; Accessory; Accessory / Other; Rack accessory; NetworkHD rack mount; Rack mount; DSP audio processing; Ethernet / LAN; NetworkHD AV over IP; IR control; Rack installation,AVoIP; NetworkHD; Accessory; rack-mount; networkhd-accessory; DSP audio processing; Ethernet / LAN; NetworkHD AV over IP; IR control; Rack installation,AVoIP; NetworkHD; Accessory; Accessory / Other; Rack accessory; NetworkHD rack mount; Rack mount; rack-mount; networkhd-accessory; DSP audio processing; Ethernet / LAN; NetworkHD AV over IP; IR control; Rack installation; Rack mounting for NetworkHD endpoint hardware,AVoIP; NetworkHD; Accessory; DSP audio processing; Ethernet / LAN; NetworkHD AV over IP; IR control; Rack installation,NHD-000-RACK4; 6U/12 Slot Rack Mount for NetworkHD 100/250/400/500/600 Series - WyreStorm; NetworkHD AVoIP; AVoIP endpoint / system component; AVoIP; NetworkHD; Accessory; Accessory / request-only; Accessory / Other; Rack accessory; NetworkHD rack mount; Rack mount; Mechanical support accessory; rack-mount; networkhd-accessory; DSP audio processing; Ethernet / LAN; NetworkHD AV over IP; IR control; Rack installation; Rack mounting for NetworkHD endpoint hardware,
NHD-0401-MV,Yes,NetworkHD 4-Input 4K60 Multiview Switcher - WyreStorm,NetworkHD 4-Input 4K60 Multiview Switcher - WyreStorm,NetworkHD AVoIP,Primary hardware,AVoIP,AVoIP,primary-hardware,default,product-manager-profile:wyrestorm-product-manager-v1,The NHD-0401-MV is a powerful multiview switcher that can be used as a standalone solution or with a NetworkHD 400 or 500 series system. The switcher comes pre-loaded with six different multiview layouts offering unique viewing experiences. 4K60 HDMI 2.0 inputs allow the switcher to support all the latest 4K HDR content with zero compression. Direct integration with the NHD-CTL-PRO provides a seamless solution for pairing this switcher with NetworkHD encoders & decoders to add multiview capability to an AV over IP...,AVoIP; NetworkHD; HDMI; Seamless Switching; Multiview; Video Wall / Multiview; NetworkHD AV over IP; NetworkHD 100; Multiview processor; AVoIP multiview processor; 4K60 transport; HDR; Analog audio; Audio breakout; Ethernet / LAN; CEC control; IP / web control; IR control; RS-232 control; EDID management; HDCP support,AVoIP; NetworkHD; HDMI; Seamless Switching; Multiview; Video Wall / Multiview; networkhd-100; multiview-processor; HDR; Analog audio; Audio breakout; Ethernet / LAN; NetworkHD AV over IP; CEC control; IP / web control; IR control; RS-232 control; EDID management; HDCP support,"AVoIP; NetworkHD; HDMI; Seamless Switching; Multiview; Video Wall / Multiview; NetworkHD AV over IP; NetworkHD 100; Multiview processor; AVoIP multiview processor; 4K60 transport; networkhd-100; multiview-processor; HDR; Analog audio; Audio breakout; Ethernet / LAN; CEC control; IP / web control; IR control; RS-232 control; EDID management; HDCP support; AV over IP distribution; Distributed AV routing, video wall, multiview or AVoIP transport",AVoIP; NetworkHD; HDMI; Seamless Switching; Multiview; Video Wall / Multiview; HDR; Analog audio; Audio breakout; Ethernet / LAN; NetworkHD AV over IP; CEC control; IP / web control; IR control; RS-232 control; EDID management; HDCP support; NetworkHD 100; 1G Ethernet,"NHD-0401-MV; NetworkHD 4-Input 4K60 Multiview Switcher - WyreStorm; NetworkHD AVoIP; AVoIP endpoint / system component; AVoIP; NetworkHD; HDMI; Seamless Switching; Multiview; Video Processor; Primary hardware; Video Wall / Multiview; NetworkHD AV over IP; NetworkHD 100; Multiview processor; AVoIP multiview processor; 4K60 transport; networkhd-100; multiview-processor; HDR; Analog audio; Audio breakout; Ethernet / LAN; CEC control; IP / web control; IR control; RS-232 control; EDID management; HDCP support; AV over IP distribution; Distributed AV routing, video wall, multiview or AVoIP transport",
NHD-110-RX,Yes,1080p HD Low Bandwidth AV over IP Decoder - WyreStorm,1080p HD Low Bandwidth AV over IP Decoder - WyreStorm,NetworkHD AVoIP,Primary hardware,AVoIP,AVoIP,primary-hardware,default,product-manager-profile:wyrestorm-product-manager-v1,DISCONTINUED The NHD-110-RX is the AV decoder to the powerful 110 series of NetworkHD AV over IP components. The 110 series components provides video encoding/decoding of up to 1080p60Hz content over a network. The NHD-110-RX can natively process up to a 16×16 video wall to create captivating digital landscapes and also includes a powerful video scaler to provide instant matrix switching. The 110 series components are also compatible with the NHD-150-RX multiview receiver allowing up to 9 unique streams to be sent...,Matrix; Switching; AVoIP; NetworkHD; Video Wall; Processing; Scaling; Multiview; NetworkHD AV over IP; NetworkHD 100; Multiview processor; AVoIP multiview processor; HDMI; HDMI 2.1 / 8K; Amplifier output; Analog audio; Audio breakout; DSP audio processing; KVM / USB extension; USB-C power delivery; Ethernet / LAN; CEC control; IP / web control; IR control; RS-232 control; EDID management; HDCP support; PoE / PoH / PoC; Rack installation,Matrix; Switching; AVoIP; NetworkHD; Video Wall; Processing; Scaling; Multiview; networkhd-100; multiview-processor; HDMI; HDMI 2.1 / 8K; Amplifier output; Analog audio; Audio breakout; DSP audio processing; KVM / USB extension; USB-C power delivery; Ethernet / LAN; NetworkHD AV over IP; CEC control; IP / web control; IR control; RS-232 control; EDID management; HDCP support; PoE / PoH / PoC; Rack installation,"Matrix; Switching; AVoIP; NetworkHD; Video Wall; Processing; Scaling; Multiview; NetworkHD AV over IP; NetworkHD 100; Multiview processor; AVoIP multiview processor; networkhd-100; multiview-processor; HDMI; HDMI 2.1 / 8K; Amplifier output; Analog audio; Audio breakout; DSP audio processing; KVM / USB extension; USB-C power delivery; Ethernet / LAN; CEC control; IP / web control; IR control; RS-232 control; EDID management; HDCP support; PoE / PoH / PoC; Rack installation; AV over IP distribution; Control room; Audio reinforcement; Distributed AV routing, video wall, multiview or AVoIP transport",Matrix; Switching; AVoIP; NetworkHD; Video Wall; Processing; Scaling; Multiview; HDMI; HDMI 2.1 / 8K; Amplifier output; Analog audio; Audio breakout; DSP audio processing; KVM / USB extension; USB-C power delivery; Ethernet / LAN; NetworkHD AV over IP; CEC control; IP / web control; IR control; RS-232 control; EDID management; HDCP support; PoE / PoH / PoC; Rack installation; NetworkHD 100; 1G Ethernet,"NHD-110-RX; 1080p HD Low Bandwidth AV over IP Decoder - WyreStorm; Video Processor; Video processing hardware; Matrix; Switching; AVoIP; NetworkHD; Video Wall; Processing; Scaling; Multiview; NetworkHD AVoIP; Endpoint hardware; NetworkHD AV over IP; NetworkHD 100; Multiview processor; AVoIP multiview processor; networkhd-100; multiview-processor; HDMI; HDMI 2.1 / 8K; Amplifier output; Analog audio; Audio breakout; DSP audio processing; KVM / USB extension; USB-C power delivery; Ethernet / LAN; CEC control; IP / web control; IR control; RS-232 control; EDID management; HDCP support; PoE / PoH / PoC; Rack installation; AV over IP distribution; Control room; Audio reinforcement; Distributed AV routing, video wall, multiview or AVoIP transport",
NHD-110-RX-S,Yes,1080p HD Low Bandwidth AV over IP Decoder with Sealoc Protection - WyreStorm,1080p HD Low Bandwidth AV over IP Decoder with Sealoc Protection - WyreStorm,NetworkHD AVoIP,Endpoint hardware,AVoIP,AVoIP,endpoint-hardware,default,product-manager-profile:wyrestorm-product-manager-v1,"DISCONTINUED The NHD-110-RX-S is an AV decoder to the powerful 110 series of NetworkHD components. This “S” model has been treated with Sealoc’s Weatherloc technology to resist the elements such as water, moisture, humidity, dust, salt-fog, salt-air, acidic products and more. The 110 series components supports video encoding/decoding of up to 1080p60Hz content. The NHD-110-RX can natively process up to a 16x16 video wall to create captivating digital landscapes. The 110 series components are also compatible with th...",AVoIP; NetworkHD; Video Wall; Processing; NetworkHD AV over IP; NetworkHD 100; Decoder; AVoIP endpoint; HDMI; HDMI 2.1 / 8K; Amplifier output; Analog audio; Audio breakout; DSP audio processing; Ethernet / LAN; CEC control; IP / web control; IR control; RS-232 control; EDID management; HDCP support; Scaling; PoE / PoH / PoC; Rack installation,AVoIP; NetworkHD; Video Wall; Processing; networkhd-100; decoder; HDMI; HDMI 2.1 / 8K; Amplifier output; Analog audio; Audio breakout; DSP audio processing; Ethernet / LAN; NetworkHD AV over IP; CEC control; IP / web control; IR control; RS-232 control; EDID management; HDCP support; Scaling; PoE / PoH / PoC; Rack installation,"AVoIP; NetworkHD; Video Wall; Processing; NetworkHD AV over IP; NetworkHD 100; Decoder; AVoIP endpoint; networkhd-100; HDMI; HDMI 2.1 / 8K; Amplifier output; Analog audio; Audio breakout; DSP audio processing; Ethernet / LAN; CEC control; IP / web control; IR control; RS-232 control; EDID management; HDCP support; Scaling; PoE / PoH / PoC; Rack installation; AV over IP distribution; Control room; Audio reinforcement; Distributed AV routing, video wall, multiview or AVoIP transport",AVoIP; NetworkHD; Video Wall; Processing; HDMI; HDMI 2.1 / 8K; Amplifier output; Analog audio; Audio breakout; DSP audio processing; Ethernet / LAN; NetworkHD AV over IP; CEC control; IP / web control; IR control; RS-232 control; EDID management; HDCP support; Scaling; PoE / PoH / PoC; Rack installation; NetworkHD 100; 1G Ethernet,"NHD-110-RX-S; 1080p HD Low Bandwidth AV over IP Decoder with Sealoc Protection - WyreStorm; Video Processor; Video processing hardware; AVoIP; NetworkHD; Video Wall; Processing; NetworkHD AVoIP; Endpoint hardware; NetworkHD AV over IP; NetworkHD 100; Decoder; AVoIP endpoint; networkhd-100; HDMI; HDMI 2.1 / 8K; Amplifier output; Analog audio; Audio breakout; DSP audio processing; Ethernet / LAN; CEC control; IP / web control; IR control; RS-232 control; EDID management; HDCP support; Scaling; PoE / PoH / PoC; Rack installation; AV over IP distribution; Control room; Audio reinforcement; Distributed AV routing, video wall, multiview or AVoIP transport",
NHD-110-TX,Yes,1080p HD Low Bandwidth AV over IP Encoder - WyreStorm,1080p HD Low Bandwidth AV over IP Encoder - WyreStorm,NetworkHD AVoIP,Endpoint hardware,AVoIP,AVoIP,endpoint-hardware,default,product-manager-profile:wyrestorm-product-manager-v1,DISCONTINUED The NHD-110-TX is the AV encoder to the powerful 110 series of NetworkHD AV over IP components. The 110 series components provides video encoding/decoding of up to 1080p 60Hz content over a network. The NHD-110-TX provides a low bandwidth yet incredibly high quality video stream allowing you to easily accomplish large scale AV deployments. The 110 series components are also compatible with the NHD-150-RX multiview receiver allowing up to 9 unique streams to be sent to a single display.,AVoIP; NetworkHD; Scaling; Multiview; NetworkHD AV over IP; NetworkHD 100; Multiview processor; AVoIP multiview processor; HDMI; HDMI 2.1 / 8K; Amplifier output; Analog audio; Audio breakout; DSP audio processing; KVM / USB extension; USB-C power delivery; Ethernet / LAN; IP / web control; IR control; RS-232 control; EDID management; HDCP support; PoE / PoH / PoC; Rack installation,AVoIP; NetworkHD; Scaling; Multiview; networkhd-100; multiview-processor; HDMI; HDMI 2.1 / 8K; Amplifier output; Analog audio; Audio breakout; DSP audio processing; KVM / USB extension; USB-C power delivery; Ethernet / LAN; NetworkHD AV over IP; IP / web control; IR control; RS-232 control; EDID management; HDCP support; PoE / PoH / PoC; Rack installation,"AVoIP; NetworkHD; Scaling; Multiview; NetworkHD AV over IP; NetworkHD 100; Multiview processor; AVoIP multiview processor; networkhd-100; multiview-processor; HDMI; HDMI 2.1 / 8K; Amplifier output; Analog audio; Audio breakout; DSP audio processing; KVM / USB extension; USB-C power delivery; Ethernet / LAN; IP / web control; IR control; RS-232 control; EDID management; HDCP support; PoE / PoH / PoC; Rack installation; AV over IP distribution; Control room; Audio reinforcement; Distributed AV routing, video wall, multiview or AVoIP transport",AVoIP; NetworkHD; Scaling; Multiview; HDMI; HDMI 2.1 / 8K; Amplifier output; Analog audio; Audio breakout; DSP audio processing; KVM / USB extension; USB-C power delivery; Ethernet / LAN; NetworkHD AV over IP; IP / web control; IR control; RS-232 control; EDID management; HDCP support; PoE / PoH / PoC; Rack installation; NetworkHD 100; 1G Ethernet,"NHD-110-TX; 1080p HD Low Bandwidth AV over IP Encoder - WyreStorm; NetworkHD AVoIP; AVoIP endpoint / system component; AVoIP; NetworkHD; Scaling; Multiview; Endpoint hardware; NetworkHD AV over IP; NetworkHD 100; Multiview processor; AVoIP multiview processor; networkhd-100; multiview-processor; HDMI; HDMI 2.1 / 8K; Amplifier output; Analog audio; Audio breakout; DSP audio processing; KVM / USB extension; USB-C power delivery; Ethernet / LAN; IP / web control; IR control; RS-232 control; EDID management; HDCP support; PoE / PoH / PoC; Rack installation; AV over IP distribution; Control room; Audio reinforcement; Distributed AV routing, video wall, multiview or AVoIP transport",
NHD-120-IW-TX,Yes,NetworkHD 100 Series 4K30 4:2:0 H.265/H.265 In-Wall Encoder - WyreStorm,NetworkHD 100 Series 4K30 4:2:0 H.265/H.265 In-Wall Encoder - WyreStorm,NetworkHD AVoIP,Endpoint hardware,AVoIP,AVoIP,endpoint-hardware,default,product-manager-profile:wyrestorm-product-manager-v1,"Experience unmatched versatility with the NHD-120-IW-TX, your ultimate AV over IP solution. This 2-gang in-wall encoder, part of our 100 series, boasts an HDMI input and a dedicated Ethernet port, designed to seamlessly integrate with today's modern laptops and tablets. Whether you're enhancing your educational setup or optimizing your corporate environment, this encoder is your key to success. Install it discreetly in a wall, table, desk, podium, or any location where remote input is essential. The NHD-120-IW-TX a...",AVoIP; NetworkHD; HDMI; Seamless Switching; NetworkHD AV over IP; NetworkHD 100; Encoder; AVoIP endpoint; HDMI 2.1 / 8K; Amplifier output; Analog audio; Audio breakout; DSP audio processing; USB-C power delivery; Ethernet / LAN; IR control; RS-232 control; EDID management; HDCP support; Multiview; PoE / PoH / PoC; In-wall installation,AVoIP; NetworkHD; HDMI; Seamless Switching; networkhd-100; encoder; HDMI 2.1 / 8K; Amplifier output; Analog audio; Audio breakout; DSP audio processing; USB-C power delivery; Ethernet / LAN; NetworkHD AV over IP; IR control; RS-232 control; EDID management; HDCP support; Multiview; PoE / PoH / PoC; In-wall installation,"AVoIP; NetworkHD; HDMI; Seamless Switching; NetworkHD AV over IP; NetworkHD 100; Encoder; AVoIP endpoint; networkhd-100; HDMI 2.1 / 8K; Amplifier output; Analog audio; Audio breakout; DSP audio processing; USB-C power delivery; Ethernet / LAN; IR control; RS-232 control; EDID management; HDCP support; Multiview; PoE / PoH / PoC; In-wall installation; Classroom / lecture; AV over IP distribution; Audio reinforcement; Distributed AV routing, video wall, multiview or AVoIP transport",AVoIP; NetworkHD; HDMI; Seamless Switching; HDMI 2.1 / 8K; Amplifier output; Analog audio; Audio breakout; DSP audio processing; USB-C power delivery; Ethernet / LAN; NetworkHD AV over IP; IR control; RS-232 control; EDID management; HDCP support; Multiview; PoE / PoH / PoC; In-wall installation; NetworkHD 100; 1G Ethernet,"NHD-120-IW-TX; NetworkHD 100 Series 4K30 4:2:0 H.265/H.265 In-Wall Encoder - WyreStorm; NetworkHD AVoIP; AVoIP endpoint / system component; AVoIP; NetworkHD; HDMI; Seamless Switching; Endpoint hardware; NetworkHD AV over IP; NetworkHD 100; Encoder; AVoIP endpoint; networkhd-100; HDMI 2.1 / 8K; Amplifier output; Analog audio; Audio breakout; DSP audio processing; USB-C power delivery; Ethernet / LAN; IR control; RS-232 control; EDID management; HDCP support; Multiview; PoE / PoH / PoC; In-wall installation; Classroom / lecture; AV over IP distribution; Audio reinforcement; Distributed AV routing, video wall, multiview or AVoIP transport",
NHD-120-RX,Yes,NetworkHD 120 Series 4K30 4:2:0 Decoder - WyreStorm,NetworkHD 120 Series 4K30 4:2:0 Decoder - WyreStorm,NetworkHD AVoIP,Endpoint hardware,AVoIP,AVoIP,endpoint-hardware,default,product-manager-profile:wyrestorm-product-manager-v1,"The NetworkHD 120 series takes the award-winning 100 series and elevates to a new level. The 120 series components support both video encoding/decoding. With 4K resolution, video transmissions look better than ever and use up to 6x less bandwidth. AV stream are fully secure over the network using AES 128-bit encryption methods, ensuring any sensitive data cannot be maliciously accessed. Of course, the series would not be complete without retaining the powerful video wall and Multiview processing. The 120 series doe...",AVoIP; NetworkHD; Video Wall; Processing; Multiview; NetworkHD AV over IP; NetworkHD 100; Multiview processor; AVoIP multiview processor; HDMI; HDMI 2.1 / 8K; Amplifier output; Analog audio; Audio breakout; DSP audio processing; USB-C power delivery; Ethernet / LAN; CEC control; IP / web control; IR control; RS-232 control; EDID management; HDCP support; Scaling; PoE / PoH / PoC; Rack installation,AVoIP; NetworkHD; Video Wall; Processing; Multiview; networkhd-100; multiview-processor; HDMI; HDMI 2.1 / 8K; Amplifier output; Analog audio; Audio breakout; DSP audio processing; USB-C power delivery; Ethernet / LAN; NetworkHD AV over IP; CEC control; IP / web control; IR control; RS-232 control; EDID management; HDCP support; Scaling; PoE / PoH / PoC; Rack installation,"AVoIP; NetworkHD; Video Wall; Processing; Multiview; NetworkHD AV over IP; NetworkHD 100; Multiview processor; AVoIP multiview processor; networkhd-100; multiview-processor; HDMI; HDMI 2.1 / 8K; Amplifier output; Analog audio; Audio breakout; DSP audio processing; USB-C power delivery; Ethernet / LAN; CEC control; IP / web control; IR control; RS-232 control; EDID management; HDCP support; Scaling; PoE / PoH / PoC; Rack installation; AV over IP distribution; Control room; Audio reinforcement; Distributed AV routing, video wall, multiview or AVoIP transport",AVoIP; NetworkHD; Video Wall; Processing; Multiview; HDMI; HDMI 2.1 / 8K; Amplifier output; Analog audio; Audio breakout; DSP audio processing; USB-C power delivery; Ethernet / LAN; NetworkHD AV over IP; CEC control; IP / web control; IR control; RS-232 control; EDID management; HDCP support; Scaling; PoE / PoH / PoC; Rack installation; NetworkHD 100; 1G Ethernet,"NHD-120-RX; NetworkHD 120 Series 4K30 4:2:0 Decoder - WyreStorm; Video Processor; Video processing hardware; AVoIP; NetworkHD; Video Wall; Processing; Multiview; NetworkHD AVoIP; Endpoint hardware; NetworkHD AV over IP; NetworkHD 100; Multiview processor; AVoIP multiview processor; networkhd-100; multiview-processor; HDMI; HDMI 2.1 / 8K; Amplifier output; Analog audio; Audio breakout; DSP audio processing; USB-C power delivery; Ethernet / LAN; CEC control; IP / web control; IR control; RS-232 control; EDID management; HDCP support; Scaling; PoE / PoH / PoC; Rack installation; AV over IP distribution; Control room; Audio reinforcement; Distributed AV routing, video wall, multiview or AVoIP transport",
NHD-120-RX-S,Yes,NetworkHD 120 Series 4K30 4:2:0 Decoder with Sealoc Protection - WyreStorm,NetworkHD 120 Series 4K30 4:2:0 Decoder with Sealoc Protection - WyreStorm,NetworkHD AVoIP,Endpoint hardware,AVoIP,AVoIP,endpoint-hardware,default,product-manager-profile:wyrestorm-product-manager-v1,"The NHD-120-RX-S takes the award-winning 100 series and elevates to a new level. This “S” model has been treated with Sealoc’s Weatherloc technology to resist the elements such as water, moisture, humidity, dust, salt-fog, salt-air, acidic products and more. With 4K resolution, video transmissions look better than ever and use up to 6x less bandwidth. AV streams are fully secure over the network using AES 128-bit encryption methods, ensuring any sensitive data cannot be maliciously accessed. Of course, the series w...",AVoIP; NetworkHD; NetworkHD AV over IP; NetworkHD 100; Decoder; AVoIP endpoint; HDMI; HDMI 2.1 / 8K; Amplifier output; Analog audio; Audio breakout; DSP audio processing; USB-C power delivery; Ethernet / LAN; CEC control; IP / web control; IR control; RS-232 control; EDID management; HDCP support; Scaling; Video wall; PoE / PoH / PoC; Rack installation,AVoIP; NetworkHD; networkhd-100; decoder; HDMI; HDMI 2.1 / 8K; Amplifier output; Analog audio; Audio breakout; DSP audio processing; USB-C power delivery; Ethernet / LAN; NetworkHD AV over IP; CEC control; IP / web control; IR control; RS-232 control; EDID management; HDCP support; Scaling; Video wall; PoE / PoH / PoC; Rack installation,"AVoIP; NetworkHD; NetworkHD AV over IP; NetworkHD 100; Decoder; AVoIP endpoint; networkhd-100; HDMI; HDMI 2.1 / 8K; Amplifier output; Analog audio; Audio breakout; DSP audio processing; USB-C power delivery; Ethernet / LAN; CEC control; IP / web control; IR control; RS-232 control; EDID management; HDCP support; Scaling; Video wall; PoE / PoH / PoC; Rack installation; AV over IP distribution; Control room; Audio reinforcement; Distributed AV routing, video wall, multiview or AVoIP transport",AVoIP; NetworkHD; HDMI; HDMI 2.1 / 8K; Amplifier output; Analog audio; Audio breakout; DSP audio processing; USB-C power delivery; Ethernet / LAN; NetworkHD AV over IP; CEC control; IP / web control; IR control; RS-232 control; EDID management; HDCP support; Scaling; Video wall; PoE / PoH / PoC; Rack installation; NetworkHD 100; 1G Ethernet,"NHD-120-RX-S; NetworkHD 120 Series 4K30 4:2:0 Decoder with Sealoc Protection - WyreStorm; NetworkHD AVoIP; AVoIP endpoint / system component; AVoIP; NetworkHD; Endpoint hardware; NetworkHD AV over IP; NetworkHD 100; Decoder; AVoIP endpoint; networkhd-100; HDMI; HDMI 2.1 / 8K; Amplifier output; Analog audio; Audio breakout; DSP audio processing; USB-C power delivery; Ethernet / LAN; CEC control; IP / web control; IR control; RS-232 control; EDID management; HDCP support; Scaling; Video wall; PoE / PoH / PoC; Rack installation; AV over IP distribution; Control room; Audio reinforcement; Distributed AV routing, video wall, multiview or AVoIP transport",
NHD-120-TX,Yes,WyreStorm NHD-120-TX 4K AV over IP Encoder with H.264/H.265,WyreStorm NHD-120-TX 4K AV over IP Encoder with H.264/H.265,NetworkHD AVoIP,Endpoint hardware,AVoIP,AVoIP,endpoint-hardware,default,product-manager-profile:wyrestorm-product-manager-v1,"WyreStorm NHD-120-TX is a 4K30 AV over IP encoder with H.264/H.265 compression, PoE, and video wall support. Ideal for classrooms, offices, retail, and digital signage.",AVoIP; NetworkHD; Video Wall; Processing; NetworkHD AV over IP; NetworkHD 100; Encoder; AVoIP endpoint; HDMI; HDMI 2.1 / 8K; Amplifier output; Analog audio; Audio breakout; DSP audio processing; USB-C power delivery; Ethernet / LAN; CEC control; IP / web control; IR control; RS-232 control; EDID management; HDCP support; Scaling; PoE / PoH / PoC; Rack installation,AVoIP; NetworkHD; Video Wall; Processing; networkhd-100; encoder; HDMI; HDMI 2.1 / 8K; Amplifier output; Analog audio; Audio breakout; DSP audio processing; USB-C power delivery; Ethernet / LAN; NetworkHD AV over IP; CEC control; IP / web control; IR control; RS-232 control; EDID management; HDCP support; Scaling; PoE / PoH / PoC; Rack installation,"AVoIP; NetworkHD; Video Wall; Processing; NetworkHD AV over IP; NetworkHD 100; Encoder; AVoIP endpoint; networkhd-100; HDMI; HDMI 2.1 / 8K; Amplifier output; Analog audio; Audio breakout; DSP audio processing; USB-C power delivery; Ethernet / LAN; CEC control; IP / web control; IR control; RS-232 control; EDID management; HDCP support; Scaling; PoE / PoH / PoC; Rack installation; Classroom / lecture; AV over IP distribution; Control room; Digital signage; Audio reinforcement; Distributed AV routing, video wall, multiview or AVoIP transport",AVoIP; NetworkHD; Video Wall; Processing; HDMI; HDMI 2.1 / 8K; Amplifier output; Analog audio; Audio breakout; DSP audio processing; USB-C power delivery; Ethernet / LAN; NetworkHD AV over IP; CEC control; IP / web control; IR control; RS-232 control; EDID management; HDCP support; Scaling; PoE / PoH / PoC; Rack installation; NetworkHD 100; 1G Ethernet,"NHD-120-TX; WyreStorm NHD-120-TX 4K AV over IP Encoder with H.264/H.265; Video Processor; Video processing hardware; AVoIP; NetworkHD; Video Wall; Processing; NetworkHD AVoIP; Endpoint hardware; NetworkHD AV over IP; NetworkHD 100; Encoder; AVoIP endpoint; networkhd-100; HDMI; HDMI 2.1 / 8K; Amplifier output; Analog audio; Audio breakout; DSP audio processing; USB-C power delivery; Ethernet / LAN; CEC control; IP / web control; IR control; RS-232 control; EDID management; HDCP support; Scaling; PoE / PoH / PoC; Rack installation; Classroom / lecture; AV over IP distribution; Control room; Digital signage; Audio reinforcement; Distributed AV routing, video wall, multiview or AVoIP transport",
NHD-124-TX,Yes,NetworkHD 100 Series 4K AV over IP Quad Encoder - WyreStorm,NetworkHD 100 Series 4K AV over IP Quad Encoder - WyreStorm,NetworkHD AVoIP,Endpoint hardware,AVoIP,AVoIP,endpoint-hardware,default,product-manager-profile:wyrestorm-product-manager-v1,"The NHD-124-TX is a 4 input to 4 network stream device encoder compatible with the NetworkHD 100 an ultra low bandwidth AV over IP solution for distribution of point-to-point, one-to-many and many-to-many over a managed network. With its standards-based approach to video encoding, fast and simple system configuration and robust feature set, it provides the best value in networked video distribution. The NHD-124-TX encoder is intended for use with 120 series decoders (sold separately) to provide a complete end-to-en...",AVoIP; NetworkHD; NetworkHD AV over IP; NetworkHD 100; Decoder; AVoIP endpoint; HDMI; HDMI 2.1 / 8K; USB-C power delivery; Ethernet / LAN; IR control; EDID management; HDCP support; Multiview; PoE / PoH / PoC; Rack installation,AVoIP; NetworkHD; networkhd-100; decoder; HDMI; HDMI 2.1 / 8K; USB-C power delivery; Ethernet / LAN; NetworkHD AV over IP; IR control; EDID management; HDCP support; Multiview; PoE / PoH / PoC; Rack installation,"AVoIP; NetworkHD; NetworkHD AV over IP; NetworkHD 100; Decoder; AVoIP endpoint; networkhd-100; HDMI; HDMI 2.1 / 8K; USB-C power delivery; Ethernet / LAN; IR control; EDID management; HDCP support; Multiview; PoE / PoH / PoC; Rack installation; AV over IP distribution; Distributed AV routing, video wall, multiview or AVoIP transport",AVoIP; NetworkHD; HDMI; HDMI 2.1 / 8K; USB-C power delivery; Ethernet / LAN; NetworkHD AV over IP; IR control; EDID management; HDCP support; Multiview; PoE / PoH / PoC; Rack installation; NetworkHD 100; 1G Ethernet,"NHD-124-TX; NetworkHD 100 Series 4K AV over IP Quad Encoder - WyreStorm; NetworkHD AVoIP; AVoIP endpoint / system component; AVoIP; NetworkHD; Endpoint hardware; NetworkHD AV over IP; NetworkHD 100; Decoder; AVoIP endpoint; networkhd-100; HDMI; HDMI 2.1 / 8K; USB-C power delivery; Ethernet / LAN; IR control; EDID management; HDCP support; Multiview; PoE / PoH / PoC; Rack installation; AV over IP distribution; Distributed AV routing, video wall, multiview or AVoIP transport",
NHD-128-NDI-TRX,Yes,WyreStorm NHD-128-NDI-TRX 4K30 NDI to AV over IP Gateway,WyreStorm NHD-128-NDI-TRX 4K30 NDI to AV over IP Gateway,Camera / Capture,Endpoint hardware,Camera / Capture,Camera / Capture,endpoint-hardware,default,product-manager-profile:wyrestorm-product-manager-v1,"WyreStorm NHD-128-NDI-TRX bridges NDI and NetworkHD with bidirectional 4K30 conversion, PoE, and cloud management. Ideal for lecture halls, courtrooms, and corporate AV.",AVoIP; NetworkHD; NDI; Camera / Capture; NDI workflow endpoint; NDI encoder / decoder; NDI bridge endpoint; HDMI 2.1 / 8K; USB-C power delivery; Ethernet / LAN; NetworkHD AV over IP; IP / web control; IR control; PoE / PoH / PoC; Rack installation; Camera,AVoIP; NetworkHD; NDI; Camera / Capture; encoder-decoder; camera-workflow; HDMI 2.1 / 8K; USB-C power delivery; Ethernet / LAN; NetworkHD AV over IP; IP / web control; IR control; PoE / PoH / PoC; Rack installation; Camera,"AVoIP; NetworkHD; NDI; Camera / Capture; NDI workflow endpoint; NDI encoder / decoder; NDI bridge endpoint; encoder-decoder; camera-workflow; HDMI 2.1 / 8K; USB-C power delivery; Ethernet / LAN; NetworkHD AV over IP; IP / web control; IR control; PoE / PoH / PoC; Rack installation; Camera; Classroom / lecture; BYOM / UC; Control room; NDI camera, streaming and production workflows",AVoIP; NetworkHD; NDI; Camera / Capture; HDMI 2.1 / 8K; USB-C power delivery; Ethernet / LAN; NetworkHD AV over IP; IP / web control; IR control; PoE / PoH / PoC; Rack installation; Camera; Network; HDMI,"NHD-128-NDI-TRX; WyreStorm NHD-128-NDI-TRX 4K30 NDI to AV over IP Gateway; NetworkHD AVoIP; AVoIP endpoint / system component; AVoIP; NetworkHD; NDI; Camera / Capture; Endpoint hardware; NDI workflow endpoint; NDI encoder / decoder; NDI bridge endpoint; NDI source/display workflow bridge; encoder-decoder; camera-workflow; HDMI 2.1 / 8K; USB-C power delivery; Ethernet / LAN; NetworkHD AV over IP; IP / web control; IR control; PoE / PoH / PoC; Rack installation; Camera; Classroom / lecture; BYOM / UC; Control room; NDI camera, streaming and production workflows",
NHD-140-RACK-1U,Yes,1U/2 Slot Rack Mount for NetworkHD NHD-140-TX - WyreStorm,1U/2 Slot Rack Mount for NetworkHD NHD-140-TX - WyreStorm,Accessory,Rack mount / request-only,Accessory,Accessory,rack-mount,request-only,product-manager-profile:wyrestorm-product-manager-v1,The NHD-140-RACK-1U is a 1U rack mount that provides a clean installation for up to 2 NetworkHD 100 Series NHD-140-TX quad encoders. The minimal rack unit height and compact mounting arrangement allows a very high NetworkHD 100 Series encoder density designed for space restricted deployments. The robust and thermally optimized design helps keep your centralized NetworkHD solution perfectly organized.,AVoIP; NetworkHD; Accessory; Accessory / Other; Rack accessory; NetworkHD rack mount; Rack mount; DSP audio processing; Ethernet / LAN; NetworkHD AV over IP; Rack installation,AVoIP; NetworkHD; Accessory; rack-mount; networkhd-accessory; DSP audio processing; Ethernet / LAN; NetworkHD AV over IP; Rack installation,AVoIP; NetworkHD; Accessory; Accessory / Other; Rack accessory; NetworkHD rack mount; Rack mount; rack-mount; networkhd-accessory; DSP audio processing; Ethernet / LAN; NetworkHD AV over IP; Rack installation; Rack mounting for NetworkHD endpoint hardware,AVoIP; NetworkHD; Accessory; DSP audio processing; Ethernet / LAN; NetworkHD AV over IP; Rack installation,NHD-140-RACK-1U; 1U/2 Slot Rack Mount for NetworkHD NHD-140-TX - WyreStorm; NetworkHD AVoIP; AVoIP endpoint / system component; AVoIP; NetworkHD; Accessory; Accessory / request-only; Accessory / Other; Rack accessory; NetworkHD rack mount; Rack mount; Mechanical support accessory; rack-mount; networkhd-accessory; DSP audio processing; Ethernet / LAN; NetworkHD AV over IP; Rack installation; Rack mounting for NetworkHD endpoint hardware,
NHD-150-RX,Yes,NetworkHD 100 Series 4K60 4:2:0 MultiView Processor - WyreStorm,NetworkHD 100 Series 4K60 4:2:0 MultiView Processor - WyreStorm,NetworkHD AVoIP,Primary hardware,AVoIP Infrastructure,AVoIP Infrastructure,primary-hardware,default,product-manager-profile:wyrestorm-product-manager-v1,"The NHD-150-RX is an enhanced MultiView display decoder compatible with the NetworkHD 120 Series, an ultra-low bandwidth AV over IP solution for distribution of point-to-point, one-to-many and many-to-many over a managed network. The NHD-150-RX decoder is intended for use with 120 Series encoders (sold separately) to provide a complete end-to-end video distribution system. When used in conjunction with the NHD-CTL-PRO system controller complete control integration is simple.",AVoIP; NetworkHD; Video Wall; Processing; Multiview; Video Wall / Multiview; AVoIP Infrastructure; NetworkHD AV over IP; NetworkHD 100; Controller; AVoIP controller; 4K60 transport; HDMI; HDMI 2.1 / 8K; Amplifier output; Analog audio; Audio breakout; DSP audio processing; USB-C power delivery; Ethernet / LAN; CEC control; IP / web control; IR control; RS-232 control; EDID management; HDCP support; PoE / PoH / PoC; Rack installation,AVoIP; NetworkHD; Video Wall; Processing; Multiview; Video Wall / Multiview; AVoIP Infrastructure; networkhd-100; controller; HDMI; HDMI 2.1 / 8K; Amplifier output; Analog audio; Audio breakout; DSP audio processing; USB-C power delivery; Ethernet / LAN; NetworkHD AV over IP; CEC control; IP / web control; IR control; RS-232 control; EDID management; HDCP support; PoE / PoH / PoC; Rack installation,"AVoIP; NetworkHD; Video Wall; Processing; Multiview; Video Wall / Multiview; AVoIP Infrastructure; NetworkHD AV over IP; NetworkHD 100; Controller; AVoIP controller; 4K60 transport; networkhd-100; HDMI; HDMI 2.1 / 8K; Amplifier output; Analog audio; Audio breakout; DSP audio processing; USB-C power delivery; Ethernet / LAN; CEC control; IP / web control; IR control; RS-232 control; EDID management; HDCP support; PoE / PoH / PoC; Rack installation; AV over IP distribution; Audio reinforcement; Distributed AV routing, video wall, multiview or AVoIP transport",AVoIP; NetworkHD; Video Wall; Processing; Multiview; Video Wall / Multiview; HDMI; HDMI 2.1 / 8K; Amplifier output; Analog audio; Audio breakout; DSP audio processing; USB-C power delivery; Ethernet / LAN; NetworkHD AV over IP; CEC control; IP / web control; IR control; RS-232 control; EDID management; HDCP support; PoE / PoH / PoC; Rack installation; NetworkHD 100; 1G Ethernet,"NHD-150-RX; NetworkHD 100 Series 4K60 4:2:0 MultiView Processor - WyreStorm; Video Processor; Video processing hardware; AVoIP; NetworkHD; Video Wall; Processing; Multiview; Primary hardware; Video Wall / Multiview; NetworkHD AV over IP; NetworkHD 100; Controller; AVoIP controller; 4K60 transport; AVoIP system control; networkhd-100; HDMI; HDMI 2.1 / 8K; Amplifier output; Analog audio; Audio breakout; DSP audio processing; USB-C power delivery; Ethernet / LAN; CEC control; IP / web control; IR control; RS-232 control; EDID management; HDCP support; PoE / PoH / PoC; Rack installation; AV over IP distribution; Audio reinforcement; Distributed AV routing, video wall, multiview or AVoIP transport",
NHD-250-RX,Yes,NetworkHD 200 Series AV over IP H.264 MultiView Processor - WyreStorm,NetworkHD 200 Series AV over IP H.264 MultiView Processor - WyreStorm,NetworkHD AVoIP,Primary hardware,AVoIP Infrastructure,AVoIP Infrastructure,primary-hardware,default,product-manager-profile:wyrestorm-product-manager-v1,"DISCONTINUED The NHD-250-RX is an enhanced MultiView display decoder compatible with the NetworkHD 100 and 200 Series, an ultra low bandwidth H.264 AV over IP solution for distribution of point-to-point, one-to-many and many-to-many over a managed network. The NHD-250-RX H.264 decoder is intended for use with 100 or 200 Series H.264 encoders (sold separately) to provide a complete end-to-end video distribution system. When used in conjunction with the NHD-000-CTL system controller complete control integration is si...",AVoIP; NetworkHD; Video Wall; Processing; Multiview; Video Wall / Multiview; AVoIP Infrastructure; NetworkHD AV over IP; NetworkHD 100; Controller; AVoIP controller; HDMI; HDMI 2.1 / 8K; Analog audio; Audio breakout; DSP audio processing; USB-C power delivery; Ethernet / LAN; NDI; CEC control; IR control; RS-232 control; HDCP support; Scaling; PoE / PoH / PoC; Rack installation,AVoIP; NetworkHD; Video Wall; Processing; Multiview; Video Wall / Multiview; AVoIP Infrastructure; networkhd-100; controller; HDMI; HDMI 2.1 / 8K; Analog audio; Audio breakout; DSP audio processing; USB-C power delivery; Ethernet / LAN; NDI; NetworkHD AV over IP; CEC control; IR control; RS-232 control; HDCP support; Scaling; PoE / PoH / PoC; Rack installation,"AVoIP; NetworkHD; Video Wall; Processing; Multiview; Video Wall / Multiview; AVoIP Infrastructure; NetworkHD AV over IP; NetworkHD 100; Controller; AVoIP controller; networkhd-100; HDMI; HDMI 2.1 / 8K; Analog audio; Audio breakout; DSP audio processing; USB-C power delivery; Ethernet / LAN; NDI; CEC control; IR control; RS-232 control; HDCP support; Scaling; PoE / PoH / PoC; Rack installation; AV over IP distribution; Control room; Distributed AV routing, video wall, multiview or AVoIP transport",AVoIP; NetworkHD; Video Wall; Processing; Multiview; Video Wall / Multiview; HDMI; HDMI 2.1 / 8K; Analog audio; Audio breakout; DSP audio processing; USB-C power delivery; Ethernet / LAN; NDI; NetworkHD AV over IP; CEC control; IR control; RS-232 control; HDCP support; Scaling; PoE / PoH / PoC; Rack installation; NetworkHD 100; 1G Ethernet,"NHD-250-RX; NetworkHD 200 Series AV over IP H.264 MultiView Processor - WyreStorm; Video Processor; Video processing hardware; AVoIP; NetworkHD; Video Wall; Processing; Multiview; Primary hardware; Video Wall / Multiview; NetworkHD AV over IP; NetworkHD 100; Controller; AVoIP controller; AVoIP system control; networkhd-100; HDMI; HDMI 2.1 / 8K; Analog audio; Audio breakout; DSP audio processing; USB-C power delivery; Ethernet / LAN; NDI; CEC control; IR control; RS-232 control; HDCP support; Scaling; PoE / PoH / PoC; Rack installation; AV over IP distribution; Control room; Distributed AV routing, video wall, multiview or AVoIP transport",
NHD-300-TX,EOL,NetworkHD 300 Series 1080p AV over IP H.264 Open Standards Encoder - WyreStorm,NetworkHD 300 Series 1080p AV over IP H.264 Open Standards Encoder - WyreStorm,NetworkHD AVoIP,Endpoint hardware,AVoIP,AVoIP,endpoint-hardware,default,product-manager-profile:wyrestorm-product-manager-v1,"The NHD-300-TX is a powerful A/V encoder that allows streaming of 1080p HDMI content over a network in a myriad of ways. By supporting standard protocols such as RTSP, RTMP, Unicast and Multicast, transmissions can be decoded by a broad range of 3rd-party hardware and software solutions. Easily live stream events to popular platforms such as YouTube, Facebook, Wowza, OBS through native options in the powerful Web UI. The NHD-300-TX is great for Schools and Universities to broadcast lessons to students, Churches for...",AVoIP; NetworkHD; HDMI; NetworkHD AV over IP; NetworkHD 100; Encoder; AVoIP endpoint; HDMI 2.1 / 8K; Ethernet / LAN; IP / web control; HDCP support; PoE / PoH / PoC; Rack installation,AVoIP; NetworkHD; HDMI; networkhd-100; encoder; HDMI 2.1 / 8K; Ethernet / LAN; NetworkHD AV over IP; IP / web control; HDCP support; PoE / PoH / PoC; Rack installation,"AVoIP; NetworkHD; HDMI; NetworkHD AV over IP; NetworkHD 100; Encoder; AVoIP endpoint; networkhd-100; HDMI 2.1 / 8K; Ethernet / LAN; IP / web control; HDCP support; PoE / PoH / PoC; Rack installation; AV over IP distribution; Distributed AV routing, video wall, multiview or AVoIP transport; EOL",AVoIP; NetworkHD; HDMI; HDMI 2.1 / 8K; Ethernet / LAN; NetworkHD AV over IP; IP / web control; HDCP support; PoE / PoH / PoC; Rack installation; NetworkHD 100; 1G Ethernet,"NHD-300-TX; NetworkHD 300 Series 1080p AV over IP H.264 Open Standards Encoder - WyreStorm; NetworkHD AVoIP; AVoIP endpoint / system component; AVoIP; NetworkHD; HDMI; Endpoint hardware; NetworkHD AV over IP; NetworkHD 100; Encoder; AVoIP endpoint; networkhd-100; HDMI 2.1 / 8K; Ethernet / LAN; IP / web control; HDCP support; PoE / PoH / PoC; Rack installation; AV over IP distribution; Distributed AV routing, video wall, multiview or AVoIP transport; EOL",Lifecycle confirmed EOL.
NHD-400-DNT-TX,EOL,NetworkHD 400 Series 4K AV over IP JPEG 2000 Encoder with Dante - WyreStorm,NetworkHD 400 Series 4K AV over IP JPEG 2000 Encoder with Dante - WyreStorm,NetworkHD AVoIP,Primary hardware,AVoIP,AVoIP,primary-hardware,default,product-manager-profile:wyrestorm-product-manager-v1,"DISCONTINUED The NHD-400-DNT-TX encoder offers stunning 4K HDR video, multichannel audio support and video resolution scaling to seamlessly handle mixed resolution HDMI sources for matrix and video wall functionality. Equipped with a Dante audio encoder the 400 Series embraces the flexibility of standardized audio distribution. Featuring incredible low latency the 400 Series is the ideal AV over IP solution for systems where high quality and low delay are key requirements, making it perfect for demanding commercial...",Matrix; Switching; AVoIP; NetworkHD; Video Wall; Processing; HDMI; Dante; Scaling; Seamless Switching; NetworkHD AV over IP; NetworkHD 100; Encoder; AVoIP endpoint; HDR; AES67; Analog audio; Audio breakout; DSP audio processing; USB 2.0; USB routing / switching; USB-C power delivery; Ethernet / LAN; NDI; CEC control; IR control; RS-232 control; EDID management; HDCP support; PoE / PoH / PoC; Rack installation,Matrix; Switching; AVoIP; NetworkHD; Video Wall; Processing; HDMI; Dante; Scaling; Seamless Switching; networkhd-100; encoder; HDR; AES67; Analog audio; Audio breakout; DSP audio processing; USB 2.0; USB routing / switching; USB-C power delivery; Ethernet / LAN; NDI; NetworkHD AV over IP; CEC control; IR control; RS-232 control; EDID management; HDCP support; PoE / PoH / PoC; Rack installation,"Matrix; Switching; AVoIP; NetworkHD; Video Wall; Processing; HDMI; Dante; Scaling; Seamless Switching; NetworkHD AV over IP; NetworkHD 100; Encoder; AVoIP endpoint; networkhd-100; HDR; AES67; Analog audio; Audio breakout; DSP audio processing; USB 2.0; USB routing / switching; USB-C power delivery; Ethernet / LAN; NDI; CEC control; IR control; RS-232 control; EDID management; HDCP support; PoE / PoH / PoC; Rack installation; AV over IP distribution; Control room; Distributed AV routing, video wall, multiview or AVoIP transport; EOL",Matrix; Switching; AVoIP; NetworkHD; Video Wall; Processing; HDMI; Dante; Scaling; Seamless Switching; HDR; AES67; Analog audio; Audio breakout; DSP audio processing; USB 2.0; USB routing / switching; USB-C power delivery; Ethernet / LAN; NDI; NetworkHD AV over IP; CEC control; IR control; RS-232 control; EDID management; HDCP support; PoE / PoH / PoC; Rack installation; NetworkHD 100; 1G Ethernet,"NHD-400-DNT-TX; NetworkHD 400 Series 4K AV over IP JPEG 2000 Encoder with Dante - WyreStorm; Video Processor; Video processing hardware; Matrix; Switching; AVoIP; NetworkHD; Video Wall; Processing; HDMI; Dante; Scaling; Seamless Switching; NetworkHD AVoIP; Endpoint hardware; NetworkHD AV over IP; NetworkHD 100; Encoder; AVoIP endpoint; networkhd-100; HDR; AES67; Analog audio; Audio breakout; DSP audio processing; USB 2.0; USB routing / switching; USB-C power delivery; Ethernet / LAN; NDI; CEC control; IR control; RS-232 control; EDID management; HDCP support; PoE / PoH / PoC; Rack installation; AV over IP distribution; Control room; Distributed AV routing, video wall, multiview or AVoIP transport; EOL",Lifecycle confirmed EOL.
NHD-400-E-RX,EOL,NetworkHD 400 Series 4K AV over IP JPEG 2000 Decoder - WyreStorm,NetworkHD 400 Series 4K AV over IP JPEG 2000 Decoder - WyreStorm,NetworkHD AVoIP,Primary hardware,AVoIP,AVoIP,primary-hardware,default,product-manager-profile:wyrestorm-product-manager-v1,"WyreStorm brings stunning 4K HDR video, video resolution scaling, multi-channel audio and audio matrixing to IP with the NetworkHD 400 Series' NHD-400-E-RX AVoIP decoder. The reduced cost Type E version removes some control ports but retains the 400 Series core features. Used in conjunction with any 400 Series encoder, the NHD-400-E-RX seamlessly handles mixed resolution sources, content and display devices for matrix and video wall functionality up to 16x16 with image rotation and bezel compensation. Featuring inc...",Matrix; Switching; AVoIP; NetworkHD; Video Wall; Processing; Scaling; Seamless Switching; NetworkHD AV over IP; NetworkHD 100; Decoder; AVoIP endpoint; HDMI; HDR; Analog audio; USB-C power delivery; Ethernet / LAN; CEC control; IP / web control; IR control; RS-232 control; EDID management; HDCP support; PoE / PoH / PoC; Rack installation,Matrix; Switching; AVoIP; NetworkHD; Video Wall; Processing; Scaling; Seamless Switching; networkhd-100; decoder; HDMI; HDR; Analog audio; USB-C power delivery; Ethernet / LAN; NetworkHD AV over IP; CEC control; IP / web control; IR control; RS-232 control; EDID management; HDCP support; PoE / PoH / PoC; Rack installation,"Matrix; Switching; AVoIP; NetworkHD; Video Wall; Processing; Scaling; Seamless Switching; NetworkHD AV over IP; NetworkHD 100; Decoder; AVoIP endpoint; networkhd-100; HDMI; HDR; Analog audio; USB-C power delivery; Ethernet / LAN; CEC control; IP / web control; IR control; RS-232 control; EDID management; HDCP support; PoE / PoH / PoC; Rack installation; AV over IP distribution; Distributed AV routing, video wall, multiview or AVoIP transport; EOL",Matrix; Switching; AVoIP; NetworkHD; Video Wall; Processing; Scaling; Seamless Switching; HDMI; HDR; Analog audio; USB-C power delivery; Ethernet / LAN; NetworkHD AV over IP; CEC control; IP / web control; IR control; RS-232 control; EDID management; HDCP support; PoE / PoH / PoC; Rack installation; NetworkHD 100; 1G Ethernet,"NHD-400-E-RX; NetworkHD 400 Series 4K AV over IP JPEG 2000 Decoder - WyreStorm; Video Processor; Video processing hardware; Matrix; Switching; AVoIP; NetworkHD; Video Wall; Processing; Scaling; Seamless Switching; NetworkHD AVoIP; Endpoint hardware; NetworkHD AV over IP; NetworkHD 100; Decoder; AVoIP endpoint; networkhd-100; HDMI; HDR; Analog audio; USB-C power delivery; Ethernet / LAN; CEC control; IP / web control; IR control; RS-232 control; EDID management; HDCP support; PoE / PoH / PoC; Rack installation; AV over IP distribution; Distributed AV routing, video wall, multiview or AVoIP transport; EOL",Lifecycle confirmed EOL.
NHD-400-E-TX,EOL,NetworkHD 400 Series 4K AV over IP JPEG 2000 Encoder - WyreStorm,NetworkHD 400 Series 4K AV over IP JPEG 2000 Encoder - WyreStorm,NetworkHD AVoIP,Primary hardware,AVoIP,AVoIP,primary-hardware,default,product-manager-profile:wyrestorm-product-manager-v1,"The NHD-400-E-TX encoder offers stunning 4K HDR video, multichannel audio support and 4K/2K scaling to seamlessly handle mixed resolution HDMI sources for matrix and video wall functionality. The reduced cost Type E version removes some control ports but retains the 400 Series core features. Featuring incredible low latency the 400 Series is the ideal AV over IP solution for systems where high quality and low delay are key requirements, making it perfect for demanding commercial applications. The NHD-400-E-TX JPEG...",Matrix; Switching; AVoIP; NetworkHD; Video Wall; Processing; HDMI; Scaling; Seamless Switching; NetworkHD AV over IP; NetworkHD 100; Encoder; AVoIP endpoint; HDR; Analog audio; DSP audio processing; USB-C power delivery; Ethernet / LAN; NDI; CEC control; IP / web control; IR control; RS-232 control; EDID management; HDCP support; PoE / PoH / PoC; Rack installation,Matrix; Switching; AVoIP; NetworkHD; Video Wall; Processing; HDMI; Scaling; Seamless Switching; networkhd-100; encoder; HDR; Analog audio; DSP audio processing; USB-C power delivery; Ethernet / LAN; NDI; NetworkHD AV over IP; CEC control; IP / web control; IR control; RS-232 control; EDID management; HDCP support; PoE / PoH / PoC; Rack installation,"Matrix; Switching; AVoIP; NetworkHD; Video Wall; Processing; HDMI; Scaling; Seamless Switching; NetworkHD AV over IP; NetworkHD 100; Encoder; AVoIP endpoint; networkhd-100; HDR; Analog audio; DSP audio processing; USB-C power delivery; Ethernet / LAN; NDI; CEC control; IP / web control; IR control; RS-232 control; EDID management; HDCP support; PoE / PoH / PoC; Rack installation; AV over IP distribution; Distributed AV routing, video wall, multiview or AVoIP transport; EOL",Matrix; Switching; AVoIP; NetworkHD; Video Wall; Processing; HDMI; Scaling; Seamless Switching; HDR; Analog audio; DSP audio processing; USB-C power delivery; Ethernet / LAN; NDI; NetworkHD AV over IP; CEC control; IP / web control; IR control; RS-232 control; EDID management; HDCP support; PoE / PoH / PoC; Rack installation; NetworkHD 100; 1G Ethernet,"NHD-400-E-TX; NetworkHD 400 Series 4K AV over IP JPEG 2000 Encoder - WyreStorm; Video Processor; Video processing hardware; Matrix; Switching; AVoIP; NetworkHD; Video Wall; Processing; HDMI; Scaling; Seamless Switching; NetworkHD AVoIP; Endpoint hardware; NetworkHD AV over IP; NetworkHD 100; Encoder; AVoIP endpoint; networkhd-100; HDR; Analog audio; DSP audio processing; USB-C power delivery; Ethernet / LAN; NDI; CEC control; IP / web control; IR control; RS-232 control; EDID management; HDCP support; PoE / PoH / PoC; Rack installation; AV over IP distribution; Distributed AV routing, video wall, multiview or AVoIP transport; EOL",Lifecycle confirmed EOL.
NHD-400-RX,EOL,4K AV Over IP - NetworkHD™ 400 Series| WyreStorm,4K AV Over IP - NetworkHD™ 400 Series| WyreStorm,NetworkHD AVoIP,Primary hardware,AVoIP,AVoIP,primary-hardware,default,product-manager-profile:wyrestorm-product-manager-v1,"4k AV Over IP - NetworkHD 400 Series 4K AV over IP JPEG 2000 Decoder. The NHD-400-RX is the perfect component for a high quality, scalable video wall or matrix system with support for 3G, 2G, HD and UHD resolutions up to 4096×2160 @60Hz@4:4:4 (8bit) in 23.",Matrix; Switching; AVoIP; NetworkHD; Video Wall; Processing; Scaling; NetworkHD AV over IP; NetworkHD 100; Decoder; AVoIP endpoint; HDMI; HDR; Analog audio; Audio breakout; USB 2.0; USB routing / switching; USB-C power delivery; Ethernet / LAN; CEC control; IR control; RS-232 control; EDID management; HDCP support; PoE / PoH / PoC; Rack installation,Matrix; Switching; AVoIP; NetworkHD; Video Wall; Processing; Scaling; networkhd-100; decoder; HDMI; HDR; Analog audio; Audio breakout; USB 2.0; USB routing / switching; USB-C power delivery; Ethernet / LAN; NetworkHD AV over IP; CEC control; IR control; RS-232 control; EDID management; HDCP support; PoE / PoH / PoC; Rack installation,"Matrix; Switching; AVoIP; NetworkHD; Video Wall; Processing; Scaling; NetworkHD AV over IP; NetworkHD 100; Decoder; AVoIP endpoint; networkhd-100; HDMI; HDR; Analog audio; Audio breakout; USB 2.0; USB routing / switching; USB-C power delivery; Ethernet / LAN; CEC control; IR control; RS-232 control; EDID management; HDCP support; PoE / PoH / PoC; Rack installation; AV over IP distribution; Control room; Distributed AV routing, video wall, multiview or AVoIP transport; EOL",Matrix; Switching; AVoIP; NetworkHD; Video Wall; Processing; Scaling; HDMI; HDR; Analog audio; Audio breakout; USB 2.0; USB routing / switching; USB-C power delivery; Ethernet / LAN; NetworkHD AV over IP; CEC control; IR control; RS-232 control; EDID management; HDCP support; PoE / PoH / PoC; Rack installation; NetworkHD 100; 1G Ethernet,"NHD-400-RX; 4K AV Over IP - NetworkHD™ 400 Series| WyreStorm; Video Processor; Video processing hardware; Matrix; Switching; AVoIP; NetworkHD; Video Wall; Processing; Scaling; NetworkHD AVoIP; Endpoint hardware; NetworkHD AV over IP; NetworkHD 100; Decoder; AVoIP endpoint; networkhd-100; HDMI; HDR; Analog audio; Audio breakout; USB 2.0; USB routing / switching; USB-C power delivery; Ethernet / LAN; CEC control; IR control; RS-232 control; EDID management; HDCP support; PoE / PoH / PoC; Rack installation; AV over IP distribution; Control room; Distributed AV routing, video wall, multiview or AVoIP transport; EOL",Lifecycle confirmed EOL.
NHD-400-TX,EOL,NetworkHD 400 Series 4K AV over IP JPEG 2000 Encoder - WyreStorm,NetworkHD 400 Series 4K AV over IP JPEG 2000 Encoder - WyreStorm,NetworkHD AVoIP,Primary hardware,AVoIP,AVoIP,primary-hardware,default,product-manager-profile:wyrestorm-product-manager-v1,"DISCONTINUED As part of the WyreStorm NetworkHD 400 Series, the NHD-400-TX streaming encoder offers stunning 4K HDR video, multi-channel audio support and 4K/2K auto-scaling to seamlessly handle mixed resolution sources, content and display devices for matrix and video wall functionality when used in conjunction with a 400 Series decoder. Featuring incredibly low latency, the 400 Series is the ideal AV over IP solution for systems where high quality and low latency are key requirements, making it perfect for both r...",Matrix; Switching; AVoIP; NetworkHD; Video Wall; Processing; Scaling; Seamless Switching; NetworkHD AV over IP; NetworkHD 100; Decoder; AVoIP endpoint; HDMI; HDR; Analog audio; Audio breakout; DSP audio processing; USB routing / switching; USB-C power delivery; Ethernet / LAN; CEC control; IR control; RS-232 control; EDID management; HDCP support; PoE / PoH / PoC; Rack installation,Matrix; Switching; AVoIP; NetworkHD; Video Wall; Processing; Scaling; Seamless Switching; networkhd-100; decoder; HDMI; HDR; Analog audio; Audio breakout; DSP audio processing; USB routing / switching; USB-C power delivery; Ethernet / LAN; NetworkHD AV over IP; CEC control; IR control; RS-232 control; EDID management; HDCP support; PoE / PoH / PoC; Rack installation,"Matrix; Switching; AVoIP; NetworkHD; Video Wall; Processing; Scaling; Seamless Switching; NetworkHD AV over IP; NetworkHD 100; Decoder; AVoIP endpoint; networkhd-100; HDMI; HDR; Analog audio; Audio breakout; DSP audio processing; USB routing / switching; USB-C power delivery; Ethernet / LAN; CEC control; IR control; RS-232 control; EDID management; HDCP support; PoE / PoH / PoC; Rack installation; AV over IP distribution; Distributed AV routing, video wall, multiview or AVoIP transport; EOL",Matrix; Switching; AVoIP; NetworkHD; Video Wall; Processing; Scaling; Seamless Switching; HDMI; HDR; Analog audio; Audio breakout; DSP audio processing; USB routing / switching; USB-C power delivery; Ethernet / LAN; NetworkHD AV over IP; CEC control; IR control; RS-232 control; EDID management; HDCP support; PoE / PoH / PoC; Rack installation; NetworkHD 100; 1G Ethernet,"NHD-400-TX; NetworkHD 400 Series 4K AV over IP JPEG 2000 Encoder - WyreStorm; Video Processor; Video processing hardware; Matrix; Switching; AVoIP; NetworkHD; Video Wall; Processing; Scaling; Seamless Switching; NetworkHD AVoIP; Endpoint hardware; NetworkHD AV over IP; NetworkHD 100; Decoder; AVoIP endpoint; networkhd-100; HDMI; HDR; Analog audio; Audio breakout; DSP audio processing; USB routing / switching; USB-C power delivery; Ethernet / LAN; CEC control; IR control; RS-232 control; EDID management; HDCP support; PoE / PoH / PoC; Rack installation; AV over IP distribution; Distributed AV routing, video wall, multiview or AVoIP transport; EOL",Lifecycle confirmed EOL.
NHD-400-TX-IW,EOL,NetworkHD 400 Series In-Wall 4K AV over IP JPEG 2000 Encoder - WyreStorm,NetworkHD 400 Series In-Wall 4K AV over IP JPEG 2000 Encoder - WyreStorm,NetworkHD AVoIP,Primary hardware,AVoIP,AVoIP,primary-hardware,default,product-manager-profile:wyrestorm-product-manager-v1,"DISCONTINUED The NHD-400-TX-IW streaming encoder offers stunning 4K HDR video, multichannel audio support and 4K/2K scaling to seamlessly handle mixed resolution HDMI or VGA sources for matrix and video wall functionality. Featuring incredibly low latency, the 400 Series is the ideal AV over IP solution for systems where high quality and low delay are key requirements, making it perfect for demanding commercial applications. The NHD-400-TX-IW JPEG 2000 encoder is intended for use with 400 Series JPEG 2000 decoders...",Matrix; Switching; AVoIP; NetworkHD; Video Wall; Processing; HDMI; Scaling; Seamless Switching; NetworkHD AV over IP; NetworkHD 100; Decoder; AVoIP endpoint; HDR; DSP audio processing; USB routing / switching; USB-C power delivery; Ethernet / LAN; NDI; CEC control; IR control; RS-232 control; EDID management; HDCP support; PoE / PoH / PoC; In-wall installation,Matrix; Switching; AVoIP; NetworkHD; Video Wall; Processing; HDMI; Scaling; Seamless Switching; networkhd-100; decoder; HDR; DSP audio processing; USB routing / switching; USB-C power delivery; Ethernet / LAN; NDI; NetworkHD AV over IP; CEC control; IR control; RS-232 control; EDID management; HDCP support; PoE / PoH / PoC; In-wall installation,"Matrix; Switching; AVoIP; NetworkHD; Video Wall; Processing; HDMI; Scaling; Seamless Switching; NetworkHD AV over IP; NetworkHD 100; Decoder; AVoIP endpoint; networkhd-100; HDR; DSP audio processing; USB routing / switching; USB-C power delivery; Ethernet / LAN; NDI; CEC control; IR control; RS-232 control; EDID management; HDCP support; PoE / PoH / PoC; In-wall installation; AV over IP distribution; Distributed AV routing, video wall, multiview or AVoIP transport; EOL",Matrix; Switching; AVoIP; NetworkHD; Video Wall; Processing; HDMI; Scaling; Seamless Switching; HDR; DSP audio processing; USB routing / switching; USB-C power delivery; Ethernet / LAN; NDI; NetworkHD AV over IP; CEC control; IR control; RS-232 control; EDID management; HDCP support; PoE / PoH / PoC; In-wall installation; NetworkHD 100; 1G Ethernet,"NHD-400-TX-IW; NetworkHD 400 Series In-Wall 4K AV over IP JPEG 2000 Encoder - WyreStorm; Video Processor; Video processing hardware; Matrix; Switching; AVoIP; NetworkHD; Video Wall; Processing; HDMI; Scaling; Seamless Switching; NetworkHD AVoIP; Endpoint hardware; NetworkHD AV over IP; NetworkHD 100; Decoder; AVoIP endpoint; networkhd-100; HDR; DSP audio processing; USB routing / switching; USB-C power delivery; Ethernet / LAN; NDI; CEC control; IR control; RS-232 control; EDID management; HDCP support; PoE / PoH / PoC; In-wall installation; AV over IP distribution; Distributed AV routing, video wall, multiview or AVoIP transport; EOL",Lifecycle confirmed EOL.
NHD-500,Yes,NetworkHD 500 Series 4K60 4:4:4 JPEG2000 Encoder & Decoder - WyreStorm,NetworkHD 500 Series 4K60 4:4:4 JPEG2000 Encoder & Decoder - WyreStorm,NetworkHD AVoIP,Primary hardware,AVoIP,AVoIP,primary-hardware,default,product-manager-profile:wyrestorm-product-manager-v1,"The NetworkHD 500s series is an HDMI 2.0 AV over IP solution. Capable of encoding up to 4K60 including Dolby Vision, HDR10 and HLG content. The 500 series comes loaded with a number of advanced features such as the flexibility of Ethernet or Fiber as a transport method. Ultra-low latency encoding and incredibly fast matrix switching speeds enhance the experience. A powerful routing engine allows audio, video, USB and control signals to be discretely sent to any endpoint. Create captivating video walls up to 16x16 i...",Matrix; Switching; AVoIP; NetworkHD; Video Wall; Processing; USB; HDMI; NetworkHD AV over IP; NetworkHD 500; Decoder; AVoIP endpoint; 4K60 transport; HDR; Analog audio; DSP audio processing; KVM / USB extension; USB 2.0; USB-C power delivery; Ethernet / LAN; NDI; SFP / fibre; CEC control; IP / web control; IR control; RS-232 control; EDID management; HDCP support; Scaling; PoE / PoH / PoC,Matrix; Switching; AVoIP; NetworkHD; Video Wall; Processing; USB; HDMI; networkhd-500; decoder; HDR; Analog audio; DSP audio processing; KVM / USB extension; USB 2.0; USB-C power delivery; Ethernet / LAN; NDI; NetworkHD AV over IP; SFP / fibre; CEC control; IP / web control; IR control; RS-232 control; EDID management; HDCP support; Scaling; PoE / PoH / PoC,"Matrix; Switching; AVoIP; NetworkHD; Video Wall; Processing; USB; HDMI; NetworkHD AV over IP; NetworkHD 500; Decoder; AVoIP endpoint; 4K60 transport; networkhd-500; HDR; Analog audio; DSP audio processing; KVM / USB extension; USB 2.0; USB-C power delivery; Ethernet / LAN; NDI; SFP / fibre; CEC control; IP / web control; IR control; RS-232 control; EDID management; HDCP support; Scaling; PoE / PoH / PoC; Classroom / lecture; AV over IP distribution; Digital signage; Distributed AV routing, video wall, multiview or AVoIP transport",Matrix; Switching; AVoIP; NetworkHD; Video Wall; Processing; USB; HDMI; HDR; Analog audio; DSP audio processing; KVM / USB extension; USB 2.0; USB-C power delivery; Ethernet / LAN; NDI; NetworkHD AV over IP; SFP / fibre; CEC control; IP / web control; IR control; RS-232 control; EDID management; HDCP support; Scaling; PoE / PoH / PoC; NetworkHD 500; 1G Ethernet,"NHD-500; NetworkHD 500 Series 4K60 4:4:4 JPEG2000 Encoder & Decoder - WyreStorm; Video Processor; Video processing hardware; Matrix; Switching; AVoIP; NetworkHD; Video Wall; Processing; USB; HDMI; NetworkHD AVoIP; Endpoint hardware; NetworkHD AV over IP; NetworkHD 500; Decoder; AVoIP endpoint; 4K60 transport; networkhd-500; HDR; Analog audio; DSP audio processing; KVM / USB extension; USB 2.0; USB-C power delivery; Ethernet / LAN; NDI; SFP / fibre; CEC control; IP / web control; IR control; RS-232 control; EDID management; HDCP support; Scaling; PoE / PoH / PoC; Classroom / lecture; AV over IP distribution; Digital signage; Distributed AV routing, video wall, multiview or AVoIP transport",
NHD-500-DNT-TX,Yes,NetworkHD 500 Series 4K60 4:4:4 JPEG2000 Encoder with Dante Audio - WyreStorm,NetworkHD 500 Series 4K60 4:4:4 JPEG2000 Encoder with Dante Audio - WyreStorm,NetworkHD AVoIP,Primary hardware,AVoIP,AVoIP,primary-hardware,default,product-manager-profile:wyrestorm-product-manager-v1,"The NHD-500-DNT-TX is part of the powerful NetworkHD 500 series family of products. Capable of encoding up to 4K60 including Dolby Vision, HDR10 and HLG content. The 500 series comes loaded with a number of advanced features such as the flexibility of Ethernet or Fiber as a transport method. Ultra-low latency encoding and incredibly fast matrix switching speeds enhance the experience. Unique to this encoder is an integrated 2 channel Dante & AES67 audio output. -",Matrix; Switching; AVoIP; NetworkHD; Dante; AES67; NetworkHD AV over IP; NetworkHD 500; Encoder; AVoIP endpoint; 4K60 transport; HDMI; HDR; Analog audio; Audio breakout; USB 2.0; USB-C power delivery; Ethernet / LAN; SFP / fibre; CEC control; IP / web control; IR control; RS-232 control; EDID management; HDCP support; Scaling; PoE / PoH / PoC; Rack installation,Matrix; Switching; AVoIP; NetworkHD; Dante; AES67; networkhd-500; encoder; HDMI; HDR; Analog audio; Audio breakout; USB 2.0; USB-C power delivery; Ethernet / LAN; NetworkHD AV over IP; SFP / fibre; CEC control; IP / web control; IR control; RS-232 control; EDID management; HDCP support; Scaling; PoE / PoH / PoC; Rack installation,"Matrix; Switching; AVoIP; NetworkHD; Dante; AES67; NetworkHD AV over IP; NetworkHD 500; Encoder; AVoIP endpoint; 4K60 transport; networkhd-500; HDMI; HDR; Analog audio; Audio breakout; USB 2.0; USB-C power delivery; Ethernet / LAN; SFP / fibre; CEC control; IP / web control; IR control; RS-232 control; EDID management; HDCP support; Scaling; PoE / PoH / PoC; Rack installation; AV over IP distribution; Distributed AV routing, video wall, multiview or AVoIP transport",Matrix; Switching; AVoIP; NetworkHD; Dante; AES67; HDMI; HDR; Analog audio; Audio breakout; USB 2.0; USB-C power delivery; Ethernet / LAN; NetworkHD AV over IP; SFP / fibre; CEC control; IP / web control; IR control; RS-232 control; EDID management; HDCP support; Scaling; PoE / PoH / PoC; Rack installation; NetworkHD 500; 1G Ethernet,"NHD-500-DNT-TX; NetworkHD 500 Series 4K60 4:4:4 JPEG2000 Encoder with Dante Audio - WyreStorm; NetworkHD AVoIP; AVoIP endpoint / system component; Matrix; Switching; AVoIP; NetworkHD; Dante; AES67; Endpoint hardware; NetworkHD AV over IP; NetworkHD 500; Encoder; AVoIP endpoint; 4K60 transport; networkhd-500; HDMI; HDR; Analog audio; Audio breakout; USB 2.0; USB-C power delivery; Ethernet / LAN; SFP / fibre; CEC control; IP / web control; IR control; RS-232 control; EDID management; HDCP support; Scaling; PoE / PoH / PoC; Rack installation; AV over IP distribution; Distributed AV routing, video wall, multiview or AVoIP transport",
NHD-500-E,Yes,NetworkHD 500 Series Lite 4K60 4:4:4 JPEG2000 Encoder & Decoder - WyreStorm,NetworkHD 500 Series Lite 4K60 4:4:4 JPEG2000 Encoder & Decoder - WyreStorm,NetworkHD AVoIP,Endpoint hardware,AVoIP,AVoIP,endpoint-hardware,default,product-manager-profile:wyrestorm-product-manager-v1,"The NHD-500-E encoder and decoder enhance the NetworkHD 500 series by providing an economical 4K60 solution. The “E” variations remove many of the I/O found on the standard encoder and decoder and retain only the core functionalities that suite most applications. This helps avoid an over-specified hardware solution while still offering interoperability between all other 500 series components, enabling system designs to be better tailored to exact needs. -",AVoIP; NetworkHD; NetworkHD AV over IP; NetworkHD 500; Decoder; AVoIP endpoint; 4K60 transport; HDMI; HDR; Analog audio; Audio breakout; DSP audio processing; Ethernet / LAN; CEC control; IP / web control; IR control; RS-232 control; EDID management; HDCP support; Multiview; Scaling; PoE / PoH / PoC,AVoIP; NetworkHD; networkhd-500; decoder; HDMI; HDR; Analog audio; Audio breakout; DSP audio processing; Ethernet / LAN; NetworkHD AV over IP; CEC control; IP / web control; IR control; RS-232 control; EDID management; HDCP support; Multiview; Scaling; PoE / PoH / PoC,"AVoIP; NetworkHD; NetworkHD AV over IP; NetworkHD 500; Decoder; AVoIP endpoint; 4K60 transport; networkhd-500; HDMI; HDR; Analog audio; Audio breakout; DSP audio processing; Ethernet / LAN; CEC control; IP / web control; IR control; RS-232 control; EDID management; HDCP support; Multiview; Scaling; PoE / PoH / PoC; AV over IP distribution; Distributed AV routing, video wall, multiview or AVoIP transport",AVoIP; NetworkHD; HDMI; HDR; Analog audio; Audio breakout; DSP audio processing; Ethernet / LAN; NetworkHD AV over IP; CEC control; IP / web control; IR control; RS-232 control; EDID management; HDCP support; Multiview; Scaling; PoE / PoH / PoC; NetworkHD 500; 1G Ethernet,"NHD-500-E; NetworkHD 500 Series Lite 4K60 4:4:4 JPEG2000 Encoder & Decoder - WyreStorm; NetworkHD AVoIP; AVoIP endpoint / system component; AVoIP; NetworkHD; Endpoint hardware; NetworkHD AV over IP; NetworkHD 500; Decoder; AVoIP endpoint; 4K60 transport; networkhd-500; HDMI; HDR; Analog audio; Audio breakout; DSP audio processing; Ethernet / LAN; CEC control; IP / web control; IR control; RS-232 control; EDID management; HDCP support; Multiview; Scaling; PoE / PoH / PoC; AV over IP distribution; Distributed AV routing, video wall, multiview or AVoIP transport",
NHD-500-IW-TX,Yes,NetworkHD 500 Series 4K60 4:4:4 JPEG2000 In-Wall Encoder - WyreStorm,NetworkHD 500 Series 4K60 4:4:4 JPEG2000 In-Wall Encoder - WyreStorm,NetworkHD AVoIP,System controller / conditional-default,AVoIP Infrastructure,AVoIP Infrastructure,system-controller,conditional-default,product-manager-profile:wyrestorm-product-manager-v1,"The NHD-500-IW-TX brings versatility to your AV over IP applications. This 2-gang in-wall 500 series encoder features HDMI and USB-C switching inputs suited for connecting today’s modern laptops and tablets. Perfect for education or corporate environments, install this encoder in a wall, table, desk, podium or anywhere a remote input is needed. Integrated USB extension allows laptops to also connect to peripheral components such as conference cameras, smartboards/touchscreens and more.",AVoIP; NetworkHD; USB-C; USB; HDMI; AVoIP Infrastructure; NetworkHD AV over IP; NetworkHD 500; Controller; AVoIP controller; 4K60 transport; HDR; USB-C video input; Analog audio; USB 2.0; USB-C power delivery; Ethernet / LAN; IP / web control; IR control; RS-232 control; EDID management; HDCP support; Scaling; PoE / PoH / PoC; In-wall installation; Camera,AVoIP; NetworkHD; USB-C; USB; HDMI; AVoIP Infrastructure; networkhd-500; controller; HDR; USB-C video input; Analog audio; USB 2.0; USB-C power delivery; Ethernet / LAN; NetworkHD AV over IP; IP / web control; IR control; RS-232 control; EDID management; HDCP support; Scaling; PoE / PoH / PoC; In-wall installation; Camera,"AVoIP; NetworkHD; USB-C; USB; HDMI; AVoIP Infrastructure; NetworkHD AV over IP; NetworkHD 500; Controller; AVoIP controller; 4K60 transport; networkhd-500; HDR; USB-C video input; Analog audio; USB 2.0; USB-C power delivery; Ethernet / LAN; IP / web control; IR control; RS-232 control; EDID management; HDCP support; Scaling; PoE / PoH / PoC; In-wall installation; Camera; Classroom / lecture; BYOD presentation; BYOM / UC; AV over IP distribution; Distributed AV routing, video wall, multiview or AVoIP transport",AVoIP; NetworkHD; USB-C; USB; HDMI; AVoIP Infrastructure; HDR; USB-C video input; Analog audio; USB 2.0; USB-C power delivery; Ethernet / LAN; NetworkHD AV over IP; IP / web control; IR control; RS-232 control; EDID management; HDCP support; Scaling; PoE / PoH / PoC; In-wall installation; Camera; NetworkHD 500; 1G Ethernet,"NHD-500-IW-TX; NetworkHD 500 Series 4K60 4:4:4 JPEG2000 In-Wall Encoder - WyreStorm; NetworkHD AVoIP; AVoIP endpoint / system component; AVoIP; NetworkHD; USB-C; USB; HDMI; System controller / conditional-default; AVoIP Infrastructure; NetworkHD AV over IP; NetworkHD 500; Controller; AVoIP controller; 4K60 transport; AVoIP system control; networkhd-500; HDR; USB-C video input; Analog audio; USB 2.0; USB-C power delivery; Ethernet / LAN; IP / web control; IR control; RS-232 control; EDID management; HDCP support; Scaling; PoE / PoH / PoC; In-wall installation; Camera; Classroom / lecture; BYOD presentation; BYOM / UC; AV over IP distribution; Distributed AV routing, video wall, multiview or AVoIP transport",
NHD-500-IW-TX-V2,Yes,NetworkHD 500 Series 4K60 4:4:4 JPEG2000 In-Wall Encoder - WyreStorm,NetworkHD 500 Series 4K60 4:4:4 JPEG2000 In-Wall Encoder - WyreStorm,NetworkHD AVoIP,System controller / conditional-default,AVoIP Infrastructure,AVoIP Infrastructure,system-controller,conditional-default,product-manager-profile:wyrestorm-product-manager-v1,"The NHD-500-IW-TX v2 brings versatility to your AV over IP applications. This 2-gang in-wall 500 series encoder features HDMI and USB-C switching inputs suited for connecting today’s modern laptops and tablets. Perfect for education or corporate environments, install this encoder in a wall, table, desk, podium or anywhere a remote input is needed. Integrated USB extension allows laptops to also connect to peripheral components such as conference cameras, smartboards/touchscreens and more.",AVoIP; NetworkHD; USB-C; USB; HDMI; AVoIP Infrastructure; NetworkHD AV over IP; NetworkHD 500; Controller; AVoIP controller; 4K60 transport; HDR; USB-C video input; Analog audio; USB 2.0; USB-C power delivery; Ethernet / LAN; IP / web control; IR control; RS-232 control; EDID management; HDCP support; Scaling; PoE / PoH / PoC; In-wall installation; Camera,AVoIP; NetworkHD; USB-C; USB; HDMI; AVoIP Infrastructure; networkhd-500; controller; HDR; USB-C video input; Analog audio; USB 2.0; USB-C power delivery; Ethernet / LAN; NetworkHD AV over IP; IP / web control; IR control; RS-232 control; EDID management; HDCP support; Scaling; PoE / PoH / PoC; In-wall installation; Camera,"AVoIP; NetworkHD; USB-C; USB; HDMI; AVoIP Infrastructure; NetworkHD AV over IP; NetworkHD 500; Controller; AVoIP controller; 4K60 transport; networkhd-500; HDR; USB-C video input; Analog audio; USB 2.0; USB-C power delivery; Ethernet / LAN; IP / web control; IR control; RS-232 control; EDID management; HDCP support; Scaling; PoE / PoH / PoC; In-wall installation; Camera; Classroom / lecture; BYOD presentation; BYOM / UC; AV over IP distribution; Distributed AV routing, video wall, multiview or AVoIP transport",AVoIP; NetworkHD; USB-C; USB; HDMI; AVoIP Infrastructure; HDR; USB-C video input; Analog audio; USB 2.0; USB-C power delivery; Ethernet / LAN; NetworkHD AV over IP; IP / web control; IR control; RS-232 control; EDID management; HDCP support; Scaling; PoE / PoH / PoC; In-wall installation; Camera; NetworkHD 500; 1G Ethernet,"NHD-500-IW-TX-V2; NetworkHD 500 Series 4K60 4:4:4 JPEG2000 In-Wall Encoder - WyreStorm; NetworkHD AVoIP; AVoIP endpoint / system component; AVoIP; NetworkHD; USB-C; USB; HDMI; System controller / conditional-default; AVoIP Infrastructure; NetworkHD AV over IP; NetworkHD 500; Controller; AVoIP controller; 4K60 transport; AVoIP system control; networkhd-500; HDR; USB-C video input; Analog audio; USB 2.0; USB-C power delivery; Ethernet / LAN; IP / web control; IR control; RS-232 control; EDID management; HDCP support; Scaling; PoE / PoH / PoC; In-wall installation; Camera; Classroom / lecture; BYOD presentation; BYOM / UC; AV over IP distribution; Distributed AV routing, video wall, multiview or AVoIP transport",
NHD-500-T,Yes,NetworkHD 500 Series 4K60 4:4:4 JPEG2000 TAA Compliant Encoder & Decoder - WyreStorm,NetworkHD 500 Series 4K60 4:4:4 JPEG2000 TAA Compliant Encoder & Decoder - WyreStorm,NetworkHD AVoIP,Primary hardware,AVoIP,AVoIP,primary-hardware,default,product-manager-profile:wyrestorm-product-manager-v1,"The TAA compliant NetworkHD 500s series is an HDMI 2.0 AV over IP solution. Capable of encoding up to 4K60 including Dolby Vision, HDR10 and HLG content. The 500 series comes loaded with a number of advanced features such as the flexibility of Ethernet or Fiber as a transport method. Ultra-low latency encoding and incredibly fast matrix switching speeds enhance the experience. A powerful routing engine allows audio, video, USB and control signals to be discretely sent to any endpoint. Create captivating video walls...",Matrix; Switching; AVoIP; NetworkHD; Video Wall; Processing; USB; HDMI; NetworkHD AV over IP; NetworkHD 500; Decoder; AVoIP endpoint; 4K60 transport; HDR; Analog audio; KVM / USB extension; USB 2.0; USB-C power delivery; Ethernet / LAN; SFP / fibre; CEC control; IP / web control; IR control; RS-232 control; EDID management; HDCP support; Scaling; PoE / PoH / PoC,Matrix; Switching; AVoIP; NetworkHD; Video Wall; Processing; USB; HDMI; networkhd-500; decoder; HDR; Analog audio; KVM / USB extension; USB 2.0; USB-C power delivery; Ethernet / LAN; NetworkHD AV over IP; SFP / fibre; CEC control; IP / web control; IR control; RS-232 control; EDID management; HDCP support; Scaling; PoE / PoH / PoC,"Matrix; Switching; AVoIP; NetworkHD; Video Wall; Processing; USB; HDMI; NetworkHD AV over IP; NetworkHD 500; Decoder; AVoIP endpoint; 4K60 transport; networkhd-500; HDR; Analog audio; KVM / USB extension; USB 2.0; USB-C power delivery; Ethernet / LAN; SFP / fibre; CEC control; IP / web control; IR control; RS-232 control; EDID management; HDCP support; Scaling; PoE / PoH / PoC; AV over IP distribution; Distributed AV routing, video wall, multiview or AVoIP transport",Matrix; Switching; AVoIP; NetworkHD; Video Wall; Processing; USB; HDMI; HDR; Analog audio; KVM / USB extension; USB 2.0; USB-C power delivery; Ethernet / LAN; NetworkHD AV over IP; SFP / fibre; CEC control; IP / web control; IR control; RS-232 control; EDID management; HDCP support; Scaling; PoE / PoH / PoC; NetworkHD 500; 1G Ethernet,"NHD-500-T; NetworkHD 500 Series 4K60 4:4:4 JPEG2000 TAA Compliant Encoder & Decoder - WyreStorm; Video Processor; Video processing hardware; Matrix; Switching; AVoIP; NetworkHD; Video Wall; Processing; USB; HDMI; NetworkHD AVoIP; Endpoint hardware; NetworkHD AV over IP; NetworkHD 500; Decoder; AVoIP endpoint; 4K60 transport; networkhd-500; HDR; Analog audio; KVM / USB extension; USB 2.0; USB-C power delivery; Ethernet / LAN; SFP / fibre; CEC control; IP / web control; IR control; RS-232 control; EDID management; HDCP support; Scaling; PoE / PoH / PoC; AV over IP distribution; Distributed AV routing, video wall, multiview or AVoIP transport",
NHD-500-TXRX-V2,Yes,WyreStorm NHD-500-TX/RX V2 4K60 Encoder & Decoder with JPEG2000,WyreStorm NHD-500-TX/RX V2 4K60 Encoder & Decoder with JPEG2000,NetworkHD AVoIP,Endpoint hardware,AVoIP,AVoIP,endpoint-hardware,default,product-manager-profile:wyrestorm-product-manager-v1,"WyreStorm NHD-500-TX/RX V2 delivers 4K60 4:4:4 AV over IP with ultra-low latency, fiber or Ethernet transport, video wall support, and USB routing. Ideal for control rooms, campuses, and enterprise AV.",AVoIP; NetworkHD; Video Wall; Processing; USB; NetworkHD AV over IP; NetworkHD 500; Decoder; AVoIP endpoint; 4K60 transport; HDMI; HDR; AES67; Analog audio; Dante; KVM / USB extension; USB 2.0; USB routing / switching; USB-C power delivery; Ethernet / LAN; SFP / fibre; CEC control; IP / web control; IR control; RS-232 control; EDID management; HDCP support; Scaling; PoE / PoH / PoC,AVoIP; NetworkHD; Video Wall; Processing; USB; networkhd-500; decoder; HDMI; HDR; AES67; Analog audio; Dante; KVM / USB extension; USB 2.0; USB routing / switching; USB-C power delivery; Ethernet / LAN; NetworkHD AV over IP; SFP / fibre; CEC control; IP / web control; IR control; RS-232 control; EDID management; HDCP support; Scaling; PoE / PoH / PoC,"AVoIP; NetworkHD; Video Wall; Processing; USB; NetworkHD AV over IP; NetworkHD 500; Decoder; AVoIP endpoint; 4K60 transport; networkhd-500; HDMI; HDR; AES67; Analog audio; Dante; KVM / USB extension; USB 2.0; USB routing / switching; USB-C power delivery; Ethernet / LAN; SFP / fibre; CEC control; IP / web control; IR control; RS-232 control; EDID management; HDCP support; Scaling; PoE / PoH / PoC; AV over IP distribution; Control room; Distributed AV routing, video wall, multiview or AVoIP transport",AVoIP; NetworkHD; Video Wall; Processing; USB; HDMI; HDR; AES67; Analog audio; Dante; KVM / USB extension; USB 2.0; USB routing / switching; USB-C power delivery; Ethernet / LAN; NetworkHD AV over IP; SFP / fibre; CEC control; IP / web control; IR control; RS-232 control; EDID management; HDCP support; Scaling; PoE / PoH / PoC; NetworkHD 500; 1G Ethernet,"NHD-500-TXRX-V2; WyreStorm NHD-500-TX/RX V2 4K60 Encoder & Decoder with JPEG2000; Video Processor; Video processing hardware; AVoIP; NetworkHD; Video Wall; Processing; USB; NetworkHD AVoIP; Endpoint hardware; NetworkHD AV over IP; NetworkHD 500; Decoder; AVoIP endpoint; 4K60 transport; networkhd-500; HDMI; HDR; AES67; Analog audio; Dante; KVM / USB extension; USB 2.0; USB routing / switching; USB-C power delivery; Ethernet / LAN; SFP / fibre; CEC control; IP / web control; IR control; RS-232 control; EDID management; HDCP support; Scaling; PoE / PoH / PoC; AV over IP distribution; Control room; Distributed AV routing, video wall, multiview or AVoIP transport",
NHD-510-TX,Yes,WyreStorm NHD-510-TX 4K60 JPEG2000 AV over IP Encoder with USB-C,WyreStorm NHD-510-TX 4K60 JPEG2000 AV over IP Encoder with USB-C,NetworkHD AVoIP,Endpoint hardware,AVoIP,AVoIP,endpoint-hardware,default,product-manager-profile:wyrestorm-product-manager-v1,"WyreStorm NHD-510-TX is a 4K60 AV over IP encoder with HDMI, USB-C, Dante AV-A, ultra-low latency, and fiber support. Ideal for meeting rooms, campuses, and control rooms.",AVoIP; NetworkHD; USB-C; USB; HDMI; Dante; NetworkHD AV over IP; NetworkHD 100; Encoder; AVoIP endpoint; 4K60 transport; HDR; USB-C video input; Analog audio; Audio breakout; USB 2.0; USB 3.x; USB-C power delivery; Ethernet / LAN; SFP / fibre; CEC control; IP / web control; IR control; RS-232 control; EDID management; HDCP support; PoE / PoH / PoC,AVoIP; NetworkHD; USB-C; USB; HDMI; Dante; networkhd-100; encoder; HDR; USB-C video input; Analog audio; Audio breakout; USB 2.0; USB 3.x; USB-C power delivery; Ethernet / LAN; NetworkHD AV over IP; SFP / fibre; CEC control; IP / web control; IR control; RS-232 control; EDID management; HDCP support; PoE / PoH / PoC,"AVoIP; NetworkHD; USB-C; USB; HDMI; Dante; NetworkHD AV over IP; NetworkHD 100; Encoder; AVoIP endpoint; 4K60 transport; networkhd-100; HDR; USB-C video input; Analog audio; Audio breakout; USB 2.0; USB 3.x; USB-C power delivery; Ethernet / LAN; SFP / fibre; CEC control; IP / web control; IR control; RS-232 control; EDID management; HDCP support; PoE / PoH / PoC; Meeting room; BYOD presentation; AV over IP distribution; Control room; Distributed AV routing, video wall, multiview or AVoIP transport",AVoIP; NetworkHD; USB-C; USB; HDMI; Dante; HDR; USB-C video input; Analog audio; Audio breakout; USB 2.0; USB 3.x; USB-C power delivery; Ethernet / LAN; NetworkHD AV over IP; SFP / fibre; CEC control; IP / web control; IR control; RS-232 control; EDID management; HDCP support; PoE / PoH / PoC; NetworkHD 100; 1G Ethernet,"NHD-510-TX; WyreStorm NHD-510-TX 4K60 JPEG2000 AV over IP Encoder with USB-C; NetworkHD AVoIP; AVoIP endpoint / system component; AVoIP; NetworkHD; USB-C; USB; HDMI; Dante; Endpoint hardware; NetworkHD AV over IP; NetworkHD 100; Encoder; AVoIP endpoint; 4K60 transport; networkhd-100; HDR; USB-C video input; Analog audio; Audio breakout; USB 2.0; USB 3.x; USB-C power delivery; Ethernet / LAN; SFP / fibre; CEC control; IP / web control; IR control; RS-232 control; EDID management; HDCP support; PoE / PoH / PoC; Meeting room; BYOD presentation; AV over IP distribution; Control room; Distributed AV routing, video wall, multiview or AVoIP transport",
NHD-600-E-TXRX,Yes,WyreStorm NHD-600-E-TX/RX 4K60 SDVoE AV over IP Encoder & Decoder,WyreStorm NHD-600-E-TX/RX 4K60 SDVoE AV over IP Encoder & Decoder,NetworkHD AVoIP,Endpoint hardware,AVoIP,AVoIP,endpoint-hardware,default,product-manager-profile:wyrestorm-product-manager-v1,"WyreStorm NHD-600-E-TX/RX delivers lossless 4K60 4:4:4 AV over IP with near-zero latency, seamless switching, and HDR support. Ideal for control rooms, esports, campuses, and enterprise AV.",AVoIP; NetworkHD; Seamless Switching; NetworkHD AV over IP; NetworkHD 600; Decoder; AVoIP endpoint; 10G lossless transport; HDMI; HDR; Analog audio; Audio breakout; Ethernet / LAN; CEC control; IP / web control; IR control; RS-232 control; EDID management; HDCP support; PoE / PoH / PoC,AVoIP; NetworkHD; Seamless Switching; networkhd-600; decoder; HDMI; HDR; Analog audio; Audio breakout; Ethernet / LAN; NetworkHD AV over IP; CEC control; IP / web control; IR control; RS-232 control; EDID management; HDCP support; PoE / PoH / PoC,"AVoIP; NetworkHD; Seamless Switching; NetworkHD AV over IP; NetworkHD 600; Decoder; AVoIP endpoint; 10G lossless transport; networkhd-600; HDMI; HDR; Analog audio; Audio breakout; Ethernet / LAN; CEC control; IP / web control; IR control; RS-232 control; EDID management; HDCP support; PoE / PoH / PoC; AV over IP distribution; Control room; Distributed AV routing, video wall, multiview or AVoIP transport",AVoIP; NetworkHD; Seamless Switching; HDMI; HDR; Analog audio; Audio breakout; Ethernet / LAN; NetworkHD AV over IP; CEC control; IP / web control; IR control; RS-232 control; EDID management; HDCP support; PoE / PoH / PoC; NetworkHD 600; 10G Ethernet,"NHD-600-E-TXRX; WyreStorm NHD-600-E-TX/RX 4K60 SDVoE AV over IP Encoder & Decoder; NetworkHD AVoIP; AVoIP endpoint / system component; AVoIP; NetworkHD; Seamless Switching; Endpoint hardware; NetworkHD AV over IP; NetworkHD 600; Decoder; AVoIP endpoint; 10G lossless transport; networkhd-600; HDMI; HDR; Analog audio; Audio breakout; Ethernet / LAN; CEC control; IP / web control; IR control; RS-232 control; EDID management; HDCP support; PoE / PoH / PoC; AV over IP distribution; Control room; Distributed AV routing, video wall, multiview or AVoIP transport",
NHD-600-RX,Yes,NetworkHD 600 Series 4K HDR Premium AV over IP SDVoE Decoder - WyreStorm,NetworkHD 600 Series 4K HDR Premium AV over IP SDVoE Decoder - WyreStorm,NetworkHD AVoIP,Endpoint hardware,AVoIP,AVoIP,endpoint-hardware,default,product-manager-profile:wyrestorm-product-manager-v1,"DISCONTINUED The NetworkHD Premium AV over IP SDVoE Decoder offers the ultimate AV over IP platform. Supporting highly scalable, high-bandwidth, secure video content alongside multi-channel audio and a plethora of connectivity and control options the 10GbE system is easily managed in a flexible, unified software environment.?Utilizing the SDVoE technology standard, truly lossless and latency-free video distribution can be achieved over IP networks.",AVoIP; NetworkHD; Scaling; NetworkHD AV over IP; NetworkHD 600; Decoder; AVoIP endpoint; 10G lossless transport; HDR; IR control,AVoIP; NetworkHD; Scaling; networkhd-600; decoder; HDR; NetworkHD AV over IP; IR control,"AVoIP; NetworkHD; Scaling; NetworkHD AV over IP; NetworkHD 600; Decoder; AVoIP endpoint; 10G lossless transport; networkhd-600; HDR; IR control; AV over IP distribution; Distributed AV routing, video wall, multiview or AVoIP transport",AVoIP; NetworkHD; Scaling; HDR; NetworkHD AV over IP; IR control; NetworkHD 600; 10G Ethernet,"NHD-600-RX; NetworkHD 600 Series 4K HDR Premium AV over IP SDVoE Decoder - WyreStorm; NetworkHD AVoIP; AVoIP endpoint / system component; AVoIP; NetworkHD; Scaling; Endpoint hardware; NetworkHD AV over IP; NetworkHD 600; Decoder; AVoIP endpoint; 10G lossless transport; networkhd-600; HDR; IR control; AV over IP distribution; Distributed AV routing, video wall, multiview or AVoIP transport",
NHD-600-TRX,Yes,NetworkHD 600 Series 4K60 4:4:4 10GbE SDVoE Transceiver - WyreStorm,NetworkHD 600 Series 4K60 4:4:4 10GbE SDVoE Transceiver - WyreStorm,NetworkHD AVoIP,Endpoint hardware,AVoIP,AVoIP,endpoint-hardware,default,product-manager-profile:wyrestorm-product-manager-v1,"The NHD-600-TRX is a transceiver capable of lossless latency-free 4K60 over a 10GbE network. The TRX allows you to transmit and receive A/V simultaneous through a single device or be programmed to act as a dedicated TX or RX. 3x USB HID ports allow extension for keyboard and mouse applications such as a corporate meeting room or an operating center. A cutting-edge architecture provides an efficient, small footprint and support for PoE+.",AVoIP; NetworkHD; USB; NetworkHD AV over IP; NetworkHD 600; Transceiver; AVoIP endpoint; 10G lossless transport; HDMI; HDR; Analog audio; Audio breakout; KVM / USB extension; Ethernet / LAN; CEC control; IP / web control; IR control; RS-232 control; HDCP support; Scaling; PoE / PoH / PoC; Rack installation,AVoIP; NetworkHD; USB; networkhd-600; transceiver; HDMI; HDR; Analog audio; Audio breakout; KVM / USB extension; Ethernet / LAN; NetworkHD AV over IP; CEC control; IP / web control; IR control; RS-232 control; HDCP support; Scaling; PoE / PoH / PoC; Rack installation,"AVoIP; NetworkHD; USB; NetworkHD AV over IP; NetworkHD 600; Transceiver; AVoIP endpoint; 10G lossless transport; networkhd-600; HDMI; HDR; Analog audio; Audio breakout; KVM / USB extension; Ethernet / LAN; CEC control; IP / web control; IR control; RS-232 control; HDCP support; Scaling; PoE / PoH / PoC; Rack installation; Meeting room; AV over IP distribution; Distributed AV routing, video wall, multiview or AVoIP transport",AVoIP; NetworkHD; USB; HDMI; HDR; Analog audio; Audio breakout; KVM / USB extension; Ethernet / LAN; NetworkHD AV over IP; CEC control; IP / web control; IR control; RS-232 control; HDCP support; Scaling; PoE / PoH / PoC; Rack installation; NetworkHD 600; 10G Ethernet,"NHD-600-TRX; NetworkHD 600 Series 4K60 4:4:4 10GbE SDVoE Transceiver - WyreStorm; NetworkHD AVoIP; AVoIP endpoint / system component; AVoIP; NetworkHD; USB; Endpoint hardware; NetworkHD AV over IP; NetworkHD 600; Transceiver; AVoIP endpoint; 10G lossless transport; networkhd-600; HDMI; HDR; Analog audio; Audio breakout; KVM / USB extension; Ethernet / LAN; CEC control; IP / web control; IR control; RS-232 control; HDCP support; Scaling; PoE / PoH / PoC; Rack installation; Meeting room; AV over IP distribution; Distributed AV routing, video wall, multiview or AVoIP transport",
NHD-600-TRXF,Yes,NetworkHD 600 Series 4K60 4:4:4 10Gb SDVoE Fiber Transceiver - WyreStorm,NetworkHD 600 Series 4K60 4:4:4 10Gb SDVoE Fiber Transceiver - WyreStorm,Camera / Capture,Primary hardware,Camera / Capture,Camera / Capture,primary-hardware,default,product-manager-profile:wyrestorm-product-manager-v1,"The NHD-600-TRXF is a SDVoE fiber transceiver capable of lossless, latency-free 4K60 over a 10Gb network. The TRXF allows you to transmit and receive A/V simultaneous through a single device or be programmed to act as a dedicated TX or RX. The SFP+ connector supports up to 300m (984ft), 10Gbps transmission distance for extremely long reach commercial applications. 3x High-Speed USB 2.0 ports allow extension for keyboard mouse applications and even compatibility with webcams, touchscreens, and media storage.",AVoIP; NetworkHD; USB; Camera / Capture; Camera endpoint; USB camera; 4K camera; HDMI; HDR; Analog audio; Audio breakout; KVM / USB extension; USB 2.0; USB 3.x; Ethernet / LAN; NetworkHD AV over IP; SFP / fibre; CEC control; IP / web control; IR control; RS-232 control; HDCP support; Scaling; Rack installation; Camera,AVoIP; NetworkHD; USB; Camera / Capture; camera; HDMI; HDR; Analog audio; Audio breakout; KVM / USB extension; USB 2.0; USB 3.x; Ethernet / LAN; NetworkHD AV over IP; SFP / fibre; CEC control; IP / web control; IR control; RS-232 control; HDCP support; Scaling; Rack installation,"AVoIP; NetworkHD; USB; Camera / Capture; Camera endpoint; USB camera; 4K camera; camera; HDMI; HDR; Analog audio; Audio breakout; KVM / USB extension; USB 2.0; USB 3.x; Ethernet / LAN; NetworkHD AV over IP; SFP / fibre; CEC control; IP / web control; IR control; RS-232 control; HDCP support; Scaling; Rack installation; BYOM / UC; UC, lecture capture and streaming workflows",AVoIP; NetworkHD; USB; Camera / Capture; HDMI; HDR; Analog audio; Audio breakout; KVM / USB extension; USB 2.0; USB 3.x; Ethernet / LAN; NetworkHD AV over IP; SFP / fibre; CEC control; IP / web control; IR control; RS-232 control; HDCP support; Scaling; Rack installation; Camera; Network,"NHD-600-TRXF; NetworkHD 600 Series 4K60 4:4:4 10Gb SDVoE Fiber Transceiver - WyreStorm; NetworkHD AVoIP; AVoIP endpoint / system component; AVoIP; NetworkHD; USB; Camera / Capture; Primary hardware; Camera endpoint; USB camera; 4K camera; Image capture endpoint; camera; HDMI; HDR; Analog audio; Audio breakout; KVM / USB extension; USB 2.0; USB 3.x; Ethernet / LAN; NetworkHD AV over IP; SFP / fibre; CEC control; IP / web control; IR control; RS-232 control; HDCP support; Scaling; Rack installation; BYOM / UC; UC, lecture capture and streaming workflows",
NHD-600-TX,Yes,NetworkHD 600 Series 4K HDR Premium AV over IP SDVoE Encoder - WyreStorm,NetworkHD 600 Series 4K HDR Premium AV over IP SDVoE Encoder - WyreStorm,NetworkHD AVoIP,Endpoint hardware,AVoIP,AVoIP,endpoint-hardware,default,product-manager-profile:wyrestorm-product-manager-v1,"DISCONTINUED The NetworkHD Premium AV over IP SDVoE Encoder offers the ultimate AV over IP platform. Supporting highly scalable, high-bandwidth, secure video content alongside multi-channel audio and a plethora of connectivity and control options the 10GbE system is easily managed in a flexible, unified software environment.?Utilizing the SDVoE technology standard, truly lossless and latency-free video distribution can be achieved over IP networks.",AVoIP; NetworkHD; Scaling; NetworkHD AV over IP; NetworkHD 600; Encoder; AVoIP endpoint; 10G lossless transport; HDR; IR control,AVoIP; NetworkHD; Scaling; networkhd-600; encoder; HDR; NetworkHD AV over IP; IR control,"AVoIP; NetworkHD; Scaling; NetworkHD AV over IP; NetworkHD 600; Encoder; AVoIP endpoint; 10G lossless transport; networkhd-600; HDR; IR control; AV over IP distribution; Distributed AV routing, video wall, multiview or AVoIP transport",AVoIP; NetworkHD; Scaling; HDR; NetworkHD AV over IP; IR control; NetworkHD 600; 10G Ethernet,"NHD-600-TX; NetworkHD 600 Series 4K HDR Premium AV over IP SDVoE Encoder - WyreStorm; NetworkHD AVoIP; AVoIP endpoint / system component; AVoIP; NetworkHD; Scaling; Endpoint hardware; NetworkHD AV over IP; NetworkHD 600; Encoder; AVoIP endpoint; 10G lossless transport; networkhd-600; HDR; IR control; AV over IP distribution; Distributed AV routing, video wall, multiview or AVoIP transport",
NHD-610,Yes,NetworkHD 610 Series 4K60 10GbE SDVoE Encoder & Decoder - WyreStorm,NetworkHD 610 Series 4K60 10GbE SDVoE Encoder & Decoder - WyreStorm,NetworkHD AVoIP,Primary hardware,AVoIP,AVoIP,primary-hardware,default,product-manager-profile:wyrestorm-product-manager-v1,"DISCONTINUED The NetworkHD 610 TX and RX expand the functionality of the powerful SDVoE 600 series product line. The 610s retain many of the capabilities found on the other models, such as full HDMI 2.0 encoding, zero latency transmissions, video wall and multiview processing. However, the 610s pack an extra punch by incorporating a Dante/AES67 output on the NHD-610-TX, allowing audio from the HDMI or analog audio input to transmit to Dante/AES67 enabled amplifiers, DSP or mixers. Both the TX and RX are also equipp...",AVoIP; NetworkHD; Video Wall; Processing; HDMI; Dante; AES67; Multiview; NetworkHD AV over IP; NetworkHD 600; Multiview processor; AVoIP multiview processor; 10G lossless transport; HDR; USB-C video input; Amplifier output; Analog audio; DSP audio processing; USB 2.0; USB-C; Ethernet / LAN; CEC control; IP / web control; IR control; RS-232 control; EDID management; HDCP support; Scaling; PoE / PoH / PoC; Rack installation,AVoIP; NetworkHD; Video Wall; Processing; HDMI; Dante; AES67; Multiview; networkhd-600; multiview-processor; HDR; USB-C video input; Amplifier output; Analog audio; DSP audio processing; USB 2.0; USB-C; Ethernet / LAN; NetworkHD AV over IP; CEC control; IP / web control; IR control; RS-232 control; EDID management; HDCP support; Scaling; PoE / PoH / PoC; Rack installation,"AVoIP; NetworkHD; Video Wall; Processing; HDMI; Dante; AES67; Multiview; NetworkHD AV over IP; NetworkHD 600; Multiview processor; AVoIP multiview processor; 10G lossless transport; networkhd-600; multiview-processor; HDR; USB-C video input; Amplifier output; Analog audio; DSP audio processing; USB 2.0; USB-C; Ethernet / LAN; CEC control; IP / web control; IR control; RS-232 control; EDID management; HDCP support; Scaling; PoE / PoH / PoC; Rack installation; AV over IP distribution; Audio reinforcement; Distributed AV routing, video wall, multiview or AVoIP transport",AVoIP; NetworkHD; Video Wall; Processing; HDMI; Dante; AES67; Multiview; HDR; USB-C video input; Amplifier output; Analog audio; DSP audio processing; USB 2.0; USB-C; Ethernet / LAN; NetworkHD AV over IP; CEC control; IP / web control; IR control; RS-232 control; EDID management; HDCP support; Scaling; PoE / PoH / PoC; Rack installation; NetworkHD 600; 10G Ethernet,"NHD-610; NetworkHD 610 Series 4K60 10GbE SDVoE Encoder & Decoder - WyreStorm; Video Processor; Video processing hardware; AVoIP; NetworkHD; Video Wall; Processing; HDMI; Dante; AES67; Multiview; NetworkHD AVoIP; Endpoint hardware; NetworkHD AV over IP; NetworkHD 600; Multiview processor; AVoIP multiview processor; 10G lossless transport; networkhd-600; multiview-processor; HDR; USB-C video input; Amplifier output; Analog audio; DSP audio processing; USB 2.0; USB-C; Ethernet / LAN; CEC control; IP / web control; IR control; RS-232 control; EDID management; HDCP support; Scaling; PoE / PoH / PoC; Rack installation; AV over IP distribution; Audio reinforcement; Distributed AV routing, video wall, multiview or AVoIP transport",
NHD-610-TX-V2,Yes,WyreStorm NHD-610-TX V2 4K60 SDVoE AV over IP Encoder with Dante,WyreStorm NHD-610-TX V2 4K60 SDVoE AV over IP Encoder with Dante,NetworkHD AVoIP,Endpoint hardware,AVoIP,AVoIP,endpoint-hardware,default,product-manager-profile:wyrestorm-product-manager-v1,"WyreStorm NHD-610-TX V2 is a 4K60 SDVoE AV over IP encoder with near-zero latency, Dante/AES67 audio, USB HID, and PoE+. Ideal for control rooms, campuses, and enterprise AV.",AVoIP; NetworkHD; USB; Dante; AES67; NetworkHD AV over IP; NetworkHD 600; Encoder; AVoIP endpoint; 10G lossless transport; HDMI; HDR; USB-C video input; Analog audio; KVM / USB extension; USB-C; Ethernet / LAN; CEC control; IP / web control; IR control; RS-232 control; EDID management; HDCP support; Scaling; PoE / PoH / PoC; Rack installation,AVoIP; NetworkHD; USB; Dante; AES67; networkhd-600; encoder; HDMI; HDR; USB-C video input; Analog audio; KVM / USB extension; USB-C; Ethernet / LAN; NetworkHD AV over IP; CEC control; IP / web control; IR control; RS-232 control; EDID management; HDCP support; Scaling; PoE / PoH / PoC; Rack installation,"AVoIP; NetworkHD; USB; Dante; AES67; NetworkHD AV over IP; NetworkHD 600; Encoder; AVoIP endpoint; 10G lossless transport; networkhd-600; HDMI; HDR; USB-C video input; Analog audio; KVM / USB extension; USB-C; Ethernet / LAN; CEC control; IP / web control; IR control; RS-232 control; EDID management; HDCP support; Scaling; PoE / PoH / PoC; Rack installation; AV over IP distribution; Control room; Distributed AV routing, video wall, multiview or AVoIP transport",AVoIP; NetworkHD; USB; Dante; AES67; HDMI; HDR; USB-C video input; Analog audio; KVM / USB extension; USB-C; Ethernet / LAN; NetworkHD AV over IP; CEC control; IP / web control; IR control; RS-232 control; EDID management; HDCP support; Scaling; PoE / PoH / PoC; Rack installation; NetworkHD 600; 10G Ethernet,"NHD-610-TX-V2; WyreStorm NHD-610-TX V2 4K60 SDVoE AV over IP Encoder with Dante; NetworkHD AVoIP; AVoIP endpoint / system component; AVoIP; NetworkHD; USB; Dante; AES67; Endpoint hardware; NetworkHD AV over IP; NetworkHD 600; Encoder; AVoIP endpoint; 10G lossless transport; networkhd-600; HDMI; HDR; USB-C video input; Analog audio; KVM / USB extension; USB-C; Ethernet / LAN; CEC control; IP / web control; IR control; RS-232 control; EDID management; HDCP support; Scaling; PoE / PoH / PoC; Rack installation; AV over IP distribution; Control room; Distributed AV routing, video wall, multiview or AVoIP transport",
NHD-CTL-PRO,Yes,Pro Controller for NetworkHD - WyreStorm,Pro Controller for NetworkHD - WyreStorm,NetworkHD AVoIP,System controller / conditional-default,AVoIP Infrastructure,AVoIP Infrastructure,system-controller,conditional-default,product-manager-profile:wyrestorm-product-manager-v1,"DISCONTINUED The NHD-CTL-PRO is the new brain for NetworkHD and reimagines how a system should operate. We’ve designed the NHD-CTL-PRO from the ground up to provide an innovative cutting-edge experience. The all-new unified setup environment allows all configurations to be made from one user interface. This includes adjusting IP address, naming endpoints, creating video walls, firmware updates and much more. This intuitive user interface can be accessed from any device with a web browser whether it be a computer, s...",AVoIP; NetworkHD; Video Wall; Processing; AVoIP Infrastructure; NetworkHD AV over IP; NetworkHD 500; Controller; AVoIP controller; HDMI; Analog audio; USB-C power delivery; Ethernet / LAN; IR control; RS-232 control; PoE / PoH / PoC; Rack installation,AVoIP; NetworkHD; Video Wall; Processing; AVoIP Infrastructure; networkhd-500; controller; HDMI; Analog audio; USB-C power delivery; Ethernet / LAN; NetworkHD AV over IP; IR control; RS-232 control; PoE / PoH / PoC; Rack installation,"AVoIP; NetworkHD; Video Wall; Processing; AVoIP Infrastructure; NetworkHD AV over IP; NetworkHD 500; Controller; AVoIP controller; networkhd-500; HDMI; Analog audio; USB-C power delivery; Ethernet / LAN; IR control; RS-232 control; PoE / PoH / PoC; Rack installation; AV over IP distribution; Distributed AV routing, video wall, multiview or AVoIP transport",AVoIP; NetworkHD; Video Wall; Processing; AVoIP Infrastructure; HDMI; Analog audio; USB-C power delivery; Ethernet / LAN; NetworkHD AV over IP; IR control; RS-232 control; PoE / PoH / PoC; Rack installation; NetworkHD 500; 1G Ethernet,"NHD-CTL-PRO; Pro Controller for NetworkHD - WyreStorm; Video Processor; Video processing hardware; AVoIP; NetworkHD; Video Wall; Processing; NetworkHD AVoIP; System controller / conditional-default; AVoIP Infrastructure; NetworkHD AV over IP; NetworkHD 500; Controller; AVoIP controller; AVoIP system control; networkhd-500; HDMI; Analog audio; USB-C power delivery; Ethernet / LAN; IR control; RS-232 control; PoE / PoH / PoC; Rack installation; AV over IP distribution; Distributed AV routing, video wall, multiview or AVoIP transport",
NHD-CTL-PRO-T,Yes,Pro Controller for NetworkHD Series TAA Compliant - WyreStorm,Pro Controller for NetworkHD Series TAA Compliant - WyreStorm,NetworkHD AVoIP,System controller / conditional-default,AVoIP Infrastructure,AVoIP Infrastructure,system-controller,conditional-default,product-manager-profile:wyrestorm-product-manager-v1,"The TAA compliant NHD-CTL-PRO is the new brain for NetworkHD and reimagines how a system should operate. We’ve designed the NHD-CTL-PRO from the ground up to provide an innovative cutting-edge experience. The all-new unified setup environment allows all configurations to be made from one user interface. This includes adjusting IP address, naming endpoints, creating video walls, firmware updates and much more. This intuitive user interface can be accessed from any device with a web browser whether it be a computer,...",AVoIP; NetworkHD; Video Wall; Processing; AVoIP Infrastructure; NetworkHD AV over IP; NetworkHD 500; Controller; AVoIP controller; HDMI; Analog audio; USB-C power delivery; Ethernet / LAN; IR control; RS-232 control; PoE / PoH / PoC,AVoIP; NetworkHD; Video Wall; Processing; AVoIP Infrastructure; networkhd-500; controller; HDMI; Analog audio; USB-C power delivery; Ethernet / LAN; NetworkHD AV over IP; IR control; RS-232 control; PoE / PoH / PoC,"AVoIP; NetworkHD; Video Wall; Processing; AVoIP Infrastructure; NetworkHD AV over IP; NetworkHD 500; Controller; AVoIP controller; networkhd-500; HDMI; Analog audio; USB-C power delivery; Ethernet / LAN; IR control; RS-232 control; PoE / PoH / PoC; AV over IP distribution; Distributed AV routing, video wall, multiview or AVoIP transport",AVoIP; NetworkHD; Video Wall; Processing; AVoIP Infrastructure; HDMI; Analog audio; USB-C power delivery; Ethernet / LAN; NetworkHD AV over IP; IR control; RS-232 control; PoE / PoH / PoC; NetworkHD 500; 1G Ethernet,"NHD-CTL-PRO-T; Pro Controller for NetworkHD Series TAA Compliant - WyreStorm; Video Processor; Video processing hardware; AVoIP; NetworkHD; Video Wall; Processing; NetworkHD AVoIP; System controller / conditional-default; AVoIP Infrastructure; NetworkHD AV over IP; NetworkHD 500; Controller; AVoIP controller; AVoIP system control; networkhd-500; HDMI; Analog audio; USB-C power delivery; Ethernet / LAN; IR control; RS-232 control; PoE / PoH / PoC; AV over IP distribution; Distributed AV routing, video wall, multiview or AVoIP transport",
NHD-CTL-PRO-V2,Yes,Pro Controller for NetworkHD Series - WyreStorm,Pro Controller for NetworkHD Series - WyreStorm,NetworkHD AVoIP,System controller / conditional-default,AVoIP Infrastructure,AVoIP Infrastructure,system-controller,conditional-default,product-manager-profile:wyrestorm-product-manager-v1,"The NHD-CTL-PRO is the new brain for NetworkHD and reimagines how a system should operate. We’ve designed the NHD-CTL-PRO from the ground up to provide an innovative cutting-edge experience. The all-new unified setup environment allows all configurations to be made from one user interface. This includes adjusting IP address, naming endpoints, creating video walls, firmware updates and much more. This intuitive user interface can be accessed from any device with a web browser whether it be a computer, smartphone, or...",AVoIP; NetworkHD; Video Wall; Processing; AVoIP Infrastructure; NetworkHD AV over IP; NetworkHD 500; Controller; AVoIP controller; HDMI; Analog audio; USB-C power delivery; Ethernet / LAN; IR control; RS-232 control; PoE / PoH / PoC,AVoIP; NetworkHD; Video Wall; Processing; AVoIP Infrastructure; networkhd-500; controller; HDMI; Analog audio; USB-C power delivery; Ethernet / LAN; NetworkHD AV over IP; IR control; RS-232 control; PoE / PoH / PoC,"AVoIP; NetworkHD; Video Wall; Processing; AVoIP Infrastructure; NetworkHD AV over IP; NetworkHD 500; Controller; AVoIP controller; networkhd-500; HDMI; Analog audio; USB-C power delivery; Ethernet / LAN; IR control; RS-232 control; PoE / PoH / PoC; AV over IP distribution; Distributed AV routing, video wall, multiview or AVoIP transport",AVoIP; NetworkHD; Video Wall; Processing; AVoIP Infrastructure; HDMI; Analog audio; USB-C power delivery; Ethernet / LAN; NetworkHD AV over IP; IR control; RS-232 control; PoE / PoH / PoC; NetworkHD 500; 1G Ethernet,"NHD-CTL-PRO-V2; Pro Controller for NetworkHD Series - WyreStorm; Video Processor; Video processing hardware; AVoIP; NetworkHD; Video Wall; Processing; NetworkHD AVoIP; System controller / conditional-default; AVoIP Infrastructure; NetworkHD AV over IP; NetworkHD 500; Controller; AVoIP controller; AVoIP system control; networkhd-500; HDMI; Analog audio; USB-C power delivery; Ethernet / LAN; IR control; RS-232 control; PoE / PoH / PoC; AV over IP distribution; Distributed AV routing, video wall, multiview or AVoIP transport",
NHD-RACK-1U,Yes,1U/2 Slot Rack Mount for NetworkHD 100/500/600 Series - WyreStorm,1U/2 Slot Rack Mount for NetworkHD 100/500/600 Series - WyreStorm,Accessory,Rack mount / request-only,Accessory,Accessory,rack-mount,request-only,product-manager-profile:wyrestorm-product-manager-v1,"The NHD-RACK-1U is a compact 1U rack mount unit specifically engineered to deliver a sleek, organized installation solution for up to 2 NetworkHD 100/500/600 Series and NHD-CTL-PRO v2 devices. Designed with precision, this rack mount ensures that your NetworkHD components are securely housed while maintaining optimal airflow and accessibility for maintenance. The 1U 2 Slot Rack offers exceptional flexibility, allowing scaling setup by selecting the exact number of racks needed based on the quantity of devices in th...",AVoIP; NetworkHD; Scaling; Accessory; Accessory / Other; Rack accessory; NetworkHD rack mount; Rack mount; DSP audio processing; NetworkHD AV over IP; IR control; Rack installation,AVoIP; NetworkHD; Scaling; Accessory; rack-mount; networkhd-accessory; DSP audio processing; NetworkHD AV over IP; IR control; Rack installation,AVoIP; NetworkHD; Scaling; Accessory; Accessory / Other; Rack accessory; NetworkHD rack mount; Rack mount; rack-mount; networkhd-accessory; DSP audio processing; NetworkHD AV over IP; IR control; Rack installation; Rack mounting for NetworkHD endpoint hardware,AVoIP; NetworkHD; Scaling; Accessory; DSP audio processing; NetworkHD AV over IP; IR control; Rack installation,NHD-RACK-1U; 1U/2 Slot Rack Mount for NetworkHD 100/500/600 Series - WyreStorm; NetworkHD AVoIP; AVoIP endpoint / system component; AVoIP; NetworkHD; Scaling; Accessory; Accessory / request-only; Accessory / Other; Rack accessory; NetworkHD rack mount; Rack mount; Mechanical support accessory; rack-mount; networkhd-accessory; DSP audio processing; NetworkHD AV over IP; IR control; Rack installation; Rack mounting for NetworkHD endpoint hardware,
NHD-RACK4-BLK,Yes,Accessory for the NHD-000-RACK4 6U/12 Slot Rack Mount - WyreStorm,Accessory for the NHD-000-RACK4 6U/12 Slot Rack Mount - WyreStorm,Accessory,Accessory / request-only,Accessory,Accessory,accessory,request-only,product-manager-profile:wyrestorm-product-manager-v1,"The NHD-000-RACK4 includes 7 blanking plates but does not include the NetworkHD device mounting brackets, these are included with the device to be mounted. These spare brackets or additional blanking plates are available separately. Please ensure the correct part number is selected for the device to be mounted. The NHD-RACK4-BLK accessory includes the brackets and screws for blanking a single NHD-000-RACK4 slot.",AVoIP; NetworkHD; Accessory; Accessory / Other; Mounting accessory; Product-specific mounting kit; Mount / bracket; Ethernet / LAN; NetworkHD AV over IP; Rack installation,AVoIP; NetworkHD; Accessory; mounting-accessory; Ethernet / LAN; NetworkHD AV over IP; Rack installation,AVoIP; NetworkHD; Accessory; Accessory / Other; Mounting accessory; Product-specific mounting kit; Mount / bracket; mounting-accessory; Ethernet / LAN; NetworkHD AV over IP; Rack installation; Mounting or installation support for parent product,AVoIP; NetworkHD; Accessory; Ethernet / LAN; NetworkHD AV over IP; Rack installation,NHD-RACK4-BLK; Accessory for the NHD-000-RACK4 6U/12 Slot Rack Mount - WyreStorm; NetworkHD AVoIP; AVoIP endpoint / system component; AVoIP; NetworkHD; Accessory; Accessory / request-only; Accessory / Other; Mounting accessory; Product-specific mounting kit; Mount / bracket; Mechanical support accessory; mounting-accessory; Ethernet / LAN; NetworkHD AV over IP; Rack installation; Mounting or installation support for parent product,
NHD-TOUCH,Yes,"Touchscreen Control for NetworkHD 100, 400, 500 & 600 Series - WyreStorm","Touchscreen Control for NetworkHD 100, 400, 500 & 600 Series - WyreStorm",NetworkHD AVoIP,System controller / conditional-default,AVoIP Infrastructure,AVoIP Infrastructure,system-controller,conditional-default,product-manager-profile:wyrestorm-product-manager-v1,"A revolution in touchscreen control, the award-winning free NetworkHD Touch App puts entire NetworkHD&#x2122; 100, 400, 500 & 600 Series AV over IP systems at your fingertips for single screen, video wall and MultiView applications. An app like no other, NetworkHD Touch is made for iPad and Android with no training required and zero learning curve for users to negotiate. The result is an unrivaled user experience and effortless AV control using a device and gestures users already know, making it ideal for applicati...",AVoIP; NetworkHD; Video Wall; Processing; Multiview; AVoIP Infrastructure; NetworkHD AV over IP; Controller; NetworkHD touch control interface; DSP audio processing; NDI; IR control,AVoIP; NetworkHD; Video Wall; Processing; Multiview; AVoIP Infrastructure; networkhd-control; touch-interface; DSP audio processing; NDI; NetworkHD AV over IP; IR control,AVoIP; NetworkHD; Video Wall; Processing; Multiview; AVoIP Infrastructure; NetworkHD AV over IP; Controller; NetworkHD touch control interface; networkhd-control; touch-interface; DSP audio processing; NDI; IR control; AV over IP distribution; NetworkHD user control interface,AVoIP; NetworkHD; Video Wall; Processing; Multiview; AVoIP Infrastructure; DSP audio processing; NDI; NetworkHD AV over IP; IR control; IP,"NHD-TOUCH; Touchscreen Control for NetworkHD 100, 400, 500 & 600 Series - WyreStorm; Video Processor; Video processing hardware; AVoIP; NetworkHD; Video Wall; Processing; Multiview; NetworkHD AVoIP; System controller / conditional-default; AVoIP Infrastructure; NetworkHD AV over IP; Controller; NetworkHD touch control interface; AVoIP system control; networkhd-control; touch-interface; DSP audio processing; NDI; IR control; AV over IP distribution; NetworkHD user control interface",
NHD-TOUCHPLUS,Yes,Touchscreen control application for NetworkHD 110 Series - WyreStorm,Touchscreen control application for NetworkHD 110 Series - WyreStorm,Audio / Control,System controller / conditional-default,Audio / Control,Audio / Control,system-controller,conditional-default,product-manager-profile:wyrestorm-product-manager-v1,"We re-thought how a NetworkHD 110 Series system should operate, which lead to the creation of the new NetworkHD Touch+ app. With a self-contained configuration and setup, operating in Unicast mode is now easier than ever. A revolution in touchscreen control, the free NetworkHD Touch+ puts entire NetworkHD&#x2122; 110 Series AV over IP systems at your fingertips for single screen and video wall applications. An app like no other, NetworkHD Touch+ is made for iOS and Android with no training required and zero learnin...",AVoIP; NetworkHD; Video Wall; Processing; AVoIP Infrastructure; Audio / Control; Control; Software control; Control application; Software control app; DSP audio processing; NetworkHD AV over IP; IR control,AVoIP; NetworkHD; Video Wall; Processing; AVoIP Infrastructure; Audio / Control; software; control-app; DSP audio processing; NetworkHD AV over IP; IR control,AVoIP; NetworkHD; Video Wall; Processing; AVoIP Infrastructure; Audio / Control; Control; Software control; Control application; Software control app; software; control-app; DSP audio processing; NetworkHD AV over IP; IR control; Control interface for compatible WyreStorm systems,AVoIP; NetworkHD; Video Wall; Processing; AVoIP Infrastructure; DSP audio processing; NetworkHD AV over IP; IR control; IP,NHD-TOUCHPLUS; Touchscreen control application for NetworkHD 110 Series - WyreStorm; Video Processor; Video processing hardware; AVoIP; NetworkHD; Video Wall; Processing; NetworkHD AVoIP; System controller / conditional-default; AVoIP Infrastructure; Control; Software control; Control application; Software control app; User control interface; software; control-app; DSP audio processing; NetworkHD AV over IP; IR control; Control interface for compatible WyreStorm systems,
NHD-USB-TRX,Yes,USB 2.0 Over IP Transceiver - WyreStorm,USB 2.0 Over IP Transceiver - WyreStorm,NetworkHD AVoIP,Endpoint hardware,AVoIP,AVoIP,endpoint-hardware,default,product-manager-profile:wyrestorm-product-manager-v1,"The NHD-USB-TRX is a powerful and flexible USB 2.0 over IP transceiver designed to work natively with the WyreStorm NetworkHD 500 series or in combination with other NetworkHD series. It allows the extension of USB devices like keyboards, mice, cameras, and other peripherals over an IP network, making it ideal for point-to-point or one-to-many applications. Equipped with PoE and SFP fiber connectivity, it provides installation flexibility and reliable performance even in large-scale deployments. The built-in two-le...",AVoIP; NetworkHD; USB; Scaling; NetworkHD AV over IP; NetworkHD 600; Transceiver; AVoIP endpoint; 10G lossless transport; HDMI; HDMI 2.1 / 8K; USB-C video input; Amplifier output; Analog audio; Audio breakout; DSP audio processing; KVM / USB extension; USB 2.0; USB 3.x; USB routing / switching; USB-C; USB-C power delivery; Ethernet / LAN; SFP / fibre; CEC control; IP / web control; IR control; RS-232 control; EDID management; HDCP support; Video wall; PoE / PoH / PoC; Rack installation; Camera; Video bar,AVoIP; NetworkHD; USB; Scaling; networkhd-600; transceiver; HDMI; HDMI 2.1 / 8K; USB-C video input; Amplifier output; Analog audio; Audio breakout; DSP audio processing; KVM / USB extension; USB 2.0; USB 3.x; USB routing / switching; USB-C; USB-C power delivery; Ethernet / LAN; NetworkHD AV over IP; SFP / fibre; CEC control; IP / web control; IR control; RS-232 control; EDID management; HDCP support; Video wall; PoE / PoH / PoC; Rack installation; Camera; Video bar,"AVoIP; NetworkHD; USB; Scaling; NetworkHD AV over IP; NetworkHD 600; Transceiver; AVoIP endpoint; 10G lossless transport; networkhd-600; HDMI; HDMI 2.1 / 8K; USB-C video input; Amplifier output; Analog audio; Audio breakout; DSP audio processing; KVM / USB extension; USB 2.0; USB 3.x; USB routing / switching; USB-C; USB-C power delivery; Ethernet / LAN; SFP / fibre; CEC control; IP / web control; IR control; RS-232 control; EDID management; HDCP support; Video wall; PoE / PoH / PoC; Rack installation; Camera; Video bar; BYOM / UC; AV over IP distribution; Control room; Audio reinforcement; Distributed AV routing, video wall, multiview or AVoIP transport",AVoIP; NetworkHD; USB; Scaling; HDMI; HDMI 2.1 / 8K; USB-C video input; Amplifier output; Analog audio; Audio breakout; DSP audio processing; KVM / USB extension; USB 2.0; USB 3.x; USB routing / switching; USB-C; USB-C power delivery; Ethernet / LAN; NetworkHD AV over IP; SFP / fibre; CEC control; IP / web control; IR control; RS-232 control; EDID management; HDCP support; Video wall; PoE / PoH / PoC; Rack installation; Camera; Video bar; NetworkHD 600; 10G Ethernet,"NHD-USB-TRX; USB 2.0 Over IP Transceiver - WyreStorm; NetworkHD AVoIP; AVoIP endpoint / system component; AVoIP; NetworkHD; USB; Scaling; Endpoint hardware; NetworkHD AV over IP; NetworkHD 600; Transceiver; AVoIP endpoint; 10G lossless transport; networkhd-600; HDMI; HDMI 2.1 / 8K; USB-C video input; Amplifier output; Analog audio; Audio breakout; DSP audio processing; KVM / USB extension; USB 2.0; USB 3.x; USB routing / switching; USB-C; USB-C power delivery; Ethernet / LAN; SFP / fibre; CEC control; IP / web control; IR control; RS-232 control; EDID management; HDCP support; Video wall; PoE / PoH / PoC; Rack installation; Camera; Video bar; BYOM / UC; AV over IP distribution; Control room; Audio reinforcement; Distributed AV routing, video wall, multiview or AVoIP transport",
OFFICE-KIT,Yes,"WyreStorm FOCUS Webcam & HALO Speakerphone, Office Kits","WyreStorm FOCUS Webcam & HALO Speakerphone, Office Kits",Camera / Capture,Primary hardware,Camera / Capture,Camera / Capture,primary-hardware,default,product-manager-profile:wyrestorm-product-manager-v1,"Work efficiently at home or in meeting room with WyreStorm webcam speakerphone kit. Always look professional, hear and be heard clearly in your video conferencing.",Camera / Capture; Camera endpoint; USB camera; Camera; Speakerphone,Camera / Capture; camera; Speakerphone,"Camera / Capture; Camera endpoint; USB camera; camera; Speakerphone; Meeting room; BYOM / UC; Audio reinforcement; UC, lecture capture and streaming workflows",Camera / Capture; Camera; Speakerphone,"OFFICE-KIT; WyreStorm FOCUS Webcam & HALO Speakerphone, Office Kits; Product; Primary hardware; Camera / Capture; Camera endpoint; USB camera; Image capture endpoint; camera; Speakerphone; Meeting room; BYOM / UC; Audio reinforcement; UC, lecture capture and streaming workflows",
PSU-12V-3A,Yes,External Universal 12W Power Supply - 12V 3A - WyreStorm,External Universal 12W Power Supply - 12V 3A - WyreStorm,Accessory,Power accessory / request-only,Accessory,Accessory,power-accessory,request-only,product-manager-profile:wyrestorm-product-manager-v1,The PSU-12V-3A is a high-efficiency WyreStorm power supply accessory for all WyreStorm products that require 12V DC up to 36W. The DC plug includes WyreStorm's screw-lock secure connection. The product includes multiple IEC 60320 C7 line adapter cables for worldwide compatibility with power sockets.,Accessory; Accessory / Other; Product-specific accessory; DSP audio processing; IR control,Accessory; DSP audio processing; IR control,Accessory; Accessory / Other; Product-specific accessory; DSP audio processing; IR control; Dependent on parent product,Accessory; DSP audio processing; IR control,PSU-12V-3A; External Universal 12W Power Supply - 12V 3A - WyreStorm; Accessory; Accessory / request-only; Power accessory / request-only; Accessory / Other; Product-specific accessory; Supporting component; DSP audio processing; IR control; Dependent on parent product,
RX-35-POH,Yes,35m 4K HDBaseT Receiver - WyreStorm,35m 4K HDBaseT Receiver - WyreStorm,Extender / HDBaseT,Endpoint hardware,Extender / HDBaseT,Extender / HDBaseT,endpoint-hardware,default,product-manager-profile:wyrestorm-product-manager-v1,Compact Class B HDBaseT receiver supporting 4K HDR transmissions up to 35 meters from a compatible HDBaseT matrix or presentation switcher. 2-way PoH allows the RX-35-POH to power over category cable from a PoH matrix or switcher and also allows for the receiver to power in-wall HDBaseT transmitters.,Matrix; Switching; HDBaseT; Extender / HDBaseT; Extension; HDBaseT extender; Receiver; Signal extension endpoint; HDR; PoE / PoH / PoC; In-wall installation,Matrix; Switching; HDBaseT; Extender / HDBaseT; extender; receiver; transmitter; HDR; PoE / PoH / PoC; In-wall installation,"Matrix; Switching; HDBaseT; Extender / HDBaseT; Extension; HDBaseT extender; Receiver; Signal extension endpoint; extender; transmitter; HDR; PoE / PoH / PoC; In-wall installation; Point-to-point extension; Long-distance video, USB, control and network transport",Matrix; Switching; HDBaseT; Extender / HDBaseT; HDR; PoE / PoH / PoC; In-wall installation,"RX-35-POH; 35m 4K HDBaseT Receiver - WyreStorm; Matrix Switcher; Matrix; Switching; HDBaseT; Extender / HDBaseT; Endpoint hardware; Extension; HDBaseT extender; Receiver; Signal extension endpoint; Point-to-point extension; extender; transmitter; HDR; PoE / PoH / PoC; In-wall installation; Long-distance video, USB, control and network transport",
RX-500,Yes,35m 4K HDBaseT Receiver with USB - WyreStorm,35m 4K HDBaseT Receiver with USB - WyreStorm,Camera / Capture,Primary hardware,Camera / Capture,Camera / Capture,primary-hardware,default,product-manager-profile:wyrestorm-product-manager-v1,"The little sibling to the RX-700, the RX-500 also utilizes HDBaseT 2.0 technology extending 4K video, USB 2.0, audio and control point to point up to 35m/115ft. The RX-500 still maintains the ability send HID’s and data back to the transmitter with USB 2.0 compatible devices such as HD webcams, smart white boards and data drives alike. Ideally suited for small meeting spaces and conference rooms, the RX-500 pairs perfectly with WyreStorm’s popular line of Presentation Solutions, such as the SW-130-TX or SW-510-TX t...",HDBaseT; USB; Camera / Capture; Camera endpoint; USB camera; NDI camera endpoint; 4K camera; DisplayPort; HDMI; HDR; Analog audio; Audio breakout; KVM / USB extension; USB 2.0; USB routing / switching; Ethernet / LAN; NDI; CEC control; IR control; RS-232 control; EDID management; HDCP support; PoE / PoH / PoC; Camera,HDBaseT; USB; Camera / Capture; camera; ndi; DisplayPort; HDMI; HDR; Analog audio; Audio breakout; KVM / USB extension; USB 2.0; USB routing / switching; Ethernet / LAN; CEC control; IR control; RS-232 control; EDID management; HDCP support; PoE / PoH / PoC,"HDBaseT; USB; Camera / Capture; Camera endpoint; USB camera; NDI camera endpoint; 4K camera; camera; ndi; DisplayPort; HDMI; HDR; Analog audio; Audio breakout; KVM / USB extension; USB 2.0; USB routing / switching; Ethernet / LAN; CEC control; IR control; RS-232 control; EDID management; HDCP support; PoE / PoH / PoC; Meeting room; BYOM / UC; UC, lecture capture and streaming workflows",HDBaseT; USB; Camera / Capture; DisplayPort; HDMI; HDR; Analog audio; Audio breakout; KVM / USB extension; USB 2.0; USB routing / switching; Ethernet / LAN; NDI; CEC control; IR control; RS-232 control; EDID management; HDCP support; PoE / PoH / PoC; Camera,"RX-500; 35m 4K HDBaseT Receiver with USB - WyreStorm; Product; Primary hardware; HDBaseT; USB; Camera / Capture; Camera endpoint; USB camera; NDI camera endpoint; 4K camera; Image capture endpoint; camera; ndi; DisplayPort; HDMI; HDR; Analog audio; Audio breakout; KVM / USB extension; USB 2.0; USB routing / switching; Ethernet / LAN; CEC control; IR control; RS-232 control; EDID management; HDCP support; PoE / PoH / PoC; Meeting room; BYOM / UC; UC, lecture capture and streaming workflows",
RX-70-4K,Yes,70m 4K HDBaseT Receiver - WyreStorm,70m 4K HDBaseT Receiver - WyreStorm,Extender / HDBaseT,Endpoint hardware,Extender / HDBaseT,Extender / HDBaseT,endpoint-hardware,default,product-manager-profile:wyrestorm-product-manager-v1,"The perfect complement to a WyreStorm HDBaseT&#x2122; matrix system, presentation switch or in-wall transmitter solution, the RX-70-4K ultra slim display receiver supports 4K UHD video with HDR up to 70m/230ft and 1080p to 100m/328ft.",Matrix; Switching; HDBaseT; Extender / HDBaseT; Extension; HDBaseT extender; Receiver; Signal extension endpoint; HDMI; HDR; Analog audio; DSP audio processing; USB-C power delivery; Ethernet / LAN; NDI; IR control; RS-232 control; EDID management; HDCP support; PoE / PoH / PoC; In-wall installation,Matrix; Switching; HDBaseT; Extender / HDBaseT; extender; receiver; transmitter; HDMI; HDR; Analog audio; DSP audio processing; USB-C power delivery; Ethernet / LAN; NDI; IR control; RS-232 control; EDID management; HDCP support; PoE / PoH / PoC; In-wall installation,"Matrix; Switching; HDBaseT; Extender / HDBaseT; Extension; HDBaseT extender; Receiver; Signal extension endpoint; extender; transmitter; HDMI; HDR; Analog audio; DSP audio processing; USB-C power delivery; Ethernet / LAN; NDI; IR control; RS-232 control; EDID management; HDCP support; PoE / PoH / PoC; In-wall installation; Control room; Point-to-point extension; Long-distance video, USB, control and network transport",Matrix; Switching; HDBaseT; Extender / HDBaseT; HDMI; HDR; Analog audio; DSP audio processing; USB-C power delivery; Ethernet / LAN; NDI; IR control; RS-232 control; EDID management; HDCP support; PoE / PoH / PoC; In-wall installation,"RX-70-4K; 70m 4K HDBaseT Receiver - WyreStorm; Matrix Switcher; Matrix; Switching; HDBaseT; Extender / HDBaseT; Endpoint hardware; Extension; HDBaseT extender; Receiver; Signal extension endpoint; Point-to-point extension; extender; transmitter; HDMI; HDR; Analog audio; DSP audio processing; USB-C power delivery; Ethernet / LAN; NDI; IR control; RS-232 control; EDID management; HDCP support; PoE / PoH / PoC; In-wall installation; Control room; Long-distance video, USB, control and network transport",
RX-70-4K-ARC,Yes,70m 4K HDBaseT Receiver with ARC - WyreStorm,70m 4K HDBaseT Receiver with ARC - WyreStorm,Extender / HDBaseT,Endpoint hardware,Extender / HDBaseT,Extender / HDBaseT,endpoint-hardware,default,product-manager-profile:wyrestorm-product-manager-v1,"Free the audio from SmartTV on-demand content with the RX-70-4K-ARC HDBaseT receiver supporting ARC or optical audio return to enable digital audio to be sent back to a compatible WyreStorm HDBaseT transmission device, such as an H2 model matrix switcher.",Matrix; Switching; HDBaseT; Extender / HDBaseT; Extension; HDBaseT extender; Receiver; Signal extension endpoint; HDMI; HDR; Analog audio; DSP audio processing; USB-C power delivery; Ethernet / LAN; NDI; SFP / fibre; IR control; RS-232 control; EDID management; HDCP support; PoE / PoH / PoC,Matrix; Switching; HDBaseT; Extender / HDBaseT; extender; receiver; HDMI; HDR; Analog audio; DSP audio processing; USB-C power delivery; Ethernet / LAN; NDI; SFP / fibre; IR control; RS-232 control; EDID management; HDCP support; PoE / PoH / PoC,"Matrix; Switching; HDBaseT; Extender / HDBaseT; Extension; HDBaseT extender; Receiver; Signal extension endpoint; extender; HDMI; HDR; Analog audio; DSP audio processing; USB-C power delivery; Ethernet / LAN; NDI; SFP / fibre; IR control; RS-232 control; EDID management; HDCP support; PoE / PoH / PoC; Point-to-point extension; Long-distance video, USB, control and network transport",Matrix; Switching; HDBaseT; Extender / HDBaseT; HDMI; HDR; Analog audio; DSP audio processing; USB-C power delivery; Ethernet / LAN; NDI; SFP / fibre; IR control; RS-232 control; EDID management; HDCP support; PoE / PoH / PoC,"RX-70-4K-ARC; 70m 4K HDBaseT Receiver with ARC - WyreStorm; Matrix Switcher; Matrix; Switching; HDBaseT; Extender / HDBaseT; Endpoint hardware; Extension; HDBaseT extender; Receiver; Signal extension endpoint; Point-to-point extension; extender; HDMI; HDR; Analog audio; DSP audio processing; USB-C power delivery; Ethernet / LAN; NDI; SFP / fibre; IR control; RS-232 control; EDID management; HDCP support; PoE / PoH / PoC; Long-distance video, USB, control and network transport",
RX-70-4K-SCL,Yes,70m 4K HDBaseT Scaling Receiver with Downscaling - WyreStorm,70m 4K HDBaseT Scaling Receiver with Downscaling - WyreStorm,Extender / HDBaseT,Endpoint hardware,Extender / HDBaseT,Extender / HDBaseT,endpoint-hardware,default,product-manager-profile:wyrestorm-product-manager-v1,"DISCONTINUED A vital addition to any HDBaseT distribution system, the RX-70-4K-SCL scales incoming video content to best suit the display device to which it is attached. This allows the best quality video content to be sent throughout the system, avoiding EDID clashes or older display technology compromising the rest of the system.",HDBaseT; Scaling; Extender / HDBaseT; Extension; USB / KVM extender; Receiver; Signal extension endpoint; Scaling endpoint; HDMI; HDR; Analog audio; Audio breakout; DSP audio processing; USB-C power delivery; Ethernet / LAN; CEC control; IP / web control; IR control; RS-232 control; EDID management; HDCP support,HDBaseT; Scaling; Extender / HDBaseT; extender; usb-kvm; receiver; HDMI; HDR; Analog audio; Audio breakout; DSP audio processing; USB-C power delivery; Ethernet / LAN; CEC control; IP / web control; IR control; RS-232 control; EDID management; HDCP support,"HDBaseT; Scaling; Extender / HDBaseT; Extension; USB / KVM extender; Receiver; Signal extension endpoint; Scaling endpoint; extender; usb-kvm; HDMI; HDR; Analog audio; Audio breakout; DSP audio processing; USB-C power delivery; Ethernet / LAN; CEC control; IP / web control; IR control; RS-232 control; EDID management; HDCP support; Point-to-point extension; Long-distance video, USB, control and network transport",HDBaseT; Scaling; Extender / HDBaseT; HDMI; HDR; Analog audio; Audio breakout; DSP audio processing; USB-C power delivery; Ethernet / LAN; CEC control; IP / web control; IR control; RS-232 control; EDID management; HDCP support; USB,"RX-70-4K-SCL; 70m 4K HDBaseT Scaling Receiver with Downscaling - WyreStorm; Product; Primary hardware; HDBaseT; Scaling; Extender / HDBaseT; Endpoint hardware; Extension; USB / KVM extender; Receiver; Signal extension endpoint; Scaling endpoint; Point-to-point extension; extender; usb-kvm; HDMI; HDR; Analog audio; Audio breakout; DSP audio processing; USB-C power delivery; Ethernet / LAN; CEC control; IP / web control; IR control; RS-232 control; EDID management; HDCP support; Long-distance video, USB, control and network transport",
RX-700,Yes,100m 4K60 HDBaseT DSC Receiver with USB - WyreStorm,100m 4K60 HDBaseT DSC Receiver with USB - WyreStorm,Camera / Capture,Primary hardware,Camera / Capture,Camera / Capture,primary-hardware,default,product-manager-profile:wyrestorm-product-manager-v1,"Utilizing the best in HDBaseT technology, the RX-700 extends 5-Play functionality to your display device over 100m/328ft of Cat6 cable. Using DSC (display stream compression) the RX-700 can support HDMI video up to 2160p 4:4:4 at 60Hz without any visual loss in quality or latency. With HID’s and data transfer in mind, the RX-700 supports data transmission of USB 2.0 devices like HD webcams, smart whiteboards and flash drives alike.",HDBaseT; USB; HDMI; Camera / Capture; Camera endpoint; USB camera; 4K camera; DisplayPort; HDR; USB-C video input; Analog audio; DSP audio processing; KVM / USB extension; USB 2.0; USB routing / switching; USB-C; USB-C power delivery; Ethernet / LAN; NDI; CEC control; IR control; RS-232 control; EDID management; HDCP support; PoE / PoH / PoC; Camera,HDBaseT; USB; HDMI; Camera / Capture; camera; DisplayPort; HDR; USB-C video input; Analog audio; DSP audio processing; KVM / USB extension; USB 2.0; USB routing / switching; USB-C; USB-C power delivery; Ethernet / LAN; NDI; CEC control; IR control; RS-232 control; EDID management; HDCP support; PoE / PoH / PoC,"HDBaseT; USB; HDMI; Camera / Capture; Camera endpoint; USB camera; 4K camera; camera; DisplayPort; HDR; USB-C video input; Analog audio; DSP audio processing; KVM / USB extension; USB 2.0; USB routing / switching; USB-C; USB-C power delivery; Ethernet / LAN; NDI; CEC control; IR control; RS-232 control; EDID management; HDCP support; PoE / PoH / PoC; BYOM / UC; UC, lecture capture and streaming workflows",HDBaseT; USB; HDMI; Camera / Capture; DisplayPort; HDR; USB-C video input; Analog audio; DSP audio processing; KVM / USB extension; USB 2.0; USB routing / switching; USB-C; USB-C power delivery; Ethernet / LAN; NDI; CEC control; IR control; RS-232 control; EDID management; HDCP support; PoE / PoH / PoC; Camera,"RX-700; 100m 4K60 HDBaseT DSC Receiver with USB - WyreStorm; Cable; Cable / request-only; HDBaseT; USB; HDMI; Camera / Capture; Primary hardware; Camera endpoint; USB camera; 4K camera; Image capture endpoint; camera; DisplayPort; HDR; USB-C video input; Analog audio; DSP audio processing; KVM / USB extension; USB 2.0; USB routing / switching; USB-C; USB-C power delivery; Ethernet / LAN; NDI; CEC control; IR control; RS-232 control; EDID management; HDCP support; PoE / PoH / PoC; BYOM / UC; UC, lecture capture and streaming workflows",
RX3-100,Yes,"4K HDR 4:4:4 60Hz HDBaseT3.0 Receiver with USB Device Inputs, Audio De-embed & PoH 100m/328ft over Cat6 - WyreStorm","4K HDR 4:4:4 60Hz HDBaseT3.0 Receiver with USB Device Inputs, Audio De-embed & PoH 100m/328ft over Cat6 - WyreStorm",Camera / Capture,Primary hardware,Camera / Capture,Camera / Capture,primary-hardware,default,product-manager-profile:wyrestorm-product-manager-v1,"Introducing the RX3-100, an uncompressed 18G HDBaseT 3.0 receiver that achieves signal transmission up to 100m/328ft at 4K@60Hz via Cat.6A cable. With HDBaseT 3.0, experience USB data transfers of up to 300Mbps, nearly doubling HDBaseT 2.0's capability of 190Mbps. This heightened capacity supports high-speed connections to 4K webcams, whiteboards, and data drives. The RX3-100 seamlessly pairs with any of WyreStorm's HDBaseT 3.0 transmitter options, such as the SW-120-TX3 and SW-120-TX3-Ux for a powerful switching e...",HDBaseT; USB; Seamless Switching; Camera / Capture; Camera endpoint; USB camera; 4K camera; DisplayPort; HDBaseT 3.0; HDMI; HDR; USB-C video input; Analog audio; Audio breakout; DSP audio processing; KVM / USB extension; USB 2.0; USB routing / switching; USB-C; USB-C power delivery; Ethernet / LAN; CEC control; IR control; RS-232 control; EDID management; HDCP support; PoE / PoH / PoC; Camera; Video bar,HDBaseT; USB; Seamless Switching; Camera / Capture; camera; DisplayPort; HDBaseT 3.0; HDMI; HDR; USB-C video input; Analog audio; Audio breakout; DSP audio processing; KVM / USB extension; USB 2.0; USB routing / switching; USB-C; USB-C power delivery; Ethernet / LAN; CEC control; IR control; RS-232 control; EDID management; HDCP support; PoE / PoH / PoC; Video bar,"HDBaseT; USB; Seamless Switching; Camera / Capture; Camera endpoint; USB camera; 4K camera; camera; DisplayPort; HDBaseT 3.0; HDMI; HDR; USB-C video input; Analog audio; Audio breakout; DSP audio processing; KVM / USB extension; USB 2.0; USB routing / switching; USB-C; USB-C power delivery; Ethernet / LAN; CEC control; IR control; RS-232 control; EDID management; HDCP support; PoE / PoH / PoC; Video bar; BYOD presentation; BYOM / UC; UC, lecture capture and streaming workflows",HDBaseT; USB; Seamless Switching; Camera / Capture; DisplayPort; HDBaseT 3.0; HDMI; HDR; USB-C video input; Analog audio; Audio breakout; DSP audio processing; KVM / USB extension; USB 2.0; USB routing / switching; USB-C; USB-C power delivery; Ethernet / LAN; CEC control; IR control; RS-232 control; EDID management; HDCP support; PoE / PoH / PoC; Camera; Video bar,"RX3-100; 4K HDR 4:4:4 60Hz HDBaseT3.0 Receiver with USB Device Inputs, Audio De-embed & PoH 100m/328ft over Cat6 - WyreStorm; Cable; Cable / request-only; HDBaseT; USB; Seamless Switching; Camera / Capture; Primary hardware; Camera endpoint; USB camera; 4K camera; Image capture endpoint; camera; DisplayPort; HDBaseT 3.0; HDMI; HDR; USB-C video input; Analog audio; Audio breakout; DSP audio processing; KVM / USB extension; USB 2.0; USB routing / switching; USB-C; USB-C power delivery; Ethernet / LAN; CEC control; IR control; RS-232 control; EDID management; HDCP support; PoE / PoH / PoC; Video bar; BYOD presentation; BYOM / UC; UC, lecture capture and streaming workflows",
RXF-300-4K,Yes,4K HDR 4:4:4 60Hz HDBaseT Receiver with 2-Way IR and PoH (4K: 35m/115ft) - WyreStorm,4K HDR 4:4:4 60Hz HDBaseT Receiver with 2-Way IR and PoH (4K: 35m/115ft) - WyreStorm,Extender / HDBaseT,Endpoint hardware,Extender / HDBaseT,Extender / HDBaseT,endpoint-hardware,default,product-manager-profile:wyrestorm-product-manager-v1,"DISCONTINUED Consumer HDMI content is now breaking through the once comfortable HDBaseT ‘ceiling’ of 10Gbps, with HFR (High Frame Rate). HDR is here already in the form of Blu-Ray, Satellite & Cable (HLG) and gaming content. The RXV-35-4K is the perfect companion for WyreStorm’s MXV line-up of matrices when distances of under 35 meters are required. This is the perfect solution for the TX-H2X-VLC modular card, found in the H2XC line.",HDBaseT; HDMI; Extender / HDBaseT; Extension; USB / KVM extender; Receiver; Signal extension endpoint; HDR; Analog audio; DSP audio processing; USB 3.x; NDI; SFP / fibre; IR control; RS-232 control; EDID management; HDCP support; PoE / PoH / PoC,HDBaseT; HDMI; Extender / HDBaseT; extender; usb-kvm; receiver; HDR; Analog audio; DSP audio processing; USB 3.x; NDI; SFP / fibre; IR control; RS-232 control; EDID management; HDCP support; PoE / PoH / PoC,"HDBaseT; HDMI; Extender / HDBaseT; Extension; USB / KVM extender; Receiver; Signal extension endpoint; extender; usb-kvm; HDR; Analog audio; DSP audio processing; USB 3.x; NDI; SFP / fibre; IR control; RS-232 control; EDID management; HDCP support; PoE / PoH / PoC; Point-to-point extension; Long-distance video, USB, control and network transport",HDBaseT; HDMI; Extender / HDBaseT; HDR; Analog audio; DSP audio processing; USB 3.x; NDI; SFP / fibre; IR control; RS-232 control; EDID management; HDCP support; PoE / PoH / PoC; USB; Fiber,"RXF-300-4K; 4K HDR 4:4:4 60Hz HDBaseT Receiver with 2-Way IR and PoH (4K: 35m/115ft) - WyreStorm; Accessory; Accessory / request-only; HDBaseT; HDMI; Extender / HDBaseT; Endpoint hardware; Extension; USB / KVM extender; Receiver; Signal extension endpoint; Point-to-point extension; extender; usb-kvm; HDR; Analog audio; DSP audio processing; USB 3.x; NDI; SFP / fibre; IR control; RS-232 control; EDID management; HDCP support; PoE / PoH / PoC; Long-distance video, USB, control and network transport",
RXV-35-4K,Yes,35m 4K60 HDBaseT Receiver for MXV - WyreStorm,35m 4K60 HDBaseT Receiver for MXV - WyreStorm,Extender / HDBaseT,Endpoint hardware,Extender / HDBaseT,Extender / HDBaseT,endpoint-hardware,default,product-manager-profile:wyrestorm-product-manager-v1,"Consumer HDMI content is now breaking through the once comfortable HDBaseT 'ceiling' of 10Gbps, with HFR (High Frame Rate). HDR is here already in the form of Blu-Ray, Satellite & Cable (HLG) and gaming content. The RXV-35-4K is the perfect companion for WyreStorm's MXV line-up of matrices when distances of under 35 meters are required. This is the perfect solution for the TX-H2X-VLC modular card, found in the H2XC line.",HDBaseT; HDMI; Extender / HDBaseT; Extension; HDBaseT extender; Receiver; Signal extension endpoint; HDR; DSP audio processing; USB 3.x; USB-C power delivery; NDI; CEC control; IR control; RS-232 control; EDID management; HDCP support; PoE / PoH / PoC,HDBaseT; HDMI; Extender / HDBaseT; extender; receiver; HDR; DSP audio processing; USB 3.x; USB-C power delivery; NDI; CEC control; IR control; RS-232 control; EDID management; HDCP support; PoE / PoH / PoC,"HDBaseT; HDMI; Extender / HDBaseT; Extension; HDBaseT extender; Receiver; Signal extension endpoint; extender; HDR; DSP audio processing; USB 3.x; USB-C power delivery; NDI; CEC control; IR control; RS-232 control; EDID management; HDCP support; PoE / PoH / PoC; Point-to-point extension; Long-distance video, USB, control and network transport",HDBaseT; HDMI; Extender / HDBaseT; HDR; DSP audio processing; USB 3.x; USB-C power delivery; NDI; CEC control; IR control; RS-232 control; EDID management; HDCP support; PoE / PoH / PoC,"RXV-35-4K; 35m 4K60 HDBaseT Receiver for MXV - WyreStorm; Accessory; Accessory / request-only; HDBaseT; HDMI; Extender / HDBaseT; Endpoint hardware; Extension; HDBaseT extender; Receiver; Signal extension endpoint; Point-to-point extension; extender; HDR; DSP audio processing; USB 3.x; USB-C power delivery; NDI; CEC control; IR control; RS-232 control; EDID management; HDCP support; PoE / PoH / PoC; Long-distance video, USB, control and network transport",
RXV-35-SCL,Yes,Scaling 35m 4K60 HDBaseT Receiver for MXV - WyreStorm,Scaling 35m 4K60 HDBaseT Receiver for MXV - WyreStorm,Extender / HDBaseT,Endpoint hardware,Extender / HDBaseT,Extender / HDBaseT,endpoint-hardware,default,product-manager-profile:wyrestorm-product-manager-v1,18Gbps HDBaseT receiver for the standard MXV series matrix switchers. The RXV-35-SCL features a powerful scaler that can convert 4K UHD and HDR content to a 1080p non-HDR display to maximize compatibility. The receiver also features stereo and digital S/PDIF audio breakout for easy external audio distribution.,Matrix; Switching; HDBaseT; Scaling; Multiview; Multi-view; Picture-in-Picture; PIP; Quad view; multi-window; multiple sources on one output; Seamless Scaling Matrix; Extender / HDBaseT; Extension; HDBaseT extender; Receiver; Signal extension endpoint; Scaling endpoint; HDMI; HDR; Audio breakout; DSP audio processing; USB-C power delivery; NDI; CEC control; IR control; RS-232 control; EDID management; HDCP support; PoE / PoH / PoC,Matrix; Switching; HDBaseT; Scaling; Multiview; Multi-view; Picture-in-Picture; PIP; Quad view; multi-window; multiple sources on one output; Seamless Scaling Matrix; Extender / HDBaseT; extender; receiver; HDMI; HDR; Audio breakout; DSP audio processing; USB-C power delivery; NDI; CEC control; IR control; RS-232 control; EDID management; HDCP support; PoE / PoH / PoC,"Matrix; Switching; HDBaseT; Scaling; Multiview; Multi-view; Picture-in-Picture; PIP; Quad view; multi-window; multiple sources on one output; Seamless Scaling Matrix; Extender / HDBaseT; Extension; HDBaseT extender; Receiver; Signal extension endpoint; Scaling endpoint; extender; HDMI; HDR; Audio breakout; DSP audio processing; USB-C power delivery; NDI; CEC control; IR control; RS-232 control; EDID management; HDCP support; PoE / PoH / PoC; Point-to-point extension; Long-distance video, USB, control and network transport",Matrix; Switching; HDBaseT; Scaling; Multiview; Multi-view; Picture-in-Picture; PIP; Quad view; multi-window; multiple sources on one output; Seamless Scaling Matrix; Extender / HDBaseT; HDMI; HDR; Audio breakout; DSP audio processing; USB-C power delivery; NDI; CEC control; IR control; RS-232 control; EDID management; HDCP support; PoE / PoH / PoC,"RXV-35-SCL; Scaling 35m 4K60 HDBaseT Receiver for MXV - WyreStorm; Matrix Switcher; Seamless scaling matrix switcher; Matrix; Switching; HDBaseT; Scaling; Multiview; Multi-view; Picture-in-Picture; PIP; Quad view; multi-window; multiple sources on one output; Seamless Scaling Matrix; Extender / HDBaseT; Endpoint hardware; Extension; HDBaseT extender; Receiver; Signal extension endpoint; Scaling endpoint; Point-to-point extension; extender; HDMI; HDR; Audio breakout; DSP audio processing; USB-C power delivery; NDI; CEC control; IR control; RS-232 control; EDID management; HDCP support; PoE / PoH / PoC; Long-distance video, USB, control and network transport",
RXV-70-4K,Yes,70m 4K60 HDBaseT Receiver - WyreStorm,70m 4K60 HDBaseT Receiver - WyreStorm,Extender / HDBaseT,Endpoint hardware,Extender / HDBaseT,Extender / HDBaseT,endpoint-hardware,default,product-manager-profile:wyrestorm-product-manager-v1,"DISCONTINUED Consumer HDMI content is now breaking through the once comfortable HDBaseT 'ceiling' of 10Gbps, with HFR (High Frame Rate) HDR here already in the form of Blu-Ray, Satellite & Cable (HLG) and gaming content. WyreStorm's H2XC matrix platform is ready for this, with this receiver being the perfect match for the TX-H2X-VLC modular card, using our new light-compression transmission solution.",Matrix; Switching; HDBaseT; HDMI; Extender / HDBaseT; Extension; HDBaseT extender; Receiver; Signal extension endpoint; HDR; USB 3.x,Matrix; Switching; HDBaseT; HDMI; Extender / HDBaseT; extender; receiver; HDR; USB 3.x,"Matrix; Switching; HDBaseT; HDMI; Extender / HDBaseT; Extension; HDBaseT extender; Receiver; Signal extension endpoint; extender; HDR; USB 3.x; Point-to-point extension; Long-distance video, USB, control and network transport",Matrix; Switching; HDBaseT; HDMI; Extender / HDBaseT; HDR; USB 3.x,"RXV-70-4K; 70m 4K60 HDBaseT Receiver - WyreStorm; Matrix Switcher; Matrix; Switching; HDBaseT; HDMI; Extender / HDBaseT; Endpoint hardware; Extension; HDBaseT extender; Receiver; Signal extension endpoint; Point-to-point extension; extender; HDR; USB 3.x; Long-distance video, USB, control and network transport",
RXV-70-4K-ARC,Yes,70m 4K60 HDBaseT Receiver with ARC - WyreStorm,70m 4K60 HDBaseT Receiver with ARC - WyreStorm,Extender / HDBaseT,Endpoint hardware,Extender / HDBaseT,Extender / HDBaseT,endpoint-hardware,default,product-manager-profile:wyrestorm-product-manager-v1,"With high-framerate HDR-10 and HLG technology exceeding the capabilities of HDBaseT, WyreStorm has implemented light-compression technology. The RXV-70-4K-ARC forms part of this new generation of signal extension technology and furthermore, frees the 5.1 audio from an ARC compatible TV and sends back to an H2XC matrix over HDBaseT; an optical S/PDIF input is also present for sending digital audio signals.",Matrix; Switching; HDBaseT; Extender / HDBaseT; Extension; HDBaseT extender; Receiver; Signal extension endpoint; HDR; USB-C power delivery; NDI; SFP / fibre,Matrix; Switching; HDBaseT; Extender / HDBaseT; extender; receiver; HDR; USB-C power delivery; NDI; SFP / fibre,"Matrix; Switching; HDBaseT; Extender / HDBaseT; Extension; HDBaseT extender; Receiver; Signal extension endpoint; extender; HDR; USB-C power delivery; NDI; SFP / fibre; Point-to-point extension; Long-distance video, USB, control and network transport",Matrix; Switching; HDBaseT; Extender / HDBaseT; HDR; USB-C power delivery; NDI; SFP / fibre,"RXV-70-4K-ARC; 70m 4K60 HDBaseT Receiver with ARC - WyreStorm; Matrix Switcher; Matrix; Switching; HDBaseT; Extender / HDBaseT; Endpoint hardware; Extension; HDBaseT extender; Receiver; Signal extension endpoint; Point-to-point extension; extender; HDR; USB-C power delivery; NDI; SFP / fibre; Long-distance video, USB, control and network transport",
RXV-70-4K-G2,Yes,70m 4K60 HDBaseT Receiver for MXV - WyreStorm,70m 4K60 HDBaseT Receiver for MXV - WyreStorm,Extender / HDBaseT,Endpoint hardware,Extender / HDBaseT,Extender / HDBaseT,endpoint-hardware,default,product-manager-profile:wyrestorm-product-manager-v1,"Consumer HDMI content is now breaking through the once comfortable HDBaseT ‘ceiling’ of 10Gbps, with HFR (High Frame Rate). HDR is here already in the form of Blu-Ray, Satellite & Cable (HLG) and gaming content. The RXV-70-4K-G2 is the perfect companion for WyreStorm’s MXV line-up of matrices also when distances of under 70 meters are required. This receiver is exclusively used for MXV-0606-H2A-70 & MXV-0808-H2A-70 Matrix solutions.",Matrix; Switching; HDBaseT; HDMI; Extender / HDBaseT; Extension; HDBaseT extender; Receiver; Signal extension endpoint; HDR; DSP audio processing; USB 3.x; USB-C power delivery; NDI; CEC control; IR control; RS-232 control; EDID management; HDCP support; PoE / PoH / PoC,Matrix; Switching; HDBaseT; HDMI; Extender / HDBaseT; extender; receiver; HDR; DSP audio processing; USB 3.x; USB-C power delivery; NDI; CEC control; IR control; RS-232 control; EDID management; HDCP support; PoE / PoH / PoC,"Matrix; Switching; HDBaseT; HDMI; Extender / HDBaseT; Extension; HDBaseT extender; Receiver; Signal extension endpoint; extender; HDR; DSP audio processing; USB 3.x; USB-C power delivery; NDI; CEC control; IR control; RS-232 control; EDID management; HDCP support; PoE / PoH / PoC; Point-to-point extension; Long-distance video, USB, control and network transport",Matrix; Switching; HDBaseT; HDMI; Extender / HDBaseT; HDR; DSP audio processing; USB 3.x; USB-C power delivery; NDI; CEC control; IR control; RS-232 control; EDID management; HDCP support; PoE / PoH / PoC,"RXV-70-4K-G2; 70m 4K60 HDBaseT Receiver for MXV - WyreStorm; Matrix Switcher; Matrix; Switching; HDBaseT; HDMI; Extender / HDBaseT; Endpoint hardware; Extension; HDBaseT extender; Receiver; Signal extension endpoint; Point-to-point extension; extender; HDR; DSP audio processing; USB 3.x; USB-C power delivery; NDI; CEC control; IR control; RS-232 control; EDID management; HDCP support; PoE / PoH / PoC; Long-distance video, USB, control and network transport",
RXV-70-G2-SCL,Yes,Scaling 70m 4K60 HDBaseT Receiver for MX - WyreStorm,Scaling 70m 4K60 HDBaseT Receiver for MX - WyreStorm,Extender / HDBaseT,Endpoint hardware,Extender / HDBaseT,Extender / HDBaseT,endpoint-hardware,default,product-manager-profile:wyrestorm-product-manager-v1,18Gbps HDBaseT receiver for the MXV-70 matrix switcher series. The RXV-70-G2-SCL features a powerful scaler that can convert 4K UHD and HDR content to a 1080p non-HDR display to maximize compatibility. The receiver also features stereo and digital S/PDIF audio breakout for easy external audio distribution.,Matrix; Switching; HDBaseT; Scaling; Multiview; Multi-view; Picture-in-Picture; PIP; Quad view; multi-window; multiple sources on one output; Seamless Scaling Matrix; Extender / HDBaseT; Extension; HDBaseT extender; Receiver; Signal extension endpoint; Scaling endpoint; HDMI; HDR; Audio breakout; DSP audio processing; USB-C power delivery; NDI; CEC control; IR control; RS-232 control; EDID management; HDCP support; PoE / PoH / PoC,Matrix; Switching; HDBaseT; Scaling; Multiview; Multi-view; Picture-in-Picture; PIP; Quad view; multi-window; multiple sources on one output; Seamless Scaling Matrix; Extender / HDBaseT; extender; receiver; HDMI; HDR; Audio breakout; DSP audio processing; USB-C power delivery; NDI; CEC control; IR control; RS-232 control; EDID management; HDCP support; PoE / PoH / PoC,"Matrix; Switching; HDBaseT; Scaling; Multiview; Multi-view; Picture-in-Picture; PIP; Quad view; multi-window; multiple sources on one output; Seamless Scaling Matrix; Extender / HDBaseT; Extension; HDBaseT extender; Receiver; Signal extension endpoint; Scaling endpoint; extender; HDMI; HDR; Audio breakout; DSP audio processing; USB-C power delivery; NDI; CEC control; IR control; RS-232 control; EDID management; HDCP support; PoE / PoH / PoC; Point-to-point extension; Long-distance video, USB, control and network transport",Matrix; Switching; HDBaseT; Scaling; Multiview; Multi-view; Picture-in-Picture; PIP; Quad view; multi-window; multiple sources on one output; Seamless Scaling Matrix; Extender / HDBaseT; HDMI; HDR; Audio breakout; DSP audio processing; USB-C power delivery; NDI; CEC control; IR control; RS-232 control; EDID management; HDCP support; PoE / PoH / PoC,"RXV-70-G2-SCL; Scaling 70m 4K60 HDBaseT Receiver for MX - WyreStorm; Matrix Switcher; Seamless scaling matrix switcher; Matrix; Switching; HDBaseT; Scaling; Multiview; Multi-view; Picture-in-Picture; PIP; Quad view; multi-window; multiple sources on one output; Seamless Scaling Matrix; Extender / HDBaseT; Endpoint hardware; Extension; HDBaseT extender; Receiver; Signal extension endpoint; Scaling endpoint; Point-to-point extension; extender; HDMI; HDR; Audio breakout; DSP audio processing; USB-C power delivery; NDI; CEC control; IR control; RS-232 control; EDID management; HDCP support; PoE / PoH / PoC; Long-distance video, USB, control and network transport",
SP-0102-H2,Yes,4K60 1:2 HDMI Splitter - WyreStorm,4K60 1:2 HDMI Splitter - WyreStorm,Splitter / Distribution,Primary hardware,Splitter / Distribution,Splitter / Distribution,primary-hardware,default,product-manager-profile:wyrestorm-product-manager-v1,"DISCONTINUED With support for 4K/HDR resolutions, HDCP 2.2, and HD multi-channel audio formats, this dual-output splitter allows for simple, reliable distribution of a single HDMI source to multiple duplicate displays. Additionally, the compact chassis makes it perfect for environments where unobtrusive installation is important.",HDMI; Splitter / Distribution; Distribution; Splitter / distribution amplifier; HDMI splitter; One-to-many distribution; HDR; IR control; HDCP support,HDMI; Splitter / Distribution; splitter; HDR; IR control; HDCP support,HDMI; Splitter / Distribution; Distribution; Splitter / distribution amplifier; HDMI splitter; One-to-many distribution; splitter; HDR; IR control; HDCP support; Duplicate one source to multiple displays,HDMI; Splitter / Distribution; HDR; IR control; HDCP support,SP-0102-H2; 4K60 1:2 HDMI Splitter - WyreStorm; Product; Primary hardware; HDMI; Splitter / Distribution; Distribution; Splitter / distribution amplifier; HDMI splitter; One-to-many distribution; Signal distribution; splitter; HDR; IR control; HDCP support; Duplicate one source to multiple displays,
SP-0104-H2,Yes,4K HDMI Splitter – High-Quality HDMI Signal Distribution,4K HDMI Splitter – High-Quality HDMI Signal Distribution,Splitter / Distribution,Primary hardware,Splitter / Distribution,Splitter / Distribution,primary-hardware,default,product-manager-profile:wyrestorm-product-manager-v1,"4K HDMI Splitter for seamless signal distribution to multiple displays. Enjoy sharp, crisp visuals with easy setup for home or office use.",HDMI; Seamless Switching; Splitter / Distribution; Distribution; Splitter / distribution amplifier; HDMI splitter; One-to-many distribution,HDMI; Seamless Switching; Splitter / Distribution; splitter,HDMI; Seamless Switching; Splitter / Distribution; Distribution; Splitter / distribution amplifier; HDMI splitter; One-to-many distribution; splitter; Duplicate one source to multiple displays,HDMI; Seamless Switching; Splitter / Distribution,SP-0104-H2; 4K HDMI Splitter – High-Quality HDMI Signal Distribution; Product; Primary hardware; HDMI; Seamless Switching; Splitter / Distribution; Distribution; Splitter / distribution amplifier; HDMI splitter; One-to-many distribution; Signal distribution; splitter; Duplicate one source to multiple displays,
SP-0108-SCL,Yes,4K HDR 1:8 Splitter with Scaling Outputs - WyreStorm,4K HDR 1:8 Splitter with Scaling Outputs - WyreStorm,Splitter / Distribution,Primary hardware,Splitter / Distribution,Splitter / Distribution,primary-hardware,default,product-manager-profile:wyrestorm-product-manager-v1,"The SP-0108-SCL is a small and compact, yet powerful HDMI splitter that can be used in many applications, from digital signage, education, to retail or hospitality. Each HDMI output of the SP-0108-SCL features a 4K to 1080p down scaler, allowing for mixed resolution displays to be used simultaneously without suffering from compatibility limitations. An analog and digital S/PDIF audio de-embed allows easy connection for external amplifiers or DSPs.",HDMI; Scaling; Splitter / Distribution; Distribution; Splitter / distribution amplifier; Scaling splitter; One-to-many distribution; HDR; Amplifier output; Analog audio; Audio breakout; DSP audio processing; USB-C power delivery; RS-232 control; EDID management; HDCP support,HDMI; Scaling; Splitter / Distribution; splitter; HDR; Amplifier output; Analog audio; Audio breakout; DSP audio processing; USB-C power delivery; RS-232 control; EDID management; HDCP support,HDMI; Scaling; Splitter / Distribution; Distribution; Splitter / distribution amplifier; Scaling splitter; One-to-many distribution; splitter; HDR; Amplifier output; Analog audio; Audio breakout; DSP audio processing; USB-C power delivery; RS-232 control; EDID management; HDCP support; Classroom / lecture; Digital signage; Audio reinforcement; Duplicate one source to multiple displays,HDMI; Scaling; Splitter / Distribution; HDR; Amplifier output; Analog audio; Audio breakout; DSP audio processing; USB-C power delivery; RS-232 control; EDID management; HDCP support,SP-0108-SCL; 4K HDR 1:8 Splitter with Scaling Outputs - WyreStorm; Product; Primary hardware; HDMI; Scaling; Splitter / Distribution; Distribution; Splitter / distribution amplifier; Scaling splitter; One-to-many distribution; Signal distribution; splitter; HDR; Amplifier output; Analog audio; Audio breakout; DSP audio processing; USB-C power delivery; RS-232 control; EDID management; HDCP support; Classroom / lecture; Digital signage; Audio reinforcement; Duplicate one source to multiple displays,
SP-618,Yes,4K60 1:8 Scaling HDMI Splitter - WyreStorm,4K60 1:8 Scaling HDMI Splitter - WyreStorm,Splitter / Distribution,Primary hardware,Splitter / Distribution,Splitter / Distribution,primary-hardware,default,product-manager-profile:wyrestorm-product-manager-v1,"DISCONTINUED The SP-618 is a simple yet powerful HDMI splitter that can be used in many applications from digital signage to retail or hospitality. Each HDMI output of the SP-618 features a 4K to 1080p down scaler, allowing for mixed resolution displays to be used simultaneously without suffering from compatibility limitations. A balanced analog and digital S/PDIF audio de-embed allows easy connection for external amplifiers or DSPs. With a 1U chassis, the SP-618 can be easily fitted in standard 19"" equipment racks...",HDMI; Scaling; Splitter / Distribution; Distribution; Splitter / distribution amplifier; Scaling splitter; One-to-many distribution; Amplifier output; Audio breakout; DSP audio processing; USB-C power delivery; Ethernet / LAN; Rack installation,HDMI; Scaling; Splitter / Distribution; splitter; Amplifier output; Audio breakout; DSP audio processing; USB-C power delivery; Ethernet / LAN; Rack installation,HDMI; Scaling; Splitter / Distribution; Distribution; Splitter / distribution amplifier; Scaling splitter; One-to-many distribution; splitter; Amplifier output; Audio breakout; DSP audio processing; USB-C power delivery; Ethernet / LAN; Rack installation; Digital signage; Audio reinforcement; Duplicate one source to multiple displays,HDMI; Scaling; Splitter / Distribution; Amplifier output; Audio breakout; DSP audio processing; USB-C power delivery; Ethernet / LAN; Rack installation,SP-618; 4K60 1:8 Scaling HDMI Splitter - WyreStorm; Product; Primary hardware; HDMI; Scaling; Splitter / Distribution; Distribution; Splitter / distribution amplifier; Scaling splitter; One-to-many distribution; Signal distribution; splitter; Amplifier output; Audio breakout; DSP audio processing; USB-C power delivery; Ethernet / LAN; Rack installation; Digital signage; Audio reinforcement; Duplicate one source to multiple displays,
SR-10G-MM-SFPP,Yes,10G SFP+ Multimode Transceiver - WyreStorm,10G SFP+ Multimode Transceiver - WyreStorm,Accessory,Endpoint hardware,Accessory,Accessory,endpoint-hardware,default,product-manager-profile:wyrestorm-product-manager-v1,"The SR-10G-MM-SFPP is a hot-pluggable SFP+ optical transceiver module designed for high-performance, short-range data communication and interconnect applications. It supports 10.3125 Gbps data rate over multimode fiber at distances up to 300 meters using an 850nm VCSEL laser. Engineered for use in 10GBASE-SR Ethernet, data centers, and Fibre Channel systems, this transceiver ensures reliable performance, low power consumption, and full compatibility with industry standards.",Accessory; Accessory / Other; Product-specific accessory; Ethernet / LAN; SFP / fibre,Accessory; Ethernet / LAN; SFP / fibre,Accessory; Accessory / Other; Product-specific accessory; Ethernet / LAN; SFP / fibre; Dependent on parent product,Accessory; Ethernet / LAN; SFP / fibre,SR-10G-MM-SFPP; 10G SFP+ Multimode Transceiver - WyreStorm; Accessory; Accessory / request-only; Accessory / Other; Product-specific accessory; Supporting component; Ethernet / LAN; SFP / fibre; Dependent on parent product,
SR-1G-MM-SFP,Yes,1G SFP Multimode Transceiver - WyreStorm,1G SFP Multimode Transceiver - WyreStorm,Accessory,Endpoint hardware,Accessory,Accessory,endpoint-hardware,default,product-manager-profile:wyrestorm-product-manager-v1,"The SR-1G-MM-SFP is a hot-pluggable, small form-factor pluggable (SFP) optical transceiver designed for short-range data communication over multimode fiber. Operating at 850nm with VCSEL laser technology, it delivers up to 1.25Gbps transmission rates and supports link distances up to 550 meters. This module is ideal for Gigabit Ethernet, Fibre Channel, and other optical networking applications requiring high performance, low power consumption, and digital diagnostics.",Accessory; Accessory / Other; Product-specific accessory; DSP audio processing; USB 3.x; Ethernet / LAN; SFP / fibre; IR control,Accessory; DSP audio processing; USB 3.x; Ethernet / LAN; SFP / fibre; IR control,Accessory; Accessory / Other; Product-specific accessory; DSP audio processing; USB 3.x; Ethernet / LAN; SFP / fibre; IR control; Dependent on parent product,Accessory; DSP audio processing; USB 3.x; Ethernet / LAN; SFP / fibre; IR control,SR-1G-MM-SFP; 1G SFP Multimode Transceiver - WyreStorm; Accessory; Accessory / request-only; Accessory / Other; Product-specific accessory; Supporting component; DSP audio processing; USB 3.x; Ethernet / LAN; SFP / fibre; IR control; Dependent on parent product,
SW-0204-VW,Yes,4K60Hz 4-Output Video Wall Processor - WyreStorm,4K60Hz 4-Output Video Wall Processor - WyreStorm,Video Processor,Primary hardware,Video Wall / Multiview,Video Wall / Multiview,primary-hardware,default,product-manager-profile:wyrestorm-product-manager-v1,"The SW-0204-VW 4x HDMI 2.0 Video Wall processor is an advanced 2x inputs (alternative) and 4x outputs video wall processor, providing video wall layout of 1x4 and 2x2 (rows x columns) with 4K and ultra-wide resolution support, independent analog audio output and image scaling. It also supports a user-friendly Web-UI, RS232 and Telnet for optimal flexibility control.",Video Wall; Processing; HDMI; Scaling; Video Wall / Multiview; Video Processing; Video wall processor; Preset wall processor; Dedicated video wall processor; 4K60 processor; HDR; Analog audio; Audio breakout; Ethernet / LAN; CEC control; IP / web control; IR control; RS-232 control; EDID management; HDCP support,Video Wall; Processing; HDMI; Scaling; Video Wall / Multiview; video-wall; processor; HDR; Analog audio; Audio breakout; Ethernet / LAN; CEC control; IP / web control; IR control; RS-232 control; EDID management; HDCP support,"Video Wall; Processing; HDMI; Scaling; Video Wall / Multiview; Video Processing; Video wall processor; Preset wall processor; Dedicated video wall processor; 4K60 processor; video-wall; processor; HDR; Analog audio; Audio breakout; Ethernet / LAN; CEC control; IP / web control; IR control; RS-232 control; EDID management; HDCP support; Control room; Video wall, signage and multi-display processing",Video Wall; Processing; HDMI; Scaling; Video Wall / Multiview; HDR; Analog audio; Audio breakout; Ethernet / LAN; CEC control; IP / web control; IR control; RS-232 control; EDID management; HDCP support,"SW-0204-VW; 4K60Hz 4-Output Video Wall Processor - WyreStorm; Video Processor; Video processing hardware; Video Wall; Processing; HDMI; Scaling; Primary hardware; Video Wall / Multiview; Video Processing; Video wall processor; Preset wall processor; Dedicated video wall processor; 4K60 processor; Video wall layout processing; video-wall; processor; HDR; Analog audio; Audio breakout; Ethernet / LAN; CEC control; IP / web control; IR control; RS-232 control; EDID management; HDCP support; Control room; Video wall, signage and multi-display processing",
SW-0206-VW,Yes,WyreStorm SW-0206-VW 4K60 Video Wall Processor,WyreStorm SW-0206-VW 4K60 Video Wall Processor,Video Processor,Primary hardware,Video Wall / Multiview,Video Wall / Multiview,primary-hardware,default,product-manager-profile:wyrestorm-product-manager-v1,"WyreStorm SW-0206-VW is a 4K60 video wall processor with 2 HDMI inputs, 6 outputs, scaling, ultra-wide support, and Web UI control. Ideal for signage, retail, and control rooms.",Video Wall; Processing; HDMI; Scaling; Video Wall / Multiview; Video Processing; Video wall processor; Multi-output wall processor; Dedicated video wall processor; 4K60 processor; HDR; Analog audio; Audio breakout; USB-C power delivery; Ethernet / LAN; CEC control; IP / web control; IR control; RS-232 control; EDID management; HDCP support,Video Wall; Processing; HDMI; Scaling; Video Wall / Multiview; video-wall; processor; HDR; Analog audio; Audio breakout; USB-C power delivery; Ethernet / LAN; CEC control; IP / web control; IR control; RS-232 control; EDID management; HDCP support,"Video Wall; Processing; HDMI; Scaling; Video Wall / Multiview; Video Processing; Video wall processor; Multi-output wall processor; Dedicated video wall processor; 4K60 processor; video-wall; processor; HDR; Analog audio; Audio breakout; USB-C power delivery; Ethernet / LAN; CEC control; IP / web control; IR control; RS-232 control; EDID management; HDCP support; Control room; Digital signage; Video wall, signage and multi-display processing",Video Wall; Processing; HDMI; Scaling; Video Wall / Multiview; HDR; Analog audio; Audio breakout; USB-C power delivery; Ethernet / LAN; CEC control; IP / web control; IR control; RS-232 control; EDID management; HDCP support,"SW-0206-VW; WyreStorm SW-0206-VW 4K60 Video Wall Processor; Video Processor; Video processing hardware; Video Wall; Processing; HDMI; Scaling; Primary hardware; Video Wall / Multiview; Video Processing; Video wall processor; Multi-output wall processor; Dedicated video wall processor; 4K60 processor; Video wall layout processing; video-wall; processor; HDR; Analog audio; Audio breakout; USB-C power delivery; Ethernet / LAN; CEC control; IP / web control; IR control; RS-232 control; EDID management; HDCP support; Control room; Digital signage; Video wall, signage and multi-display processing",
SW-120-TX3,Yes,Synergy 2-input 4K60Hz HDBaseT 3.0 Switching Transmitter with USB-C Charging and CEC Trigger - WyreStorm,Synergy 2-input 4K60Hz HDBaseT 3.0 Switching Transmitter with USB-C Charging and CEC Trigger - WyreStorm,Presentation / Room Core,Primary hardware,Presentation / Room Core,Presentation / Room Core,primary-hardware,default,product-manager-profile:wyrestorm-product-manager-v1,"2 inputs and powerful HDBaseT 3.0 transmission result is this powerful switching transmitter, perfect for higher education classroom/lecture hall and corporate environments. Automatic or manual switching of HDMI or USB-C and CEC power triggering via HDBaseT means a simple user experience when it matters most. Further functionality allows USB devices to be routed back to the source via USB host (or natively via USB-C) alongside 3 additional USB device ports locally available for a total of 6 devices that can simulta...",Video Wall; Processing; HDBaseT; USB-C; USB; HDMI; Presentation / Room Core; Presentation switcher; HDBaseT room switcher; Room source switcher; DisplayPort; HDBaseT 3.0; HDR; USB-C video input; Analog audio; KVM / USB extension; USB 2.0; USB 3.x; USB routing / switching; USB-C power delivery; Ethernet / LAN; CEC control; IP / web control; IR control; RS-232 control; EDID management; HDCP support; PoE / PoH / PoC,Video Wall; Processing; HDBaseT; USB-C; USB; HDMI; Presentation / Room Core; presentation-switcher; DisplayPort; HDBaseT 3.0; HDR; USB-C video input; Analog audio; KVM / USB extension; USB 2.0; USB 3.x; USB routing / switching; USB-C power delivery; Ethernet / LAN; CEC control; IP / web control; IR control; RS-232 control; EDID management; HDCP support; PoE / PoH / PoC,"Video Wall; Processing; HDBaseT; USB-C; USB; HDMI; Presentation / Room Core; Presentation switcher; HDBaseT room switcher; Room source switcher; presentation-switcher; DisplayPort; HDBaseT 3.0; HDR; USB-C video input; Analog audio; KVM / USB extension; USB 2.0; USB 3.x; USB routing / switching; USB-C power delivery; Ethernet / LAN; CEC control; IP / web control; IR control; RS-232 control; EDID management; HDCP support; PoE / PoH / PoC; Classroom / lecture; BYOD presentation; Meeting room, classroom and BYOD presentation workflows",Video Wall; Processing; HDBaseT; USB-C; USB; HDMI; Presentation / Room Core; DisplayPort; HDBaseT 3.0; HDR; USB-C video input; Analog audio; KVM / USB extension; USB 2.0; USB 3.x; USB routing / switching; USB-C power delivery; Ethernet / LAN; CEC control; IP / web control; IR control; RS-232 control; EDID management; HDCP support; PoE / PoH / PoC,"SW-120-TX3; Synergy 2-input 4K60Hz HDBaseT 3.0 Switching Transmitter with USB-C Charging and CEC Trigger - WyreStorm; Video Processor; Video processing hardware; Video Wall; Processing; HDBaseT; USB-C; USB; HDMI; Presentation / Room Core; Primary hardware; Presentation switcher; HDBaseT room switcher; Room source switcher; Room presentation and source switching core; presentation-switcher; DisplayPort; HDBaseT 3.0; HDR; USB-C video input; Analog audio; KVM / USB extension; USB 2.0; USB 3.x; USB routing / switching; USB-C power delivery; Ethernet / LAN; CEC control; IP / web control; IR control; RS-232 control; EDID management; HDCP support; PoE / PoH / PoC; Classroom / lecture; BYOD presentation; Meeting room, classroom and BYOD presentation workflows",
SW-120-TX3-UK,Yes,Synergy 2-Input 4K60Hz HDBaseT 3.0 In-Wall Transmitter - WyreStorm,Synergy 2-Input 4K60Hz HDBaseT 3.0 In-Wall Transmitter - WyreStorm,Presentation / Room Core,Primary hardware,Presentation / Room Core,Presentation / Room Core,primary-hardware,default,product-manager-profile:wyrestorm-product-manager-v1,"2 inputs and powerful HDBaseT 3.0 transmission result is this powerful switching transmitter, perfect for higher education classroom/hall and corporate environments. Automatic or manual switching of HDMI or USB-C and CEC power triggering via HDBaseT means a simple user experience when it matters most. Further functionality allows USB devices to be routed back to the source via USB host (or natively via USB-C) and charging for the connected USB-C device.",Video Wall; Processing; HDBaseT; USB-C; USB; HDMI; Presentation / Room Core; Presentation switcher; In-wall transmitter / switcher; Room source switcher; DisplayPort; HDBaseT 3.0; HDR; USB-C video input; Analog audio; KVM / USB extension; USB 2.0; USB 3.x; USB routing / switching; USB-C power delivery; Ethernet / LAN; CEC control; IP / web control; IR control; RS-232 control; EDID management; HDCP support; PoE / PoH / PoC; In-wall installation,Video Wall; Processing; HDBaseT; USB-C; USB; HDMI; Presentation / Room Core; presentation-switcher; DisplayPort; HDBaseT 3.0; HDR; USB-C video input; Analog audio; KVM / USB extension; USB 2.0; USB 3.x; USB routing / switching; USB-C power delivery; Ethernet / LAN; CEC control; IP / web control; IR control; RS-232 control; EDID management; HDCP support; PoE / PoH / PoC; In-wall installation,"Video Wall; Processing; HDBaseT; USB-C; USB; HDMI; Presentation / Room Core; Presentation switcher; In-wall transmitter / switcher; Room source switcher; presentation-switcher; DisplayPort; HDBaseT 3.0; HDR; USB-C video input; Analog audio; KVM / USB extension; USB 2.0; USB 3.x; USB routing / switching; USB-C power delivery; Ethernet / LAN; CEC control; IP / web control; IR control; RS-232 control; EDID management; HDCP support; PoE / PoH / PoC; In-wall installation; Classroom / lecture; BYOD presentation; Meeting room, classroom and BYOD presentation workflows",Video Wall; Processing; HDBaseT; USB-C; USB; HDMI; Presentation / Room Core; DisplayPort; HDBaseT 3.0; HDR; USB-C video input; Analog audio; KVM / USB extension; USB 2.0; USB 3.x; USB routing / switching; USB-C power delivery; Ethernet / LAN; CEC control; IP / web control; IR control; RS-232 control; EDID management; HDCP support; PoE / PoH / PoC; In-wall installation,"SW-120-TX3-UK; Synergy 2-Input 4K60Hz HDBaseT 3.0 In-Wall Transmitter - WyreStorm; Video Processor; Video processing hardware; Video Wall; Processing; HDBaseT; USB-C; USB; HDMI; Presentation / Room Core; Primary hardware; Presentation switcher; In-wall transmitter / switcher; Room source switcher; Room presentation and source switching core; presentation-switcher; DisplayPort; HDBaseT 3.0; HDR; USB-C video input; Analog audio; KVM / USB extension; USB 2.0; USB 3.x; USB routing / switching; USB-C power delivery; Ethernet / LAN; CEC control; IP / web control; IR control; RS-232 control; EDID management; HDCP support; PoE / PoH / PoC; In-wall installation; Classroom / lecture; BYOD presentation; Meeting room, classroom and BYOD presentation workflows",
SW-120-TX3-US,Yes,Synergy 2-Input 4K60Hz HDBaseT 3.0 In-Wall Transmitter - WyreStorm,Synergy 2-Input 4K60Hz HDBaseT 3.0 In-Wall Transmitter - WyreStorm,Presentation / Room Core,Primary hardware,Presentation / Room Core,Presentation / Room Core,primary-hardware,default,product-manager-profile:wyrestorm-product-manager-v1,"2 inputs and powerful HDBaseT 3.0 transmission result is this powerful switching transmitter, perfect for higher education classroom/hall and corporate environments. Automatic or manual switching of HDMI or USB-C and CEC power triggering via HDBaseT means a simple user experience when it matters most. Further functionality allows USB devices to be routed back to the source via USB host (or natively via USB-C) and charging for the connected USB-C device.",Video Wall; Processing; HDBaseT; USB-C; USB; HDMI; Presentation / Room Core; Presentation switcher; In-wall transmitter / switcher; Room source switcher; DisplayPort; HDBaseT 3.0; HDR; USB-C video input; Analog audio; KVM / USB extension; USB 2.0; USB 3.x; USB routing / switching; USB-C power delivery; Ethernet / LAN; CEC control; IP / web control; IR control; RS-232 control; EDID management; HDCP support; PoE / PoH / PoC; In-wall installation,Video Wall; Processing; HDBaseT; USB-C; USB; HDMI; Presentation / Room Core; presentation-switcher; DisplayPort; HDBaseT 3.0; HDR; USB-C video input; Analog audio; KVM / USB extension; USB 2.0; USB 3.x; USB routing / switching; USB-C power delivery; Ethernet / LAN; CEC control; IP / web control; IR control; RS-232 control; EDID management; HDCP support; PoE / PoH / PoC; In-wall installation,"Video Wall; Processing; HDBaseT; USB-C; USB; HDMI; Presentation / Room Core; Presentation switcher; In-wall transmitter / switcher; Room source switcher; presentation-switcher; DisplayPort; HDBaseT 3.0; HDR; USB-C video input; Analog audio; KVM / USB extension; USB 2.0; USB 3.x; USB routing / switching; USB-C power delivery; Ethernet / LAN; CEC control; IP / web control; IR control; RS-232 control; EDID management; HDCP support; PoE / PoH / PoC; In-wall installation; Classroom / lecture; BYOD presentation; Meeting room, classroom and BYOD presentation workflows",Video Wall; Processing; HDBaseT; USB-C; USB; HDMI; Presentation / Room Core; DisplayPort; HDBaseT 3.0; HDR; USB-C video input; Analog audio; KVM / USB extension; USB 2.0; USB 3.x; USB routing / switching; USB-C power delivery; Ethernet / LAN; CEC control; IP / web control; IR control; RS-232 control; EDID management; HDCP support; PoE / PoH / PoC; In-wall installation,"SW-120-TX3-US; Synergy 2-Input 4K60Hz HDBaseT 3.0 In-Wall Transmitter - WyreStorm; Video Processor; Video processing hardware; Video Wall; Processing; HDBaseT; USB-C; USB; HDMI; Presentation / Room Core; Primary hardware; Presentation switcher; In-wall transmitter / switcher; Room source switcher; Room presentation and source switching core; presentation-switcher; DisplayPort; HDBaseT 3.0; HDR; USB-C video input; Analog audio; KVM / USB extension; USB 2.0; USB 3.x; USB routing / switching; USB-C power delivery; Ethernet / LAN; CEC control; IP / web control; IR control; RS-232 control; EDID management; HDCP support; PoE / PoH / PoC; In-wall installation; Classroom / lecture; BYOD presentation; Meeting room, classroom and BYOD presentation workflows",
SW-130-TX-UK,Yes,3-Input In-wall HDBaseT Transmitter (2-gang UK) - WyreStorm,3-Input In-wall HDBaseT Transmitter (2-gang UK) - WyreStorm,Presentation / Room Core,Primary hardware,Presentation / Room Core,Presentation / Room Core,primary-hardware,default,product-manager-profile:wyrestorm-product-manager-v1,"3 inputs and powerful HDBaseT transmission result is this powerful switching transmitter, perfect for corporate meeting and classroom environments. Automatic or manual switching of 2 HDMI’s or USB-C and CEC power triggering via HDBaseT mean a simple user experience when it matters most. Further functionality allows USB devices to be routed back to the source via USB host (or natively via USB-C) and charging for the connected USB-C device.",Video Wall; Processing; HDBaseT; USB-C; USB; HDMI; Presentation / Room Core; Presentation switcher; In-wall transmitter / switcher; Room source switcher; DisplayPort; HDR; USB-C video input; Analog audio; USB 3.x; USB routing / switching; Ethernet / LAN; NDI; CEC control; IR control; RS-232 control; EDID management; HDCP support; PoE / PoH / PoC; In-wall installation,Video Wall; Processing; HDBaseT; USB-C; USB; HDMI; Presentation / Room Core; presentation-switcher; DisplayPort; HDR; USB-C video input; Analog audio; USB 3.x; USB routing / switching; Ethernet / LAN; NDI; CEC control; IR control; RS-232 control; EDID management; HDCP support; PoE / PoH / PoC; In-wall installation,"Video Wall; Processing; HDBaseT; USB-C; USB; HDMI; Presentation / Room Core; Presentation switcher; In-wall transmitter / switcher; Room source switcher; presentation-switcher; DisplayPort; HDR; USB-C video input; Analog audio; USB 3.x; USB routing / switching; Ethernet / LAN; NDI; CEC control; IR control; RS-232 control; EDID management; HDCP support; PoE / PoH / PoC; In-wall installation; Meeting room; Classroom / lecture; BYOD presentation; BYOM / UC; Meeting room, classroom and BYOD presentation workflows",Video Wall; Processing; HDBaseT; USB-C; USB; HDMI; Presentation / Room Core; DisplayPort; HDR; USB-C video input; Analog audio; USB 3.x; USB routing / switching; Ethernet / LAN; NDI; CEC control; IR control; RS-232 control; EDID management; HDCP support; PoE / PoH / PoC; In-wall installation,"SW-130-TX-UK; 3-Input In-wall HDBaseT Transmitter (2-gang UK) - WyreStorm; Video Processor; Video processing hardware; Video Wall; Processing; HDBaseT; USB-C; USB; HDMI; Presentation / Room Core; Primary hardware; Presentation switcher; In-wall transmitter / switcher; Room source switcher; Room presentation and source switching core; presentation-switcher; DisplayPort; HDR; USB-C video input; Analog audio; USB 3.x; USB routing / switching; Ethernet / LAN; NDI; CEC control; IR control; RS-232 control; EDID management; HDCP support; PoE / PoH / PoC; In-wall installation; Meeting room; Classroom / lecture; BYOD presentation; BYOM / UC; Meeting room, classroom and BYOD presentation workflows",
SW-130-TX-US,Yes,3-Input In-wall HDBaseT Transmitter (2-gang US) - WyreStorm,3-Input In-wall HDBaseT Transmitter (2-gang US) - WyreStorm,Presentation / Room Core,Primary hardware,Presentation / Room Core,Presentation / Room Core,primary-hardware,default,product-manager-profile:wyrestorm-product-manager-v1,"3 inputs and powerful HDBaseT transmission result is this powerful switching transmitter, perfect for corporate meeting and classroom environments. Automatic or manual switching of 2 HDMI’s or USB-C and CEC power triggering via HDBaseT mean a simple user experience when it matters most. Further functionality allows USB devices to be routed back to the source via USB host (or natively via USB-C) and charging for the connected USB-C device.",Video Wall; Processing; HDBaseT; USB-C; USB; HDMI; Presentation / Room Core; Presentation switcher; In-wall transmitter / switcher; Room source switcher; DisplayPort; HDR; USB-C video input; Analog audio; USB 3.x; USB routing / switching; Ethernet / LAN; NDI; CEC control; IR control; RS-232 control; EDID management; HDCP support; PoE / PoH / PoC; In-wall installation,Video Wall; Processing; HDBaseT; USB-C; USB; HDMI; Presentation / Room Core; presentation-switcher; DisplayPort; HDR; USB-C video input; Analog audio; USB 3.x; USB routing / switching; Ethernet / LAN; NDI; CEC control; IR control; RS-232 control; EDID management; HDCP support; PoE / PoH / PoC; In-wall installation,"Video Wall; Processing; HDBaseT; USB-C; USB; HDMI; Presentation / Room Core; Presentation switcher; In-wall transmitter / switcher; Room source switcher; presentation-switcher; DisplayPort; HDR; USB-C video input; Analog audio; USB 3.x; USB routing / switching; Ethernet / LAN; NDI; CEC control; IR control; RS-232 control; EDID management; HDCP support; PoE / PoH / PoC; In-wall installation; Meeting room; Classroom / lecture; BYOD presentation; BYOM / UC; Meeting room, classroom and BYOD presentation workflows",Video Wall; Processing; HDBaseT; USB-C; USB; HDMI; Presentation / Room Core; DisplayPort; HDR; USB-C video input; Analog audio; USB 3.x; USB routing / switching; Ethernet / LAN; NDI; CEC control; IR control; RS-232 control; EDID management; HDCP support; PoE / PoH / PoC; In-wall installation,"SW-130-TX-US; 3-Input In-wall HDBaseT Transmitter (2-gang US) - WyreStorm; Video Processor; Video processing hardware; Video Wall; Processing; HDBaseT; USB-C; USB; HDMI; Presentation / Room Core; Primary hardware; Presentation switcher; In-wall transmitter / switcher; Room source switcher; Room presentation and source switching core; presentation-switcher; DisplayPort; HDR; USB-C video input; Analog audio; USB 3.x; USB routing / switching; Ethernet / LAN; NDI; CEC control; IR control; RS-232 control; EDID management; HDCP support; PoE / PoH / PoC; In-wall installation; Meeting room; Classroom / lecture; BYOD presentation; BYOM / UC; Meeting room, classroom and BYOD presentation workflows",
SW-220-TX-W,Yes,Wireless Presentation System for Seamless Presentations,Wireless Presentation System for Seamless Presentations,Presentation / Room Core,Primary hardware,Presentation / Room Core,Presentation / Room Core,primary-hardware,default,product-manager-profile:wyrestorm-product-manager-v1,"Wireless Presentation System offers smooth, cable-free presentations, ideal for meetings, classrooms, and conferences. Enhance your display experience today!",Video Wall; Processing; Seamless Switching; Wireless Casting; Presentation / Room Core; Wireless presentation switcher; Room switcher; Room source switcher; HDMI; USB-C video input; Analog audio; USB 2.0; USB 3.x; USB-C; Ethernet / LAN; CEC control; IP / web control; IR control; EDID management; HDCP support; Wireless presentation,Video Wall; Processing; Seamless Switching; Wireless Casting; Presentation / Room Core; presentation-switcher; wireless; HDMI; USB-C video input; Analog audio; USB 2.0; USB 3.x; USB-C; Ethernet / LAN; CEC control; IP / web control; IR control; EDID management; HDCP support; Wireless presentation,"Video Wall; Processing; Seamless Switching; Wireless Casting; Presentation / Room Core; Wireless presentation switcher; Room switcher; Room source switcher; presentation-switcher; wireless; HDMI; USB-C video input; Analog audio; USB 2.0; USB 3.x; USB-C; Ethernet / LAN; CEC control; IP / web control; IR control; EDID management; HDCP support; Wireless presentation; Classroom / lecture; BYOD presentation; BYOM / UC; Meeting room, classroom and BYOD presentation workflows",Video Wall; Processing; Seamless Switching; Wireless Casting; Presentation / Room Core; HDMI; USB-C video input; Analog audio; USB 2.0; USB 3.x; USB-C; Ethernet / LAN; CEC control; IP / web control; IR control; EDID management; HDCP support; Wireless presentation; Wireless,"SW-220-TX-W; Wireless Presentation System for Seamless Presentations; Video Processor; Video processing hardware; Video Wall; Processing; Seamless Switching; Wireless Casting; Presentation / Room Core; Primary hardware; Wireless presentation switcher; Room switcher; Room source switcher; Room presentation and source switching core; presentation-switcher; wireless; HDMI; USB-C video input; Analog audio; USB 2.0; USB 3.x; USB-C; Ethernet / LAN; CEC control; IP / web control; IR control; EDID management; HDCP support; Wireless presentation; Classroom / lecture; BYOD presentation; BYOM / UC; Meeting room, classroom and BYOD presentation workflows",
SW-540-TX-W,Yes,4x2 4K HDBaseT Switcher with Wireless Casting - WyreStorm,4x2 4K HDBaseT Switcher with Wireless Casting - WyreStorm,Presentation / Room Core,Primary hardware,Presentation / Room Core,Presentation / Room Core,primary-hardware,default,product-manager-profile:wyrestorm-product-manager-v1,"DISCONTINUED The SW-540-TX-W is the perfect presentation switcher that meets the demanding requirements for today’s meeting spaces and conference rooms. The SW-540-TX-W is fully loaded with connectivity options, including VGA, HDMI and USB-C to ensure every laptop is compatible. In addition to the wired inputs, built-in support for Apple Airplay and Miracast allows devices to screenshare wirelessly by connecting the switcher to an existing LAN or by utilizing the integrated wireless access point. Dual outputs via H...",Video Wall; Processing; HDBaseT; USB-C; USB; HDMI; Wireless Casting; Presentation / Room Core; Wireless presentation switcher; HDBaseT room switcher; Room source switcher; USB-C video input; Analog audio; DSP audio processing; USB 2.0; USB routing / switching; Ethernet / LAN; NDI; CEC control; IP / web control; IR control; RS-232 control; EDID management; HDCP support; Multiview; Camera; Speakerphone; Wireless presentation,Video Wall; Processing; HDBaseT; USB-C; USB; HDMI; Wireless Casting; Presentation / Room Core; presentation-switcher; wireless; USB-C video input; Analog audio; DSP audio processing; USB 2.0; USB routing / switching; Ethernet / LAN; NDI; CEC control; IP / web control; IR control; RS-232 control; EDID management; HDCP support; Multiview; Camera; Speakerphone; Wireless presentation,"Video Wall; Processing; HDBaseT; USB-C; USB; HDMI; Wireless Casting; Presentation / Room Core; Wireless presentation switcher; HDBaseT room switcher; Room source switcher; presentation-switcher; wireless; USB-C video input; Analog audio; DSP audio processing; USB 2.0; USB routing / switching; Ethernet / LAN; NDI; CEC control; IP / web control; IR control; RS-232 control; EDID management; HDCP support; Multiview; Camera; Speakerphone; Wireless presentation; Meeting room; BYOD presentation; BYOM / UC; Audio reinforcement; Meeting room, classroom and BYOD presentation workflows",Video Wall; Processing; HDBaseT; USB-C; USB; HDMI; Wireless Casting; Presentation / Room Core; USB-C video input; Analog audio; DSP audio processing; USB 2.0; USB routing / switching; Ethernet / LAN; NDI; CEC control; IP / web control; IR control; RS-232 control; EDID management; HDCP support; Multiview; Camera; Speakerphone; Wireless presentation; Wireless,"SW-540-TX-W; 4x2 4K HDBaseT Switcher with Wireless Casting - WyreStorm; Video Processor; Video processing hardware; Video Wall; Processing; HDBaseT; USB-C; USB; HDMI; Wireless Casting; Presentation / Room Core; Primary hardware; Wireless presentation switcher; HDBaseT room switcher; Room source switcher; Room presentation and source switching core; presentation-switcher; wireless; USB-C video input; Analog audio; DSP audio processing; USB 2.0; USB routing / switching; Ethernet / LAN; NDI; CEC control; IP / web control; IR control; RS-232 control; EDID management; HDCP support; Multiview; Camera; Speakerphone; Wireless presentation; Meeting room; BYOD presentation; BYOM / UC; Audio reinforcement; Meeting room, classroom and BYOD presentation workflows",
SW-620-TX-W,Yes,Wireless Conferencing Solutions for Seamless Communication,Wireless Conferencing Solutions for Seamless Communication,Unified Comms,Primary hardware,Unified Comms,Unified Comms,primary-hardware,default,product-manager-profile:wyrestorm-product-manager-v1,"Wireless Conferencing offers hassle-free, high-quality meetings with cutting-edge technology for effective communication and collaboration.",Video Wall; Processing; Seamless Switching; Wireless Casting; Unified Comms; Unified Communications; Wireless presentation switcher; Room switcher; Room source switcher; Dual-display / MST capable; HDMI; USB-C video input; Analog audio; Audio breakout; DSP audio processing; USB 3.x; USB-C; USB-C power delivery; Ethernet / LAN; CEC control; IP / web control; IR control; RS-232 control; EDID management; HDCP support; Multiview; Tabletop / room installation; Video bar; Wireless conferencing; Wireless presentation,Video Wall; Processing; Seamless Switching; Wireless Casting; Unified Comms; presentation-switcher; wireless; uc; HDMI; USB-C video input; Analog audio; Audio breakout; DSP audio processing; USB 3.x; USB-C; USB-C power delivery; Ethernet / LAN; CEC control; IP / web control; IR control; RS-232 control; EDID management; HDCP support; Multiview; Tabletop / room installation; Video bar; Wireless conferencing; Wireless presentation,"Video Wall; Processing; Seamless Switching; Wireless Casting; Unified Comms; Unified Communications; Wireless presentation switcher; Room switcher; Room source switcher; Dual-display / MST capable; presentation-switcher; wireless; uc; HDMI; USB-C video input; Analog audio; Audio breakout; DSP audio processing; USB 3.x; USB-C; USB-C power delivery; Ethernet / LAN; CEC control; IP / web control; IR control; RS-232 control; EDID management; HDCP support; Multiview; Tabletop / room installation; Video bar; Wireless conferencing; Wireless presentation; BYOD presentation; Meeting room, classroom and BYOD presentation workflows",Video Wall; Processing; Seamless Switching; Wireless Casting; Unified Comms; HDMI; USB-C video input; Analog audio; Audio breakout; DSP audio processing; USB 3.x; USB-C; USB-C power delivery; Ethernet / LAN; CEC control; IP / web control; IR control; RS-232 control; EDID management; HDCP support; Multiview; Tabletop / room installation; Video bar; Wireless conferencing; Wireless presentation; Wireless,"SW-620-TX-W; Wireless Conferencing Solutions for Seamless Communication; Video Processor; Video processing hardware; Video Wall; Processing; Seamless Switching; Wireless Casting; Unified Comms; Primary hardware; Unified Communications; Wireless presentation switcher; Room switcher; Room source switcher; Dual-display / MST capable; Room presentation and source switching core; presentation-switcher; wireless; uc; HDMI; USB-C video input; Analog audio; Audio breakout; DSP audio processing; USB 3.x; USB-C; USB-C power delivery; Ethernet / LAN; CEC control; IP / web control; IR control; RS-232 control; EDID management; HDCP support; Multiview; Tabletop / room installation; Video bar; Wireless conferencing; Wireless presentation; BYOD presentation; Meeting room, classroom and BYOD presentation workflows",
SW-640L-TX-W,Yes,Wireless Conferencing Solutions for Seamless Communication,Wireless Conferencing Solutions for Seamless Communication,Unified Comms,Primary hardware,Unified Comms,Unified Comms,primary-hardware,default,product-manager-profile:wyrestorm-product-manager-v1,"Wireless Conferencing offers hassle-free, high-quality meetings with cutting-edge technology for effective communication and collaboration.",Video Wall; Processing; Seamless Switching; Wireless Casting; Unified Comms; Unified Communications; Wireless presentation switcher; Room switcher; Room source switcher; Dual-display / MST capable; HDMI; USB-C video input; Analog audio; USB 2.0; USB 3.x; USB routing / switching; USB-C; USB-C power delivery; Ethernet / LAN; IP / web control; IR control; Relay / I/O control; RS-232 control; HDCP support; Multiview; Camera; Speakerphone; Wireless conferencing; Wireless presentation,Video Wall; Processing; Seamless Switching; Wireless Casting; Unified Comms; presentation-switcher; wireless; uc; HDMI; USB-C video input; Analog audio; USB 2.0; USB 3.x; USB routing / switching; USB-C; USB-C power delivery; Ethernet / LAN; IP / web control; IR control; Relay / I/O control; RS-232 control; HDCP support; Multiview; Camera; Speakerphone; Wireless conferencing; Wireless presentation,"Video Wall; Processing; Seamless Switching; Wireless Casting; Unified Comms; Unified Communications; Wireless presentation switcher; Room switcher; Room source switcher; Dual-display / MST capable; presentation-switcher; wireless; uc; HDMI; USB-C video input; Analog audio; USB 2.0; USB 3.x; USB routing / switching; USB-C; USB-C power delivery; Ethernet / LAN; IP / web control; IR control; Relay / I/O control; RS-232 control; HDCP support; Multiview; Camera; Speakerphone; Wireless conferencing; Wireless presentation; BYOD presentation; BYOM / UC; Control room; Audio reinforcement; Meeting room, classroom and BYOD presentation workflows",Video Wall; Processing; Seamless Switching; Wireless Casting; Unified Comms; HDMI; USB-C video input; Analog audio; USB 2.0; USB 3.x; USB routing / switching; USB-C; USB-C power delivery; Ethernet / LAN; IP / web control; IR control; Relay / I/O control; RS-232 control; HDCP support; Multiview; Camera; Speakerphone; Wireless conferencing; Wireless presentation; Wireless,"SW-640L-TX-W; Wireless Conferencing Solutions for Seamless Communication; Video Processor; Video processing hardware; Video Wall; Processing; Seamless Switching; Wireless Casting; Unified Comms; Primary hardware; Unified Communications; Wireless presentation switcher; Room switcher; Room source switcher; Dual-display / MST capable; Room presentation and source switching core; presentation-switcher; wireless; uc; HDMI; USB-C video input; Analog audio; USB 2.0; USB 3.x; USB routing / switching; USB-C; USB-C power delivery; Ethernet / LAN; IP / web control; IR control; Relay / I/O control; RS-232 control; HDCP support; Multiview; Camera; Speakerphone; Wireless conferencing; Wireless presentation; BYOD presentation; BYOM / UC; Control room; Audio reinforcement; Meeting room, classroom and BYOD presentation workflows",
SW-740-TX,Yes,4-Input 4K60 DSC HDBaseT Switcher with USB - WyreStorm,4-Input 4K60 DSC HDBaseT Switcher with USB - WyreStorm,Presentation / Room Core,Primary hardware,Presentation / Room Core,Presentation / Room Core,primary-hardware,default,product-manager-profile:wyrestorm-product-manager-v1,"DISCONTINUED Utilizing the best in HDBaseT technology, the SW-740-TX harnesses the power of the Class C specification to deliver 5-play functionality over 100m/328ft of Cat6 cable. 4K/UHD video, Ethernet, Control & Power (PoH) can be sent to a remote display location via a compatible receiver whilst USB2.0 device data can be fed back via the USB host or USB-C ports to a connected source. The SW-740-TX has 4 switchable source inputs: 2 HDMIs supporting 18Gbps video up to 2160p 8-bit RGB/4:4:4 thanks to DSC compressi...",Video Wall; Processing; HDBaseT; USB-C; USB; HDMI; Presentation / Room Core; Presentation switcher; HDBaseT room switcher; Room source switcher; USB-C video input; Analog audio; KVM / USB extension; USB 2.0; USB 3.x; USB routing / switching; USB-C power delivery; Ethernet / LAN; NDI; CEC control; IP / web control; IR control; RS-232 control; EDID management; HDCP support; Scaling; PoE / PoH / PoC,Video Wall; Processing; HDBaseT; USB-C; USB; HDMI; Presentation / Room Core; presentation-switcher; USB-C video input; Analog audio; KVM / USB extension; USB 2.0; USB 3.x; USB routing / switching; USB-C power delivery; Ethernet / LAN; NDI; CEC control; IP / web control; IR control; RS-232 control; EDID management; HDCP support; Scaling; PoE / PoH / PoC,"Video Wall; Processing; HDBaseT; USB-C; USB; HDMI; Presentation / Room Core; Presentation switcher; HDBaseT room switcher; Room source switcher; presentation-switcher; USB-C video input; Analog audio; KVM / USB extension; USB 2.0; USB 3.x; USB routing / switching; USB-C power delivery; Ethernet / LAN; NDI; CEC control; IP / web control; IR control; RS-232 control; EDID management; HDCP support; Scaling; PoE / PoH / PoC; BYOD presentation; Meeting room, classroom and BYOD presentation workflows",Video Wall; Processing; HDBaseT; USB-C; USB; HDMI; Presentation / Room Core; USB-C video input; Analog audio; KVM / USB extension; USB 2.0; USB 3.x; USB routing / switching; USB-C power delivery; Ethernet / LAN; NDI; CEC control; IP / web control; IR control; RS-232 control; EDID management; HDCP support; Scaling; PoE / PoH / PoC,"SW-740-TX; 4-Input 4K60 DSC HDBaseT Switcher with USB - WyreStorm; Video Processor; Video processing hardware; Video Wall; Processing; HDBaseT; USB-C; USB; HDMI; Presentation / Room Core; Primary hardware; Presentation switcher; HDBaseT room switcher; Room source switcher; Room presentation and source switching core; presentation-switcher; USB-C video input; Analog audio; KVM / USB extension; USB 2.0; USB 3.x; USB routing / switching; USB-C power delivery; Ethernet / LAN; NDI; CEC control; IP / web control; IR control; RS-232 control; EDID management; HDCP support; Scaling; PoE / PoH / PoC; BYOD presentation; Meeting room, classroom and BYOD presentation workflows",
SWX-100-HDBT3,Yes,SW-120-TX3 Transmitter and RX3-100 Receiver Kit - WyreStorm,SW-120-TX3 Transmitter and RX3-100 Receiver Kit - WyreStorm,Extender / HDBaseT,Endpoint hardware,Extender / HDBaseT,Extender / HDBaseT,endpoint-hardware,default,product-manager-profile:wyrestorm-product-manager-v1,"Introducing HDBaseT 3.0 Bundled Kits! Simplify your setup with our all-in-one 4K60 4:4:4 HDBaseT 3.0 packages and experience uncompressed 4K60 AV up to 100m! Perfect for installers and end-users, with zero latency!",HDBaseT; Accessory; Extender / HDBaseT; Extension; HDBaseT extender; Receiver; Signal extension endpoint; HDBaseT 3.0,HDBaseT; Accessory; Extender / HDBaseT; extender; receiver; transmitter; HDBaseT 3.0,"HDBaseT; Accessory; Extender / HDBaseT; Extension; HDBaseT extender; Receiver; Signal extension endpoint; HDBaseT 3.0; extender; transmitter; Point-to-point extension; Long-distance video, USB, control and network transport",HDBaseT; Accessory; HDBaseT 3.0,"SWX-100-HDBT3; SW-120-TX3 Transmitter and RX3-100 Receiver Kit - WyreStorm; Product; Primary hardware; HDBaseT; Accessory; Extension; HDBaseT extender; Receiver; Signal extension endpoint; HDBaseT 3.0; Point-to-point extension; extender; transmitter; Long-distance video, USB, control and network transport",
SWX-100-IW-UK,Yes,In-Wall Kit with the SW-120-TX3-UK Transmitter and RX3-100 Receiver - WyreStorm,In-Wall Kit with the SW-120-TX3-UK Transmitter and RX3-100 Receiver - WyreStorm,Extender / HDBaseT,Endpoint hardware,Extender / HDBaseT,Extender / HDBaseT,endpoint-hardware,default,product-manager-profile:wyrestorm-product-manager-v1,"Introducing HDBaseT 3.0 Bundled Kits! Simplify your setup with our all-in-one 4K60 4:4:4 HDBaseT 3.0 packages and experience uncompressed 4K60 AV up to 100m! Perfect for installers and end-users, with zero latency!",HDBaseT; Accessory; Extender / HDBaseT; Extension; HDBaseT extender; Receiver; Signal extension endpoint; HDBaseT 3.0; In-wall installation,HDBaseT; Accessory; Extender / HDBaseT; extender; receiver; transmitter; HDBaseT 3.0; In-wall installation,"HDBaseT; Accessory; Extender / HDBaseT; Extension; HDBaseT extender; Receiver; Signal extension endpoint; HDBaseT 3.0; extender; transmitter; In-wall installation; Point-to-point extension; Long-distance video, USB, control and network transport",HDBaseT; Accessory; HDBaseT 3.0; In-wall installation,"SWX-100-IW-UK; In-Wall Kit with the SW-120-TX3-UK Transmitter and RX3-100 Receiver - WyreStorm; Product; Primary hardware; HDBaseT; Accessory; Extension; HDBaseT extender; Receiver; Signal extension endpoint; HDBaseT 3.0; Point-to-point extension; extender; transmitter; In-wall installation; Long-distance video, USB, control and network transport",
SWX-100-IW-US,Yes,In-Wall Kit with the SW-120-TX3-US Transmitter and RX3-100 Receiver - WyreStorm,In-Wall Kit with the SW-120-TX3-US Transmitter and RX3-100 Receiver - WyreStorm,Extender / HDBaseT,Endpoint hardware,Extender / HDBaseT,Extender / HDBaseT,endpoint-hardware,default,product-manager-profile:wyrestorm-product-manager-v1,"Introducing HDBaseT 3.0 Bundled Kits! Simplify your setup with our all-in-one 4K60 4:4:4 HDBaseT 3.0 packages and experience uncompressed 4K60 AV up to 100m! Perfect for installers and end-users, with zero latency!",HDBaseT; Accessory; Extender / HDBaseT; Extension; HDBaseT extender; Receiver; Signal extension endpoint; HDBaseT 3.0; In-wall installation,HDBaseT; Accessory; Extender / HDBaseT; extender; receiver; transmitter; HDBaseT 3.0; In-wall installation,"HDBaseT; Accessory; Extender / HDBaseT; Extension; HDBaseT extender; Receiver; Signal extension endpoint; HDBaseT 3.0; extender; transmitter; In-wall installation; Point-to-point extension; Long-distance video, USB, control and network transport",HDBaseT; Accessory; HDBaseT 3.0; In-wall installation,"SWX-100-IW-US; In-Wall Kit with the SW-120-TX3-US Transmitter and RX3-100 Receiver - WyreStorm; Product; Primary hardware; HDBaseT; Accessory; Extension; HDBaseT extender; Receiver; Signal extension endpoint; HDBaseT 3.0; Point-to-point extension; extender; transmitter; In-wall installation; Long-distance video, USB, control and network transport",
SYN-CTL-HUB,Yes,IP to RS232/Relay/IR Protocol Converter - WyreStorm,IP to RS232/Relay/IR Protocol Converter - WyreStorm,Audio / Control,System controller / conditional-default,Audio / Control,Audio / Control,system-controller,conditional-default,product-manager-profile:wyrestorm-product-manager-v1,"This versatile protocol converter is designed to integrate seamlessly with the Touch10 control pad, enabling the conversion of IP protocols to RS-232, Relay, and IR protocols over a wired LAN. It offers comprehensive control capabilities for various AV and automation devices while providing contact input detection and remote-control options via a network connection.",Seamless Switching; Audio / Control; Control; Control interface; Touch panel; Control device; USB-C power delivery; Ethernet / LAN; IP / web control; IR control; Relay / I/O control; RS-232 control; PoE / PoH / PoC,Seamless Switching; Audio / Control; control; touch; USB-C power delivery; Ethernet / LAN; IP / web control; IR control; Relay / I/O control; RS-232 control; PoE / PoH / PoC,Seamless Switching; Audio / Control; Control; Control interface; Touch panel; Control device; touch; USB-C power delivery; Ethernet / LAN; IP / web control; IR control; Relay / I/O control; RS-232 control; PoE / PoH / PoC; Room control and automation,Seamless Switching; Audio / Control; USB-C power delivery; Ethernet / LAN; IP / web control; IR control; Relay / I/O control; RS-232 control; PoE / PoH / PoC; IP; RS-232; IR; Relay,SYN-CTL-HUB; IP to RS232/Relay/IR Protocol Converter - WyreStorm; Product; Primary hardware; Seamless Switching; Audio / Control; System controller / conditional-default; Control; Control interface; Touch panel; Control device; User or protocol control interface; touch; USB-C power delivery; Ethernet / LAN; IP / web control; IR control; Relay / I/O control; RS-232 control; PoE / PoH / PoC; Room control and automation,
SYN-KEY10,Yes,Synergy 10-button Keypad Controller - WyreStorm,Synergy 10-button Keypad Controller - WyreStorm,Audio / Control,System controller / conditional-default,Audio / Control,Audio / Control,system-controller,conditional-default,product-manager-profile:wyrestorm-product-manager-v1,"The SYN-KEY10 is a simple single-room single gang RS-232 or IP control Keypad designed to be compatible with our Synergy presentation switchers and other 3rd party devices, to help create a complete solution. Up to 10 customizable keys can be programmed for single-action or multiple-action macro on one button. Build a kit with the SYN-KEY-10 with any of our Synergy products as an all-in-one solution or as a standalone controller for 3rd party devices.",Audio / Control; Control; Control interface; Keypad; Control device; HDMI 2.1 / 8K; Analog audio; Ethernet / LAN; IP / web control; IR control; RS-232 control; PoE / PoH / PoC,Audio / Control; control; keypad; HDMI 2.1 / 8K; Analog audio; Ethernet / LAN; IP / web control; IR control; RS-232 control; PoE / PoH / PoC,Audio / Control; Control; Control interface; Keypad; Control device; HDMI 2.1 / 8K; Analog audio; Ethernet / LAN; IP / web control; IR control; RS-232 control; PoE / PoH / PoC; Room control and automation,Audio / Control; HDMI 2.1 / 8K; Analog audio; Ethernet / LAN; IP / web control; IR control; RS-232 control; PoE / PoH / PoC; IP; RS-232; IR,SYN-KEY10; Synergy 10-button Keypad Controller - WyreStorm; Product; Primary hardware; Audio / Control; System controller / conditional-default; Control; Control interface; Keypad; Control device; User or protocol control interface; HDMI 2.1 / 8K; Analog audio; Ethernet / LAN; IP / web control; IR control; RS-232 control; PoE / PoH / PoC; Room control and automation,
SYN-KIT-130-EU,Yes,In-Wall Presentation Kit with Control (EU) - WyreStorm,In-Wall Presentation Kit with Control (EU) - WyreStorm,Presentation / Room Core,Primary hardware,Presentation / Room Core,Presentation / Room Core,primary-hardware,default,product-manager-profile:wyrestorm-product-manager-v1,"This Synergy kit provides an all-in-one solution for BYOD applications. Perfectly suited for education or corporate markets, this kit includes a 3-input HDBaseT in-wall transmitter, HDBaseT receiver and a 2.8” touchscreen controller. Use this kit to create a simple solution for conference rooms, huddle spaces, training rooms, lecture halls or anywhere users will bring their own devices to present.",HDBaseT; BYOD/BYOM; Presentation / Room Core; Presentation switcher; In-wall transmitter / switcher; Room source switcher; IR control; In-wall installation,HDBaseT; BYOD/BYOM; Presentation / Room Core; presentation-switcher; IR control; In-wall installation,"HDBaseT; BYOD/BYOM; Presentation / Room Core; Presentation switcher; In-wall transmitter / switcher; Room source switcher; presentation-switcher; IR control; In-wall installation; Meeting room; Classroom / lecture; BYOD presentation; BYOM / UC; Meeting room, classroom and BYOD presentation workflows",HDBaseT; BYOD/BYOM; Presentation / Room Core; IR control; In-wall installation; HDMI,"SYN-KIT-130-EU; In-Wall Presentation Kit with Control (EU) - WyreStorm; Product; Primary hardware; HDBaseT; BYOD/BYOM; Presentation / Room Core; Presentation switcher; In-wall transmitter / switcher; Room source switcher; Room presentation and source switching core; presentation-switcher; IR control; In-wall installation; Meeting room; Classroom / lecture; BYOD presentation; BYOM / UC; Meeting room, classroom and BYOD presentation workflows",
SYN-KIT-130-US,Yes,In-Wall Presentation Kit with Control - WyreStorm,In-Wall Presentation Kit with Control - WyreStorm,Presentation / Room Core,Primary hardware,Presentation / Room Core,Presentation / Room Core,primary-hardware,default,product-manager-profile:wyrestorm-product-manager-v1,"This Synergy kit provides an all-in-one solution for BYOD applications. Perfectly suited for education or corporate markets, this kit includes a 3-input HDBaseT in-wall transmitter, HDBaseT receiver and a 2.8” touchscreen controller. Use this kit to create a simple solution for conference rooms, huddle spaces, training rooms, lecture halls or anywhere users will bring their own devices to present.",HDBaseT; BYOD/BYOM; Presentation / Room Core; Presentation switcher; In-wall transmitter / switcher; Room source switcher; IR control; In-wall installation,HDBaseT; BYOD/BYOM; Presentation / Room Core; presentation-switcher; IR control; In-wall installation,"HDBaseT; BYOD/BYOM; Presentation / Room Core; Presentation switcher; In-wall transmitter / switcher; Room source switcher; presentation-switcher; IR control; In-wall installation; Meeting room; Classroom / lecture; BYOD presentation; BYOM / UC; Meeting room, classroom and BYOD presentation workflows",HDBaseT; BYOD/BYOM; Presentation / Room Core; IR control; In-wall installation; HDMI,"SYN-KIT-130-US; In-Wall Presentation Kit with Control - WyreStorm; Product; Primary hardware; HDBaseT; BYOD/BYOM; Presentation / Room Core; Presentation switcher; In-wall transmitter / switcher; Room source switcher; Room presentation and source switching core; presentation-switcher; IR control; In-wall installation; Meeting room; Classroom / lecture; BYOD presentation; BYOM / UC; Meeting room, classroom and BYOD presentation workflows",
SYN-KIT-510-EU,Yes,Advanced Presentation Kit with Control (EU) - WyreStorm,Advanced Presentation Kit with Control (EU) - WyreStorm,Presentation / Room Core,Primary hardware,Presentation / Room Core,Presentation / Room Core,primary-hardware,default,product-manager-profile:wyrestorm-product-manager-v1,"This Synergy kit provides an all-in-one solution for medium-sized presentation applications. Suited for corporate or education markets that require a comprehensive solution for AV distribution and control. This kit includes a 4-input HDBaseT switcher, a feature-packed HDBaseT receiver and a 2.8” touchscreen controller. Use this kit to create a robust solution for medium conference spaces, corporate boardrooms, training centers and many other presentation-based applications.",HDBaseT; Presentation / Room Core; Presentation switcher; HDBaseT room switcher; Room source switcher; DSP audio processing; IR control,HDBaseT; Presentation / Room Core; presentation-switcher; DSP audio processing; IR control,"HDBaseT; Presentation / Room Core; Presentation switcher; HDBaseT room switcher; Room source switcher; presentation-switcher; DSP audio processing; IR control; Meeting room; Classroom / lecture; BYOM / UC; Meeting room, classroom and BYOD presentation workflows",HDBaseT; Presentation / Room Core; DSP audio processing; IR control; HDMI,"SYN-KIT-510-EU; Advanced Presentation Kit with Control (EU) - WyreStorm; Product; Primary hardware; HDBaseT; Presentation / Room Core; Presentation switcher; HDBaseT room switcher; Room source switcher; Room presentation and source switching core; presentation-switcher; DSP audio processing; IR control; Meeting room; Classroom / lecture; BYOM / UC; Meeting room, classroom and BYOD presentation workflows",
SYN-KIT-510-US,Yes,Advanced Presentation Kit with Control - WyreStorm,Advanced Presentation Kit with Control - WyreStorm,Presentation / Room Core,Primary hardware,Presentation / Room Core,Presentation / Room Core,primary-hardware,default,product-manager-profile:wyrestorm-product-manager-v1,"This Synergy kit provides an all-in-one solution for medium-sized presentation applications. Suited for corporate or education markets that require a comprehensive solution for AV distribution and control. This kit includes a 4-input HDBaseT switcher, a feature-packed HDBaseT receiver and a 2.8” touchscreen controller. Use this kit to create a robust solution for medium conference spaces, corporate boardrooms, training centers and many other presentation-based applications.",HDBaseT; Presentation / Room Core; Presentation switcher; HDBaseT room switcher; Room source switcher; DSP audio processing; IR control,HDBaseT; Presentation / Room Core; presentation-switcher; DSP audio processing; IR control,"HDBaseT; Presentation / Room Core; Presentation switcher; HDBaseT room switcher; Room source switcher; presentation-switcher; DSP audio processing; IR control; Meeting room; Classroom / lecture; BYOM / UC; Meeting room, classroom and BYOD presentation workflows",HDBaseT; Presentation / Room Core; DSP audio processing; IR control; HDMI,"SYN-KIT-510-US; Advanced Presentation Kit with Control - WyreStorm; Product; Primary hardware; HDBaseT; Presentation / Room Core; Presentation switcher; HDBaseT room switcher; Room source switcher; Room presentation and source switching core; presentation-switcher; DSP audio processing; IR control; Meeting room; Classroom / lecture; BYOM / UC; Meeting room, classroom and BYOD presentation workflows",
SYN-TOUCH10,Yes,"Synergy 10.1"" All-In-One Touchpad Controller - WyreStorm","Synergy 10.1"" All-In-One Touchpad Controller - WyreStorm",Audio / Control,System controller / conditional-default,Audio / Control,Audio / Control,system-controller,conditional-default,product-manager-profile:wyrestorm-product-manager-v1,"The SYN-TOUCH10 is a powerful LAN-based touchpad controller, compatible with WyreStorm solutions and many other third-party LAN controllable devices. The SYN-TOUCH10 is a perfect solution for corporate and education environments by providing a comprehensive control experience for an entire room. The possibilities are endless with a fully programmable and customizable software environment that takes the hassle and frustration out of a typical control system experience. Two-way communication between devices allows fo...",Audio / Control; Control; Control interface; Touch panel; Control device; Microphone; USB 2.0; USB routing / switching; Ethernet / LAN; IP / web control; IR control; RS-232 control; PoE / PoH / PoC; Tabletop / room installation,Audio / Control; control; touch; Microphone; USB 2.0; USB routing / switching; Ethernet / LAN; IP / web control; IR control; RS-232 control; PoE / PoH / PoC; Tabletop / room installation,Audio / Control; Control; Control interface; Touch panel; Control device; touch; Microphone; USB 2.0; USB routing / switching; Ethernet / LAN; IP / web control; IR control; RS-232 control; PoE / PoH / PoC; Tabletop / room installation; Classroom / lecture; Audio reinforcement; Room control and automation,Audio / Control; Microphone; USB 2.0; USB routing / switching; Ethernet / LAN; IP / web control; IR control; RS-232 control; PoE / PoH / PoC; Tabletop / room installation; IP; RS-232; IR,"SYN-TOUCH10; Synergy 10.1"" All-In-One Touchpad Controller - WyreStorm; Software / Service; Software or service / request-only; Audio / Control; System controller / conditional-default; Control; Control interface; Touch panel; Control device; User or protocol control interface; touch; Microphone; USB 2.0; USB routing / switching; Ethernet / LAN; IP / web control; IR control; RS-232 control; PoE / PoH / PoC; Tabletop / room installation; Classroom / lecture; Audio reinforcement; Room control and automation",
SYN-TOUCH10-V2,Yes,"Synergy 10.1"" All-In-One Touchpad Controller - WyreStorm","Synergy 10.1"" All-In-One Touchpad Controller - WyreStorm",Audio / Control,System controller / conditional-default,Audio / Control,Audio / Control,system-controller,conditional-default,product-manager-profile:wyrestorm-product-manager-v1,"The SYN-TOUCH10 is a powerful LAN-based touchpad controller, compatible with WyreStorm solutions and many other third-party LAN controllable devices. The SYN-TOUCH10 is a perfect solution for corporate and education environments by providing a comprehensive control experience for an entire room. The possibilities are endless with a fully programmable and customizable software environment that takes the hassle and frustration out of a typical control system experience. Two-way communication between devices allows fo...",Audio / Control; Control; Control interface; Touch panel; Control device; Microphone; USB 3.x; USB routing / switching; Ethernet / LAN; IP / web control; IR control; RS-232 control; PoE / PoH / PoC; Tabletop / room installation,Audio / Control; control; touch; Microphone; USB 3.x; USB routing / switching; Ethernet / LAN; IP / web control; IR control; RS-232 control; PoE / PoH / PoC; Tabletop / room installation,Audio / Control; Control; Control interface; Touch panel; Control device; touch; Microphone; USB 3.x; USB routing / switching; Ethernet / LAN; IP / web control; IR control; RS-232 control; PoE / PoH / PoC; Tabletop / room installation; Classroom / lecture; Audio reinforcement; Room control and automation,Audio / Control; Microphone; USB 3.x; USB routing / switching; Ethernet / LAN; IP / web control; IR control; RS-232 control; PoE / PoH / PoC; Tabletop / room installation; IP; RS-232; IR,"SYN-TOUCH10-V2; Synergy 10.1"" All-In-One Touchpad Controller - WyreStorm; Software / Service; Software or service / request-only; Audio / Control; System controller / conditional-default; Control; Control interface; Touch panel; Control device; User or protocol control interface; touch; Microphone; USB 3.x; USB routing / switching; Ethernet / LAN; IP / web control; IR control; RS-232 control; PoE / PoH / PoC; Tabletop / room installation; Classroom / lecture; Audio reinforcement; Room control and automation",
TS-280-EU,Yes,"2.8"" Serial Control Color Touchscreen - WyreStorm","2.8"" Serial Control Color Touchscreen - WyreStorm",Audio / Control,System controller / conditional-default,Audio / Control,Audio / Control,system-controller,conditional-default,product-manager-profile:wyrestorm-product-manager-v1,"Introducing the TS-280 to the WyreStorm range. The 2.8"" colour touchscreen can control any product within the WyreStorm presentation switcher range. With ease of use in mind the TS-280 is as easy to use as it is to set up, with pre-configured UI's ready to upload in just seconds via the MicroSD card slot on the rear. The UI's are simple to use with large buttons clearly labeled for each major function and navigation controls (where applicable) to move between pages. Using a standard RJ45 connection on the rear and...",AVoIP Infrastructure; Audio / Control; Control; Control interface; Touchscreen; Room control touchscreen; Ethernet / LAN; NetworkHD AV over IP,AVoIP Infrastructure; Audio / Control; control; touchscreen; Ethernet / LAN; NetworkHD AV over IP,AVoIP Infrastructure; Audio / Control; Control; Control interface; Touchscreen; Room control touchscreen; Ethernet / LAN; NetworkHD AV over IP; Room control and presentation switcher control,AVoIP Infrastructure; Ethernet / LAN; NetworkHD AV over IP; RS-232; Control,"TS-280-EU; 2.8"" Serial Control Color Touchscreen - WyreStorm; Accessory; Accessory / request-only; NetworkHD AVoIP; System controller / conditional-default; AVoIP Infrastructure; Control; Control interface; Touchscreen; Room control touchscreen; User control interface; Ethernet / LAN; NetworkHD AV over IP; Room control and presentation switcher control",
TS-280-US,Yes,"2.8"" Serial Control Color Touchscreen - WyreStorm","2.8"" Serial Control Color Touchscreen - WyreStorm",Audio / Control,System controller / conditional-default,Audio / Control,Audio / Control,system-controller,conditional-default,product-manager-profile:wyrestorm-product-manager-v1,"Introducing the TS-280 to the WyreStorm range. The 2.8"" colour touchscreen can control any product within the WyreStorm presentation switcher range. With ease of use in mind the TS-280 is as easy to use as it is to set up, with pre-configured UI's ready to upload in just seconads via the MicroSD card slot on the rear. The UIs are simple to use with large buttons clearly labeled for each major function and navigation controls (where applicable) to move between pages. Using a standard RJ45 connection on the rear and...",AVoIP Infrastructure; Audio / Control; Control; Control interface; Touchscreen; Room control touchscreen; Ethernet / LAN; NetworkHD AV over IP,AVoIP Infrastructure; Audio / Control; control; touchscreen; Ethernet / LAN; NetworkHD AV over IP,AVoIP Infrastructure; Audio / Control; Control; Control interface; Touchscreen; Room control touchscreen; Ethernet / LAN; NetworkHD AV over IP; Room control and presentation switcher control,AVoIP Infrastructure; Ethernet / LAN; NetworkHD AV over IP; RS-232; Control,"TS-280-US; 2.8"" Serial Control Color Touchscreen - WyreStorm; Accessory; Accessory / request-only; NetworkHD AVoIP; System controller / conditional-default; AVoIP Infrastructure; Control; Control interface; Touchscreen; Room control touchscreen; User control interface; Ethernet / LAN; NetworkHD AV over IP; Room control and presentation switcher control",
TX-35-IW,Yes,HDMI Single Gang In-Wall HDBaseT Transmitter - WyreStorm,HDMI Single Gang In-Wall HDBaseT Transmitter - WyreStorm,Extender / HDBaseT,Endpoint hardware,Extender / HDBaseT,Extender / HDBaseT,endpoint-hardware,default,product-manager-profile:wyrestorm-product-manager-v1,"The TX-35-IW provides simple transmission of remote HDMI sources. Pair with the RX-35-POH for simple yet effective signal extension of 4K UHD content. The TX-35-IW uses standardized HDBaseT and PoH technology, meaning that it is compatible with many WyreStorm models including presentation receivers or the H2XC series of matrix switchers. The TX-35-IW is great for remote input applications including education environments such as training rooms or huddle spaces. It can be remotely powered from a compatible HDBaseT r...",Matrix; Switching; HDBaseT; HDMI; Extender / HDBaseT; Extension; HDBaseT extender; Receiver; Signal extension endpoint; HDR; Analog audio; NDI; IR control; RS-232 control; EDID management; HDCP support; PoE / PoH / PoC; In-wall installation,Matrix; Switching; HDBaseT; HDMI; Extender / HDBaseT; extender; receiver; transmitter; HDR; Analog audio; NDI; IR control; RS-232 control; EDID management; HDCP support; PoE / PoH / PoC; In-wall installation,"Matrix; Switching; HDBaseT; HDMI; Extender / HDBaseT; Extension; HDBaseT extender; Receiver; Signal extension endpoint; extender; transmitter; HDR; Analog audio; NDI; IR control; RS-232 control; EDID management; HDCP support; PoE / PoH / PoC; In-wall installation; Meeting room; Classroom / lecture; Point-to-point extension; Long-distance video, USB, control and network transport",Matrix; Switching; HDBaseT; HDMI; Extender / HDBaseT; HDR; Analog audio; NDI; IR control; RS-232 control; EDID management; HDCP support; PoE / PoH / PoC; In-wall installation,"TX-35-IW; HDMI Single Gang In-Wall HDBaseT Transmitter - WyreStorm; Matrix Switcher; Matrix; Switching; HDBaseT; HDMI; Extender / HDBaseT; Endpoint hardware; Extension; HDBaseT extender; Receiver; Signal extension endpoint; Point-to-point extension; extender; transmitter; HDR; Analog audio; NDI; IR control; RS-232 control; EDID management; HDCP support; PoE / PoH / PoC; In-wall installation; Meeting room; Classroom / lecture; Long-distance video, USB, control and network transport",
TX-35-IW-KVM,Yes,HDMI & USB Single Gang In-Wall HDBaseT Transmitter - WyreStorm,HDMI & USB Single Gang In-Wall HDBaseT Transmitter - WyreStorm,Extender / HDBaseT,Endpoint hardware,Extender / HDBaseT,Extender / HDBaseT,endpoint-hardware,default,product-manager-profile:wyrestorm-product-manager-v1,"The TX-35-IW-KVM is a reliable single Gang US Style HDBaseT 2.0 Transmitter that provides a practical solution for extending video and control signals. With support for 4K 60 maximum resolution and USB 2.0 extension (150Mbps), it's well-suited for use in conference rooms, classrooms, and training facilities, ensuring that your signals are transmitted effectively to where they are needed. To enhance its performance, pairing it with the RX-500 is recommended. This setup offers a straightforward way to improve signal...",HDBaseT; USB; HDMI; Extender / HDBaseT; Extension; USB / KVM extender; Transmitter; Signal extension endpoint; Analog audio; KVM / USB extension; USB 2.0; USB routing / switching; USB-C power delivery; NDI; IR control; RS-232 control; EDID management; HDCP support; PoE / PoH / PoC; In-wall installation,HDBaseT; USB; HDMI; Extender / HDBaseT; extender; usb-kvm; transmitter; Analog audio; KVM / USB extension; USB 2.0; USB routing / switching; USB-C power delivery; NDI; IR control; RS-232 control; EDID management; HDCP support; PoE / PoH / PoC; In-wall installation,"HDBaseT; USB; HDMI; Extender / HDBaseT; Extension; USB / KVM extender; Transmitter; Signal extension endpoint; extender; usb-kvm; Analog audio; KVM / USB extension; USB 2.0; USB routing / switching; USB-C power delivery; NDI; IR control; RS-232 control; EDID management; HDCP support; PoE / PoH / PoC; In-wall installation; Meeting room; Classroom / lecture; BYOM / UC; Point-to-point extension; Long-distance video, USB, control and network transport",HDBaseT; USB; HDMI; Extender / HDBaseT; Analog audio; KVM / USB extension; USB 2.0; USB routing / switching; USB-C power delivery; NDI; IR control; RS-232 control; EDID management; HDCP support; PoE / PoH / PoC; In-wall installation,"TX-35-IW-KVM; HDMI & USB Single Gang In-Wall HDBaseT Transmitter - WyreStorm; Product; Primary hardware; HDBaseT; USB; HDMI; Extender / HDBaseT; Endpoint hardware; Extension; USB / KVM extender; Transmitter; Signal extension endpoint; Point-to-point extension; extender; usb-kvm; Analog audio; KVM / USB extension; USB 2.0; USB routing / switching; USB-C power delivery; NDI; IR control; RS-232 control; EDID management; HDCP support; PoE / PoH / PoC; In-wall installation; Meeting room; Classroom / lecture; BYOM / UC; Long-distance video, USB, control and network transport",
TX-35-IWC-KVM,Yes,USB C Single Gang In-Wall HDBaseT Transmitter - WyreStorm,USB C Single Gang In-Wall HDBaseT Transmitter - WyreStorm,Extender / HDBaseT,Endpoint hardware,Extender / HDBaseT,Extender / HDBaseT,endpoint-hardware,default,product-manager-profile:wyrestorm-product-manager-v1,"The TX-35-IWC-KVM is a reliable single Gang US Style HDBaseT 2.0 Transmitter that provides a practical solution for extending video and control signals. Featuring a USB Type C input, any source support Display Port Alt mode can be extended with ease. With support for 4K 60 maximum resolution and USB 2.0 extension (150Mbps), it's well-suited for use in conference rooms, classrooms, and training facilities, ensuring that your signals are transmitted effectively to where they are needed. To enhance its performance, pa...",HDBaseT; USB; Extender / HDBaseT; Extension; USB / KVM extender; Transmitter; Signal extension endpoint; DisplayPort; USB-C video input; Analog audio; KVM / USB extension; USB 2.0; USB 3.x; USB-C; USB-C power delivery; Ethernet / LAN; NDI; IR control; RS-232 control; EDID management; HDCP support; PoE / PoH / PoC; In-wall installation,HDBaseT; USB; Extender / HDBaseT; extender; usb-kvm; transmitter; DisplayPort; USB-C video input; Analog audio; KVM / USB extension; USB 2.0; USB 3.x; USB-C; USB-C power delivery; Ethernet / LAN; NDI; IR control; RS-232 control; EDID management; HDCP support; PoE / PoH / PoC; In-wall installation,"HDBaseT; USB; Extender / HDBaseT; Extension; USB / KVM extender; Transmitter; Signal extension endpoint; extender; usb-kvm; DisplayPort; USB-C video input; Analog audio; KVM / USB extension; USB 2.0; USB 3.x; USB-C; USB-C power delivery; Ethernet / LAN; NDI; IR control; RS-232 control; EDID management; HDCP support; PoE / PoH / PoC; In-wall installation; Meeting room; Classroom / lecture; BYOM / UC; Point-to-point extension; Long-distance video, USB, control and network transport",HDBaseT; USB; Extender / HDBaseT; DisplayPort; USB-C video input; Analog audio; KVM / USB extension; USB 2.0; USB 3.x; USB-C; USB-C power delivery; Ethernet / LAN; NDI; IR control; RS-232 control; EDID management; HDCP support; PoE / PoH / PoC; In-wall installation,"TX-35-IWC-KVM; USB C Single Gang In-Wall HDBaseT Transmitter - WyreStorm; Product; Primary hardware; HDBaseT; USB; Extender / HDBaseT; Endpoint hardware; Extension; USB / KVM extender; Transmitter; Signal extension endpoint; Point-to-point extension; extender; usb-kvm; DisplayPort; USB-C video input; Analog audio; KVM / USB extension; USB 2.0; USB 3.x; USB-C; USB-C power delivery; Ethernet / LAN; NDI; IR control; RS-232 control; EDID management; HDCP support; PoE / PoH / PoC; In-wall installation; Meeting room; Classroom / lecture; BYOM / UC; Long-distance video, USB, control and network transport",
TX-70-4K,Yes,70m 4K HDBaseT Transmitter - WyreStorm,70m 4K HDBaseT Transmitter - WyreStorm,Extender / HDBaseT,Endpoint hardware,Extender / HDBaseT,Extender / HDBaseT,endpoint-hardware,default,product-manager-profile:wyrestorm-product-manager-v1,"DISCONTINUED For flagship HDBaseT Transmission performance, look no further than the TX-70-4K. Class A HDBaseT transmission means support for 4K UHD content; even HDR-10 @24Hz, up to 70m/230ft. 2-way PoH and EDID management completes this fully-loaded specification.",HDBaseT; Extender / HDBaseT; Extension; HDBaseT extender; Transmitter; Signal extension endpoint; HDMI; HDR; Analog audio; DSP audio processing; USB-C power delivery; Ethernet / LAN; NDI; IR control; RS-232 control; EDID management; HDCP support; PoE / PoH / PoC,HDBaseT; Extender / HDBaseT; extender; transmitter; HDMI; HDR; Analog audio; DSP audio processing; USB-C power delivery; Ethernet / LAN; NDI; IR control; RS-232 control; EDID management; HDCP support; PoE / PoH / PoC,"HDBaseT; Extender / HDBaseT; Extension; HDBaseT extender; Transmitter; Signal extension endpoint; extender; HDMI; HDR; Analog audio; DSP audio processing; USB-C power delivery; Ethernet / LAN; NDI; IR control; RS-232 control; EDID management; HDCP support; PoE / PoH / PoC; Control room; Point-to-point extension; Long-distance video, USB, control and network transport",HDBaseT; Extender / HDBaseT; HDMI; HDR; Analog audio; DSP audio processing; USB-C power delivery; Ethernet / LAN; NDI; IR control; RS-232 control; EDID management; HDCP support; PoE / PoH / PoC,"TX-70-4K; 70m 4K HDBaseT Transmitter - WyreStorm; Product; Primary hardware; HDBaseT; Extender / HDBaseT; Endpoint hardware; Extension; HDBaseT extender; Transmitter; Signal extension endpoint; Point-to-point extension; extender; HDMI; HDR; Analog audio; DSP audio processing; USB-C power delivery; Ethernet / LAN; NDI; IR control; RS-232 control; EDID management; HDCP support; PoE / PoH / PoC; Control room; Long-distance video, USB, control and network transport",
TX-H2X-ADZ,Yes,"H2XC Card: HDMI In, HDMI Out - WyreStorm","H2XC Card: HDMI In, HDMI Out - WyreStorm",Extender / HDBaseT,Endpoint hardware,Extender / HDBaseT,Extender / HDBaseT,endpoint-hardware,default,product-manager-profile:wyrestorm-product-manager-v1,"Offering both an HDMI input & output, the ADZ card provides an 18Gbps link direct to the matrix backplane. Supporting both 2160p 4:4:4 8-bit & HDR content and multi-channel audio formats up to Dolby Atmos&#x2122;, it offers the ability to use native HDMI connectivity without the need for a transmission port (reducing cost) and maintains an audio DSP output. It is the perfect partner for WyreStorm’s range of hybrid optical fiber HDMI cables.",Matrix; Switching; HDMI; Extender / HDBaseT; Extension; HDBaseT extender; Endpoint; Signal extension endpoint; HDBaseT; HDR; DSP audio processing; USB-C power delivery; Ethernet / LAN; SFP / fibre; CEC control; IR control; EDID management; HDCP support,Matrix; Switching; HDMI; Extender / HDBaseT; extender; HDBaseT; HDR; DSP audio processing; USB-C power delivery; Ethernet / LAN; SFP / fibre; CEC control; IR control; EDID management; HDCP support,"Matrix; Switching; HDMI; Extender / HDBaseT; Extension; HDBaseT extender; Endpoint; Signal extension endpoint; extender; HDBaseT; HDR; DSP audio processing; USB-C power delivery; Ethernet / LAN; SFP / fibre; CEC control; IR control; EDID management; HDCP support; Point-to-point extension; Long-distance video, USB, control and network transport",Matrix; Switching; HDMI; Extender / HDBaseT; HDBaseT; HDR; DSP audio processing; USB-C power delivery; Ethernet / LAN; SFP / fibre; CEC control; IR control; EDID management; HDCP support; Fiber,"TX-H2X-ADZ; H2XC Card: HDMI In, HDMI Out - WyreStorm; Matrix Switcher; Matrix; Switching; HDMI; Extender / HDBaseT; Endpoint hardware; Extension; HDBaseT extender; Endpoint; Signal extension endpoint; Point-to-point extension; extender; HDBaseT; HDR; DSP audio processing; USB-C power delivery; Ethernet / LAN; SFP / fibre; CEC control; IR control; EDID management; HDCP support; Long-distance video, USB, control and network transport",
TX-H2X-HDBT,Yes,"H2XC Card: 4K HDBaseT In, 4K HDBaseT Out, Mirrored HDMI Out - WyreStorm","H2XC Card: 4K HDBaseT In, 4K HDBaseT Out, Mirrored HDMI Out - WyreStorm",Extender / HDBaseT,Endpoint hardware,Extender / HDBaseT,Extender / HDBaseT,endpoint-hardware,default,product-manager-profile:wyrestorm-product-manager-v1,"De-centralize sources connected to the H2X matrix platform with this HDBaseT input & output card. Accepting 4K UHD transmissions from 70m/230ft, this modular card allows source devices to be kept in-suit while making them part of the main distribution system.",Matrix; Switching; HDBaseT; HDMI; Extender / HDBaseT; Extension; HDBaseT extender; Endpoint; Signal extension endpoint; HDR; Analog audio; Audio breakout; DSP audio processing; USB-C power delivery; Ethernet / LAN; SFP / fibre; IR control; RS-232 control; HDCP support; PoE / PoH / PoC,Matrix; Switching; HDBaseT; HDMI; Extender / HDBaseT; extender; HDR; Analog audio; Audio breakout; DSP audio processing; USB-C power delivery; Ethernet / LAN; SFP / fibre; IR control; RS-232 control; HDCP support; PoE / PoH / PoC,"Matrix; Switching; HDBaseT; HDMI; Extender / HDBaseT; Extension; HDBaseT extender; Endpoint; Signal extension endpoint; extender; HDR; Analog audio; Audio breakout; DSP audio processing; USB-C power delivery; Ethernet / LAN; SFP / fibre; IR control; RS-232 control; HDCP support; PoE / PoH / PoC; Point-to-point extension; Long-distance video, USB, control and network transport",Matrix; Switching; HDBaseT; HDMI; Extender / HDBaseT; HDR; Analog audio; Audio breakout; DSP audio processing; USB-C power delivery; Ethernet / LAN; SFP / fibre; IR control; RS-232 control; HDCP support; PoE / PoH / PoC,"TX-H2X-HDBT; H2XC Card: 4K HDBaseT In, 4K HDBaseT Out, Mirrored HDMI Out - WyreStorm; Matrix Switcher; Matrix; Switching; HDBaseT; HDMI; Extender / HDBaseT; Endpoint hardware; Extension; HDBaseT extender; Endpoint; Signal extension endpoint; Point-to-point extension; extender; HDR; Analog audio; Audio breakout; DSP audio processing; USB-C power delivery; Ethernet / LAN; SFP / fibre; IR control; RS-232 control; HDCP support; PoE / PoH / PoC; Long-distance video, USB, control and network transport",
TX-H2X-HDMI,Yes,"H2XC Card: HDMI In, 4K HDBaseT Out, Mirrored HDMI Out - WyreStorm","H2XC Card: HDMI In, 4K HDBaseT Out, Mirrored HDMI Out - WyreStorm",Extender / HDBaseT,Endpoint hardware,Extender / HDBaseT,Extender / HDBaseT,endpoint-hardware,default,product-manager-profile:wyrestorm-product-manager-v1,"The standard transmission card found in the H2X platform, the TX-H2X-HDMI transmits 4K UHD signals from 70m/230ft over its Class A HDBaseT output and features an HDMI output that mirrors HDBaseT. The HDMI output is perfect for connecting to a local monitor, AVR, or signal extension via extender product or one of WyreStorm's Hybrid Active Optical Cables (HAOC).",HDBaseT; HDMI; Extender / HDBaseT; Extension; HDBaseT extender; Endpoint; Signal extension endpoint; HDR; Analog audio; Audio breakout; DSP audio processing; USB-C power delivery; Ethernet / LAN; SFP / fibre; IR control; RS-232 control; EDID management; HDCP support; PoE / PoH / PoC,HDBaseT; HDMI; Extender / HDBaseT; extender; HDR; Analog audio; Audio breakout; DSP audio processing; USB-C power delivery; Ethernet / LAN; SFP / fibre; IR control; RS-232 control; EDID management; HDCP support; PoE / PoH / PoC,"HDBaseT; HDMI; Extender / HDBaseT; Extension; HDBaseT extender; Endpoint; Signal extension endpoint; extender; HDR; Analog audio; Audio breakout; DSP audio processing; USB-C power delivery; Ethernet / LAN; SFP / fibre; IR control; RS-232 control; EDID management; HDCP support; PoE / PoH / PoC; Point-to-point extension; Long-distance video, USB, control and network transport",HDBaseT; HDMI; Extender / HDBaseT; HDR; Analog audio; Audio breakout; DSP audio processing; USB-C power delivery; Ethernet / LAN; SFP / fibre; IR control; RS-232 control; EDID management; HDCP support; PoE / PoH / PoC,"TX-H2X-HDMI; H2XC Card: HDMI In, 4K HDBaseT Out, Mirrored HDMI Out - WyreStorm; Accessory; Accessory / request-only; HDBaseT; HDMI; Extender / HDBaseT; Endpoint hardware; Extension; HDBaseT extender; Endpoint; Signal extension endpoint; Point-to-point extension; extender; HDR; Analog audio; Audio breakout; DSP audio processing; USB-C power delivery; Ethernet / LAN; SFP / fibre; IR control; RS-232 control; EDID management; HDCP support; PoE / PoH / PoC; Long-distance video, USB, control and network transport",
TX-H2X-OM3,Yes,"H2XC Card: HDMI In, 4K60 Fiber Out, Mirrored HDMI Out - WyreStorm","H2XC Card: HDMI In, 4K60 Fiber Out, Mirrored HDMI Out - WyreStorm",Extender / HDBaseT,Endpoint hardware,Extender / HDBaseT,Extender / HDBaseT,endpoint-hardware,default,product-manager-profile:wyrestorm-product-manager-v1,"DISCONTINUED With fiber optic cable now more accessible than ever, there's never been a better time to 'see the light' and send the highest possible bandwidth that currently exists (according to the HDMI 2.0 specification) over distances up to 300m/984ft. Attenuation and airborne interference are no longer a concern for HDMI content so, go long!",HDMI; Extender / HDBaseT; Extension; HDBaseT extender; Endpoint; Signal extension endpoint; HDBaseT; HDR; Analog audio; Audio breakout; DSP audio processing; USB 3.x; USB-C power delivery; SFP / fibre; IR control; RS-232 control; EDID management; HDCP support,HDMI; Extender / HDBaseT; extender; HDBaseT; HDR; Analog audio; Audio breakout; DSP audio processing; USB 3.x; USB-C power delivery; SFP / fibre; IR control; RS-232 control; EDID management; HDCP support,"HDMI; Extender / HDBaseT; Extension; HDBaseT extender; Endpoint; Signal extension endpoint; extender; HDBaseT; HDR; Analog audio; Audio breakout; DSP audio processing; USB 3.x; USB-C power delivery; SFP / fibre; IR control; RS-232 control; EDID management; HDCP support; Point-to-point extension; Long-distance video, USB, control and network transport",HDMI; Extender / HDBaseT; HDBaseT; HDR; Analog audio; Audio breakout; DSP audio processing; USB 3.x; USB-C power delivery; SFP / fibre; IR control; RS-232 control; EDID management; HDCP support; Fiber,"TX-H2X-OM3; H2XC Card: HDMI In, 4K60 Fiber Out, Mirrored HDMI Out - WyreStorm; Accessory; Accessory / request-only; HDMI; Extender / HDBaseT; Endpoint hardware; Extension; HDBaseT extender; Endpoint; Signal extension endpoint; Point-to-point extension; extender; HDBaseT; HDR; Analog audio; Audio breakout; DSP audio processing; USB 3.x; USB-C power delivery; SFP / fibre; IR control; RS-232 control; EDID management; HDCP support; Long-distance video, USB, control and network transport",
TX-H2X-VLC,Yes,"H2XC Card: HDMI In, 4K60 HDBaseT Out - WyreStorm","H2XC Card: HDMI In, 4K60 HDBaseT Out - WyreStorm",Extender / HDBaseT,Endpoint hardware,Extender / HDBaseT,Extender / HDBaseT,endpoint-hardware,default,product-manager-profile:wyrestorm-product-manager-v1,"Experience HDBaseT transmission turned up to 11 with WyreStorm's new 18Gbps HDMI solution. Never one to shy away from embracing new technology, we've been sending lossless native 24Hz HDR-10 content over HDBaseT since 2016. Now though, content is going above the capability of HDBaseT with HFR (High Frame Rate) HDR here already in the form of Blu-Ray, Satellite & Cable (HLG) and gaming content. WyreStorm's H2X matrix is ready for this with our new light-compression transmission solution.",Matrix; Switching; HDBaseT; HDMI; Extender / HDBaseT; Extension; HDBaseT extender; Endpoint; Signal extension endpoint; HDR; Analog audio; Audio breakout; DSP audio processing; USB-C power delivery; Ethernet / LAN; NDI; CEC control; IR control; RS-232 control; EDID management; HDCP support; PoE / PoH / PoC,Matrix; Switching; HDBaseT; HDMI; Extender / HDBaseT; extender; HDR; Analog audio; Audio breakout; DSP audio processing; USB-C power delivery; Ethernet / LAN; NDI; CEC control; IR control; RS-232 control; EDID management; HDCP support; PoE / PoH / PoC,"Matrix; Switching; HDBaseT; HDMI; Extender / HDBaseT; Extension; HDBaseT extender; Endpoint; Signal extension endpoint; extender; HDR; Analog audio; Audio breakout; DSP audio processing; USB-C power delivery; Ethernet / LAN; NDI; CEC control; IR control; RS-232 control; EDID management; HDCP support; PoE / PoH / PoC; Point-to-point extension; Long-distance video, USB, control and network transport",Matrix; Switching; HDBaseT; HDMI; Extender / HDBaseT; HDR; Analog audio; Audio breakout; DSP audio processing; USB-C power delivery; Ethernet / LAN; NDI; CEC control; IR control; RS-232 control; EDID management; HDCP support; PoE / PoH / PoC,"TX-H2X-VLC; H2XC Card: HDMI In, 4K60 HDBaseT Out - WyreStorm; Matrix Switcher; Matrix; Switching; HDBaseT; HDMI; Extender / HDBaseT; Endpoint hardware; Extension; HDBaseT extender; Endpoint; Signal extension endpoint; Point-to-point extension; extender; HDR; Analog audio; Audio breakout; DSP audio processing; USB-C power delivery; Ethernet / LAN; NDI; CEC control; IR control; RS-232 control; EDID management; HDCP support; PoE / PoH / PoC; Long-distance video, USB, control and network transport",
USB-HUB4,Yes,4-Port USB 3.0 Superspeed Hub - WyreStorm,4-Port USB 3.0 Superspeed Hub - WyreStorm,Accessory,Accessory / request-only,Accessory,Accessory,accessory,request-only,product-manager-profile:wyrestorm-product-manager-v1,"The USB-HUB4 is a simple add-on accessory for expanding USB connectivity of your devices. Pair this hub with a number of WyreStorm products to help build your full solution. Connect the hub to the CAB-UAOC-15 USB 3.0 extension cable to provide long distance transmission of high-speed USB 3.0. The USB-HUB4 is also a great companion to the Apollo line of unified communication solutions. Although simple, we’ve kept pro installations in mind by including a set of mounting brackets to easily install the hub under a desk...",USB; Accessory; Accessory / Other; USB accessory; USB hub; USB-C video input; DSP audio processing; USB 2.0; USB 3.x; USB-C; NDI; IR control,USB; Accessory; usb-hub; USB-C video input; DSP audio processing; USB 2.0; USB 3.x; USB-C; NDI; IR control,USB; Accessory; Accessory / Other; USB accessory; USB hub; usb-hub; USB-C video input; DSP audio processing; USB 2.0; USB 3.x; USB-C; NDI; IR control; Optional room connectivity accessory,USB; Accessory; USB-C video input; DSP audio processing; USB 2.0; USB 3.x; USB-C; NDI; IR control,USB-HUB4; 4-Port USB 3.0 Superspeed Hub - WyreStorm; Accessory; Accessory / request-only; USB; Accessory / Other; USB accessory; USB hub; Supporting connectivity accessory; usb-hub; USB-C video input; DSP audio processing; USB 2.0; USB 3.x; USB-C; NDI; IR control; Optional room connectivity accessory,
WYRERING,Yes,"Adapter Ring with USB-C, DisplayPort & Mini DisplayPort to HDMI with Cable Lock - WyreStorm","Adapter Ring with USB-C, DisplayPort & Mini DisplayPort to HDMI with Cable Lock - WyreStorm",Accessory,Accessory / request-only,Accessory,Accessory,accessory,request-only,product-manager-profile:wyrestorm-product-manager-v1,"The WyreRing provides a simple yet effective way to ensure compatibility of BYOD in a meeting space without the need for a presentation switcher or over-specified system. The simple adapter ring provides 3 HDMI converters: USB-C, DisplayPort and Mini DisplayPort. All 3 converters support up to 4K60 video passthrough. The secure cable lock attaches to any HDMI cable up to 10mm in diameter. The metal reinforced ring provides a strong and durable connection to the converters that won’t wear out after repeated use.",USB-C; USB; HDMI; BYOD/BYOM; Accessory; Accessory / Other; Adapter accessory; Adapter ring; DisplayPort; USB-C video input; IR control,USB-C; USB; HDMI; BYOD/BYOM; Accessory; adapter-ring; DisplayPort; USB-C video input; IR control,USB-C; USB; HDMI; BYOD/BYOM; Accessory; Accessory / Other; Adapter accessory; Adapter ring; adapter-ring; DisplayPort; USB-C video input; IR control; BYOD presentation; Optional room connectivity accessory,USB-C; USB; HDMI; BYOD/BYOM; Accessory; DisplayPort; USB-C video input; IR control,"WYRERING; Adapter Ring with USB-C, DisplayPort & Mini DisplayPort to HDMI with Cable Lock - WyreStorm; Accessory; Accessory / request-only; USB-C; USB; HDMI; BYOD/BYOM; Accessory / Other; Adapter accessory; Adapter ring; Supporting connectivity accessory; adapter-ring; DisplayPort; USB-C video input; IR control; BYOD presentation; Optional room connectivity accessory",
