"Selector","Occurrences","Files"
":is( html[data-wingman-route=""visualStudio""]","29","src\wingman2\styles\wingman-workflow-theme.css"
"@media (max-width: 1180px)","27","src\wingman2\styles\wingman-polish-navigation.css; src\wingman2\styles\wingman-style-stack.css; src\wingman2\styles\wingman-workflow-theme.css"
"@media (max-width: 760px)","25","src\wingman2\styles\wingman-polish-navigation.css; src\wingman2\styles\wingman-products-light-graphics.css; src\wingman2\styles\wingman-product-tools-visual-weight.css; src\wingman2\styles\wingman-reference-global.css; src\wingman2\styles\wingman-reference-theme.css; src\wingman2\styles\wingman-style-stack.css; src\wingman2\styles\wingman-workflow-theme.css"
"@media (max-width: 980px)","22","src\wingman2\styles\wingman-polish-navigation.css; src\wingman2\styles\wingman-reference-theme.css; src\wingman2\styles\wingman-style-stack.css"
"@media (max-width: 720px)","19","src\wingman2\styles\wingman-polish-navigation.css; src\wingman2\styles\wingman-style-stack.css; src\wingman2\styles\wingman-workflow-theme.css"
"h2","17","src\wingman2\styles\wingman-polish-navigation.css; src\wingman2\styles\wingman-reference-global.css; src\wingman2\styles\wingman-style-stack.css; src\wingman2\styles\wingman-workflow-theme.css"
"h3","16","src\wingman2\styles\wingman-reference-global.css; src\wingman2\styles\wingman-style-stack.css; src\wingman2\styles\wingman-workflow-theme.css"
"@media (max-width: 900px)","16","src\wingman2\styles\wingman-polish-navigation.css; src\wingman2\styles\wingman-style-stack.css; src\wingman2\styles\wingman-workflow-theme.css"
".wingman-sidebar","15","src\wingman2\styles\wingman-reference-global.css; src\wingman2\styles\wingman-reference-theme.css; src\wingman2\styles\wingman-style-stack.css"
".wm-dashboard-grid","14","src\wingman2\styles\wingman-style-stack.css"
"@media (max-width: 1100px)","14","src\wingman2\styles\wingman-polish-navigation.css; src\wingman2\styles\wingman-products-light-graphics.css; src\wingman2\styles\wingman-reference-theme.css; src\wingman2\styles\wingman-style-stack.css; src\wingman2\styles\wingman-workflow-theme.css"
".wingman-guru-fab[data-support-available=""true""]::after","13","src\wingman2\styles\wingman-style-stack.css"
"button.wingman-guru-fab[data-support-available=""true""]::after","13","src\wingman2\styles\wingman-style-stack.css"
":root","13","src\wingman2\styles\wingman-polish-navigation.css; src\wingman2\styles\wingman-reference-global.css; src\wingman2\styles\wingman-reference-theme.css; src\wingman2\styles\wingman-style-stack.css; src\wingman2\styles\wingman-workflow-theme.css"
"select","12","src\wingman2\styles\wingman-reference-global.css; src\wingman2\styles\wingman-reference-theme.css; src\wingman2\styles\wingman-style-stack.css; src\wingman2\styles\wingman-workflow-theme.css"
".wingman-guru-fab[data-support-available=""true""]::before","12","src\wingman2\styles\wingman-style-stack.css"
"button.wingman-guru-fab[data-support-available=""true""]::before","12","src\wingman2\styles\wingman-style-stack.css"
".wm-page","11","src\wingman2\styles\wingman-style-stack.css"
".wm-template-detail-hero","11","src\wingman2\styles\wingman-style-stack.css"
".wingman-page","11","src\wingman2\styles\wingman-style-stack.css"
".wingman-app","11","src\wingman2\styles\wingman-style-stack.css"
".wingman-workspace","11","src\wingman2\styles\wingman-reference-global.css; src\wingman2\styles\wingman-reference-theme.css; src\wingman2\styles\wingman-style-stack.css"
"html body :is(.wingman-page-host","10","src\wingman2\styles\wingman-products-light-graphics.css"
".wm-shell","10","src\wingman2\styles\wingman-style-stack.css"
".wm-dashboard-project-grid","9","src\wingman2\styles\wingman-style-stack.css"
":where(.wm-app","9","src\wingman2\styles\wingman-style-stack.css"
".wm-page-header","9","src\wingman2\styles\wingman-style-stack.css"
".wingman-authority-shell > .wingman-sidebar","9","src\wingman2\styles\wingman-reference-global.css; src\wingman2\styles\wingman-reference-theme.css; src\wingman2\styles\wingman-style-stack.css"
".wingman-shell > .wingman-sidebar","9","src\wingman2\styles\wingman-reference-global.css; src\wingman2\styles\wingman-reference-theme.css; src\wingman2\styles\wingman-style-stack.css"
"@media (max-width: 820px)","9","src\wingman2\styles\wingman-polish-navigation.css; src\wingman2\styles\wingman-style-stack.css; src\wingman2\styles\wingman-workflow-theme.css"
".wingman-topbar","9","src\wingman2\styles\wingman-reference-global.css; src\wingman2\styles\wingman-reference-theme.css; src\wingman2\styles\wingman-style-stack.css"
".wm-ui-hero","9","src\wingman2\styles\wingman-style-stack.css"
".compare-native-hero","8","src\wingman2\styles\wingman-style-stack.css"
".wm-sidebar","8","src\wingman2\styles\wingman-style-stack.css"
".wingman-shell","8","src\wingman2\styles\wingman-reference-theme.css; src\wingman2\styles\wingman-style-stack.css"
"html[data-wingman-route=""discovery""] .wm-discovery-step-pills","8","src\wingman2\styles\wingman-reference-global.css; src\wingman2\styles\wingman-style-stack.css; src\wingman2\styles\wingman-workflow-theme.css"
".wingman-app-main > .wingman-page-host","8","src\wingman2\styles\wingman-reference-global.css; src\wingman2\styles\wingman-reference-theme.css; src\wingman2\styles\wingman-style-stack.css"
".wingman-authority-shell","8","src\wingman2\styles\wingman-reference-theme.css; src\wingman2\styles\wingman-style-stack.css"
".wm-dashboard-rail-title","8","src\wingman2\styles\wingman-style-stack.css"
".wm-glossary-results","8","src\wingman2\styles\wingman-style-stack.css"
".wm-page-hero","8","src\wingman2\styles\wingman-style-stack.css"
"@media (prefers-reduced-motion: reduce)","7","src\wingman2\styles\wingman-polish-navigation.css; src\wingman2\styles\wingman-reference-global.css; src\wingman2\styles\wingman-reference-theme.css; src\wingman2\styles\wingman-style-stack.css"
".wm-discovery-capture-hero","7","src\wingman2\styles\wingman-style-stack.css"
".wm-action-card","7","src\wingman2\styles\wingman-reference-theme.css; src\wingman2\styles\wingman-style-stack.css"
".wingman-app-main","7","src\wingman2\styles\wingman-reference-theme.css; src\wingman2\styles\wingman-style-stack.css"
"span:not(.wm-badge):not(.wm-status))","7","src\wingman2\styles\wingman-style-stack.css"
"@media (max-width: 1050px)","7","src\wingman2\styles\wingman-product-tools-visual-weight.css; src\wingman2\styles\wingman-style-stack.css; src\wingman2\styles\wingman-workflow-theme.css"
".wm-templates-page","7","src\wingman2\styles\wingman-polish-navigation.css; src\wingman2\styles\wingman-style-stack.css; src\wingman2\styles\wingman-workflow-theme.css"
"body","7","src\wingman2\styles\wingman-reference-global.css; src\wingman2\styles\wingman-reference-theme.css; src\wingman2\styles\wingman-style-stack.css"
".wingman-workspace::after","7","src\wingman2\styles\wingman-reference-global.css; src\wingman2\styles\wingman-style-stack.css"
".wingman-workspace::before","7","src\wingman2\styles\wingman-reference-global.css; src\wingman2\styles\wingman-style-stack.css"
"main.wingman-app-main","7","src\wingman2\styles\wingman-style-stack.css"
".wm-product-family-rules-grid","7","src\wingman2\styles\wingman-style-stack.css"
"#root > .wingman-shell","7","src\wingman2\styles\wingman-style-stack.css"
".wm-product-family-picker-list","7","src\wingman2\styles\wingman-style-stack.css"
".wm-product-family-hero","7","src\wingman2\styles\wingman-style-stack.css"
".wingman-nav-link","6","src\wingman2\styles\wingman-reference-global.css; src\wingman2\styles\wingman-reference-theme.css; src\wingman2\styles\wingman-style-stack.css"
"#root > .wingman-shell > .wingman-sidebar","6","src\wingman2\styles\wingman-style-stack.css"
".wm-navhub-hero","6","src\wingman2\styles\wingman-style-stack.css"
"main.wm-dashboard-shell[data-wingman-page=""home""] .wm-dashboard-grid","6","src\wingman2\styles\wingman-style-stack.css"
"main.wm-dashboard-shell[data-wingman-page=""home""] .wm-dashboard-project-grid","6","src\wingman2\styles\wingman-style-stack.css"
".wm-card","6","src\wingman2\styles\wingman-style-stack.css"
"section","6","src\wingman2\styles\wingman-style-stack.css"
".wm-glossary-detail","6","src\wingman2\styles\wingman-style-stack.css"
".wm-dashboard-page.wm-dashboard-shell[data-wingman-page=""home""]","6","src\wingman2\styles\wingman-style-stack.css"
"h4)","6","src\wingman2\styles\wingman-style-stack.css"
".wm-dashboard-rail-copy","6","src\wingman2\styles\wingman-style-stack.css"
".wm-dashboard-destination-card","6","src\wingman2\styles\wingman-style-stack.css"
".wm-dashboard-project-card","6","src\wingman2\styles\wingman-style-stack.css"
"p","6","src\wingman2\styles\wingman-style-stack.css; src\wingman2\styles\wingman-workflow-theme.css"
".wm-dashboard-rail-actions","6","src\wingman2\styles\wingman-style-stack.css"
".wm-section","6","src\wingman2\styles\wingman-reference-theme.css; src\wingman2\styles\wingman-style-stack.css"
"html","6","src\wingman2\styles\wingman-reference-theme.css; src\wingman2\styles\wingman-style-stack.css"
".wingman-shell.wingman-authority-shell","6","src\wingman2\styles\wingman-style-stack.css"
"textarea","6","src\wingman2\styles\wingman-reference-global.css; src\wingman2\styles\wingman-reference-theme.css; src\wingman2\styles\wingman-style-stack.css"
".wm-finder-results-panel","6","src\wingman2\styles\wingman-style-stack.css"
".wm-dashboard-shell .wm-dashboard-projects-section","6","src\wingman2\styles\wingman-style-stack.css"
".wm-template-detail-actions","6","src\wingman2\styles\wingman-style-stack.css"
"html body .wingman-page-host .wm-navhub-page.wm-polish-shell[data-wingman-page-key=""Products""] .wm-navhub-secondary-grid.wm-polish-grid","6","src\wingman2\styles\wingman-style-stack.css"
".wingman-page-host.wingman-page-host .wm-navhub-page.wm-polish-shell .wm-polish-grid > .wm-navhub-card.wm-polish-card.wm-polish-card","6","src\wingman2\styles\wingman-polish-navigation.css"
"@media (max-width: 640px)","6","src\wingman2\styles\wingman-polish-navigation.css; src\wingman2\styles\wingman-style-stack.css"
".wm-product-pitch-hero","5","src\wingman2\styles\wingman-style-stack.css"
".wm-product-call-cards-hero","5","src\wingman2\styles\wingman-style-stack.css"
".wingman-brand-image","5","src\wingman2\styles\wingman-reference-global.css; src\wingman2\styles\wingman-reference-theme.css; src\wingman2\styles\wingman-style-stack.css"
"html[data-wingman-route=""projects""] .wm-project-detail-nav","5","src\wingman2\styles\wingman-polish-navigation.css; src\wingman2\styles\wingman-style-stack.css"
".wm-cr-hero","5","src\wingman2\styles\wingman-style-stack.css"
"h4","5","src\wingman2\styles\wingman-reference-global.css; src\wingman2\styles\wingman-style-stack.css; src\wingman2\styles\wingman-workflow-theme.css"
".wm20-panel[data-wingman-discovery-capture=""true""]","5","src\wingman2\styles\wingman-style-stack.css"
".cca-header","5","src\wingman2\styles\wingman-style-stack.css"
"html body .wingman-page-host .wm-navhub-page.wm-polish-shell[data-wingman-page-key=""Products""] > .wm-navhub-secondary .wm-polish-grid > .wm-navhub-card.wm-polish-card.wm-polish-card","5","src\wingman2\styles\wingman-style-stack.css"
".wm-dashboard-resume-head","5","src\wingman2\styles\wingman-style-stack.css"
".wm-stepper","5","src\wingman2\styles\wingman-style-stack.css"
"p)","5","src\wingman2\styles\wingman-style-stack.css; src\wingman2\styles\wingman-workflow-theme.css"
"main.wm-compare-page[data-compare-state=""result""] .compare-result-toolbar","5","src\wingman2\styles\wingman-style-stack.css; src\wingman2\styles\wingman-workflow-theme.css"
".wm-intel-hero","5","src\wingman2\styles\wingman-style-stack.css"
".wm-section-card","5","src\wingman2\styles\wingman-reference-theme.css; src\wingman2\styles\wingman-style-stack.css"
".wm-dashboard-command-band > .wm-dashboard-rail","5","src\wingman2\styles\wingman-style-stack.css"
"@media (max-width: 1380px)","5","src\wingman2\styles\wingman-polish-navigation.css; src\wingman2\styles\wingman-style-stack.css"
"html[data-wingman-route=""salesHelper""] .wm-sh-page","5","src\wingman2\styles\wingman-style-stack.css"
".wingman-new-project-button","5","src\wingman2\styles\wingman-reference-global.css; src\wingman2\styles\wingman-reference-theme.css; src\wingman2\styles\wingman-style-stack.css"
"main.wingman-app-main > .wingman-page-host","5","src\wingman2\styles\wingman-style-stack.css"
".wm-template-hero","5","src\wingman2\styles\wingman-style-stack.css"
"div)","5","src\wingman2\styles\wingman-style-stack.css"
".wm-template-card-grid","5","src\wingman2\styles\wingman-style-stack.css"
"html[data-wingman-route=""projects""] .wm-projects-page","5","src\wingman2\styles\wingman-polish-navigation.css; src\wingman2\styles\wingman-style-stack.css"
".wm-battle-card__hero","5","src\wingman2\styles\wingman-style-stack.css"
".wingman-page-host","5","src\wingman2\styles\wingman-style-stack.css"
".wm-ui-card","5","src\wingman2\styles\wingman-reference-global.css; src\wingman2\styles\wingman-style-stack.css"
".wm-ui-button","5","src\wingman2\styles\wingman-style-stack.css"
"html[data-wingman-route] .wingman-page-host :is( .wingman-page-hero","5","src\wingman2\styles\wingman-style-stack.css"
"li","5","src\wingman2\styles\wingman-reference-global.css; src\wingman2\styles\wingman-style-stack.css"
".wm-dashboard-rail","5","src\wingman2\styles\wingman-style-stack.css"
"html[data-wingman-route=""salesHelper""] .wm-sh-card-grid","5","src\wingman2\styles\wingman-style-stack.css"
"span","5","src\wingman2\styles\wingman-style-stack.css"
"#root","5","src\wingman2\styles\wingman-reference-theme.css; src\wingman2\styles\wingman-style-stack.css"
".wm-product-family-page","5","src\wingman2\styles\wingman-polish-navigation.css; src\wingman2\styles\wingman-style-stack.css"
".wm-templates-page .wm-template-filter-panel","5","src\wingman2\styles\wingman-style-stack.css"
".wm-templates-page .wm-template-results-header","5","src\wingman2\styles\wingman-style-stack.css"
".wm-pcc-select-shell","5","src\wingman2\styles\wingman-polish-navigation.css; src\wingman2\styles\wingman-style-stack.css"
"html body .wingman-page-host .wm-navhub-page.wm-polish-shell[data-wingman-page-key=""Products""] > .wm-navhub-grid.wm-polish-grid","5","src\wingman2\styles\wingman-style-stack.css"
"0%","5","src\wingman2\styles\wingman-reference-theme.css; src\wingman2\styles\wingman-style-stack.css"
"100%","5","src\wingman2\styles\wingman-reference-theme.css; src\wingman2\styles\wingman-style-stack.css"
".wm-template-pack-grid","5","src\wingman2\styles\wingman-style-stack.css"
".wm-templates-page .wm-template-card-grid","5","src\wingman2\styles\wingman-polish-navigation.css; src\wingman2\styles\wingman-style-stack.css"
"html[data-wingman-route=""data-manager""] .wm-data-manager-page","5","src\wingman2\styles\wingman-workflow-theme.css"
".wm-dashboard-signal-map","5","src\wingman2\styles\wingman-style-stack.css"
".wm-dashboard-card-copy","5","src\wingman2\styles\wingman-style-stack.css"
".wm-dashboard-resume-meta","5","src\wingman2\styles\wingman-style-stack.css"
".wm-finder-redesign-page .wingman-page-hero","5","src\wingman2\styles\wingman-style-stack.css"
".wm-glossary-page","5","src\wingman2\styles\wingman-style-stack.css"
".wm-glossary-toolbar","5","src\wingman2\styles\wingman-style-stack.css"
"html body .wingman-page-host .wm-navhub-page.wm-polish-shell[data-wingman-page-key=""Products""] .wm-polish-grid > .wm-navhub-card.wm-polish-card > .wm-polish-card-copy.wm-polish-card-copy","5","src\wingman2\styles\wingman-style-stack.css"
".wm-glossary-workspace","5","src\wingman2\styles\wingman-style-stack.css"
"body.wm-product-finder-active .finder-specialist-grid","5","src\wingman2\styles\wingman-style-stack.css"
".wm-sh-page-hero","4","src\wingman2\styles\wingman-style-stack.css"
"html[data-wingman-route=""discovery""] .wm-discovery-question-card","4","src\wingman2\styles\wingman-reference-global.css; src\wingman2\styles\wingman-style-stack.css; src\wingman2\styles\wingman-workflow-theme.css"
"html[data-wingman-route=""dashboard""] main.wm-dashboard-shell > aside.wm-dashboard-rail","4","src\wingman2\styles\wingman-style-stack.css"
".wingman-page-hero","4","src\wingman2\styles\wingman-style-stack.css"
"html[data-wingman-route=""templates""] .wm-solution-card-grid","4","src\wingman2\styles\wingman-workflow-theme.css"
"main.wm-dashboard-shell[data-wingman-page=""home""] .wm-dashboard-rail-actions","4","src\wingman2\styles\wingman-style-stack.css"
"html[data-wingman-route=""dashboard""] .wm-dashboard-rail-actions","4","src\wingman2\styles\wingman-style-stack.css"
"header.wm-header","4","src\wingman2\styles\wingman-style-stack.css"
".wm-select","4","src\wingman2\styles\wingman-reference-theme.css; src\wingman2\styles\wingman-style-stack.css"
".wm-topbar","4","src\wingman2\styles\wingman-style-stack.css"
".wingman-page-hero-compact","4","src\wingman2\styles\wingman-style-stack.css"
"@media (max-width: 1400px)","4","src\wingman2\styles\wingman-polish-navigation.css; src\wingman2\styles\wingman-style-stack.css"
"html[data-wingman-route=""discovery""] .wm-discovery-trail-card","4","src\wingman2\styles\wingman-reference-global.css; src\wingman2\styles\wingman-style-stack.css; src\wingman2\styles\wingman-workflow-theme.css"
"html[data-wingman-route=""discovery""] .wm-discovery-completion-card","4","src\wingman2\styles\wingman-reference-global.css; src\wingman2\styles\wingman-style-stack.css; src\wingman2\styles\wingman-workflow-theme.css"
"html[data-wingman-route=""discovery""] .wm-discovery-capture-hero","4","src\wingman2\styles\wingman-reference-global.css; src\wingman2\styles\wingman-style-stack.css; src\wingman2\styles\wingman-workflow-theme.css"
".vw2-hero","4","src\wingman2\styles\wingman-style-stack.css"
".wm-reference-dashboard-rail","4","src\wingman2\styles\wingman-reference-global.css; src\wingman2\styles\wingman-reference-theme.css"
"[class*=""stepper""]","4","src\wingman2\styles\wingman-style-stack.css"
"html[data-wingman-route=""discovery""] .wm-discovery-question-layout","4","src\wingman2\styles\wingman-reference-global.css; src\wingman2\styles\wingman-workflow-theme.css"
"html[data-wingman-route=""data-manager""] .wm-data-quality-metrics","4","src\wingman2\styles\wingman-workflow-theme.css"
"html[data-wingman-route=""discovery""] .wm-discovery-step-pill","4","src\wingman2\styles\wingman-reference-global.css; src\wingman2\styles\wingman-workflow-theme.css"
".wm-template-card","4","src\wingman2\styles\wingman-style-stack.css"
".wingman-card","4","src\wingman2\styles\wingman-reference-theme.css; src\wingman2\styles\wingman-style-stack.css"
"body.wm-product-pitch-page-open :is(.wm-product-pitch-empty-state","4","src\wingman2\styles\wingman-style-stack.css"
".wm-button","4","src\wingman2\styles\wingman-style-stack.css"
".wingman-topbar-page-label","4","src\wingman2\styles\wingman-polish-navigation.css; src\wingman2\styles\wingman-reference-global.css; src\wingman2\styles\wingman-reference-theme.css; src\wingman2\styles\wingman-style-stack.css"
".wingman-page-host.wingman-page-host .wm-navhub-page.wm-polish-shell .wm-polish-grid > .wm-navhub-card.wm-polish-card > .wm-polish-card-art.wm-polish-card-art.wm-polish-card-art","4","src\wingman2\styles\wingman-polish-navigation.css"
".wm-template-card[data-template-staged=""true""] [data-template-staged-pill=""true""]","4","src\wingman2\styles\wingman-style-stack.css"
".compare-native-input","4","src\wingman2\styles\wingman-style-stack.css; src\wingman2\styles\wingman-workflow-theme.css"
"[aria-label*=""Manufacturer""]","4","src\wingman2\styles\wingman-style-stack.css"
"[aria-label*=""Brand""]","4","src\wingman2\styles\wingman-style-stack.css"
".bg-slate-50","4","src\wingman2\styles\wingman-reference-theme.css; src\wingman2\styles\wingman-style-stack.css"
"body.wm-product-finder-active .finder-stepper","4","src\wingman2\styles\wingman-style-stack.css"
".wm-panel","4","src\wingman2\styles\wingman-reference-theme.css; src\wingman2\styles\wingman-style-stack.css"
"[class*=""footer""]","4","src\wingman2\styles\wingman-style-stack.css"
".wingman-nav-tooltip","4","src\wingman2\styles\wingman-reference-theme.css; src\wingman2\styles\wingman-style-stack.css"
".wm-dashboard-card-eyebrow","4","src\wingman2\styles\wingman-style-stack.css"
"body.wm-product-finder-active .finder-size-grid","4","src\wingman2\styles\wingman-style-stack.css"
"body.wm-product-finder-active .finder-signal-grid","4","src\wingman2\styles\wingman-style-stack.css"
".wm-template-detail-actions button","4","src\wingman2\styles\wingman-style-stack.css"
".wm-templates-page .wm-template-hero","4","src\wingman2\styles\wingman-style-stack.css"
"html[data-wingman-route=""dashboard""] main.wm-dashboard-shell.wm-dashboard-visual-root","4","src\wingman2\styles\wingman-style-stack.css"
"main.wm-dashboard-shell.wm-dashboard-visual-root[data-wingman-page=""home""]","4","src\wingman2\styles\wingman-style-stack.css"
"dd","4","src\wingman2\styles\wingman-style-stack.css"
"main.wm-dashboard-shell[data-wingman-page=""home""] > aside.wm-dashboard-rail","4","src\wingman2\styles\wingman-style-stack.css"
".wm-support-landing__hero )","4","src\wingman2\styles\wingman-style-stack.css"
"html body [data-wingman-product-tool-card=""true""] [data-wingman-product-tool-art=""true""] svg","4","src\wingman2\styles\wingman-product-tools-visual-weight.css"
"html[data-wingman-route] .wm-vs-canvas","4","src\wingman2\styles\wingman-style-stack.css"
".wm-polish-shell .wm-polish-grid > .wm-polish-card","4","src\wingman2\styles\wingman-polish-navigation.css; src\wingman2\styles\wingman-reference-global.css"
"html[data-wingman-route=""data-manager""] .wm-data-tabs","4","src\wingman2\styles\wingman-workflow-theme.css"
"@media (max-width: 700px)","4","src\wingman2\styles\wingman-workflow-theme.css"
"html[data-wingman-route] .wm-vs-right-rail","4","src\wingman2\styles\wingman-style-stack.css"
".wm-polish-shell .wm-polish-grid-secondary","4","src\wingman2\styles\wingman-polish-navigation.css"
"div)[class*=""card""]","4","src\wingman2\styles\wingman-style-stack.css"
".wm-dashboard-flow-step","4","src\wingman2\styles\wingman-style-stack.css"
".wingman-topbar-page-summary","4","src\wingman2\styles\wingman-reference-global.css; src\wingman2\styles\wingman-reference-theme.css; src\wingman2\styles\wingman-style-stack.css"
".wingman-nav-link[aria-current=""page""]","4","src\wingman2\styles\wingman-reference-global.css; src\wingman2\styles\wingman-reference-theme.css; src\wingman2\styles\wingman-style-stack.css"
"html[data-wingman-route=""projects""] .wm-project-detail-page","4","src\wingman2\styles\wingman-polish-navigation.css; src\wingman2\styles\wingman-style-stack.css"
"small","4","src\wingman2\styles\wingman-reference-global.css; src\wingman2\styles\wingman-style-stack.css; src\wingman2\styles\wingman-workflow-theme.css"
".wm-dashboard-action-button","4","src\wingman2\styles\wingman-style-stack.css"
".wm-dashboard-command-band > .wm-dashboard-resume-card","4","src\wingman2\styles\wingman-style-stack.css"
"html[data-wingman-route=""data-manager""] .wm-data-quality-summary","4","src\wingman2\styles\wingman-workflow-theme.css"
"html[data-wingman-route=""projects""] .wm-project-detail-editor","4","src\wingman2\styles\wingman-polish-navigation.css; src\wingman2\styles\wingman-style-stack.css"
"html[data-wingman-route=""data-manager""] .wm-data-toolbar","4","src\wingman2\styles\wingman-workflow-theme.css"
".wm-dashboard-resume-actions","4","src\wingman2\styles\wingman-style-stack.css"
".wm-dashboard-resume-topline","4","src\wingman2\styles\wingman-style-stack.css"
".wm-templates-page .wm-template-summary","4","src\wingman2\styles\wingman-polish-navigation.css; src\wingman2\styles\wingman-style-stack.css"
".wm-templates-page .wm-template-card","4","src\wingman2\styles\wingman-polish-navigation.css; src\wingman2\styles\wingman-style-stack.css"
"html[data-wingman-route=""data-manager""] .wm-data-manager-header","4","src\wingman2\styles\wingman-workflow-theme.css"
".wm-product-family-picker-grid","4","src\wingman2\styles\wingman-polish-navigation.css"
".wm-discovery-capture-card","4","src\wingman2\styles\wingman-style-stack.css"
".wm-dashboard-card-link","4","src\wingman2\styles\wingman-style-stack.css"
".wm-templates-page .wm-template-direction","4","src\wingman2\styles\wingman-polish-navigation.css; src\wingman2\styles\wingman-style-stack.css"
"html[data-wingman-route=""dashboard""] .wingman-app-main > .wingman-page-host","4","src\wingman2\styles\wingman-style-stack.css"
".wingman-workspace .wingman-app-main","4","src\wingman2\styles\wingman-style-stack.css"
"html[data-wingman-route=""discovery""] .wm-discovery-step-pill-group","4","src\wingman2\styles\wingman-workflow-theme.css"
"html[data-wingman-route=""home""] .wingman-app-main > .wingman-page-host","4","src\wingman2\styles\wingman-style-stack.css"
".wm-product-pitch-page","4","src\wingman2\styles\wingman-polish-navigation.css; src\wingman2\styles\wingman-style-stack.css"
".wm-catalog-page","4","src\wingman2\styles\wingman-polish-navigation.css; src\wingman2\styles\wingman-style-stack.css"
".wm-dashboard-shell .wm-dashboard-projects-section .wm-dashboard-section-head","4","src\wingman2\styles\wingman-style-stack.css"
"button.wingman-guru-fab","4","src\wingman2\styles\wingman-style-stack.css"
"*","4","src\wingman2\styles\wingman-reference-global.css; src\wingman2\styles\wingman-style-stack.css"
".wm-btn","4","src\wingman2\styles\wingman-reference-global.css; src\wingman2\styles\wingman-reference-theme.css; src\wingman2\styles\wingman-style-stack.css"
"main.wm-dashboard-shell section.wm-dashboard-projects-section .wm-dashboard-project-card","4","src\wingman2\styles\wingman-style-stack.css"
".wm-input","4","src\wingman2\styles\wingman-reference-global.css; src\wingman2\styles\wingman-reference-theme.css; src\wingman2\styles\wingman-style-stack.css"
".wm-dashboard-main","4","src\wingman2\styles\wingman-style-stack.css"
".button","4","src\wingman2\styles\wingman-reference-global.css; src\wingman2\styles\wingman-reference-theme.css; src\wingman2\styles\wingman-style-stack.css"
".wm-template-library-page.is-name-only-mode .wm-template-card-grid","4","src\wingman2\styles\wingman-style-stack.css"
".wingman-nav","4","src\wingman2\styles\wingman-reference-global.css; src\wingman2\styles\wingman-reference-theme.css; src\wingman2\styles\wingman-style-stack.css"
".wingman-nav-icon","4","src\wingman2\styles\wingman-reference-global.css; src\wingman2\styles\wingman-reference-theme.css; src\wingman2\styles\wingman-style-stack.css"
".wm-navhub-page","4","src\wingman2\styles\wingman-style-stack.css"
".wingman-page-host h2","4","src\wingman2\styles\wingman-reference-global.css; src\wingman2\styles\wingman-reference-theme.css; src\wingman2\styles\wingman-style-stack.css"
".wingman-page-host h1","4","src\wingman2\styles\wingman-reference-global.css; src\wingman2\styles\wingman-reference-theme.css; src\wingman2\styles\wingman-style-stack.css"
".wingman-brand","4","src\wingman2\styles\wingman-reference-global.css; src\wingman2\styles\wingman-reference-theme.css; src\wingman2\styles\wingman-style-stack.css"
"html[data-wingman-route=""projects""] .wm-project-draft-grid","4","src\wingman2\styles\wingman-polish-navigation.css; src\wingman2\styles\wingman-style-stack.css"
".wm-status","4","src\wingman2\styles\wingman-reference-global.css; src\wingman2\styles\wingman-reference-theme.css; src\wingman2\styles\wingman-style-stack.css"
"html[data-wingman-route=""discovery""] .wm-discovery-option-list","4","src\wingman2\styles\wingman-workflow-theme.css"
"html[data-wingman-route=""dashboard""] main.wm-dashboard-page.wm-dashboard-shell.wm-dashboard-visual-root[data-wingman-page=""home""]","4","src\wingman2\styles\wingman-style-stack.css"
"html[data-wingman-route=""discovery""] .wm-discovery-capture-card","4","src\wingman2\styles\wingman-style-stack.css; src\wingman2\styles\wingman-workflow-theme.css"
"html[data-wingman-route=""templates""] .wm-template-library-toolbar","4","src\wingman2\styles\wingman-workflow-theme.css"
".wm-polish-shell .wm-polish-grid","4","src\wingman2\styles\wingman-polish-navigation.css; src\wingman2\styles\wingman-reference-global.css"
".wm-intelligence-page","4","src\wingman2\styles\wingman-style-stack.css"
"html[data-wingman-route=""dashboard""] .wm-dashboard-projects-section","3","src\wingman2\styles\wingman-style-stack.css"
"html[data-wingman-route=""data-manager""] .wm-data-toolbar select","3","src\wingman2\styles\wingman-workflow-theme.css"
".wm-finder-redesign-page .wm-finder-quickstart","3","src\wingman2\styles\wingman-style-stack.css"
"html[data-wingman-route=""projects""] main > section:first-of-type","3","src\wingman2\styles\wingman-style-stack.css"
"body.wm-product-finder-active .finder-start-form","3","src\wingman2\styles\wingman-style-stack.css"
".wm-schematic-device-block","3","src\wingman2\styles\wingman-style-stack.css"
".wm-ui-input","3","src\wingman2\styles\wingman-style-stack.css"
".wm-schematic-network-strip","3","src\wingman2\styles\wingman-style-stack.css"
".wm-finder-redesign-page .wingman-hero-purpose","3","src\wingman2\styles\wingman-style-stack.css"
"html[data-wingman-route=""dashboard""] .wm-dashboard-projects-section .wm-ui-title","3","src\wingman2\styles\wingman-style-stack.css"
".wm-finder-redesign-page .wingman-section-card","3","src\wingman2\styles\wingman-style-stack.css"
".wm-finder-redesign-page","3","src\wingman2\styles\wingman-style-stack.css"
"html[data-wingman-route=""projects""] .wm-projects-page > section:first-of-type","3","src\wingman2\styles\wingman-style-stack.css"
"html[data-wingman-route=""dashboard""] .wm-dashboard-brand","3","src\wingman2\styles\wingman-style-stack.css"
"html[data-wingman-route=""projects""] [data-wingman-page=""projects""] > section:first-of-type","3","src\wingman2\styles\wingman-style-stack.css"
".wm-template-detail-shell","3","src\wingman2\styles\wingman-style-stack.css"
"html[data-wingman-route=""projects""] .wingman-page-host","3","src\wingman2\styles\wingman-style-stack.css"
"html[data-wingman-route=""projects""] main","3","src\wingman2\styles\wingman-style-stack.css"
"html body .wingman-page-host .wm-navhub-page.wm-polish-shell[data-wingman-page-key=""Products""] .wm-polish-grid > .wm-navhub-card.wm-polish-card.wm-polish-card","3","src\wingman2\styles\wingman-style-stack.css"
".wm-ui-section","3","src\wingman2\styles\wingman-style-stack.css"
".wm-sh-choice-content","3","src\wingman2\styles\wingman-polish-navigation.css"
".wm-ui-card-header","3","src\wingman2\styles\wingman-style-stack.css"
"html[data-wingman-route=""discovery""] .wm-discovery-option-checkbox","3","src\wingman2\styles\wingman-workflow-theme.css"
".wm-template-detail-hero h2","3","src\wingman2\styles\wingman-style-stack.css"
".wm-template-detail-hero p:not(.wingman-kicker)","3","src\wingman2\styles\wingman-style-stack.css"
".wm-template-proposal-hero","3","src\wingman2\styles\wingman-style-stack.css"
"html body .wingman-page-host .wm-navhub-page.wm-polish-shell[data-wingman-page-key=""Products""] .wm-polish-grid > .wm-navhub-card.wm-polish-card","3","src\wingman2\styles\wingman-style-stack.css"
".wm-glossary-intro","3","src\wingman2\styles\wingman-style-stack.css"
"html[data-wingman-route=""proposal""] .wm-proposal-step-rail","3","src\wingman2\styles\wingman-workflow-theme.css"
".wm-compare-page .compare-native-result-summary","3","src\wingman2\styles\wingman-style-stack.css"
"html body .wingman-page-host .wm-navhub-page.wm-polish-shell[data-wingman-page-key=""Products""] > .wm-navhub-secondary .wm-polish-grid > .wm-navhub-card.wm-polish-card","3","src\wingman2\styles\wingman-style-stack.css"
"html[data-wingman-route=""projects""] .wingman-page-host > section:first-of-type","3","src\wingman2\styles\wingman-style-stack.css"
".wm-template-cable-schedule","3","src\wingman2\styles\wingman-style-stack.css"
"html[data-wingman-route] .wm-vs-layout","3","src\wingman2\styles\wingman-style-stack.css"
"html body .wingman-page-host .wm-navhub-page.wm-polish-shell[data-wingman-page-key=""Products""] .wm-polish-grid > .wm-navhub-card.wm-polish-card > .wm-polish-card-icon.wm-polish-card-icon","3","src\wingman2\styles\wingman-style-stack.css"
".wm-template-proposal-meta","3","src\wingman2\styles\wingman-style-stack.css"
".wm-home-page .wm-page-hero h1","3","src\wingman2\styles\wingman-style-stack.css"
"html[data-wingman-route=""home""] main.wm-dashboard-page.wm-dashboard-shell.wm-dashboard-visual-root[data-wingman-page=""home""]","3","src\wingman2\styles\wingman-style-stack.css"
".wm-navhub-submodes","3","src\wingman2\styles\wingman-polish-navigation.css; src\wingman2\styles\wingman-style-stack.css"
".wm-product-family-range-link","3","src\wingman2\styles\wingman-style-stack.css"
".wm-product-family-nav","3","src\wingman2\styles\wingman-style-stack.css"
"html[data-wingman-route=""settings""] .wm-page-hero","3","src\wingman2\styles\wingman-style-stack.css"
".wm-route-settings .wingman-page-hero","3","src\wingman2\styles\wingman-style-stack.css"
"html[data-wingman-route=""settings""] .wingman-page-hero","3","src\wingman2\styles\wingman-style-stack.css"
".wm-home-page .wm-navhub-secondary-grid","3","src\wingman2\styles\wingman-style-stack.css"
".wm-product-family-rule-card","3","src\wingman2\styles\wingman-style-stack.css"
"html[data-wingman-route=""salesHelper""] .wm-sh-page-stepper","3","src\wingman2\styles\wingman-style-stack.css"
".wm-polish-card-icon svg","3","src\wingman2\styles\wingman-polish-navigation.css; src\wingman2\styles\wingman-reference-global.css"
"html[data-wingman-route=""salesHelper""] .wm-sh-choice-card","3","src\wingman2\styles\wingman-style-stack.css"
"html[data-wingman-route=""salesHelper""] .wm-sh-choice-body","3","src\wingman2\styles\wingman-style-stack.css"
"html[data-wingman-route=""salesHelper""] .wm-sh-choice-title","3","src\wingman2\styles\wingman-style-stack.css"
".wm-template-card h3","3","src\wingman2\styles\wingman-style-stack.css"
".wm-template-library-workspace.is-name-only-mode .wm-template-card-grid","3","src\wingman2\styles\wingman-style-stack.css"
"html[data-wingman-route=""salesHelper""] .wm-sh-choice-eyebrow","3","src\wingman2\styles\wingman-style-stack.css"
".wm-polish-shell .wm-polish-grid .wm-polish-card > .wm-polish-card-icon","3","src\wingman2\styles\wingman-polish-navigation.css; src\wingman2\styles\wingman-reference-global.css"
".wm-polish-shell .wm-polish-grid > .wm-polish-card:focus-visible","3","src\wingman2\styles\wingman-polish-navigation.css"
".wm-route-settings .wm-page-hero","3","src\wingman2\styles\wingman-style-stack.css"
".wm-pcc-grid","3","src\wingman2\styles\wingman-style-stack.css"
".wm-dashboard-project-stage","3","src\wingman2\styles\wingman-style-stack.css"
".wm-dashboard-stage-pill","3","src\wingman2\styles\wingman-style-stack.css"
".wm-pcc-list","3","src\wingman2\styles\wingman-style-stack.css"
".wm-pcc-primary","3","src\wingman2\styles\wingman-style-stack.css"
".wm-dashboard-signal-line","3","src\wingman2\styles\wingman-style-stack.css"
"body .wm-pcc-preview .wm-pcc-section-tab","3","src\wingman2\styles\wingman-style-stack.css"
".wm-dashboard-signal-node","3","src\wingman2\styles\wingman-style-stack.css"
".wm-discovery-summary-card","3","src\wingman2\styles\wingman-style-stack.css"
"body .wm-pcc-preview","3","src\wingman2\styles\wingman-style-stack.css"
".wm-product-family-two-up","3","src\wingman2\styles\wingman-style-stack.css"
".wm-discovery-step-pills","3","src\wingman2\styles\wingman-style-stack.css"
".wm-product-family-summary-grid","3","src\wingman2\styles\wingman-style-stack.css"
".wm-dashboard-system-strip","3","src\wingman2\styles\wingman-style-stack.css"
".wm-dashboard-command-band","3","src\wingman2\styles\wingman-style-stack.css"
".wm-pcc-card","3","src\wingman2\styles\wingman-style-stack.css"
".wm-discovery-error-note","3","src\wingman2\styles\wingman-style-stack.css"
".wm-dashboard-destination-card:focus-visible","3","src\wingman2\styles\wingman-style-stack.css"
".wm-product-family-decision-grid","3","src\wingman2\styles\wingman-style-stack.css"
".wm-dashboard-project-card:focus-visible","3","src\wingman2\styles\wingman-style-stack.css"
".compare-reported-status-rail","3","src\wingman2\styles\wingman-style-stack.css"
".wm-pcc-product-mode .wm-pcc-gallery-strip","3","src\wingman2\styles\wingman-style-stack.css"
".wm-ingest-page","3","src\wingman2\styles\wingman-style-stack.css"
".wm-templates-page .wm-template-results-header h2","3","src\wingman2\styles\wingman-style-stack.css"
".wm-pcc-product-mode .wm-pcc-section-tabs","3","src\wingman2\styles\wingman-style-stack.css"
".wm-product-conversation-modal-head","3","src\wingman2\styles\wingman-style-stack.css"
".wm-topology-advanced-path-fields","3","src\wingman2\styles\wingman-style-stack.css"
".wm-topology-device-row","3","src\wingman2\styles\wingman-style-stack.css"
"body.wm-product-pitch-page-open .wm-product-pitch-result-table .wm-product-pitch-result-card","3","src\wingman2\styles\wingman-style-stack.css"
".wm-coach-funnel-step","3","src\wingman2\styles\wingman-style-stack.css"
"body.wm-product-pitch-page-open .wm-product-pitch-result-header","3","src\wingman2\styles\wingman-style-stack.css"
".wm-finder-redesign-page .wm-finder-filter-panel","3","src\wingman2\styles\wingman-style-stack.css"
".wm-ingest-results-grid","3","src\wingman2\styles\wingman-style-stack.css"
"@media (max-width: 860px)","3","src\wingman2\styles\wingman-style-stack.css"
".wm-finder-result-card","3","src\wingman2\styles\wingman-style-stack.css"
"@media (max-width: 560px)","3","src\wingman2\styles\wingman-style-stack.css; src\wingman2\styles\wingman-workflow-theme.css"
".wm-ingest-request-controls","3","src\wingman2\styles\wingman-style-stack.css"
"@media (max-width: 620px)","3","src\wingman2\styles\wingman-style-stack.css"
".wm-ingest-capture-layout","3","src\wingman2\styles\wingman-style-stack.css"
".wm-template-seed-wide-grid","3","src\wingman2\styles\wingman-style-stack.css"
".wm-template-seed-grid","3","src\wingman2\styles\wingman-style-stack.css"
".wm-pcc-select-shell .wm-pcc-product-grid","3","src\wingman2\styles\wingman-style-stack.css"
".wm-glossary-search","3","src\wingman2\styles\wingman-style-stack.css"
".wm-dashboard-flow","3","src\wingman2\styles\wingman-style-stack.css"
"main.wm-compare-page[data-compare-state=""result""] .compare-result-toolbar > div:first-child","3","src\wingman2\styles\wingman-style-stack.css; src\wingman2\styles\wingman-workflow-theme.css"
".wm-glossary-category-row button","3","src\wingman2\styles\wingman-style-stack.css"
".wm-glossary-related button","3","src\wingman2\styles\wingman-style-stack.css"
".wm-glossary-reality-panel","3","src\wingman2\styles\wingman-style-stack.css"
".wm-glossary-cautions li","3","src\wingman2\styles\wingman-style-stack.css"
".wm-glossary-cautions","3","src\wingman2\styles\wingman-style-stack.css"
".wm-glossary-definition-grid","3","src\wingman2\styles\wingman-style-stack.css"
".wm-glossary-definition-grid section","3","src\wingman2\styles\wingman-style-stack.css"
".wm-glossary-cautions h3","3","src\wingman2\styles\wingman-style-stack.css"
"main.wm-compare-page[data-compare-state=""result""] .compare-reported-status-rail","3","src\wingman2\styles\wingman-style-stack.css; src\wingman2\styles\wingman-workflow-theme.css"
"main.wm-compare-page[data-compare-state=""result""] .compare-reported-status","3","src\wingman2\styles\wingman-style-stack.css; src\wingman2\styles\wingman-workflow-theme.css"
"main.wm-compare-page[data-compare-state=""result""] .compare-compact-result__warnings","3","src\wingman2\styles\wingman-style-stack.css"
".wm-glossary-detail-head p","3","src\wingman2\styles\wingman-style-stack.css"
"main.wm-compare-page[data-compare-state=""result""] .compare-result-toolbar p","3","src\wingman2\styles\wingman-style-stack.css; src\wingman2\styles\wingman-workflow-theme.css"
".wm-glossary-term-list button","3","src\wingman2\styles\wingman-style-stack.css"
"main.wm-compare-page[data-compare-state=""result""] .compare-result-toolbar__actions","3","src\wingman2\styles\wingman-style-stack.css"
"main.wm-product-pitch-page[data-product-pitch-view=""selector""] .wm-product-pitch-selector::before","3","src\wingman2\styles\wingman-style-stack.css"
"main.wm-product-pitch-page[data-product-pitch-view=""selector""] .wm-product-pitch-selector::after","3","src\wingman2\styles\wingman-style-stack.css"
".wm-dashboard-next-copy","3","src\wingman2\styles\wingman-style-stack.css"
".wingman-display","3","src\wingman2\styles\wingman-reference-global.css; src\wingman2\styles\wingman-style-stack.css"
".wingman-page-host .wm-navhub-page.wm-polish-shell .wm-navhub-secondary-grid.wm-polish-grid","3","src\wingman2\styles\wingman-polish-navigation.css"
"html[data-wingman-route=""data-manager""] .wm-data-quality-heading small","3","src\wingman2\styles\wingman-workflow-theme.css"
"@media (max-width: 1280px)","3","src\wingman2\styles\wingman-polish-navigation.css; src\wingman2\styles\wingman-style-stack.css"
".wingman-page-host .wm-navhub-page.wm-polish-shell[data-wingman-page-key=""Call Coach""] .wm-polish-grid > .wm-navhub-card.wm-polish-card","3","src\wingman2\styles\wingman-polish-navigation.css"
".wingman-nav-link-active","3","src\wingman2\styles\wingman-reference-global.css; src\wingman2\styles\wingman-reference-theme.css; src\wingman2\styles\wingman-style-stack.css"
"html[data-wingman-route=""visual-studio""] ) .wm-vs-right-rail","3","src\wingman2\styles\wingman-workflow-theme.css"
".wingman-layout","3","src\wingman2\styles\wingman-style-stack.css"
"@media (max-width: 1320px)","3","src\wingman2\styles\wingman-reference-theme.css; src\wingman2\styles\wingman-style-stack.css"
".wm-support-landing","3","src\wingman2\styles\wingman-style-stack.css"
"50%","3","src\wingman2\styles\wingman-reference-theme.css; src\wingman2\styles\wingman-style-stack.css"
"html[data-wingman-route=""data-manager""] .wm-data-quality-heading","3","src\wingman2\styles\wingman-workflow-theme.css"
".wm-product-conversation-card","3","src\wingman2\styles\wingman-reference-global.css; src\wingman2\styles\wingman-style-stack.css"
"input","3","src\wingman2\styles\wingman-style-stack.css"
"html[data-wingman-route=""projects""] .wm-project-draft-title","3","src\wingman2\styles\wingman-polish-navigation.css; src\wingman2\styles\wingman-style-stack.css"
".wm-topology-location-card","3","src\wingman2\styles\wingman-reference-global.css; src\wingman2\styles\wingman-style-stack.css"
".wm-templates-page .wm-template-card .wm-button","3","src\wingman2\styles\wingman-style-stack.css"
".wm-kpi-grid","3","src\wingman2\styles\wingman-style-stack.css"
".wm-metric-grid","3","src\wingman2\styles\wingman-style-stack.css"
".wm-project-detail-nav__actions)","3","src\wingman2\styles\wingman-polish-navigation.css; src\wingman2\styles\wingman-style-stack.css"
"html[data-wingman-route=""data-manager""] .wm-data-tabs button","3","src\wingman2\styles\wingman-workflow-theme.css"
".wm-form-grid","3","src\wingman2\styles\wingman-style-stack.css; src\wingman2\styles\wingman-workflow-theme.css"
"textarea)","3","src\wingman2\styles\wingman-style-stack.css"
".wm-polish-hero-icon svg","3","src\wingman2\styles\wingman-polish-navigation.css; src\wingman2\styles\wingman-reference-global.css"
".wm-output-panel","3","src\wingman2\styles\wingman-style-stack.css"
".wingman-page-host .wm-navhub-page.wm-polish-shell[data-wingman-page-key=""Call Coach""]","3","src\wingman2\styles\wingman-polish-navigation.css"
"html[data-wingman-route=""data-manager""] .wm-data-quality-metric","3","src\wingman2\styles\wingman-workflow-theme.css"
".wm-templates-page .wm-action-card.wm-template-card","3","src\wingman2\styles\wingman-style-stack.css"
".wingman-page-host .wm-navhub-page.wm-polish-shell[data-wingman-page-key=""Call Coach""] > .wm-navhub-grid.wm-polish-grid","3","src\wingman2\styles\wingman-polish-navigation.css"
".wm-polish-hero-icon","3","src\wingman2\styles\wingman-polish-navigation.css; src\wingman2\styles\wingman-reference-global.css"
".wm-grid-4","3","src\wingman2\styles\wingman-style-stack.css"
"html[data-wingman-route=""projects""] :is(.wm-project-detail-nav__links","3","src\wingman2\styles\wingman-polish-navigation.css; src\wingman2\styles\wingman-style-stack.css"
"dt","3","src\wingman2\styles\wingman-style-stack.css"
".wm-catalog-panel","3","src\wingman2\styles\wingman-style-stack.css"
".card","3","src\wingman2\styles\wingman-reference-theme.css; src\wingman2\styles\wingman-style-stack.css"
".panel","3","src\wingman2\styles\wingman-reference-theme.css; src\wingman2\styles\wingman-style-stack.css"
".wingman-guru-fab-image","3","src\wingman2\styles\wingman-reference-global.css; src\wingman2\styles\wingman-reference-theme.css"
".wingman-guru-fab","3","src\wingman2\styles\wingman-reference-global.css; src\wingman2\styles\wingman-reference-theme.css; src\wingman2\styles\wingman-style-stack.css"
"html[data-wingman-route=""templates""] .wm-market-rail button","3","src\wingman2\styles\wingman-workflow-theme.css"
"html[data-wingman-route=""templates""] .wm-template-results","3","src\wingman2\styles\wingman-workflow-theme.css"
"html[data-wingman-route=""discovery""] .wm-discovery-capture-page","3","src\wingman2\styles\wingman-reference-global.css; src\wingman2\styles\wingman-style-stack.css; src\wingman2\styles\wingman-workflow-theme.css"
".bg-slate-100","3","src\wingman2\styles\wingman-reference-theme.css; src\wingman2\styles\wingman-style-stack.css"
".wm-navhub-page[data-wingman-page-key=""Products""] .wm-polish-card-art","3","src\wingman2\styles\wingman-polish-navigation.css"
"html[data-wingman-route=""dashboard""] .wingman-workspace","3","src\wingman2\styles\wingman-reference-global.css; src\wingman2\styles\wingman-style-stack.css"
".wm-navhub-page[data-wingman-page-key=""Products""] .wm-polish-card-copy","3","src\wingman2\styles\wingman-polish-navigation.css"
".wingman-page-host.wingman-page-host .wm-navhub-page.wm-polish-shell .wm-polish-grid > .wm-navhub-card.wm-polish-card > .wm-polish-card-copy.wm-polish-card-copy","3","src\wingman2\styles\wingman-polish-navigation.css"
".wingman-guru-fab-glow","3","src\wingman2\styles\wingman-reference-global.css; src\wingman2\styles\wingman-reference-theme.css"
".wingman-panel","3","src\wingman2\styles\wingman-reference-theme.css; src\wingman2\styles\wingman-style-stack.css"
".wingman-nav-link:hover","3","src\wingman2\styles\wingman-reference-theme.css; src\wingman2\styles\wingman-style-stack.css"
".wingman-mobile-nav-button","3","src\wingman2\styles\wingman-reference-theme.css; src\wingman2\styles\wingman-style-stack.css"
"html[data-wingman-route=""templates""] .wm-template-card-grid","3","src\wingman2\styles\wingman-workflow-theme.css"
"*::before","3","src\wingman2\styles\wingman-reference-global.css; src\wingman2\styles\wingman-style-stack.css"
".wingman-guru-drawer","3","src\wingman2\styles\wingman-reference-global.css; src\wingman2\styles\wingman-style-stack.css"
"html[data-wingman-route=""data-manager""] .wm-data-quality-heading .wm-ui-kicker","3","src\wingman2\styles\wingman-workflow-theme.css"
"*::after","3","src\wingman2\styles\wingman-reference-global.css; src\wingman2\styles\wingman-style-stack.css"
".wm-reference-quick-grid","3","src\wingman2\styles\wingman-reference-theme.css"
".wm-ui-input)","3","src\wingman2\styles\wingman-reference-global.css; src\wingman2\styles\wingman-workflow-theme.css"
".wm-catalog-product-grid","3","src\wingman2\styles\wingman-style-stack.css"
"html[data-wingman-route=""discovery""] .wm-route-result-card dl","3","src\wingman2\styles\wingman-workflow-theme.css"
".wm-badge","3","src\wingman2\styles\wingman-reference-global.css; src\wingman2\styles\wingman-reference-theme.css; src\wingman2\styles\wingman-style-stack.css"
"html[data-wingman-route] .wingman-page-host .wm-navhub-page > div","3","src\wingman2\styles\wingman-style-stack.css"
".wm-reference-project-grid","3","src\wingman2\styles\wingman-reference-global.css; src\wingman2\styles\wingman-reference-theme.css"
".wm-reference-dashboard-layout","3","src\wingman2\styles\wingman-reference-global.css; src\wingman2\styles\wingman-reference-theme.css"
".wingman-page-host .wm-page-title","3","src\wingman2\styles\wingman-reference-global.css; src\wingman2\styles\wingman-reference-theme.css"
"html[data-wingman-route=""data-manager""] .wm-data-quality-heading h2","3","src\wingman2\styles\wingman-workflow-theme.css"
"html[data-wingman-route] .wingman-page-host .wm-navhub-grid","3","src\wingman2\styles\wingman-style-stack.css"
".wingman-page-host .wm-section-title","3","src\wingman2\styles\wingman-reference-global.css; src\wingman2\styles\wingman-reference-theme.css"
"html body .wingman-page-host .wm-navhub-page.wm-polish-shell > .wm-navhub-grid.wm-polish-grid:has(> .wm-navhub-card:nth-child(3):last-child)","3","src\wingman2\styles\wingman-polish-navigation.css"
"html body .wingman-page-host .wm-navhub-page.wm-polish-shell > .wm-navhub-grid.wm-polish-grid.wm-polish-grid","3","src\wingman2\styles\wingman-polish-navigation.css"
"html[data-wingman-route=""templates""] .wm-template-library-summary","3","src\wingman2\styles\wingman-workflow-theme.css"
".wm-dashboard-brand","3","src\wingman2\styles\wingman-style-stack.css"
"html[data-wingman-route=""proposal""] .wm-proposal-wizard-sidebar","3","src\wingman2\styles\wingman-workflow-theme.css"
".wm-projects-page","3","src\wingman2\styles\wingman-polish-navigation.css; src\wingman2\styles\wingman-style-stack.css"
"html[data-wingman-route=""data-manager""] .wm-data-manager-header p","3","src\wingman2\styles\wingman-workflow-theme.css"
".wm-dashboard-section-head","3","src\wingman2\styles\wingman-style-stack.css"
"strong","3","src\wingman2\styles\wingman-style-stack.css; src\wingman2\styles\wingman-workflow-theme.css"
".wm-polish-hero-copy h1","3","src\wingman2\styles\wingman-polish-navigation.css; src\wingman2\styles\wingman-reference-global.css"
"html body .wingman-page-host .wm-navhub-page.wm-polish-shell > .wm-navhub-grid.wm-polish-grid:has(> .wm-navhub-card:nth-child(5):last-child)","3","src\wingman2\styles\wingman-polish-navigation.css"
".wm-ui-title","3","src\wingman2\styles\wingman-polish-navigation.css; src\wingman2\styles\wingman-style-stack.css"
".wm-templates-page .wm-template-actions","3","src\wingman2\styles\wingman-polish-navigation.css; src\wingman2\styles\wingman-style-stack.css"
"html[data-wingman-route=""dashboard""] .wingman-page-host","3","src\wingman2\styles\wingman-style-stack.css"
".wm-templates-page .wm-template-actions .wm-button","3","src\wingman2\styles\wingman-polish-navigation.css; src\wingman2\styles\wingman-style-stack.css"
"html[data-wingman-route=""templates""] .wm-template-library-create","3","src\wingman2\styles\wingman-workflow-theme.css"
".wm-dashboard-icon","3","src\wingman2\styles\wingman-style-stack.css"
"span)","3","src\wingman2\styles\wingman-polish-navigation.css; src\wingman2\styles\wingman-workflow-theme.css"
"html[data-wingman-route=""projects""] .wm-projects-compact-actions","3","src\wingman2\styles\wingman-polish-navigation.css; src\wingman2\styles\wingman-style-stack.css"
".wm-dashboard-project-card:hover","3","src\wingman2\styles\wingman-style-stack.css"
".wm-product-pitch-page .wm-product-pitch-result-family","3","src\wingman2\styles\wingman-style-stack.css"
".wm-product-pitch-page .wm-product-pitch-result-status","3","src\wingman2\styles\wingman-style-stack.css"
"html[data-wingman-route=""data-manager""] .wm-data-manager-header h1","3","src\wingman2\styles\wingman-workflow-theme.css"
".wm-dashboard-card-title","3","src\wingman2\styles\wingman-style-stack.css"
"html[data-wingman-route=""data-manager""] .wm-data-toolbar input","3","src\wingman2\styles\wingman-workflow-theme.css"
".wm-polish-shell.wm-polish-shell:has(.wm-sh-card-grid) .wm-sh-card-grid.wm-polish-grid > .wm-polish-card.wm-polish-card > .wm-polish-card-copy.wm-polish-card-copy","3","src\wingman2\styles\wingman-polish-navigation.css"
".wm-dashboard-resume-title","3","src\wingman2\styles\wingman-style-stack.css"
".wm-dashboard-section","3","src\wingman2\styles\wingman-style-stack.css"
"html[data-wingman-route=""data-manager""] .wm-data-table-card","3","src\wingman2\styles\wingman-workflow-theme.css"
"html[data-wingman-route=""data-manager""] .wm-data-table-card > header","3","src\wingman2\styles\wingman-workflow-theme.css"
"@media (min-width: 981px)","3","src\wingman2\styles\wingman-polish-navigation.css; src\wingman2\styles\wingman-reference-global.css"
".wm-dashboard-destination-card:hover","3","src\wingman2\styles\wingman-style-stack.css"
"html[data-wingman-route=""compare""] .wm-compare-sku-header","3","src\wingman2\styles\wingman-workflow-theme.css"
".wm-pcc-shell-selection-mode .wm-pcc-product-grid","3","src\wingman2\styles\wingman-polish-navigation.css"
"html[data-wingman-route=""compare""] .wm-compare-match-requirements","3","src\wingman2\styles\wingman-workflow-theme.css"
".wm-product-family-workspace","3","src\wingman2\styles\wingman-polish-navigation.css; src\wingman2\styles\wingman-style-stack.css"
"html[data-wingman-route=""dashboard""] .wm-dashboard-grid","3","src\wingman2\styles\wingman-style-stack.css"
".wm-data-editor textarea","3","src\wingman2\styles\wingman-workflow-theme.css"
"html[data-wingman-route=""compare""] .wm-compare-sku-workspace","3","src\wingman2\styles\wingman-workflow-theme.css"
"html[data-wingman-route=""compare""] .wm-compare-sku-lookup","3","src\wingman2\styles\wingman-workflow-theme.css"
".wm-settings-layout","3","src\wingman2\styles\wingman-style-stack.css"
".wm-polish-hero","3","src\wingman2\styles\wingman-polish-navigation.css; src\wingman2\styles\wingman-reference-global.css"
"html[data-wingman-route=""dashboard""] .wm-dashboard-project-grid","3","src\wingman2\styles\wingman-style-stack.css"
".wm-data-manager-page","3","src\wingman2\styles\wingman-workflow-theme.css"
"html[data-wingman-route=""data-manager""] .wm-data-manager-header .wm-ui-kicker","3","src\wingman2\styles\wingman-workflow-theme.css"
"html body [data-wingman-product-tool-card=""true""] [data-wingman-product-tool-art=""true""]","3","src\wingman2\styles\wingman-product-tools-visual-weight.css"
"html body [data-wingman-product-tool-card=""true""] svg[data-wingman-product-tool-art=""true""]","3","src\wingman2\styles\wingman-product-tools-visual-weight.css"
"html body .wingman-page-host .wm-navhub-page.wm-polish-shell .wm-navhub-secondary-grid.wm-polish-grid","3","src\wingman2\styles\wingman-polish-navigation.css"
"html[data-wingman-route=""compare""] .wm-compare-sku-heading h2","3","src\wingman2\styles\wingman-workflow-theme.css"
".wm-data-search","3","src\wingman2\styles\wingman-workflow-theme.css"
".wm-catalog-results-head","3","src\wingman2\styles\wingman-polish-navigation.css; src\wingman2\styles\wingman-style-stack.css"
"html body .wingman-page-host .wm-navhub-page.wm-polish-shell .wm-polish-grid > .wm-navhub-card.wm-polish-card.wm-polish-card","3","src\wingman2\styles\wingman-polish-navigation.css"
".wm-product-family-products-header","2","src\wingman2\styles\wingman-style-stack.css"
"main.wm-settings-page .wm-settings-layout","2","src\wingman2\styles\wingman-style-stack.css"
".wm-product-family-hero-action","2","src\wingman2\styles\wingman-style-stack.css"
".wm-product-family-sku-grid","2","src\wingman2\styles\wingman-style-stack.css"
".wm-settings-header","2","src\wingman2\styles\wingman-style-stack.css"
".wm-route-call-coach .wm-hero-panel","2","src\wingman2\styles\wingman-style-stack.css"
".wm-product-family-text-block","2","src\wingman2\styles\wingman-style-stack.css"
".wm-product-family-list-block","2","src\wingman2\styles\wingman-style-stack.css"
".wm-button-primary[data-wm-accent]","2","src\wingman2\styles\wingman-style-stack.css"
"html[data-wingman-route=""call-coach""] .wm-hero-panel","2","src\wingman2\styles\wingman-style-stack.css"
".wm-route-call-coach main.wm-page > div > section","2","src\wingman2\styles\wingman-style-stack.css"
".wm-product-family-picker.is-active","2","src\wingman2\styles\wingman-style-stack.css"
".wm-dashboard-hero-copy","2","src\wingman2\styles\wingman-style-stack.css"
".wingman-topbar-title span","2","src\wingman2\styles\wingman-style-stack.css"
".wm-product-family-picker:hover","2","src\wingman2\styles\wingman-style-stack.css"
".wm-product-family-picker-title","2","src\wingman2\styles\wingman-style-stack.css"
".wm-product-family-picker-copy","2","src\wingman2\styles\wingman-style-stack.css"
"html[data-wingman-route=""data-manager""] .wingman-workspace main.wm-page.wm-data-manager-page > .wm-data-toolbar","2","src\wingman2\styles\wingman-workflow-theme.css"
"main.wm-settings-page .wm-settings-layout > .wm-settings-column:first-child > .wm-output-panel:first-child","2","src\wingman2\styles\wingman-style-stack.css"
".wm-product-family-picker-title svg","2","src\wingman2\styles\wingman-style-stack.css"
".wm-dashboard-page.wm-dashboard-shell","2","src\wingman2\styles\wingman-style-stack.css"
".wm-template-filter-group","2","src\wingman2\styles\wingman-style-stack.css"
".wm-product-family-nav-header h2","2","src\wingman2\styles\wingman-style-stack.css"
".wm-product-family-detail-header h2","2","src\wingman2\styles\wingman-style-stack.css"
"article)","2","src\wingman2\styles\wingman-style-stack.css"
"html body .wingman-page-host .wm-navhub-page.wm-polish-shell[data-wingman-page-key=""Products""]","2","src\wingman2\styles\wingman-style-stack.css"
".wm-product-family-more-body","2","src\wingman2\styles\wingman-style-stack.css"
".wm-custom-template-panel","2","src\wingman2\styles\wingman-style-stack.css"
".wm-product-family-products","2","src\wingman2\styles\wingman-style-stack.css"
".wm-custom-template-grid","2","src\wingman2\styles\wingman-style-stack.css"
".wm-product-family-detail-body","2","src\wingman2\styles\wingman-style-stack.css"
".wm-product-family-products-header h3","2","src\wingman2\styles\wingman-style-stack.css"
".wm-product-family-detail-header","2","src\wingman2\styles\wingman-style-stack.css"
"main.wm-settings-page .wm-section-card textarea","2","src\wingman2\styles\wingman-style-stack.css"
".wingman-nav-copy","2","src\wingman2\styles\wingman-style-stack.css"
".wm-product-family-page .wm-product-family-picker-copy","2","src\wingman2\styles\wingman-style-stack.css"
"html[data-wingman-route=""call-coach""] .wm-page-hero","2","src\wingman2\styles\wingman-style-stack.css"
".wm-custom-template-panel .wm-action-row","2","src\wingman2\styles\wingman-style-stack.css"
".wm-product-family-page .wm-product-family-picker-title","2","src\wingman2\styles\wingman-style-stack.css"
".wm-route-call-coach .wm-page-hero","2","src\wingman2\styles\wingman-style-stack.css"
".wm-template-search","2","src\wingman2\styles\wingman-style-stack.css"
"main.wm-settings-page .wm-settings-layout > .wm-settings-column > .wm-section-card","2","src\wingman2\styles\wingman-style-stack.css"
".wm-route-call-coach main.wm-page > section:first-of-type","2","src\wingman2\styles\wingman-style-stack.css"
"html[data-wingman-route=""call-coach""] main.wm-page > section:first-of-type","2","src\wingman2\styles\wingman-style-stack.css"
".wm-product-family-more","2","src\wingman2\styles\wingman-style-stack.css"
".wm-product-family-picker","2","src\wingman2\styles\wingman-style-stack.css"
"html[data-wingman-route=""projects""] .wm-projects-compact-hero","2","src\wingman2\styles\wingman-style-stack.css"
"[class*=""items-center""])","2","src\wingman2\styles\wingman-style-stack.css"
"html[data-wingman-route=""projects""] .wm-project-draft-state","2","src\wingman2\styles\wingman-style-stack.css"
"body.wm-product-finder-active .wingman-page-hero .wingman-hero-actions","2","src\wingman2\styles\wingman-style-stack.css"
"body.wm-product-finder-active .wm-finder-redesign-page > .wingman-page-hero","2","src\wingman2\styles\wingman-style-stack.css"
"body.wm-product-finder-active .wingman-page-host","2","src\wingman2\styles\wingman-style-stack.css"
"html[data-wingman-route=""projects""] :is([class*=""draft""]","2","src\wingman2\styles\wingman-style-stack.css"
"html[data-wingman-route=""projects""] th","2","src\wingman2\styles\wingman-style-stack.css"
"html[data-wingman-route=""projects""] [data-wingman-page=""projects""] h1","2","src\wingman2\styles\wingman-style-stack.css"
"html[data-wingman-route=""projects""] .wm-project-draft-customer","2","src\wingman2\styles\wingman-style-stack.css"
"[class*=""mx-auto""])","2","src\wingman2\styles\wingman-style-stack.css"
".wm-filter-strip","2","src\wingman2\styles\wingman-style-stack.css"
"html[data-wingman-route=""compare""] main[data-wingman-page=""compare""] :is(.compare-stepper","2","src\wingman2\styles\wingman-style-stack.css"
"body.wm-product-finder-active .finder-field","2","src\wingman2\styles\wingman-style-stack.css"
"[class*=""Stepper""])","2","src\wingman2\styles\wingman-style-stack.css"
"body.wm-product-finder-active .finder-search-control","2","src\wingman2\styles\wingman-style-stack.css"
"body.wm-product-finder-active .finder-field select","2","src\wingman2\styles\wingman-style-stack.css"
"body.wm-product-finder-active .finder-path-hint","2","src\wingman2\styles\wingman-style-stack.css"
"[class*=""Stepper""]) > *","2","src\wingman2\styles\wingman-style-stack.css"
"[class*=""text-center""])","2","src\wingman2\styles\wingman-style-stack.css"
"[class*=""justify-center""])","2","src\wingman2\styles\wingman-style-stack.css"
".wm-route-compare main[data-wingman-page=""compare""] :is(.compare-stepper","2","src\wingman2\styles\wingman-style-stack.css"
"body.wm-product-finder-active .wm-finder-quickstart > div:first-child","2","src\wingman2\styles\wingman-style-stack.css"
"body.wm-product-finder-active .finder-active-step-panel > div:first-child","2","src\wingman2\styles\wingman-style-stack.css"
".wm-compare-page .compare-native-result-head","2","src\wingman2\styles\wingman-style-stack.css"
".wm-compare-page .compare-native-product-card--best","2","src\wingman2\styles\wingman-style-stack.css"
"html[data-wingman-route=""data-manager""] .wingman-workspace main.wm-page.wm-data-manager-page > section.wm-section-card.wm-data-quality-summary:first-of-type","2","src\wingman2\styles\wingman-workflow-theme.css"
".wm-compare-page .compare-native-core-matrix","2","src\wingman2\styles\wingman-style-stack.css"
".wm-product-pitch-page .wm-product-pitch-result-sku","2","src\wingman2\styles\wingman-style-stack.css"
".wm-compare-page .compare-native-core-facts","2","src\wingman2\styles\wingman-style-stack.css"
".wm-product-pitch-page .wm-product-pitch-result-prelude","2","src\wingman2\styles\wingman-style-stack.css"
".wm-product-pitch-page .wm-product-pitch-result-name","2","src\wingman2\styles\wingman-style-stack.css"
".wm-product-pitch-page .wm-product-pitch-empty-state","2","src\wingman2\styles\wingman-style-stack.css"
".wm-compare-page .compare-native-best-card","2","src\wingman2\styles\wingman-style-stack.css"
".wm-product-pitch-result-family","2","src\wingman2\styles\wingman-style-stack.css"
".wm-product-pitch-result-name","2","src\wingman2\styles\wingman-style-stack.css"
"html[data-wingman-route=""projects""] .wingman-page-host h1","2","src\wingman2\styles\wingman-style-stack.css"
"[class*=""Help""]","2","src\wingman2\styles\wingman-style-stack.css"
"[class*=""action""]","2","src\wingman2\styles\wingman-style-stack.css"
"html[data-wingman-route=""projects""] .wm-projects-page h1","2","src\wingman2\styles\wingman-style-stack.css"
".wm-chip-strip)","2","src\wingman2\styles\wingman-style-stack.css"
"html[data-wingman-route=""projects""] main h1","2","src\wingman2\styles\wingman-style-stack.css"
"html[data-wingman-route=""projects""] [data-wingman-page=""projects""]","2","src\wingman2\styles\wingman-style-stack.css"
".wm-compare-page .compare-native-core-matrix-heading","2","src\wingman2\styles\wingman-style-stack.css"
".wm-product-pitch-page .wm-product-pitch-result-card","2","src\wingman2\styles\wingman-style-stack.css"
"[class*=""Action""])","2","src\wingman2\styles\wingman-style-stack.css"
".wm-product-pitch-safety-grid","2","src\wingman2\styles\wingman-style-stack.css"
".wm-product-pitch-page .wm-product-pitch-result-header","2","src\wingman2\styles\wingman-style-stack.css"
"body.wm-product-finder-active .finder-step-footer","2","src\wingman2\styles\wingman-style-stack.css"
"html[data-wingman-route=""projects""] .wm-project-current-result","2","src\wingman2\styles\wingman-style-stack.css"
"html[data-wingman-route=""projects""] .wm-project-current-result__layout","2","src\wingman2\styles\wingman-style-stack.css"
"html[data-wingman-route=""projects""] .wm-project-current-result__summary","2","src\wingman2\styles\wingman-style-stack.css"
"main.wm-product-pitch-page[data-product-pitch-view=""workspace""] .wm-product-pitch-safety-grid","2","src\wingman2\styles\wingman-style-stack.css"
"main.wm-product-pitch-page[data-product-pitch-view=""selector""] .wm-product-pitch-empty-state","2","src\wingman2\styles\wingman-style-stack.css"
"html[data-wingman-route=""call-coach""] .wm-section-card","2","src\wingman2\styles\wingman-style-stack.css"
"html[data-wingman-route] .wingman-page-host .wm-navhub-hero [class*=""title""]","2","src\wingman2\styles\wingman-style-stack.css"
"main.wm-product-pitch-page[data-product-pitch-view=""selector""] .wm-product-pitch-selector","2","src\wingman2\styles\wingman-style-stack.css"
"main.wm-product-pitch-page[data-product-pitch-view=""selector""]","2","src\wingman2\styles\wingman-style-stack.css"
"html[data-wingman-route=""projects""] .wm-project-current-result__footer","2","src\wingman2\styles\wingman-style-stack.css"
"html[data-wingman-route] .wingman-page-host .wm-navhub-page","2","src\wingman2\styles\wingman-style-stack.css"
"html[data-wingman-route] .wingman-page-host .wm-navhub-hero","2","src\wingman2\styles\wingman-style-stack.css"
".wingman-guru-composer","2","src\wingman2\styles\wingman-style-stack.css"
".wm-route-call-coach main.wm-page > div > article","2","src\wingman2\styles\wingman-style-stack.css"
".wingman-guru-message-user","2","src\wingman2\styles\wingman-style-stack.css"
".wm-product-family-layout","2","src\wingman2\styles\wingman-style-stack.css"
"html[data-wingman-route=""call-coach""] main.wm-page > div > section","2","src\wingman2\styles\wingman-style-stack.css"
".wingman-guru-send","2","src\wingman2\styles\wingman-style-stack.css"
".wm-route-call-coach .wm-section-card","2","src\wingman2\styles\wingman-style-stack.css"
".wingman-guru-title-stack > small","2","src\wingman2\styles\wingman-style-stack.css"
".wingman-guru-drawer-header","2","src\wingman2\styles\wingman-style-stack.css"
".wingman-guru-message","2","src\wingman2\styles\wingman-style-stack.css"
"html[data-wingman-route=""call-coach""] main.wm-page > div > article","2","src\wingman2\styles\wingman-style-stack.css"
".wingman-guru-close","2","src\wingman2\styles\wingman-style-stack.css"
"body.wm-product-pitch-page-open .wm-product-pitch-family-panel","2","src\wingman2\styles\wingman-style-stack.css"
".wm-template-filter-panel","2","src\wingman2\styles\wingman-style-stack.css"
".wm-template-filter-panel .wm-template-search","2","src\wingman2\styles\wingman-style-stack.css"
"html[data-wingman-route] .wingman-page-host [class*=""navhub-card""]","2","src\wingman2\styles\wingman-style-stack.css"
"body.wm-product-pitch-page-open .wm-product-pitch-result-table","2","src\wingman2\styles\wingman-style-stack.css"
"html[data-wingman-route] .wingman-page-host [class*=""NavHubCard""]","2","src\wingman2\styles\wingman-style-stack.css"
"body.wm-product-pitch-page-open .wm-product-pitch-page","2","src\wingman2\styles\wingman-style-stack.css"
".wm-template-filter-panel .wm-template-filter-strip","2","src\wingman2\styles\wingman-style-stack.css"
"html[data-wingman-route=""compare""] main.wm-compare-page","2","src\wingman2\styles\wingman-style-stack.css; src\wingman2\styles\wingman-workflow-theme.css"
".wm-template-filter-panel .wm-template-filter-group[aria-label=""Vertical filter""]","2","src\wingman2\styles\wingman-style-stack.css"
"body.wm-product-pitch-page-open .wm-product-pitch-result-prelude","2","src\wingman2\styles\wingman-style-stack.css"
"body.wm-product-pitch-page-open .wm-product-pitch-empty-state","2","src\wingman2\styles\wingman-style-stack.css"
".wm-pcc-select-shell .wm-pcc-grid","2","src\wingman2\styles\wingman-style-stack.css"
"body.wm-product-pitch-page-open .wm-product-pitch-result-card > span::before","2","src\wingman2\styles\wingman-style-stack.css"
"html[data-wingman-route] .wingman-page-host .wm-navhub-page > div > section","2","src\wingman2\styles\wingman-style-stack.css"
".wm-pcc-select-shell .wm-pcc-product","2","src\wingman2\styles\wingman-style-stack.css"
"html[data-wingman-route] .wingman-page-host [class*=""navhub""][class*=""grid""]","2","src\wingman2\styles\wingman-style-stack.css"
".wm-pcc-select-shell .wm-pcc-grid.wm-pcc-product-mode","2","src\wingman2\styles\wingman-style-stack.css"
"html[data-wingman-route] .wingman-page-host .wm-navhub-page > div > a","2","src\wingman2\styles\wingman-style-stack.css"
"html[data-wingman-route] .wingman-page-host .wm-navhub-card","2","src\wingman2\styles\wingman-style-stack.css"
"body.wm-product-pitch-page-open .wm-product-pitch-result-list","2","src\wingman2\styles\wingman-style-stack.css"
"body.wm-product-pitch-page-open .wm-product-pitch-result-status","2","src\wingman2\styles\wingman-style-stack.css"
"html[data-wingman-route] .wingman-page-host .wm-navhub-page > div > article","2","src\wingman2\styles\wingman-style-stack.css"
".wm-product-pitch-result-prelude) .wm-product-pitch-result-card","2","src\wingman2\styles\wingman-style-stack.css"
"html[data-wingman-route=""compare""] .compare-compact-result__footnotes","2","src\wingman2\styles\wingman-workflow-theme.css"
"html[data-wingman-route=""compare""] .compare-compact-result__product--wyrestorm","2","src\wingman2\styles\wingman-workflow-theme.css"
"html[data-wingman-route=""compare""] .wm-compare-requirements-body","2","src\wingman2\styles\wingman-workflow-theme.css"
"html[data-wingman-route=""compare""] .compare-native-option-footnote","2","src\wingman2\styles\wingman-workflow-theme.css"
"html[data-wingman-route=""compare""] .compare-shortlist__grid","2","src\wingman2\styles\wingman-workflow-theme.css"
"html[data-wingman-route=""compare""] .compare-shortlist__heading","2","src\wingman2\styles\wingman-workflow-theme.css"
"html[data-wingman-route=""compare""] .compare-shortlist","2","src\wingman2\styles\wingman-workflow-theme.css"
"html[data-wingman-route=""compare""] .wm-compare-sku-action-copy","2","src\wingman2\styles\wingman-workflow-theme.css"
"html[data-wingman-route=""compare""] .wm-compare-sku-heading p","2","src\wingman2\styles\wingman-workflow-theme.css"
"html[data-wingman-route=""compare""] .wm-compare-selected-brand","2","src\wingman2\styles\wingman-workflow-theme.css"
"html[data-wingman-route=""compare""] .compare-native-sku-stage","2","src\wingman2\styles\wingman-workflow-theme.css"
"html[data-wingman-route=""compare""] .wm-compare-panel-heading","2","src\wingman2\styles\wingman-workflow-theme.css"
"html[data-wingman-route=""compare""] .wm-compare-sku-actions > button","2","src\wingman2\styles\wingman-workflow-theme.css"
"html[data-wingman-route=""compare""] .wm-compare-sku-actions","2","src\wingman2\styles\wingman-workflow-theme.css"
"html[data-wingman-route=""compare""] .wm-compare-sku-lookup :where(input","2","src\wingman2\styles\wingman-workflow-theme.css"
"html[data-wingman-route=""visual-studio""] ) .wm-vs-toolbar-actions button","2","src\wingman2\styles\wingman-workflow-theme.css"
"html[data-wingman-route=""visual-studio""] ) .wm-vs-toolbar-actions","2","src\wingman2\styles\wingman-workflow-theme.css"
"html[data-wingman-route=""visual-studio""] ) .wm-vs-canvas-toolbar","2","src\wingman2\styles\wingman-workflow-theme.css"
"html[data-wingman-route=""discovery""] .wm-discovery-compact-stepbar","2","src\wingman2\styles\wingman-workflow-theme.css"
"html[data-wingman-route=""discovery""] .wm-route-choice-grid","2","src\wingman2\styles\wingman-workflow-theme.css"
"html[data-wingman-route=""discovery""] .wm-route-planner-head","2","src\wingman2\styles\wingman-workflow-theme.css"
"html[data-wingman-route=""discovery""] .wm-discovery-compact-step-actions","2","src\wingman2\styles\wingman-workflow-theme.css"
"html[data-wingman-route=""visual-studio""] ) .wm-vs-layout","2","src\wingman2\styles\wingman-workflow-theme.css"
"html[data-wingman-route=""compare""] .compare-result-view-switcher","2","src\wingman2\styles\wingman-workflow-theme.css"
"html[data-wingman-route=""compare""] .compare-result-guide","2","src\wingman2\styles\wingman-workflow-theme.css"
"html[data-wingman-route=""data-manager""] .wm-data-quality-metric strong","2","src\wingman2\styles\wingman-workflow-theme.css"
"html[data-wingman-route=""compare""] .compare-shortlist__grid.compare-native-option-grid","2","src\wingman2\styles\wingman-workflow-theme.css"
"html[data-wingman-route=""visual-studio""] ) .wm-vs-header","2","src\wingman2\styles\wingman-workflow-theme.css"
"html[data-wingman-route=""compare""] .compare-product-info-card__facts","2","src\wingman2\styles\wingman-workflow-theme.css"
"html[data-wingman-route=""compare""] .compare-product-info-card.compare-native-option-card","2","src\wingman2\styles\wingman-workflow-theme.css"
"html[data-wingman-route=""data-manager""] .wm-data-search","2","src\wingman2\styles\wingman-workflow-theme.css"
"html[data-wingman-route=""data-manager""] .wm-data-table-card h2","2","src\wingman2\styles\wingman-workflow-theme.css"
"html[data-wingman-route=""data-manager""] .wm-data-table-card p","2","src\wingman2\styles\wingman-workflow-theme.css"
"html[data-wingman-route=""proposal""] .wm-proposal-form-grid","2","src\wingman2\styles\wingman-workflow-theme.css"
"html[data-wingman-route=""proposal""] .wm-proposal-requirements-grid > a","2","src\wingman2\styles\wingman-workflow-theme.css"
"html[data-wingman-route=""proposal""] .wm-proposal-requirements-grid","2","src\wingman2\styles\wingman-workflow-theme.css"
"html[data-wingman-route=""proposal""] .wm-proposal-field textarea","2","src\wingman2\styles\wingman-workflow-theme.css"
"html[data-wingman-route=""proposal""] .wm-proposal-step-heading p","2","src\wingman2\styles\wingman-workflow-theme.css"
"@media (max-width: 960px)","2","src\wingman2\styles\wingman-workflow-theme.css"
"html[data-wingman-route=""discovery""] .wm-discovery-summary-grid","2","src\wingman2\styles\wingman-workflow-theme.css"
"html[data-wingman-route=""discovery""] .wm-discovery-option.is-selected .wm-discovery-option-checkbox","2","src\wingman2\styles\wingman-workflow-theme.css"
"html[data-wingman-route=""discovery""] .wm-discovery-multi-select-note","2","src\wingman2\styles\wingman-workflow-theme.css"
"html[data-wingman-route=""proposal""] .wm-proposal-wizard-layout","2","src\wingman2\styles\wingman-workflow-theme.css"
"html[data-wingman-route=""proposal""] .wm-proposal-wizard-header","2","src\wingman2\styles\wingman-workflow-theme.css"
"html[data-wingman-route=""discovery""] .wm-discovery-client-grid","2","src\wingman2\styles\wingman-workflow-theme.css"
"html[data-wingman-route=""compare""] .wm-compare-step.is-complete","2","src\wingman2\styles\wingman-workflow-theme.css"
"html[data-wingman-route=""compare""] .wm-compare-step.is-active","2","src\wingman2\styles\wingman-workflow-theme.css"
"html[data-wingman-route=""compare""] .wm-compare-step","2","src\wingman2\styles\wingman-workflow-theme.css"
"html[data-wingman-route=""compare""] .wm-compare-step.is-active .wm-compare-step-number","2","src\wingman2\styles\wingman-workflow-theme.css"
"html[data-wingman-route=""compare""] .wm-compare-step-copy small","2","src\wingman2\styles\wingman-workflow-theme.css"
"html[data-wingman-route=""compare""] .wm-compare-step-copy strong","2","src\wingman2\styles\wingman-workflow-theme.css"
"html[data-wingman-route=""compare""] .wm-compare-step.is-complete .wm-compare-step-number","2","src\wingman2\styles\wingman-workflow-theme.css"
"html[data-wingman-route=""compare""] .wm-compare-step-rail","2","src\wingman2\styles\wingman-workflow-theme.css"
"html[data-wingman-route=""proposal""] .wm-proposal-bom-table td","2","src\wingman2\styles\wingman-workflow-theme.css"
"html[data-wingman-route=""proposal""] .wm-proposal-bom-table th","2","src\wingman2\styles\wingman-workflow-theme.css"
"html[data-wingman-route=""proposal""] .wm-proposal-bom-heading p","2","src\wingman2\styles\wingman-workflow-theme.css"
"html[data-wingman-route=""proposal""] .wm-proposal-final-grid","2","src\wingman2\styles\wingman-workflow-theme.css"
"html[data-wingman-route=""data-manager""] .wm-data-quality-metric span","2","src\wingman2\styles\wingman-workflow-theme.css"
"html[data-wingman-route=""proposal""] .wm-proposal-navigation > span","2","src\wingman2\styles\wingman-workflow-theme.css"
"html[data-wingman-route=""proposal""] .wm-proposal-navigation","2","src\wingman2\styles\wingman-workflow-theme.css"
"html[data-wingman-route=""templates""] .wm-solution-card-meta","2","src\wingman2\styles\wingman-workflow-theme.css"
"html[data-wingman-route=""templates""] .wm-solution-card-visual .wm-badge","2","src\wingman2\styles\wingman-workflow-theme.css"
"html[data-wingman-route=""templates""] .wm-solution-card-visual svg","2","src\wingman2\styles\wingman-workflow-theme.css"
"html[data-wingman-route=""templates""] .wm-solution-card-purpose strong","2","src\wingman2\styles\wingman-workflow-theme.css"
"html[data-wingman-route=""templates""] .wm-solution-card:focus .wm-solution-card-body","2","src\wingman2\styles\wingman-workflow-theme.css"
"html[data-wingman-route=""templates""] .wm-solution-card:focus-within .wm-solution-card-body","2","src\wingman2\styles\wingman-workflow-theme.css"
"html[data-wingman-route=""templates""] .wm-solution-card:hover .wm-solution-card-body","2","src\wingman2\styles\wingman-workflow-theme.css"
"html[data-wingman-route=""templates""] .wm-solution-card-visual","2","src\wingman2\styles\wingman-workflow-theme.css"
"html[data-wingman-route=""templates""] .wm-market-rail","2","src\wingman2\styles\wingman-workflow-theme.css"
"html[data-wingman-route=""templates""] .wm-template-browser","2","src\wingman2\styles\wingman-workflow-theme.css"
"html[data-wingman-route=""templates""] .wm-solution-header","2","src\wingman2\styles\wingman-workflow-theme.css"
"html[data-wingman-route=""templates""] .wm-market-rail h2","2","src\wingman2\styles\wingman-workflow-theme.css"
"html[data-wingman-route=""templates""] .wm-solution-card:hover","2","src\wingman2\styles\wingman-workflow-theme.css"
"html[data-wingman-route=""templates""] .wm-solution-card","2","src\wingman2\styles\wingman-workflow-theme.css"
"html[data-wingman-route=""templates""] .wm-template-results-heading > p","2","src\wingman2\styles\wingman-workflow-theme.css"
".wm-impact-panel button","2","src\wingman2\styles\wingman-workflow-theme.css"
".wm-data-editor select","2","src\wingman2\styles\wingman-workflow-theme.css"
".wm-data-editor input","2","src\wingman2\styles\wingman-workflow-theme.css"
".wm-data-editor>footer","2","src\wingman2\styles\wingman-workflow-theme.css"
".wm-before-after","2","src\wingman2\styles\wingman-workflow-theme.css"
".wm-data-form-section label.is-wide","2","src\wingman2\styles\wingman-workflow-theme.css"
".wm-data-form-section>div","2","src\wingman2\styles\wingman-workflow-theme.css"
".wm-data-toolbar select","2","src\wingman2\styles\wingman-workflow-theme.css"
"html[data-wingman-route=""templates""] .wm-solution-card:focus .wm-template-actions","2","src\wingman2\styles\wingman-workflow-theme.css"
"html[data-wingman-route=""templates""] .wm-solution-card:focus-within .wm-template-actions","2","src\wingman2\styles\wingman-workflow-theme.css"
"html[data-wingman-route=""templates""] .wm-solution-card:hover .wm-template-actions","2","src\wingman2\styles\wingman-workflow-theme.css"
"html[data-wingman-route=""templates""] .wm-solution-card .wm-template-actions .wm-button-primary","2","src\wingman2\styles\wingman-workflow-theme.css"
".wm-data-toolbar","2","src\wingman2\styles\wingman-workflow-theme.css"
".wm-data-manager-header","2","src\wingman2\styles\wingman-workflow-theme.css"
"@media (max-width: 1179px)","2","src\wingman2\styles\wingman-workflow-theme.css"
"html[data-wingman-route=""templates""] .wm-equipment-toolbar","2","src\wingman2\styles\wingman-workflow-theme.css"
"html[data-wingman-route=""templates""] .wm-equipment-scope-switcher","2","src\wingman2\styles\wingman-workflow-theme.css"
"html[data-wingman-route=""templates""] .wm-template-tab-row","2","src\wingman2\styles\wingman-workflow-theme.css"
"@media(max-width:1100px)","2","src\wingman2\styles\wingman-workflow-theme.css"
"html[data-wingman-route=""templates""] .wm-template-card-icon","2","src\wingman2\styles\wingman-workflow-theme.css"
"html[data-wingman-route=""templates""] .wm-template-start-guide","2","src\wingman2\styles\wingman-workflow-theme.css"
"html[data-wingman-route=""templates""] .wm-templates-page","2","src\wingman2\styles\wingman-workflow-theme.css"
"html[data-wingman-route=""templates""] .wm-template-header-actions","2","src\wingman2\styles\wingman-workflow-theme.css"
"html[data-wingman-route=""discovery""] .wm-route-exception-choice-grid","2","src\wingman2\styles\wingman-workflow-theme.css"
"html[data-wingman-route=""discovery""] .wm-route-distance-visual > span:last-child","2","src\wingman2\styles\wingman-workflow-theme.css"
"html[data-wingman-route=""discovery""] .wm-route-distance-visual","2","src\wingman2\styles\wingman-workflow-theme.css"
"html[data-wingman-route=""discovery""] .wm-route-exception-fields","2","src\wingman2\styles\wingman-workflow-theme.css"
"html[data-wingman-route=""templates""] .wm-template-header-row","2","src\wingman2\styles\wingman-workflow-theme.css"
"html[data-wingman-route=""discovery""] .wm-route-advanced-panel > header small","2","src\wingman2\styles\wingman-workflow-theme.css"
"html[data-wingman-route=""discovery""] .wm-route-advanced-panel > header","2","src\wingman2\styles\wingman-workflow-theme.css"
".wm-market-rail h2","2","src\wingman2\styles\wingman-workflow-theme.css"
".wm-market-rail","2","src\wingman2\styles\wingman-workflow-theme.css"
".wm-template-browser","2","src\wingman2\styles\wingman-workflow-theme.css"
".wm-market-rail button","2","src\wingman2\styles\wingman-workflow-theme.css"
".wm-personalisation-form textarea","2","src\wingman2\styles\wingman-workflow-theme.css"
".wm-template-preview-split","2","src\wingman2\styles\wingman-workflow-theme.css"
".wm-solution-card-grid","2","src\wingman2\styles\wingman-workflow-theme.css"
".wm-template-stages","2","src\wingman2\styles\wingman-workflow-theme.css"
"html[data-wingman-route=""templates""] .wm-template-filter-group","2","src\wingman2\styles\wingman-workflow-theme.css"
"html[data-wingman-route=""templates""] .wm-template-start-note","2","src\wingman2\styles\wingman-workflow-theme.css"
"html[data-wingman-route=""templates""] .wm-template-start-guide p","2","src\wingman2\styles\wingman-workflow-theme.css"
"html[data-wingman-route=""templates""] .wm-template-card-fit","2","src\wingman2\styles\wingman-workflow-theme.css"
".wm-solution-header","2","src\wingman2\styles\wingman-workflow-theme.css"
"html[data-wingman-route=""templates""] .wm-template-manage-actions","2","src\wingman2\styles\wingman-workflow-theme.css"
"html[data-wingman-route=""templates""] .wm-template-actions","2","src\wingman2\styles\wingman-workflow-theme.css"
".compare-decision-button--partial.is-selected","2","src\wingman2\styles\wingman-style-stack.css"
".compare-decision-button--good.is-selected","2","src\wingman2\styles\wingman-style-stack.css"
".compare-decision-button--neutral","2","src\wingman2\styles\wingman-style-stack.css"
".compare-decision-button--alternative.is-selected","2","src\wingman2\styles\wingman-style-stack.css"
".compare-compact-result__headline","2","src\wingman2\styles\wingman-style-stack.css"
".compare-decision-button--reject.is-selected","2","src\wingman2\styles\wingman-style-stack.css"
".compare-decision-button--review.is-selected","2","src\wingman2\styles\wingman-style-stack.css"
"html[data-wingman-route=""compare""] .compare-decision-button","2","src\wingman2\styles\wingman-style-stack.css"
".wm-data-manager-page .wm-data-table-card","2","src\wingman2\styles\wingman-workflow-theme.css"
".wm-data-manager-page .wm-data-table-scroll","2","src\wingman2\styles\wingman-workflow-theme.css"
"html[data-wingman-route=""home""] main.wm-dashboard-shell[data-wingman-page=""home""] .wm-dashboard-grid","2","src\wingman2\styles\wingman-style-stack.css"
"html[data-wingman-route=""dashboard""] main.wm-dashboard-shell[data-wingman-page=""home""] .wm-dashboard-project-grid","2","src\wingman2\styles\wingman-style-stack.css"
"html[data-wingman-route=""home""] main.wm-dashboard-shell[data-wingman-page=""home""] .wm-dashboard-rail-copy","2","src\wingman2\styles\wingman-style-stack.css"
"html[data-wingman-route=""dashboard""] main.wm-dashboard-shell[data-wingman-page=""home""] .wm-dashboard-rail-copy","2","src\wingman2\styles\wingman-style-stack.css"
"html[data-wingman-route=""home""] main.wm-dashboard-shell[data-wingman-page=""home""] .wm-dashboard-project-grid","2","src\wingman2\styles\wingman-style-stack.css"
"main.wm-compare-page[data-compare-state=""result""] .compare-compact-result__products","2","src\wingman2\styles\wingman-style-stack.css"
"main.wm-compare-page[data-compare-state=""result""] .compare-native-best-card","2","src\wingman2\styles\wingman-style-stack.css"
"main.wm-compare-page[data-compare-state=""result""] .compare-result-toolbar__actions .wm-ui-button","2","src\wingman2\styles\wingman-style-stack.css; src\wingman2\styles\wingman-workflow-theme.css"
"main.wm-compare-page[data-compare-state=""result""] .compare-compact-result__arrow","2","src\wingman2\styles\wingman-style-stack.css"
"main.wm-compare-page[data-compare-state=""result""] #compare-result-panel-cards .wm-showdown__face-off","2","src\wingman2\styles\wingman-style-stack.css"
"main.wm-compare-page[data-compare-state=""result""] .compare-result-tabs__button","2","src\wingman2\styles\wingman-style-stack.css"
"main.wm-compare-page[data-compare-state=""result""] .compare-result-tabs","2","src\wingman2\styles\wingman-style-stack.css"
"main.wm-compare-page[data-compare-state=""result""] .compare-result-toolbar h1","2","src\wingman2\styles\wingman-style-stack.css; src\wingman2\styles\wingman-workflow-theme.css"
".compare-compact-result__reason","2","src\wingman2\styles\wingman-style-stack.css"
".compare-compact-result__arrow","2","src\wingman2\styles\wingman-style-stack.css"
".compare-compact-result__products","2","src\wingman2\styles\wingman-style-stack.css"
".compare-compact-result__next","2","src\wingman2\styles\wingman-style-stack.css"
"main.wm-compare-page[data-compare-state=""result""]","2","src\wingman2\styles\wingman-style-stack.css"
".compare-compact-next-action","2","src\wingman2\styles\wingman-style-stack.css"
".compare-compact-result__next ol","2","src\wingman2\styles\wingman-style-stack.css"
"@media (max-height: 760px) and (min-width: 1181px)","2","src\wingman2\styles\wingman-style-stack.css"
".wm-dashboard-intent","2","src\wingman2\styles\wingman-style-stack.css"
".wm-dashboard-section-head .wm-section-title","2","src\wingman2\styles\wingman-style-stack.css"
".wingman-mobile-shade","2","src\wingman2\styles\wingman-style-stack.css"
".wm-dashboard-page.wm-dashboard-shell[data-wingman-page=""home""] .wm-dashboard-main","2","src\wingman2\styles\wingman-style-stack.css"
"html[data-wingman-route=""dashboard""] main.wm-dashboard-shell[data-wingman-page=""home""]","2","src\wingman2\styles\wingman-style-stack.css"
"main.wm-dashboard-shell[data-wingman-page=""home""] section.wm-dashboard-projects-section .wm-dashboard-project-grid","2","src\wingman2\styles\wingman-style-stack.css"
".wm-dashboard-continue-action","2","src\wingman2\styles\wingman-style-stack.css"
".wm-dashboard-flow-step:not(:last-child)::after","2","src\wingman2\styles\wingman-style-stack.css"
".wm-dashboard-brand-row","2","src\wingman2\styles\wingman-style-stack.css"
".wm-dashboard-command-copy","2","src\wingman2\styles\wingman-style-stack.css"
".wm-dashboard-primary-action","2","src\wingman2\styles\wingman-style-stack.css"
".wm-dashboard-project-readiness","2","src\wingman2\styles\wingman-style-stack.css"
".wm-dashboard-progress-head","2","src\wingman2\styles\wingman-style-stack.css"
".wm-dashboard-secondary-action","2","src\wingman2\styles\wingman-style-stack.css"
"html[data-wingman-route=""home""] main.wm-dashboard-shell[data-wingman-page=""home""] .wm-dashboard-resume-card","2","src\wingman2\styles\wingman-style-stack.css"
"html[data-wingman-route=""dashboard""] main.wm-dashboard-shell[data-wingman-page=""home""] .wm-dashboard-resume-card","2","src\wingman2\styles\wingman-style-stack.css"
"html[data-wingman-route=""home""] main.wm-dashboard-shell[data-wingman-page=""home""] .wm-dashboard-main","2","src\wingman2\styles\wingman-style-stack.css"
"html[data-wingman-route=""dashboard""] main.wm-dashboard-shell[data-wingman-page=""home""] .wm-dashboard-section","2","src\wingman2\styles\wingman-style-stack.css"
"html[data-wingman-route=""dashboard""] main.wm-dashboard-shell[data-wingman-page=""home""] .wm-dashboard-grid","2","src\wingman2\styles\wingman-style-stack.css"
".wm-data-manager-page .wm-data-table-scroll td > span","2","src\wingman2\styles\wingman-workflow-theme.css"
"html[data-wingman-route=""home""] main.wm-dashboard-shell[data-wingman-page=""home""] .wm-dashboard-section","2","src\wingman2\styles\wingman-style-stack.css"
"html[data-wingman-route=""dashboard""] main.wm-dashboard-shell[data-wingman-page=""home""] .wm-dashboard-main","2","src\wingman2\styles\wingman-style-stack.css"
"html[data-wingman-route=""dashboard""] main.wingman-app-main","2","src\wingman2\styles\wingman-style-stack.css"
"html[data-wingman-route=""dashboard""] .wingman-workspace .wingman-app-main","2","src\wingman2\styles\wingman-style-stack.css"
"main.wm-dashboard-page.wm-dashboard-shell.wm-dashboard-visual-root[data-wingman-page=""home""]","2","src\wingman2\styles\wingman-style-stack.css"
"html[data-wingman-route=""home""] .wingman-workspace .wingman-app-main","2","src\wingman2\styles\wingman-style-stack.css"
"html[data-wingman-route=""home""] main.wm-dashboard-shell[data-wingman-page=""home""] > aside.wm-dashboard-rail","2","src\wingman2\styles\wingman-style-stack.css"
"html[data-wingman-route=""dashboard""] main.wm-dashboard-shell[data-wingman-page=""home""] > aside.wm-dashboard-rail","2","src\wingman2\styles\wingman-style-stack.css"
"html[data-wingman-route=""home""] main.wingman-app-main","2","src\wingman2\styles\wingman-style-stack.css"
"html body .wingman-page-host .wm-navhub-page.wm-polish-shell[data-wingman-page-key=""Products""] > .wm-navhub-grid.wm-polish-grid > .wm-navhub-card.wm-polish-card.wm-polish-card","2","src\wingman2\styles\wingman-style-stack.css"
"html body .wingman-page-host .wm-navhub-page.wm-polish-shell[data-wingman-page-key=""Products""] > .wm-polish-tip","2","src\wingman2\styles\wingman-style-stack.css"
"html body .wingman-page-host .wm-navhub-page.wm-polish-shell[data-wingman-page-key=""Products""] > .wm-navhub-secondary.wm-polish-secondary","2","src\wingman2\styles\wingman-style-stack.css"
"@media (max-width: 1120px)","2","src\wingman2\styles\wingman-style-stack.css; src\wingman2\styles\wingman-workflow-theme.css"
".wm-showdown .wm-battle-card__stats","2","src\wingman2\styles\wingman-style-stack.css"
".wm-showdown .wm-battle-card__body","2","src\wingman2\styles\wingman-style-stack.css"
".wm-showdown .wm-showdown__face-off > .wm-battle-card","2","src\wingman2\styles\wingman-style-stack.css"
"html body .wingman-page-host .wm-navhub-page.wm-polish-shell[data-wingman-page-key=""Products""] .wm-polish-grid > .wm-navhub-card.wm-polish-card > .wm-polish-card-art.wm-polish-card-art","2","src\wingman2\styles\wingman-style-stack.css"
"html body .wingman-page-host .wm-navhub-page.wm-polish-shell[data-wingman-page-key=""Products""] .wm-polish-grid > .wm-navhub-card.wm-polish-card > .wm-polish-card-icon > svg","2","src\wingman2\styles\wingman-style-stack.css"
".wm-data-manager-page :is( [class*=""governance""]","2","src\wingman2\styles\wingman-workflow-theme.css"
".wm-proof__sources h4","2","src\wingman2\styles\wingman-style-stack.css"
"html body .wingman-page-host .wm-navhub-page.wm-polish-shell[data-wingman-page-key=""Products""] .wm-polish-card-copy > .wm-polish-card-title","2","src\wingman2\styles\wingman-style-stack.css"
"html body .wingman-page-host .wm-navhub-page.wm-polish-shell[data-wingman-page-key=""Products""] .wm-polish-card-copy > .wm-polish-card-link","2","src\wingman2\styles\wingman-style-stack.css"
"html body .wingman-page-host .wm-navhub-page.wm-polish-shell[data-wingman-page-key=""Products""] .wm-polish-card-copy > .wm-polish-card-note","2","src\wingman2\styles\wingman-style-stack.css"
"html body .wingman-page-host .wm-navhub-page.wm-polish-shell[data-wingman-page-key=""Products""] .wm-polish-card-copy > .wm-polish-card-body","2","src\wingman2\styles\wingman-style-stack.css"
"html[data-wingman-route=""discovery""] .wm-discovery-step-pill strong","2","src\wingman2\styles\wingman-workflow-theme.css"
".wm-existing-discovery-warning-actions .wm-ui-button:last-child","2","src\wingman2\styles\wingman-style-stack.css"
".wm-existing-discovery-warning-actions","2","src\wingman2\styles\wingman-style-stack.css"
"html[data-wingman-route=""discovery""] .wm-discovery-question-heading","2","src\wingman2\styles\wingman-workflow-theme.css"
"html[data-wingman-route=""discovery""] .wm-discovery-option-radio","2","src\wingman2\styles\wingman-workflow-theme.css"
"html[data-wingman-route=""discovery""] .wm-discovery-why-card","2","src\wingman2\styles\wingman-workflow-theme.css"
"html[data-wingman-route=""discovery""] .wm-discovery-question-heading > p","2","src\wingman2\styles\wingman-workflow-theme.css"
".wm-existing-discovery-warning-summary","2","src\wingman2\styles\wingman-style-stack.css"
".wm-glossary-header","2","src\wingman2\styles\wingman-style-stack.css"
".wm-showdown .wm-battle-card__stat dd","2","src\wingman2\styles\wingman-style-stack.css"
".wm-showdown .wm-battle-card__stat dt","2","src\wingman2\styles\wingman-style-stack.css"
".wm-glossary-header .wm-action-row","2","src\wingman2\styles\wingman-style-stack.css"
".wm-existing-discovery-warning-dialog","2","src\wingman2\styles\wingman-style-stack.css"
".wm-existing-discovery-warning-backdrop","2","src\wingman2\styles\wingman-style-stack.css"
"html[data-wingman-route=""data-manager""] .wingman-page-host","2","src\wingman2\styles\wingman-workflow-theme.css"
".wm-pcc-return-button","2","src\wingman2\styles\wingman-style-stack.css"
".wm-pcc-header-selection-mode .wm-pcc-search","2","src\wingman2\styles\wingman-style-stack.css"
".wm-pcc-shell-product-mode .wm-pcc-header","2","src\wingman2\styles\wingman-style-stack.css"
".wm-pcc-product-mode .wm-pcc-preview","2","src\wingman2\styles\wingman-style-stack.css"
".wm-ingest-compact-header","2","src\wingman2\styles\wingman-style-stack.css"
".wm-pcc-product-mode .wm-pcc-focus-panel","2","src\wingman2\styles\wingman-style-stack.css"
".wm-pcc-product-mode .wm-pcc-visual-studio-button","2","src\wingman2\styles\wingman-style-stack.css"
".wm-pcc-shell-selection-mode .wm-pcc-header","2","src\wingman2\styles\wingman-style-stack.css"
"button)","2","src\wingman2\styles\wingman-workflow-theme.css"
".wm-topology-stat-grid","2","src\wingman2\styles\wingman-style-stack.css"
"main.wm-compare-page[data-compare-state=""result""] #compare-result-panel-cards .wm-battle-card__stats","2","src\wingman2\styles\wingman-style-stack.css"
".wm-topology-connection-card","2","src\wingman2\styles\wingman-style-stack.css"
".wm-topology-ready","2","src\wingman2\styles\wingman-style-stack.css"
".wm-topology-connection-fields","2","src\wingman2\styles\wingman-style-stack.css"
".wm-data-manager-page .wm-data-toolbar","2","src\wingman2\styles\wingman-workflow-theme.css"
".wm-showdown__vs","2","src\wingman2\styles\wingman-style-stack.css"
".wm-battle-card__body","2","src\wingman2\styles\wingman-style-stack.css"
"[class*=""data-quality""]","2","src\wingman2\styles\wingman-workflow-theme.css"
".wm-proof__table","2","src\wingman2\styles\wingman-style-stack.css"
".wm-proof__cautions h4","2","src\wingman2\styles\wingman-style-stack.css"
".wm-proof__advantages h4","2","src\wingman2\styles\wingman-style-stack.css"
".wm-proof__table tbody th","2","src\wingman2\styles\wingman-style-stack.css"
".wm-ingest-results-grid > :last-child","2","src\wingman2\styles\wingman-style-stack.css"
".wm-ingest-request-controls select","2","src\wingman2\styles\wingman-style-stack.css"
".wm-ingest-result-toolbar-actions","2","src\wingman2\styles\wingman-style-stack.css"
".wm-ingest-header-actions","2","src\wingman2\styles\wingman-style-stack.css"
".wm-ingest-textarea-label textarea","2","src\wingman2\styles\wingman-style-stack.css"
".wm-ingest-result-toolbar","2","src\wingman2\styles\wingman-style-stack.css"
".wm-ingest-upload-card small","2","src\wingman2\styles\wingman-style-stack.css"
".wm-ingest-upload-grid","2","src\wingman2\styles\wingman-style-stack.css"
".wingman-page-host > :is(main","2","src\wingman2\styles\wingman-style-stack.css"
"html[data-wingman-route] .wm-vs-canvas .react-flow","2","src\wingman2\styles\wingman-style-stack.css"
"html[data-wingman-route] .wm-vs-canvas-toolbar","2","src\wingman2\styles\wingman-style-stack.css"
"html[data-wingman-route] .wm-vs-canvas-shell","2","src\wingman2\styles\wingman-style-stack.css"
"html[data-wingman-route] .wm-vs-list","2","src\wingman2\styles\wingman-style-stack.css"
".wingman-guru-call-summary small","2","src\wingman2\styles\wingman-style-stack.css"
".wingman-guru-call-summary span","2","src\wingman2\styles\wingman-style-stack.css"
".wingman-guru-call-status","2","src\wingman2\styles\wingman-style-stack.css"
"html[data-wingman-route] .wm-vs-left-rail","2","src\wingman2\styles\wingman-style-stack.css"
".wingman-guru-context-prompt","2","src\wingman2\styles\wingman-style-stack.css"
".wingman-guru-context-prompts","2","src\wingman2\styles\wingman-style-stack.css"
".wingman-guru-fab[data-support-available=""true""] > .wingman-guru-fab-status","2","src\wingman2\styles\wingman-style-stack.css"
".wingman-guru-context-prompt:hover","2","src\wingman2\styles\wingman-style-stack.css"
"html[data-wingman-route] .wm-vs-panel","2","src\wingman2\styles\wingman-style-stack.css"
"html[data-wingman-route] .wm-vs-header-card","2","src\wingman2\styles\wingman-style-stack.css"
"html[data-wingman-route] .wm-vs-header","2","src\wingman2\styles\wingman-style-stack.css"
".wingman-guru-call-actions","2","src\wingman2\styles\wingman-style-stack.css"
".wm-template-detail-shell .wm-template-action-primary","2","src\wingman2\styles\wingman-style-stack.css"
".wm-templates-workflow-page .wm-template-result-actions a","2","src\wingman2\styles\wingman-style-stack.css"
"a)","2","src\wingman2\styles\wingman-style-stack.css"
".wm-templates-workflow-page .wm-template-result-actions a:hover","2","src\wingman2\styles\wingman-style-stack.css"
".wm-equipment-toolbar button","2","src\wingman2\styles\wingman-style-stack.css"
".wm-template-header-actions","2","src\wingman2\styles\wingman-style-stack.css"
".wm-template-header-row","2","src\wingman2\styles\wingman-style-stack.css"
".wm-template-landing-panel","2","src\wingman2\styles\wingman-style-stack.css"
".wingman-guru-call-summary","2","src\wingman2\styles\wingman-style-stack.css"
".wingman-guru-call-interpreter textarea","2","src\wingman2\styles\wingman-style-stack.css"
".wingman-guru-call-actions button","2","src\wingman2\styles\wingman-style-stack.css"
".wingman-guru-call-summary strong","2","src\wingman2\styles\wingman-style-stack.css"
".wm-render-camera","2","src\wingman2\styles\wingman-style-stack.css"
".wm-render-laptop","2","src\wingman2\styles\wingman-style-stack.css"
".wm-schematic-column","2","src\wingman2\styles\wingman-style-stack.css"
"button.wingman-guru-fab[data-support-available=""true""] > .wingman-guru-fab-status","2","src\wingman2\styles\wingman-style-stack.css"
".wingman-shell > .wingman-app-main","2","src\wingman2\styles\wingman-style-stack.css"
"#root > .wingman-shell > .wingman-app-main","2","src\wingman2\styles\wingman-style-stack.css"
".wingman-sidebar a","2","src\wingman2\styles\wingman-style-stack.css"
".wingman-authority-shell > .wingman-app-main","2","src\wingman2\styles\wingman-style-stack.css"
".wingman-sidebar .wm-nav","2","src\wingman2\styles\wingman-style-stack.css"
".wm-sidebar nav","2","src\wingman2\styles\wingman-style-stack.css"
".wingman-sidebar nav","2","src\wingman2\styles\wingman-style-stack.css"
".wm-sidebar a","2","src\wingman2\styles\wingman-style-stack.css"
".wm-compare-layout","2","src\wingman2\styles\wingman-style-stack.css"
".wm-compare-page .wm-compare-layout","2","src\wingman2\styles\wingman-style-stack.css"
".wm-product-card","2","src\wingman2\styles\wingman-style-stack.css"
".wm-compare-row","2","src\wingman2\styles\wingman-style-stack.css"
".wm-row-between","2","src\wingman2\styles\wingman-style-stack.css"
".wm-proposal-layout","2","src\wingman2\styles\wingman-style-stack.css"
".wm-pitch-layout","2","src\wingman2\styles\wingman-style-stack.css"
".wm-sidebar .wm-nav","2","src\wingman2\styles\wingman-style-stack.css"
".wm-dashboard-next-kicker","2","src\wingman2\styles\wingman-style-stack.css"
".wm-dashboard-next-step svg","2","src\wingman2\styles\wingman-style-stack.css"
".wm-dashboard-next-step","2","src\wingman2\styles\wingman-style-stack.css"
".wm-dashboard-project-updated","2","src\wingman2\styles\wingman-style-stack.css"
"html[data-wingman-route] button.wingman-guru-fab","2","src\wingman2\styles\wingman-style-stack.css"
"html[data-wingman-route=""dashboard""] .wingman-sidebar","2","src\wingman2\styles\wingman-style-stack.css"
"html[data-wingman-route=""dashboard""] #root > .wingman-shell","2","src\wingman2\styles\wingman-style-stack.css"
".wm-dashboard-resume-copy","2","src\wingman2\styles\wingman-style-stack.css"
".wingman-sidebar a[href^=""/wingman""]","2","src\wingman2\styles\wingman-style-stack.css"
".wm-sidebar .wm-nav-link","2","src\wingman2\styles\wingman-style-stack.css"
".wingman-sidebar .wm-nav-link","2","src\wingman2\styles\wingman-style-stack.css"
".wm-sidebar a[href^=""/wingman""]","2","src\wingman2\styles\wingman-style-stack.css"
".wm-dashboard-project-head","2","src\wingman2\styles\wingman-style-stack.css"
".wm-dashboard-resume-card","2","src\wingman2\styles\wingman-style-stack.css"
".wm-dashboard-shell","2","src\wingman2\styles\wingman-style-stack.css"
".wm-template-tabs","2","src\wingman2\styles\wingman-style-stack.css"
".wm-product-conversation-explain","2","src\wingman2\styles\wingman-style-stack.css"
".wm-product-conversation-modal-body","2","src\wingman2\styles\wingman-style-stack.css"
".wm-product-conversation-modal","2","src\wingman2\styles\wingman-style-stack.css"
".wm-proposal-page","2","src\wingman2\styles\wingman-style-stack.css"
".wm-coach-funnel","2","src\wingman2\styles\wingman-style-stack.css"
".wm-coach-question-row","2","src\wingman2\styles\wingman-style-stack.css"
".wm-coach-head","2","src\wingman2\styles\wingman-style-stack.css"
".wm-product-conversation-modal-backdrop","2","src\wingman2\styles\wingman-style-stack.css"
".wm-product-diagram-arrow","2","src\wingman2\styles\wingman-style-stack.css"
".wm-product-diagram-step","2","src\wingman2\styles\wingman-style-stack.css"
".wm-product-diagram-flow","2","src\wingman2\styles\wingman-style-stack.css"
".wm-product-diagram-arrow span","2","src\wingman2\styles\wingman-style-stack.css"
".wm-product-conversation-card-grid","2","src\wingman2\styles\wingman-style-stack.css"
".wm-product-conversation-panel-head","2","src\wingman2\styles\wingman-style-stack.css"
".wm-product-diagram-arrow span::after","2","src\wingman2\styles\wingman-style-stack.css"
".wm-coach-grid","2","src\wingman2\styles\wingman-style-stack.css"
".wm-diagram-preview-head p","2","src\wingman2\styles\wingman-style-stack.css"
".wm-diagram-card-head p","2","src\wingman2\styles\wingman-style-stack.css"
".wm-glossary-definition-grid svg","2","src\wingman2\styles\wingman-style-stack.css"
".wm-glossary-results-head p","2","src\wingman2\styles\wingman-style-stack.css"
".wm-glossary-related h3","2","src\wingman2\styles\wingman-style-stack.css"
".wm-glossary-reality-panel p","2","src\wingman2\styles\wingman-style-stack.css"
".wm-glossary-definition-grid p","2","src\wingman2\styles\wingman-style-stack.css"
".wm-glossary-reality-panel svg","2","src\wingman2\styles\wingman-style-stack.css"
".wm-diagram-studio-shell","2","src\wingman2\styles\wingman-style-stack.css"
".wm-visual-design-page","2","src\wingman2\styles\wingman-style-stack.css"
"html[data-wingman-route=""finder""] .wm-finder-redesign-page > .fixed.bottom-5.right-5","2","src\wingman2\styles\wingman-style-stack.css"
".wm-diagram-card","2","src\wingman2\styles\wingman-style-stack.css"
".wm-glossary-detail-head","2","src\wingman2\styles\wingman-style-stack.css"
".wm-diagram-preview-head","2","src\wingman2\styles\wingman-style-stack.css"
".wm-diagram-card-head","2","src\wingman2\styles\wingman-style-stack.css"
".wm-product-in-situ-header","2","src\wingman2\styles\wingman-style-stack.css"
".wm-secondary-paths","2","src\wingman2\styles\wingman-style-stack.css"
".wm-overview-flow","2","src\wingman2\styles\wingman-style-stack.css"
".wm-template-lanes-heading p","2","src\wingman2\styles\wingman-style-stack.css"
".wm-template-overview-notes","2","src\wingman2\styles\wingman-style-stack.css"
".wm-template-lane-stages","2","src\wingman2\styles\wingman-style-stack.css"
".wm-template-lane","2","src\wingman2\styles\wingman-style-stack.css"
".wm-template-connectivity","2","src\wingman2\styles\wingman-style-stack.css"
".wm-proposal-handoff > *","2","src\wingman2\styles\wingman-style-stack.css"
".wm-template-overview-main","2","src\wingman2\styles\wingman-style-stack.css"
".wm-template-overview","2","src\wingman2\styles\wingman-style-stack.css"
".wm-template-tabs button","2","src\wingman2\styles\wingman-style-stack.css"
".wm-template-readiness","2","src\wingman2\styles\wingman-style-stack.css"
".wm-equipment-workspace","2","src\wingman2\styles\wingman-style-stack.css"
".wm-template-stage-detail","2","src\wingman2\styles\wingman-style-stack.css"
".wm-template-lanes","2","src\wingman2\styles\wingman-style-stack.css"
".wm-template-lane-stage-wrap","2","src\wingman2\styles\wingman-style-stack.css"
"@media (max-height: 820px)","2","src\wingman2\styles\wingman-style-stack.css"
".wm-finder-redesign-page .wm-finder-quickstart button","2","src\wingman2\styles\wingman-style-stack.css"
".wm-finder-redesign-page .wingman-section-card-body","2","src\wingman2\styles\wingman-style-stack.css"
".wm-finder-redesign-page .wm-finder-technology-field","2","src\wingman2\styles\wingman-style-stack.css"
".wm-finder-redesign-page .wm-finder-results-panel","2","src\wingman2\styles\wingman-style-stack.css"
".wm-finder-redesign-page .wm-finder-filter-group input","2","src\wingman2\styles\wingman-style-stack.css"
".wm-finder-redesign-page .wm-finder-filter-group select","2","src\wingman2\styles\wingman-style-stack.css"
".wm-finder-redesign-page .wingman-hero-next","2","src\wingman2\styles\wingman-style-stack.css"
".wm-equipment-row","2","src\wingman2\styles\wingman-style-stack.css"
".wm-equipment-toolbar","2","src\wingman2\styles\wingman-style-stack.css"
".wm-template-lane-stage-wrap i","2","src\wingman2\styles\wingman-style-stack.css"
".wm-equipment-identity span","2","src\wingman2\styles\wingman-style-stack.css"
".wm-finder-redesign-page .wingman-hero-copy .wingman-display","2","src\wingman2\styles\wingman-style-stack.css"
".wm-proposal-handoff","2","src\wingman2\styles\wingman-style-stack.css"
".wm-equipment-role","2","src\wingman2\styles\wingman-style-stack.css"
".wm-pcc-quick-finder","2","src\wingman2\styles\wingman-polish-navigation.css; src\wingman2\styles\wingman-style-stack.css"
".wm-pcc-chips","2","src\wingman2\styles\wingman-polish-navigation.css; src\wingman2\styles\wingman-style-stack.css"
".wm-catalog-toggle-row","2","src\wingman2\styles\wingman-polish-navigation.css; src\wingman2\styles\wingman-style-stack.css"
".wm-catalog-page .wm-catalog-facets","2","src\wingman2\styles\wingman-polish-navigation.css"
"line","2","src\wingman2\styles\wingman-product-tools-visual-weight.css"
".wingman-page-host .wm-navhub-page.wm-polish-shell[data-wingman-page-key=""Products""] .wm-polish-grid > .wm-navhub-card.wm-polish-card > .wm-polish-card-art.wm-polish-card-art","2","src\wingman2\styles\wingman-products-light-graphics.css"
".wingman-page-host .wm-navhub-page.wm-polish-shell[data-wingman-page-key=""Products""] .wm-polish-grid > .wm-navhub-card.wm-polish-card > .wm-polish-card-copy.wm-polish-card-copy","2","src\wingman2\styles\wingman-products-light-graphics.css"
".wm-product-pitch-page .wm-product-filter-panel","2","src\wingman2\styles\wingman-polish-navigation.css"
".wm-compare-page .compare-native-action-row","2","src\wingman2\styles\wingman-polish-navigation.css; src\wingman2\styles\wingman-style-stack.css"
".wm-projects-page > .wm-polish-hero","2","src\wingman2\styles\wingman-polish-navigation.css"
".wm-compare-page .compare-native-reset","2","src\wingman2\styles\wingman-polish-navigation.css"
".wm-compare-page .compare-native-chip-row","2","src\wingman2\styles\wingman-polish-navigation.css"
".wm-product-filter-panel","2","src\wingman2\styles\wingman-polish-navigation.css"
".wm-product-workspace-actions","2","src\wingman2\styles\wingman-polish-navigation.css"
".wm-product-workspace-intro","2","src\wingman2\styles\wingman-polish-navigation.css"
"polyline","2","src\wingman2\styles\wingman-product-tools-visual-weight.css"
".wingman-page-host table","2","src\wingman2\styles\wingman-reference-global.css; src\wingman2\styles\wingman-reference-theme.css"
".wingman-page-host :is(button","2","src\wingman2\styles\wingman-reference-global.css"
".wingman-page-host :is(.wingman-section-card","2","src\wingman2\styles\wingman-reference-global.css"
".wingman-page-host .wm-page-header","2","src\wingman2\styles\wingman-reference-global.css; src\wingman2\styles\wingman-reference-theme.css"
".wm-reference-dashboard-main","2","src\wingman2\styles\wingman-reference-global.css; src\wingman2\styles\wingman-reference-theme.css"
".wm-reference-dashboard","2","src\wingman2\styles\wingman-reference-global.css; src\wingman2\styles\wingman-reference-theme.css"
".wingman-page-host .wingman-page-header","2","src\wingman2\styles\wingman-reference-global.css; src\wingman2\styles\wingman-reference-theme.css"
".wm-product-conversation-panel","2","src\wingman2\styles\wingman-reference-global.css; src\wingman2\styles\wingman-style-stack.css"
"ellipse","2","src\wingman2\styles\wingman-product-tools-visual-weight.css"
"circle","2","src\wingman2\styles\wingman-product-tools-visual-weight.css"
"polygon","2","src\wingman2\styles\wingman-product-tools-visual-weight.css"
"rect )","2","src\wingman2\styles\wingman-product-tools-visual-weight.css"
".wm-proof","2","src\wingman2\styles\wingman-reference-global.css; src\wingman2\styles\wingman-style-stack.css"
".wm-muted","2","src\wingman2\styles\wingman-reference-global.css; src\wingman2\styles\wingman-style-stack.css"
".wm-ui-badge","2","src\wingman2\styles\wingman-reference-global.css; src\wingman2\styles\wingman-style-stack.css"
".wm-settings-page .wm-polish-hero.wm-polish-hero.wm-polish-hero","2","src\wingman2\styles\wingman-polish-navigation.css"
".wm-polish-shell.wm-polish-shell:has(.wm-sh-card-grid)","2","src\wingman2\styles\wingman-polish-navigation.css"
".wm-sh-choice-card > .wm-polish-card-art","2","src\wingman2\styles\wingman-polish-navigation.css"
".wm-polish-shell::after","2","src\wingman2\styles\wingman-polish-navigation.css"
".wm-polish-shell.wm-polish-shell:has(.wm-sh-card-grid) > .wm-polish-hero.wm-polish-hero","2","src\wingman2\styles\wingman-polish-navigation.css"
".wm-polish-shell.wm-polish-shell:has(.wm-sh-card-grid) .wm-sh-card-grid.wm-polish-grid > .wm-polish-card.wm-polish-card > .wm-polish-card-art.wm-polish-card-art","2","src\wingman2\styles\wingman-polish-navigation.css"
".wm-polish-shell.wm-polish-shell:has(.wm-sh-card-grid) .wm-sh-card-grid.wm-polish-grid > .wm-polish-card.wm-polish-card","2","src\wingman2\styles\wingman-polish-navigation.css"
".wm-polish-shell.wm-polish-shell:has(.wm-sh-card-grid) .wm-sh-card-grid.wm-polish-grid","2","src\wingman2\styles\wingman-polish-navigation.css"
".wm-polish-tip > svg:last-child","2","src\wingman2\styles\wingman-polish-navigation.css"
".wm-polish-shell .wm-polish-grid > .wm-polish-card:hover","2","src\wingman2\styles\wingman-polish-navigation.css"
".wm-polish-eyebrow","2","src\wingman2\styles\wingman-polish-navigation.css; src\wingman2\styles\wingman-reference-global.css"
".wm-polish-shell","2","src\wingman2\styles\wingman-polish-navigation.css; src\wingman2\styles\wingman-reference-global.css"
".wm-polish-card-link svg","2","src\wingman2\styles\wingman-polish-navigation.css"
"button.wm-polish-tip","2","src\wingman2\styles\wingman-polish-navigation.css"
".wm-polish-tip","2","src\wingman2\styles\wingman-polish-navigation.css"
".wm-polish-shell .wm-polish-grid .wm-polish-card > .wm-polish-card-art","2","src\wingman2\styles\wingman-polish-navigation.css"
".wingman-page-host .wm-navhub-page.wm-polish-shell .wm-polish-grid > .wm-navhub-card.wm-polish-card > .wm-polish-card-copy.wm-polish-card-copy","2","src\wingman2\styles\wingman-polish-navigation.css"
"html[data-wingman-route=""projects""] .wm-project-detail-stack","2","src\wingman2\styles\wingman-polish-navigation.css; src\wingman2\styles\wingman-style-stack.css"
"html[data-wingman-route=""projects""] .wm-project-detail-editor label","2","src\wingman2\styles\wingman-polish-navigation.css; src\wingman2\styles\wingman-style-stack.css"
"html[data-wingman-route=""projects""] .wm-project-detail-nav .wm-ui-button","2","src\wingman2\styles\wingman-polish-navigation.css; src\wingman2\styles\wingman-style-stack.css"
"html[data-wingman-route=""projects""] .wm-project-detail-stack > section","2","src\wingman2\styles\wingman-polish-navigation.css; src\wingman2\styles\wingman-style-stack.css"
".wm-projects-page .wm-polish-hero.wm-polish-hero.wm-polish-hero","2","src\wingman2\styles\wingman-polish-navigation.css"
".wm-product-family-results-head","2","src\wingman2\styles\wingman-polish-navigation.css"
"html[data-wingman-route=""projects""] .wm-project-detail-stack .wingman-section-card","2","src\wingman2\styles\wingman-polish-navigation.css; src\wingman2\styles\wingman-style-stack.css"
"html[data-wingman-route=""projects""] .wm-project-draft-tile","2","src\wingman2\styles\wingman-polish-navigation.css; src\wingman2\styles\wingman-style-stack.css"
"html body .wingman-page-host .wm-navhub-page.wm-polish-shell .wm-polish-grid > .wm-navhub-card.wm-polish-card > .wm-polish-card-art.wm-polish-card-art","2","src\wingman2\styles\wingman-polish-navigation.css"
"html body .wingman-page-host .wm-navhub-page.wm-polish-shell .wm-polish-grid > .wm-navhub-card.wm-polish-card > .wm-polish-card-copy.wm-polish-card-copy","2","src\wingman2\styles\wingman-polish-navigation.css"
".wingman-page-host .wm-navhub-page.wm-polish-shell .wm-polish-grid > .wm-navhub-card.wm-polish-card > .wm-polish-card-art.wm-polish-card-art","2","src\wingman2\styles\wingman-polish-navigation.css"
".wingman-page-host .wm-navhub-page.wm-polish-shell[data-wingman-page-key=""Call Coach""] .wm-polish-grid > .wm-navhub-card.wm-polish-card > .wm-polish-card-copy.wm-polish-card-copy","2","src\wingman2\styles\wingman-polish-navigation.css"
"html[data-wingman-route=""projects""] .wm-projects-sections .wingman-section-card-title-row p","2","src\wingman2\styles\wingman-polish-navigation.css"
"html[data-wingman-route=""projects""] .wm-projects-page-toolbar","2","src\wingman2\styles\wingman-polish-navigation.css"
".wingman-page-host .wm-navhub-page.wm-polish-shell > .wm-navhub-grid.wm-polish-grid","2","src\wingman2\styles\wingman-polish-navigation.css"
".wm-reference-project-card","2","src\wingman2\styles\wingman-reference-global.css; src\wingman2\styles\wingman-reference-theme.css"
".wm-layout","2","src\wingman2\styles\wingman-style-stack.css"
"button","2","src\wingman2\styles\wingman-style-stack.css"
".wingman-mobile-shade[data-mobile-open=""true""]","2","src\wingman2\styles\wingman-reference-theme.css; src\wingman2\styles\wingman-style-stack.css"
".wm-app-layout","2","src\wingman2\styles\wingman-style-stack.css"
".wingman-layout > aside[aria-label=""Sidebar""]","2","src\wingman2\styles\wingman-style-stack.css"
".wm-app-layout > aside[aria-label=""Sidebar""]","2","src\wingman2\styles\wingman-style-stack.css"
".wm-layout > aside[aria-label=""Sidebar""]","2","src\wingman2\styles\wingman-style-stack.css"
".wingman-sidebar[data-mobile-open=""true""]","2","src\wingman2\styles\wingman-reference-theme.css; src\wingman2\styles\wingman-style-stack.css"
".wingman-guru-fab-sweep","2","src\wingman2\styles\wingman-reference-theme.css"
".wm-reference-progress","2","src\wingman2\styles\wingman-reference-theme.css"
".wm-reference-project-name","2","src\wingman2\styles\wingman-reference-theme.css"
"70%","2","src\wingman2\styles\wingman-reference-theme.css; src\wingman2\styles\wingman-style-stack.css"
".wm-reference-primary-card","2","src\wingman2\styles\wingman-reference-theme.css"
".wm-reference-primary-grid","2","src\wingman2\styles\wingman-reference-theme.css"
"to","2","src\wingman2\styles\wingman-reference-theme.css; src\wingman2\styles\wingman-style-stack.css"
".wm-main","2","src\wingman2\styles\wingman-style-stack.css"
".wm-status-warning","2","src\wingman2\styles\wingman-style-stack.css"
".wm-status-success","2","src\wingman2\styles\wingman-style-stack.css"
".wm-textarea","2","src\wingman2\styles\wingman-style-stack.css"
".wm-status-danger","2","src\wingman2\styles\wingman-style-stack.css"
".wm-choice-card","2","src\wingman2\styles\wingman-style-stack.css"
"table th","2","src\wingman2\styles\wingman-style-stack.css"
".wm-table th","2","src\wingman2\styles\wingman-style-stack.css"
".wm-icon-button","2","src\wingman2\styles\wingman-style-stack.css"
".wm-panel-header","2","src\wingman2\styles\wingman-style-stack.css"
".wm-card-header","2","src\wingman2\styles\wingman-style-stack.css"
".wm-page-shell","2","src\wingman2\styles\wingman-style-stack.css"
".wm-section-header","2","src\wingman2\styles\wingman-style-stack.css"
".wm-button:hover","2","src\wingman2\styles\wingman-style-stack.css"
".wm-grid-3","2","src\wingman2\styles\wingman-style-stack.css"
".wm-grid-2","2","src\wingman2\styles\wingman-style-stack.css"
".wm-reference-project-topline","2","src\wingman2\styles\wingman-reference-theme.css"
".wingman-page-host h3","2","src\wingman2\styles\wingman-reference-theme.css; src\wingman2\styles\wingman-style-stack.css"
".wingman-topbar-title","2","src\wingman2\styles\wingman-reference-theme.css; src\wingman2\styles\wingman-style-stack.css"
".wingman-shell::after","2","src\wingman2\styles\wingman-reference-theme.css"
".wingman-page-host h4","2","src\wingman2\styles\wingman-reference-theme.css; src\wingman2\styles\wingman-style-stack.css"
".wingman-page-host :where( .wm-card","2","src\wingman2\styles\wingman-reference-theme.css"
".wingman-page-host .wm-page-description","2","src\wingman2\styles\wingman-reference-theme.css"
".wingman-page-host p","2","src\wingman2\styles\wingman-reference-theme.css; src\wingman2\styles\wingman-style-stack.css"
".wingman-shell::before","2","src\wingman2\styles\wingman-reference-theme.css"
".wm-reference-rail-card","2","src\wingman2\styles\wingman-reference-global.css; src\wingman2\styles\wingman-reference-theme.css"
".wm-reference-project-icon svg","2","src\wingman2\styles\wingman-reference-global.css; src\wingman2\styles\wingman-reference-theme.css"
".wm-reference-project-icon","2","src\wingman2\styles\wingman-reference-global.css; src\wingman2\styles\wingman-reference-theme.css"
"html[data-wingman-route=""dashboard""]","2","src\wingman2\styles\wingman-reference-global.css; src\wingman2\styles\wingman-style-stack.css"
"html[data-wingman-route=""dashboard""] .wingman-app-main","2","src\wingman2\styles\wingman-reference-global.css; src\wingman2\styles\wingman-style-stack.css"
"html[data-wingman-route=""dashboard""] .wingman-shell","2","src\wingman2\styles\wingman-reference-global.css; src\wingman2\styles\wingman-style-stack.css"
"html[data-wingman-route=""dashboard""] body","2","src\wingman2\styles\wingman-reference-global.css; src\wingman2\styles\wingman-style-stack.css"
".bg-gray-50","2","src\wingman2\styles\wingman-reference-theme.css; src\wingman2\styles\wingman-style-stack.css"
"[data-wm-accent=""products""]","2","src\wingman2\styles\wingman-reference-theme.css; src\wingman2\styles\wingman-style-stack.css"
"[data-wm-accent=""discovery""]","2","src\wingman2\styles\wingman-reference-theme.css; src\wingman2\styles\wingman-style-stack.css"
".wm-step[aria-current=""step""]","2","src\wingman2\styles\wingman-reference-theme.css; src\wingman2\styles\wingman-style-stack.css"
"[data-wm-accent=""compare""]","2","src\wingman2\styles\wingman-reference-theme.css; src\wingman2\styles\wingman-style-stack.css"
"[data-wm-accent=""response""]","2","src\wingman2\styles\wingman-reference-theme.css; src\wingman2\styles\wingman-style-stack.css"
"[data-wm-accent=""documents""]","2","src\wingman2\styles\wingman-reference-theme.css; src\wingman2\styles\wingman-style-stack.css"
"[data-wm-accent=""projects""]","2","src\wingman2\styles\wingman-reference-theme.css; src\wingman2\styles\wingman-style-stack.css"
".wm-tab[aria-selected=""true""]","2","src\wingman2\styles\wingman-reference-theme.css; src\wingman2\styles\wingman-style-stack.css"
".button-primary","2","src\wingman2\styles\wingman-reference-theme.css; src\wingman2\styles\wingman-style-stack.css"
".wm-btn-primary","2","src\wingman2\styles\wingman-reference-theme.css; src\wingman2\styles\wingman-style-stack.css"
".wingman-page-host :where(.wm-button","2","src\wingman2\styles\wingman-reference-theme.css"
".wingman-page-host :where(input","2","src\wingman2\styles\wingman-reference-theme.css"
".wm-step.active","2","src\wingman2\styles\wingman-reference-theme.css; src\wingman2\styles\wingman-style-stack.css"
".wm-step","2","src\wingman2\styles\wingman-reference-theme.css; src\wingman2\styles\wingman-style-stack.css"
".wm-textarea)","2","src\wingman2\styles\wingman-reference-theme.css; src\wingman2\styles\wingman-style-stack.css"
"html[data-wingman-route=""discovery""] .wm-discovery-summary-card","2","src\wingman2\styles\wingman-style-stack.css; src\wingman2\styles\wingman-workflow-theme.css"
"html[data-wingman-route=""discovery""] .wm-discovery-completion-card span","2","src\wingman2\styles\wingman-style-stack.css; src\wingman2\styles\wingman-workflow-theme.css"
"html[data-wingman-route=""discovery""] .wm-discovery-completion-card strong","2","src\wingman2\styles\wingman-style-stack.css; src\wingman2\styles\wingman-workflow-theme.css"
"html[data-wingman-route=""discovery""] .wm-discovery-trail-topline","2","src\wingman2\styles\wingman-style-stack.css; src\wingman2\styles\wingman-workflow-theme.css"
".wm-generated-schematic-panel__actions","2","src\wingman2\styles\wingman-style-stack.css"
".wm-generated-schematic-panel__header","2","src\wingman2\styles\wingman-style-stack.css"
"html[data-wingman-route=""discovery""] .wm-discovery-trail-topline button","2","src\wingman2\styles\wingman-style-stack.css; src\wingman2\styles\wingman-workflow-theme.css"
"html[data-wingman-route=""discovery""] .wm-discovery-eyebrow","2","src\wingman2\styles\wingman-style-stack.css; src\wingman2\styles\wingman-workflow-theme.css"
".wm-ui-button-secondary","2","src\wingman2\styles\wingman-style-stack.css"
".wm-ui-button-primary","2","src\wingman2\styles\wingman-style-stack.css"
".wm-ui-copy","2","src\wingman2\styles\wingman-style-stack.css"
".wm-ui-button-forward","2","src\wingman2\styles\wingman-style-stack.css"
"html[data-wingman-route=""discovery""] .wm-discovery-capture-hero h1","2","src\wingman2\styles\wingman-style-stack.css; src\wingman2\styles\wingman-workflow-theme.css"
"main.wm-templates-page .wm-template-direction","2","src\wingman2\styles\wingman-style-stack.css"
".wm-template-actions.wm-ui-action-row","2","src\wingman2\styles\wingman-style-stack.css"
".wm-generated-schematic-summary","2","src\wingman2\styles\wingman-style-stack.css"
"main.wm-dashboard-shell section.wm-dashboard-projects-section .wm-dashboard-project-card *","2","src\wingman2\styles\wingman-style-stack.css"
"main.wm-dashboard-shell section.wm-dashboard-projects-section .wm-dashboard-card-link","2","src\wingman2\styles\wingman-style-stack.css"
"main.wm-dashboard-shell section.wm-dashboard-projects-section .wm-ui-title","2","src\wingman2\styles\wingman-style-stack.css"
"main.wm-dashboard-shell section.wm-dashboard-projects-section .wm-dashboard-project-grid","2","src\wingman2\styles\wingman-style-stack.css"
".compare-native-section-title","2","src\wingman2\styles\wingman-style-stack.css"
".compare-native-results","2","src\wingman2\styles\wingman-style-stack.css"
".wingman-page-host :is( .wm-page-hero","2","src\wingman2\styles\wingman-style-stack.css"
"main.wm-dashboard-shell section.wm-dashboard-projects-section .wm-ui-kicker","2","src\wingman2\styles\wingman-style-stack.css"
".wm-dashboard-shell .wm-dashboard-rail .wm-ui-kicker","2","src\wingman2\styles\wingman-style-stack.css"
".wm-dashboard-shell .wm-dashboard-projects-section::after","2","src\wingman2\styles\wingman-style-stack.css"
".wm-dashboard-shell .wm-dashboard-projects-section::before","2","src\wingman2\styles\wingman-style-stack.css"
"html[data-wingman-route=""dashboard""] .wm-dashboard-rail .wm-ui-kicker","2","src\wingman2\styles\wingman-style-stack.css"
".wm-dashboard-shell .wm-dashboard-projects-section .wm-dashboard-card-link","2","src\wingman2\styles\wingman-style-stack.css"
".wm-dashboard-shell .wm-dashboard-projects-section .wm-ui-title","2","src\wingman2\styles\wingman-style-stack.css"
"html[data-wingman-route=""dashboard""] .wm-dashboard-projects-section .wm-dashboard-section-head","2","src\wingman2\styles\wingman-style-stack.css"
".wm-ui-kicker","2","src\wingman2\styles\wingman-style-stack.css"
".wm-template-seed-summary-grid","2","src\wingman2\styles\wingman-style-stack.css"
".wm-template-seed-wide-grid textarea","2","src\wingman2\styles\wingman-style-stack.css"
".wm-template-seed-wide-grid select","2","src\wingman2\styles\wingman-style-stack.css"
".wm-template-seed-bottom-grid","2","src\wingman2\styles\wingman-style-stack.css"
".wm-template-solution-actions span","2","src\wingman2\styles\wingman-style-stack.css"
".wm-template-solution-actions","2","src\wingman2\styles\wingman-style-stack.css"
".wm-template-solution-header","2","src\wingman2\styles\wingman-style-stack.css"
".wm-template-seed-wide-grid input","2","src\wingman2\styles\wingman-style-stack.css"
".wm-template-actions button","2","src\wingman2\styles\wingman-style-stack.css"
".wm-template-actions","2","src\wingman2\styles\wingman-style-stack.css"
".wm-template-summary","2","src\wingman2\styles\wingman-style-stack.css"
".wm-template-actions a","2","src\wingman2\styles\wingman-style-stack.css"
".wm-template-seed-grid input","2","src\wingman2\styles\wingman-style-stack.css"
".wm-templates-page .wm-template-results-header p","2","src\wingman2\styles\wingman-style-stack.css"
"@media (max-width: 1450px)","2","src\wingman2\styles\wingman-style-stack.css"
".wm-template-solution-actions button","2","src\wingman2\styles\wingman-style-stack.css"
".wm-template-card[data-template-staged=""true""]","2","src\wingman2\styles\wingman-style-stack.css"
".wm-template-proposal-grid","2","src\wingman2\styles\wingman-style-stack.css"
".wm-template-proposal-grid h2","2","src\wingman2\styles\wingman-style-stack.css"
"[data-template-staged=""true""].wm-template-card","2","src\wingman2\styles\wingman-style-stack.css"
".wm-ui-page","2","src\wingman2\styles\wingman-style-stack.css"
".wm-template-card[data-template-staged=""true""] [data-template-build-pack=""true""]","2","src\wingman2\styles\wingman-style-stack.css"
"[data-template-staged=""true""].wm-template-card [data-template-staged-pill=""true""]","2","src\wingman2\styles\wingman-style-stack.css"
".wm-template-proposal-table th","2","src\wingman2\styles\wingman-style-stack.css"
".wm-template-bom-section th","2","src\wingman2\styles\wingman-style-stack.css"
".wm-template-bom-section","2","src\wingman2\styles\wingman-style-stack.css"
".wm-template-pack-grid button","2","src\wingman2\styles\wingman-style-stack.css"
"body.wm-template-builder-active [data-wingman-page=""discovery""] .wm-template-solution-builder [aria-label*=""Discovery""]","2","src\wingman2\styles\wingman-style-stack.css"
".wm-template-proposal-actions","2","src\wingman2\styles\wingman-style-stack.css"
".wm-template-proposal-table","2","src\wingman2\styles\wingman-style-stack.css"
".wm-template-proposal-grid > article","2","src\wingman2\styles\wingman-style-stack.css"
".wingman-page-host [class*=""card-header""]","2","src\wingman2\styles\wingman-style-stack.css"
"main.wm-dashboard-shell[data-wingman-page=""home""] .wm-dashboard-action-button","2","src\wingman2\styles\wingman-style-stack.css"
"html[data-wingman-route=""dashboard""] .wm-dashboard-action-button","2","src\wingman2\styles\wingman-style-stack.css"
"main.wm-dashboard-shell[data-wingman-page=""home""] .wm-dashboard-rail-copy","2","src\wingman2\styles\wingman-style-stack.css"
"html[data-wingman-route=""dashboard""] .wm-dashboard-main","2","src\wingman2\styles\wingman-style-stack.css"
"main.wm-dashboard-shell[data-wingman-page=""home""] .wm-dashboard-resume-card","2","src\wingman2\styles\wingman-style-stack.css"
"html[data-wingman-route=""dashboard""] .wm-dashboard-resume-card","2","src\wingman2\styles\wingman-style-stack.css"
"main.wm-dashboard-shell[data-wingman-page=""home""] .wm-dashboard-main","2","src\wingman2\styles\wingman-style-stack.css"
"html[data-wingman-route=""dashboard""] .wm-dashboard-rail-copy","2","src\wingman2\styles\wingman-style-stack.css"
".wm-pcc-warning","2","src\wingman2\styles\wingman-style-stack.css"
".wm-pcc-empty","2","src\wingman2\styles\wingman-style-stack.css"
".wm-pcc-body","2","src\wingman2\styles\wingman-style-stack.css"
".wm-dashboard-rail-copy)","2","src\wingman2\styles\wingman-style-stack.css"
"main.wm-dashboard-shell[data-wingman-page=""home""] .wm-dashboard-rail-title","2","src\wingman2\styles\wingman-style-stack.css"
"html[data-wingman-route=""dashboard""] .wm-dashboard-rail-title","2","src\wingman2\styles\wingman-style-stack.css"
"main.wm-dashboard-shell[data-wingman-page=""home""] .wm-dashboard-brand","2","src\wingman2\styles\wingman-style-stack.css"
"html[data-wingman-route=""dashboard""] .wm-dashboard-section","2","src\wingman2\styles\wingman-style-stack.css"
"main.wm-dashboard-shell[data-wingman-page=""home""] .wm-dashboard-card-title","2","src\wingman2\styles\wingman-style-stack.css"
"html[data-wingman-route=""dashboard""] .wm-dashboard-card-title","2","src\wingman2\styles\wingman-style-stack.css"
"main.wm-dashboard-shell[data-wingman-page=""home""] .wm-dashboard-project-card","2","src\wingman2\styles\wingman-style-stack.css"
"html[data-wingman-route=""dashboard""] .wm-dashboard-card-copy","2","src\wingman2\styles\wingman-style-stack.css"
"main.wm-dashboard-shell[data-wingman-page=""home""] .wm-dashboard-next-step","2","src\wingman2\styles\wingman-style-stack.css"
"html[data-wingman-route=""dashboard""] .wm-dashboard-next-step","2","src\wingman2\styles\wingman-style-stack.css"
"main.wm-dashboard-shell[data-wingman-page=""home""] .wm-dashboard-card-copy","2","src\wingman2\styles\wingman-style-stack.css"
"main.wm-dashboard-shell[data-wingman-page=""home""] .wm-dashboard-destination-card","2","src\wingman2\styles\wingman-style-stack.css"
"html[data-wingman-route=""dashboard""] .wm-dashboard-projects-section > .wm-dashboard-section-head","2","src\wingman2\styles\wingman-style-stack.css"
"html[data-wingman-route=""dashboard""] .wm-dashboard-section-head","2","src\wingman2\styles\wingman-style-stack.css"
"main.wm-dashboard-shell[data-wingman-page=""home""] .wm-dashboard-section","2","src\wingman2\styles\wingman-style-stack.css"
"main.wm-dashboard-shell[data-wingman-page=""home""] .wm-dashboard-section-head","2","src\wingman2\styles\wingman-style-stack.css"
"html[data-wingman-route=""dashboard""] .wm-dashboard-project-card","2","src\wingman2\styles\wingman-style-stack.css"
"html[data-wingman-route=""dashboard""] .wm-dashboard-destination-card","2","src\wingman2\styles\wingman-style-stack.css"
"main.wm-dashboard-shell[data-wingman-page=""home""] .wm-dashboard-projects-section > .wm-dashboard-section-head","2","src\wingman2\styles\wingman-style-stack.css"
".wm-pcc-pager-button","2","src\wingman2\styles\wingman-style-stack.css"
".wm-templates-page .wm-template-hero .wm-page-title","2","src\wingman2\styles\wingman-style-stack.css"
"strong)","2","src\wingman2\styles\wingman-style-stack.css"
".wingman-page-host textarea","2","src\wingman2\styles\wingman-style-stack.css"
".wm-templates-page .wm-section.wm-template-card-grid","2","src\wingman2\styles\wingman-style-stack.css"
".wm-status-needs-review","2","src\wingman2\styles\wingman-style-stack.css"
".wm-status-draft","2","src\wingman2\styles\wingman-style-stack.css"
"@media (min-width: 1200px)","2","src\wingman2\styles\wingman-style-stack.css"
".wingman-page-host select","2","src\wingman2\styles\wingman-style-stack.css"
".compare-native-more","2","src\wingman2\styles\wingman-style-stack.css"
".compare-native-reset","2","src\wingman2\styles\wingman-style-stack.css"
".wingman-page-host [class*=""section-title""]","2","src\wingman2\styles\wingman-style-stack.css"
".compare-native-secondary-action","2","src\wingman2\styles\wingman-style-stack.css"
".wingman-page-host input","2","src\wingman2\styles\wingman-style-stack.css"
".wingman-page-host a[role=""button""]","2","src\wingman2\styles\wingman-style-stack.css"
".wingman-page-host button","2","src\wingman2\styles\wingman-style-stack.css"
".wm-status-approved","2","src\wingman2\styles\wingman-style-stack.css"
"main.wm-page","2","src\wingman2\styles\wingman-style-stack.css"
".wm-sh-page","2","src\wingman2\styles\wingman-style-stack.css"
".wm-av-flow-shell[data-wingman-optional-visual-support=""true""] .wm-av-flow-arrow","2","src\wingman2\styles\wingman-style-stack.css"
"[data-wingman-page=""projects""]","2","src\wingman2\styles\wingman-style-stack.css"
".wm-pcc-chip","2","src\wingman2\styles\wingman-style-stack.css"
"[data-wingman-request-decoder=""true""]","2","src\wingman2\styles\wingman-style-stack.css"
"[data-wingman-template-detail-page=""true""]","2","src\wingman2\styles\wingman-style-stack.css"
".wm-av-flow-shell[data-wingman-optional-visual-support=""true""] .wm-av-flow-step","2","src\wingman2\styles\wingman-style-stack.css"
".wm-catalog-product-card","2","src\wingman2\styles\wingman-style-stack.css"
".wm-support-landing__body","2","src\wingman2\styles\wingman-style-stack.css"
".wm-status-rejected","2","src\wingman2\styles\wingman-style-stack.css"
".wm-catalog-reasons","2","src\wingman2\styles\wingman-style-stack.css"
".wm-av-flow-shell[data-wingman-optional-visual-support=""true""] .wm-av-flow-track","2","src\wingman2\styles\wingman-style-stack.css"
".wm-catalog-editor-actions","2","src\wingman2\styles\wingman-style-stack.css"
".wm-catalog-suppressed","2","src\wingman2\styles\wingman-style-stack.css"
"main[data-wingman-page=""settings""] .wingman-page-hero","2","src\wingman2\styles\wingman-style-stack.css"
".wm-route-glossary .wm-glossary-page .wm-glossary-toolbar button span:last-child","2","src\wingman2\styles\wingman-style-stack.css"
"html[data-wingman-route=""glossary""] .wm-glossary-page section[aria-label*=""Glossary""] button span:last-child","2","src\wingman2\styles\wingman-style-stack.css"
"main[data-wingman-page=""settings""] .wm-page-hero","2","src\wingman2\styles\wingman-style-stack.css"
".wm-page-title)","2","src\wingman2\styles\wingman-style-stack.css"
".wm-vs-header-card ) :is(h1","2","src\wingman2\styles\wingman-style-stack.css"
".wm-vs-header-card )","2","src\wingman2\styles\wingman-style-stack.css"
"html[data-wingman-route=""glossary""] .wm-glossary-page .wm-glossary-toolbar button span:last-child","2","src\wingman2\styles\wingman-style-stack.css"
"main[data-wingman-page=""home""] .wm-page-hero h1","2","src\wingman2\styles\wingman-style-stack.css"
".wm-navhub-dashboard .wm-navhub-card","2","src\wingman2\styles\wingman-style-stack.css"
".wm-navhub-card small","2","src\wingman2\styles\wingman-style-stack.css"
"main[data-wingman-home=""true""] .wm-page-hero h1","2","src\wingman2\styles\wingman-style-stack.css"
"html[data-wingman-route=""glossary""] .wm-glossary-page section[aria-label*=""Glossary""] button span","2","src\wingman2\styles\wingman-style-stack.css"
".wm-home-page .wm-page-hero p","2","src\wingman2\styles\wingman-style-stack.css"
".wm-home-page .wm-page-hero","2","src\wingman2\styles\wingman-style-stack.css"
".bg-cyan-50","2","src\wingman2\styles\wingman-style-stack.css"
".wm-pcc-context-strip","2","src\wingman2\styles\wingman-style-stack.css"
".wm-pcc-product-hero","2","src\wingman2\styles\wingman-style-stack.css"
".wm-pcc-panel","2","src\wingman2\styles\wingman-style-stack.css"
".wm-pcc-eyebrow","2","src\wingman2\styles\wingman-style-stack.css"
"html[data-wingman-screen-fit] .wm-pcc-grid","2","src\wingman2\styles\wingman-style-stack.css"
".wm-pcc-actions","2","src\wingman2\styles\wingman-style-stack.css"
".wm-pcc-secondary","2","src\wingman2\styles\wingman-style-stack.css"
".wm-product-media-slot figcaption small","2","src\wingman2\styles\wingman-style-stack.css"
".bg-cyan-100)","2","src\wingman2\styles\wingman-style-stack.css"
".bg-emerald-100","2","src\wingman2\styles\wingman-style-stack.css"
".bg-sky-100","2","src\wingman2\styles\wingman-style-stack.css"
".text-sky-950","2","src\wingman2\styles\wingman-style-stack.css"
".wm-product-media-grid","2","src\wingman2\styles\wingman-style-stack.css"
".text-cyan-900)","2","src\wingman2\styles\wingman-style-stack.css"
".text-emerald-800","2","src\wingman2\styles\wingman-style-stack.css"
".wm-navhub-card strong","2","src\wingman2\styles\wingman-style-stack.css"
".wm-diagram-coverage-grid div","2","src\wingman2\styles\wingman-style-stack.css"
".wm-glossary-search input","2","src\wingman2\styles\wingman-style-stack.css"
".wm-glossary-term-list small","2","src\wingman2\styles\wingman-style-stack.css"
".wm-glossary-related","2","src\wingman2\styles\wingman-style-stack.css"
".wm-glossary-definition-grid strong","2","src\wingman2\styles\wingman-style-stack.css"
".wm-glossary-reality-panel strong","2","src\wingman2\styles\wingman-style-stack.css"
".wm-glossary-detail-head h2","2","src\wingman2\styles\wingman-style-stack.css"
".wm-glossary-term-list strong","2","src\wingman2\styles\wingman-style-stack.css"
".wm-glossary-term-list","2","src\wingman2\styles\wingman-style-stack.css"
".wm-glossary-detail-head span","2","src\wingman2\styles\wingman-style-stack.css"
".wm-glossary-results-head span","2","src\wingman2\styles\wingman-style-stack.css"
".wm-diagram-template-list button","2","src\wingman2\styles\wingman-style-stack.css"
".wm-glossary-category-row button.is-active","2","src\wingman2\styles\wingman-style-stack.css"
".wm-glossary-term-list button.is-active","2","src\wingman2\styles\wingman-style-stack.css"
".wm-diagram-preview-head button","2","src\wingman2\styles\wingman-style-stack.css"
".wm-glossary-search svg","2","src\wingman2\styles\wingman-style-stack.css"
".wm20-eyebrow","2","src\wingman2\styles\wingman-style-stack.css"
"html[data-wingman-route=""glossary""] .wm-glossary-workspace","2","src\wingman2\styles\wingman-style-stack.css"
"html[data-wingman-route=""visualDesign""] .wm-diagram-studio-shell","2","src\wingman2\styles\wingman-style-stack.css"
".wm-template-card:hover","2","src\wingman2\styles\wingman-style-stack.css"
".wm-navhub-eyebrow","2","src\wingman2\styles\wingman-style-stack.css"
".wm-navhub-secondary","2","src\wingman2\styles\wingman-style-stack.css"
".wm-template-library-page .wm-template-card-grid","2","src\wingman2\styles\wingman-style-stack.css"
".wm-glossary-alias-row","2","src\wingman2\styles\wingman-style-stack.css"
".wm-glossary-reference","2","src\wingman2\styles\wingman-style-stack.css"
".wm-glossary-category-row button span","2","src\wingman2\styles\wingman-style-stack.css"
".wm-glossary-category-row","2","src\wingman2\styles\wingman-style-stack.css"
".wm-glossary-reference table","2","src\wingman2\styles\wingman-style-stack.css"
".wm-glossary-reference tbody td","2","src\wingman2\styles\wingman-style-stack.css"
".wm-glossary-reference tbody th","2","src\wingman2\styles\wingman-style-stack.css"
".wm-glossary-reference thead th","2","src\wingman2\styles\wingman-style-stack.css"
"body .wm-pcc-card","2","src\wingman2\styles\wingman-style-stack.css"
":where( .wm-page-hero","2","src\wingman2\styles\wingman-style-stack.css"
"html[data-wingman-route=""salesHelper""] .wingman-page-host .wm-sh-card-grid > .wm-sh-choice-card","2","src\wingman2\styles\wingman-style-stack.css"
"html[data-wingman-route=""salesHelper""] .wm-sh-choice-card:focus-visible","2","src\wingman2\styles\wingman-style-stack.css"
".wm-hero","2","src\wingman2\styles\wingman-style-stack.css"
".product-native-hero","2","src\wingman2\styles\wingman-style-stack.css"
".products-native-hero","2","src\wingman2\styles\wingman-style-stack.css"
".wm-native-hero","2","src\wingman2\styles\wingman-style-stack.css"
"html[data-wingman-route=""salesHelper""] .wm-sh-choice-card:hover","2","src\wingman2\styles\wingman-style-stack.css"
"html[data-wingman-route=""salesHelper""] .wm-sh-page-hero p","2","src\wingman2\styles\wingman-style-stack.css"
"html[data-wingman-route=""salesHelper""] .wm-sh-page-hero","2","src\wingman2\styles\wingman-style-stack.css"
"html[data-wingman-route=""proposal""] .wm-coach-visuals > *","2","src\wingman2\styles\wingman-style-stack.css"
"html[data-wingman-route=""salesHelper""] .wm-sh-section-head p","2","src\wingman2\styles\wingman-style-stack.css"
"html[data-wingman-route=""salesHelper""] .wm-sh-section-head h2","2","src\wingman2\styles\wingman-style-stack.css"
"html[data-wingman-route=""salesHelper""] .wm-sh-page-step strong","2","src\wingman2\styles\wingman-style-stack.css"
"html[data-wingman-route=""salesHelper""] .wm-sh-page-step span","2","src\wingman2\styles\wingman-style-stack.css"
".discovery-native-hero","2","src\wingman2\styles\wingman-style-stack.css"
".wm-pill-nav","2","src\wingman2\styles\wingman-style-stack.css"
".wm-hero-pill-row","2","src\wingman2\styles\wingman-style-stack.css"
".wm-hero-pills","2","src\wingman2\styles\wingman-style-stack.css"
".wm-pill-strip","2","src\wingman2\styles\wingman-style-stack.css"
".wm-template-card-top","2","src\wingman2\styles\wingman-style-stack.css"
".wm-tab-pills","2","src\wingman2\styles\wingman-style-stack.css"
".wm-chip-nav","2","src\wingman2\styles\wingman-style-stack.css"
".wm-shortcut-pills","2","src\wingman2\styles\wingman-style-stack.css"
".response-pack-native-hero ) > :where( .wm-info-pills","2","src\wingman2\styles\wingman-style-stack.css"
".templates-native-hero","2","src\wingman2\styles\wingman-style-stack.css"
".documents-native-hero","2","src\wingman2\styles\wingman-style-stack.css"
".wm-info-pill-row","2","src\wingman2\styles\wingman-style-stack.css"
".wm-page-shortcuts","2","src\wingman2\styles\wingman-style-stack.css"
".wm-page-pill-row","2","src\wingman2\styles\wingman-style-stack.css"
".wm-page-pills","2","src\wingman2\styles\wingman-style-stack.css"
"html[data-wingman-route=""proposal""] .wm-coach-panel","2","src\wingman2\styles\wingman-style-stack.css"
"body .wm-pcc-preview .wm-pcc-focus-panel","2","src\wingman2\styles\wingman-style-stack.css"
"body .wm-pcc-preview .wm-pcc-section-tab span","2","src\wingman2\styles\wingman-style-stack.css"
"body .wm-pcc-preview .wm-pcc-section-tab strong","2","src\wingman2\styles\wingman-style-stack.css"
"body .wm-pcc-preview .wm-pcc-response-copy","2","src\wingman2\styles\wingman-style-stack.css"
".wm-discovery-trail-card","2","src\wingman2\styles\wingman-style-stack.css"
".wm-discovery-capture-page","2","src\wingman2\styles\wingman-style-stack.css"
"@media (max-width: 1500px)","2","src\wingman2\styles\wingman-style-stack.css"
"body .wm-pcc-preview .wm-pcc-gallery-label","2","src\wingman2\styles\wingman-style-stack.css"
"body .wm-pcc-list-card","2","src\wingman2\styles\wingman-style-stack.css"
"body .wm-pcc-results-panel","2","src\wingman2\styles\wingman-style-stack.css"
"body .wm-pcc-results","2","src\wingman2\styles\wingman-style-stack.css"
"body .wm-pcc-preview h2","2","src\wingman2\styles\wingman-style-stack.css"
"body .wm-pcc-preview .wm-pcc-gallery-title","2","src\wingman2\styles\wingman-style-stack.css"
"body .wm-pcc-preview .wm-pcc-visual-studio-button","2","src\wingman2\styles\wingman-style-stack.css"
"body .wm-pcc-preview .wm-pcc-gallery-tile","2","src\wingman2\styles\wingman-style-stack.css"
".wm-discovery-question-card","2","src\wingman2\styles\wingman-style-stack.css"
".wm-product-family-rule-head","2","src\wingman2\styles\wingman-style-stack.css"
".wm-product-family-page .wingman-section-help > summary::after","2","src\wingman2\styles\wingman-style-stack.css"
".wm-product-family-page .wingman-section-help > summary","2","src\wingman2\styles\wingman-style-stack.css"
".wm-product-family-rule-badge","2","src\wingman2\styles\wingman-style-stack.css"
"@media (min-width: 1180px)","2","src\wingman2\styles\wingman-style-stack.css; src\wingman2\styles\wingman-workflow-theme.css"
".wm-product-family-rule-body","2","src\wingman2\styles\wingman-style-stack.css"
".wm-product-family-rule-label","2","src\wingman2\styles\wingman-style-stack.css"
".wm-product-family-page .wingman-section-card-title-row","2","src\wingman2\styles\wingman-style-stack.css"
".wm-discovery-completion-card","2","src\wingman2\styles\wingman-style-stack.css"
".wm-discovery-muted-note","2","src\wingman2\styles\wingman-style-stack.css"
".wm-discovery-summary-grid p","2","src\wingman2\styles\wingman-style-stack.css"
".wm-discovery-question-layout","2","src\wingman2\styles\wingman-style-stack.css"
".wm-product-family-page .wingman-section-card-header","2","src\wingman2\styles\wingman-style-stack.css"
"html[data-wingman-route=""visualStudio""] .wm-vs-schematic-footer","2","src\wingman2\styles\wingman-style-stack.css"
".wm-discovery-summary-grid","2","src\wingman2\styles\wingman-style-stack.css"
