"Hash","Copies","BytesEach","Path"
"0044B3CBC6D1A18FCD997015C42C1954461D7D131D349A8C98844D29A33FF30F","2","752",".wingman-backups\app-style-package-repair-20260710-213752\validate-package-style-check.cjs"
"0044B3CBC6D1A18FCD997015C42C1954461D7D131D349A8C98844D29A33FF30F","2","752",".wingman-backups\app-style-package-repair-20260710-214228\validate-package-style-check.cjs"
"006DD37635B8F4299379D10756CE30387A2090E22A96098FABEF4AF9A5718E5A","4","2186",".wingman-work\backups\20260811-125215\src\wingman2\data\productWorkspaceHandoff.ts"
"006DD37635B8F4299379D10756CE30387A2090E22A96098FABEF4AF9A5718E5A","4","2186",".wingman-work\backups\20260811-125346\src\wingman2\data\productWorkspaceHandoff.ts"
"006DD37635B8F4299379D10756CE30387A2090E22A96098FABEF4AF9A5718E5A","4","2186",".wingman-work\backups\20260811-125821\src\wingman2\data\productWorkspaceHandoff.ts"
"006DD37635B8F4299379D10756CE30387A2090E22A96098FABEF4AF9A5718E5A","4","2186","src\wingman2\data\productWorkspaceHandoff.ts"
"024857541483FEAFB8A126EA922D9E5BEA617651BE122CF794EBA198FEC7684E","4","69946",".wingman-work\backups\20260811-125215\src\wingman2\pages\ProductCallCardsPage.tsx"
"024857541483FEAFB8A126EA922D9E5BEA617651BE122CF794EBA198FEC7684E","4","69946",".wingman-work\backups\20260811-125346\src\wingman2\pages\ProductCallCardsPage.tsx"
"024857541483FEAFB8A126EA922D9E5BEA617651BE122CF794EBA198FEC7684E","4","69946",".wingman-work\backups\20260811-125821\src\wingman2\pages\ProductCallCardsPage.tsx"
"024857541483FEAFB8A126EA922D9E5BEA617651BE122CF794EBA198FEC7684E","4","69946","src\wingman2\pages\ProductCallCardsPage.tsx"
"02F22A1C5E676A4AC86E8D99D73710799B4B51C0A79AF97AE46FCDCFDD8E6394","4","163542",".wingman-work\backups\20260811-125215\src\wingman2\styles\wingman-workflow-theme.css.20260806-133235.bak"
"02F22A1C5E676A4AC86E8D99D73710799B4B51C0A79AF97AE46FCDCFDD8E6394","4","163542",".wingman-work\backups\20260811-125346\src\wingman2\styles\wingman-workflow-theme.css.20260806-133235.bak"
"02F22A1C5E676A4AC86E8D99D73710799B4B51C0A79AF97AE46FCDCFDD8E6394","4","163542",".wingman-work\backups\20260811-125821\src\wingman2\styles\wingman-workflow-theme.css.20260806-133235.bak"
"02F22A1C5E676A4AC86E8D99D73710799B4B51C0A79AF97AE46FCDCFDD8E6394","4","163542","src\wingman2\styles\wingman-workflow-theme.css.20260806-133235.bak"
"036FCA61D89C7755D4E61DB424D403B35E3C45ABE6D21CF7DCB6AC9507998A6E","4","26660",".wingman-work\backups\20260811-125215\src\wingman2\pages\RecommendationsPage.tsx"
"036FCA61D89C7755D4E61DB424D403B35E3C45ABE6D21CF7DCB6AC9507998A6E","4","26660",".wingman-work\backups\20260811-125346\src\wingman2\pages\RecommendationsPage.tsx"
"036FCA61D89C7755D4E61DB424D403B35E3C45ABE6D21CF7DCB6AC9507998A6E","4","26660",".wingman-work\backups\20260811-125821\src\wingman2\pages\RecommendationsPage.tsx"
"036FCA61D89C7755D4E61DB424D403B35E3C45ABE6D21CF7DCB6AC9507998A6E","4","26660","src\wingman2\pages\RecommendationsPage.tsx"
"04B371F3DE1ACC8213AD5F0B97E8DE93F115379E5D5349429EF9FBF2EFD9E09C","8","24345",".wingman-work\backups\20260811-125215\src\wingman2\styles\wingman-workflow-theme.css.20260713-161339.bak"
"04B371F3DE1ACC8213AD5F0B97E8DE93F115379E5D5349429EF9FBF2EFD9E09C","8","24345",".wingman-work\backups\20260811-125215\src\wingman2\styles\wingman-workflow-theme.css.20260713-172017.bak"
"04B371F3DE1ACC8213AD5F0B97E8DE93F115379E5D5349429EF9FBF2EFD9E09C","8","24345",".wingman-work\backups\20260811-125346\src\wingman2\styles\wingman-workflow-theme.css.20260713-161339.bak"
"04B371F3DE1ACC8213AD5F0B97E8DE93F115379E5D5349429EF9FBF2EFD9E09C","8","24345",".wingman-work\backups\20260811-125346\src\wingman2\styles\wingman-workflow-theme.css.20260713-172017.bak"
"04B371F3DE1ACC8213AD5F0B97E8DE93F115379E5D5349429EF9FBF2EFD9E09C","8","24345",".wingman-work\backups\20260811-125821\src\wingman2\styles\wingman-workflow-theme.css.20260713-161339.bak"
"04B371F3DE1ACC8213AD5F0B97E8DE93F115379E5D5349429EF9FBF2EFD9E09C","8","24345",".wingman-work\backups\20260811-125821\src\wingman2\styles\wingman-workflow-theme.css.20260713-172017.bak"
"04B371F3DE1ACC8213AD5F0B97E8DE93F115379E5D5349429EF9FBF2EFD9E09C","8","24345","src\wingman2\styles\wingman-workflow-theme.css.20260713-161339.bak"
"04B371F3DE1ACC8213AD5F0B97E8DE93F115379E5D5349429EF9FBF2EFD9E09C","8","24345","src\wingman2\styles\wingman-workflow-theme.css.20260713-172017.bak"
"052B54792BBBB02E60237F139A2A3E709339E80B346C74C4E634204BB0B54810","4","52812",".wingman-work\backups\20260811-125215\src\wingman2\pages\ProjectDetailPage.tsx.20260806-121952.bak"
"052B54792BBBB02E60237F139A2A3E709339E80B346C74C4E634204BB0B54810","4","52812",".wingman-work\backups\20260811-125346\src\wingman2\pages\ProjectDetailPage.tsx.20260806-121952.bak"
"052B54792BBBB02E60237F139A2A3E709339E80B346C74C4E634204BB0B54810","4","52812",".wingman-work\backups\20260811-125821\src\wingman2\pages\ProjectDetailPage.tsx.20260806-121952.bak"
"052B54792BBBB02E60237F139A2A3E709339E80B346C74C4E634204BB0B54810","4","52812","src\wingman2\pages\ProjectDetailPage.tsx.20260806-121952.bak"
"05A530BB54BAE8D204CF4F60A6CA003F507F2D41F15103879EA35DA072C7EEE5","5","742534","archive\_wingman_backup_compare_visual_regex_fix_20260615-184847\wingman-style-stack.css"
"05A530BB54BAE8D204CF4F60A6CA003F507F2D41F15103879EA35DA072C7EEE5","5","742534","archive\_wingman_backup_compare_visual_repair_20260615-184740\wingman-style-stack.css"
"05A530BB54BAE8D204CF4F60A6CA003F507F2D41F15103879EA35DA072C7EEE5","5","742534","archive\_wingman_backup_discovery_density_20260614-205934\wingman-style-stack.css"
"05A530BB54BAE8D204CF4F60A6CA003F507F2D41F15103879EA35DA072C7EEE5","5","742534","archive\_wingman_backup_discovery_guidance_commit_20260614-204418\wingman-style-stack.css"
"05A530BB54BAE8D204CF4F60A6CA003F507F2D41F15103879EA35DA072C7EEE5","5","742534","archive\_wingman_backup_discovery_strategy_fix_20260614-204612\wingman-style-stack.css"
"05AF4F8495EE42D36E26C4F9612C654BE76B26D98A617B6EAA0D183A3FF2F1A8","4","5151",".wingman-work\backups\20260811-125215\src\wingman2\data\competitorSourceFeeds.ts"
"05AF4F8495EE42D36E26C4F9612C654BE76B26D98A617B6EAA0D183A3FF2F1A8","4","5151",".wingman-work\backups\20260811-125346\src\wingman2\data\competitorSourceFeeds.ts"
"05AF4F8495EE42D36E26C4F9612C654BE76B26D98A617B6EAA0D183A3FF2F1A8","4","5151",".wingman-work\backups\20260811-125821\src\wingman2\data\competitorSourceFeeds.ts"
"05AF4F8495EE42D36E26C4F9612C654BE76B26D98A617B6EAA0D183A3FF2F1A8","4","5151","src\wingman2\data\competitorSourceFeeds.ts"
"05E6C38EEF23CE9C107546D552CC02745394085045158636BEF6ECC0762F187E","2","154216","_backups\discovery-finder-handoff-v2-20260720-075526\FinderPage.tsx"
"05E6C38EEF23CE9C107546D552CC02745394085045158636BEF6ECC0762F187E","2","154216","_backups\discovery-finder-handoff-v3-20260720-080002\FinderPage.tsx"
"06619700C590C9922AE3A5281E441C5AC495089D6866C0BCD3DB1C0734C5BB63","4","238897","backups\compare-sku-workspace-20260713-182648\ComparePageNew.advanced.tsx.bak"
"06619700C590C9922AE3A5281E441C5AC495089D6866C0BCD3DB1C0734C5BB63","4","238897","backups\compare-sku-workspace-20260713-182813\ComparePageNew.advanced.tsx.bak"
"06619700C590C9922AE3A5281E441C5AC495089D6866C0BCD3DB1C0734C5BB63","4","238897","backups\compare-sku-workspace-20260713-183431\ComparePageNew.advanced.tsx.bak"
"06619700C590C9922AE3A5281E441C5AC495089D6866C0BCD3DB1C0734C5BB63","4","238897","backups\compare-step-rail-20260713-182533\ComparePageNew.advanced.tsx.bak"
"0684E9AAB47A30A5918795F69A935DF4276DCA21F2B340D481632C4781E328D9","4","5287",".wingman-work\backups\20260811-125215\src\wingman2\components\ProductMediaPanel.tsx"
"0684E9AAB47A30A5918795F69A935DF4276DCA21F2B340D481632C4781E328D9","4","5287",".wingman-work\backups\20260811-125346\src\wingman2\components\ProductMediaPanel.tsx"
"0684E9AAB47A30A5918795F69A935DF4276DCA21F2B340D481632C4781E328D9","4","5287",".wingman-work\backups\20260811-125821\src\wingman2\components\ProductMediaPanel.tsx"
"0684E9AAB47A30A5918795F69A935DF4276DCA21F2B340D481632C4781E328D9","4","5287","src\wingman2\components\ProductMediaPanel.tsx"
"06AFA56AB658A05909504F0E2E78F8DFF7409F7A1CA8E7FD05D838FFC9282698","4","6642",".wingman-work\backups\20260811-125215\src\wingman2\lib\productSelectorEngine.test.ts"
"06AFA56AB658A05909504F0E2E78F8DFF7409F7A1CA8E7FD05D838FFC9282698","4","6642",".wingman-work\backups\20260811-125346\src\wingman2\lib\productSelectorEngine.test.ts"
"06AFA56AB658A05909504F0E2E78F8DFF7409F7A1CA8E7FD05D838FFC9282698","4","6642",".wingman-work\backups\20260811-125821\src\wingman2\lib\productSelectorEngine.test.ts"
"06AFA56AB658A05909504F0E2E78F8DFF7409F7A1CA8E7FD05D838FFC9282698","4","6642","src\wingman2\lib\productSelectorEngine.test.ts"
"06C045A1DE1C4904EE6152C1BE8073999A8142C3A83F74A3B6B1C70C84CD3CAA","2","24287","archive\_src_inline_backups\src\wingman2\pages\TemplatesPage.tsx.bak-remove-template-alpha-filter-20260627-183815"
"06C045A1DE1C4904EE6152C1BE8073999A8142C3A83F74A3B6B1C70C84CD3CAA","2","24287","archive\_src_inline_backups\src\wingman2\pages\TemplatesPage.tsx.bak-template-picker-cleanup-20260627-200806"
"06C5E386DF1CA28AADC86508F4CE13389667B3EF14F51C5E57653518AAF1A70C","4","5981",".wingman-work\backups\20260811-125215\src\wingman2\pages\productCallCardSalesHelper.characterization.test.ts"
"06C5E386DF1CA28AADC86508F4CE13389667B3EF14F51C5E57653518AAF1A70C","4","5981",".wingman-work\backups\20260811-125346\src\wingman2\pages\productCallCardSalesHelper.characterization.test.ts"
"06C5E386DF1CA28AADC86508F4CE13389667B3EF14F51C5E57653518AAF1A70C","4","5981",".wingman-work\backups\20260811-125821\src\wingman2\pages\productCallCardSalesHelper.characterization.test.ts"
"06C5E386DF1CA28AADC86508F4CE13389667B3EF14F51C5E57653518AAF1A70C","4","5981","src\wingman2\pages\productCallCardSalesHelper.characterization.test.ts"
"073C1826F38FFEBE2A28CA79A000ABE43D0DA68561BB2F231627469109921120","4","2488",".wingman-work\backups\20260811-125215\src\wingman2\lib\adminProductOverrides.ts"
"073C1826F38FFEBE2A28CA79A000ABE43D0DA68561BB2F231627469109921120","4","2488",".wingman-work\backups\20260811-125346\src\wingman2\lib\adminProductOverrides.ts"
"073C1826F38FFEBE2A28CA79A000ABE43D0DA68561BB2F231627469109921120","4","2488",".wingman-work\backups\20260811-125821\src\wingman2\lib\adminProductOverrides.ts"
"073C1826F38FFEBE2A28CA79A000ABE43D0DA68561BB2F231627469109921120","4","2488","src\wingman2\lib\adminProductOverrides.ts"
"074960E0824FF16A6B687D2A410AFED00CC84E6C9A81E2F3DC831AFCCA1B63AD","4","8236",".wingman-work\backups\20260811-125215\src\wingman2\lib\solutionTemplates.ts"
"074960E0824FF16A6B687D2A410AFED00CC84E6C9A81E2F3DC831AFCCA1B63AD","4","8236",".wingman-work\backups\20260811-125346\src\wingman2\lib\solutionTemplates.ts"
"074960E0824FF16A6B687D2A410AFED00CC84E6C9A81E2F3DC831AFCCA1B63AD","4","8236",".wingman-work\backups\20260811-125821\src\wingman2\lib\solutionTemplates.ts"
"074960E0824FF16A6B687D2A410AFED00CC84E6C9A81E2F3DC831AFCCA1B63AD","4","8236","src\wingman2\lib\solutionTemplates.ts"
"078DDA0F96CB1E5B5F114501444B6E0D9FE628D4A75F66612AE15FAD78AF9974","2","16259","archive\_wingman_backup_compare_ui_polish_20260613-204505\src\wingman2\components\compare\CompareCandidateShortlist.tsx"
"078DDA0F96CB1E5B5F114501444B6E0D9FE628D4A75F66612AE15FAD78AF9974","2","16259","archive\_wingman_backup_guru_single_instance_20260614-063825\src\wingman2\components\compare\CompareCandidateShortlist.tsx"
"07C0B5B908B5C474491B6D618928E21337DA6C21265881AF3942D2734759FD16","3","172285",".wingman-work\backups\20260811-125215\src\wingman2\styles\wingman-workflow-theme.css"
"07C0B5B908B5C474491B6D618928E21337DA6C21265881AF3942D2734759FD16","3","172285",".wingman-work\backups\20260811-125346\src\wingman2\styles\wingman-workflow-theme.css"
"07C0B5B908B5C474491B6D618928E21337DA6C21265881AF3942D2734759FD16","3","172285",".wingman-work\backups\20260811-125821\src\wingman2\styles\wingman-workflow-theme.css"
"07DA136645F6327812A738205D96524E5DD5F3D4AFDC1A5BC81DF902A97BD8E6","4","9629",".wingman-work\backups\20260811-125215\src\wingman2\lib\roomTemplatePlaceholders.ts"
"07DA136645F6327812A738205D96524E5DD5F3D4AFDC1A5BC81DF902A97BD8E6","4","9629",".wingman-work\backups\20260811-125346\src\wingman2\lib\roomTemplatePlaceholders.ts"
"07DA136645F6327812A738205D96524E5DD5F3D4AFDC1A5BC81DF902A97BD8E6","4","9629",".wingman-work\backups\20260811-125821\src\wingman2\lib\roomTemplatePlaceholders.ts"
"07DA136645F6327812A738205D96524E5DD5F3D4AFDC1A5BC81DF902A97BD8E6","4","9629","src\wingman2\lib\roomTemplatePlaceholders.ts"
"07FF3E682C37F3F57FAB0F80DF53B54641B23F0A13EB488D7708948ECB70A125","2","46810",".wingman-backups\remove-product-pitch-room-visual-20260710-212457\ProductPitchPage.tsx"
"07FF3E682C37F3F57FAB0F80DF53B54641B23F0A13EB488D7708948ECB70A125","2","46810",".wingman-backups\remove-product-pitch-room-visual-v2-20260710-212645\ProductPitchPage.tsx"
"081FBE533F564B625A8F4C9F8E6D2E3EC91B665B43ED43ED76092993F86D50F1","2","6589","archive\_wingman_backup_guru_single_instance_20260614-063825\src\wingman2\lib\compareEquivalenceGuard.ts"
"081FBE533F564B625A8F4C9F8E6D2E3EC91B665B43ED43ED76092993F86D50F1","2","6589","reports\compare-engine-audit-20260613-105112\src_wingman2_lib_compareEquivalenceGuard.ts.full.txt"
"082D335AFB130B031F2753BB337894245DDF981C89F5F31B6306165202AC5BEB","4","8580",".wingman-work\backups\20260811-125215\src\wingman2\components\guruGlossaryLinks.tsx"
"082D335AFB130B031F2753BB337894245DDF981C89F5F31B6306165202AC5BEB","4","8580",".wingman-work\backups\20260811-125346\src\wingman2\components\guruGlossaryLinks.tsx"
"082D335AFB130B031F2753BB337894245DDF981C89F5F31B6306165202AC5BEB","4","8580",".wingman-work\backups\20260811-125821\src\wingman2\components\guruGlossaryLinks.tsx"
"082D335AFB130B031F2753BB337894245DDF981C89F5F31B6306165202AC5BEB","4","8580","src\wingman2\components\guruGlossaryLinks.tsx"
"08FC18718D0A8480AF3C08C381A98895083D1B792A3EDE9CC25940606326C484","2","8427","archive\_src_inline_backups\src\wingman2\pages\NavigationHubPages.tsx.backup-20260710-052933"
"08FC18718D0A8480AF3C08C381A98895083D1B792A3EDE9CC25940606326C484","2","8427","archive\_src_inline_backups\src\wingman2\pages\NavigationHubPages.tsx.backup-20260710-053113"
"095C1EE451F144E43BA1DBDABE9570F6B7C518BF1A4AB0093A87C9AEA6FCC07E","4","4699",".wingman-work\backups\20260811-125215\src\__tests__\finderProductFamilyRenderedFlow.test.tsx"
"095C1EE451F144E43BA1DBDABE9570F6B7C518BF1A4AB0093A87C9AEA6FCC07E","4","4699",".wingman-work\backups\20260811-125346\src\__tests__\finderProductFamilyRenderedFlow.test.tsx"
"095C1EE451F144E43BA1DBDABE9570F6B7C518BF1A4AB0093A87C9AEA6FCC07E","4","4699",".wingman-work\backups\20260811-125821\src\__tests__\finderProductFamilyRenderedFlow.test.tsx"
"095C1EE451F144E43BA1DBDABE9570F6B7C518BF1A4AB0093A87C9AEA6FCC07E","4","4699","src\__tests__\finderProductFamilyRenderedFlow.test.tsx"
"097D26AEDEF220B6B18FDD2DFBECCB61FF77D18625835F013D0DA40E9FEBB1EF","4","157",".wingman-work\backups\20260811-125215\src\wingman2\lib\schematic\index.ts"
"097D26AEDEF220B6B18FDD2DFBECCB61FF77D18625835F013D0DA40E9FEBB1EF","4","157",".wingman-work\backups\20260811-125346\src\wingman2\lib\schematic\index.ts"
"097D26AEDEF220B6B18FDD2DFBECCB61FF77D18625835F013D0DA40E9FEBB1EF","4","157",".wingman-work\backups\20260811-125821\src\wingman2\lib\schematic\index.ts"
"097D26AEDEF220B6B18FDD2DFBECCB61FF77D18625835F013D0DA40E9FEBB1EF","4","157","src\wingman2\lib\schematic\index.ts"
"09D1F83CC1CE80FA5F8139E36561289EED6FAB857A1AABDD0DB4787E03650864","4","12273",".wingman-work\backups\20260811-125215\src\wingman2\components\WingmanGuruFab.tsx"
"09D1F83CC1CE80FA5F8139E36561289EED6FAB857A1AABDD0DB4787E03650864","4","12273",".wingman-work\backups\20260811-125346\src\wingman2\components\WingmanGuruFab.tsx"
"09D1F83CC1CE80FA5F8139E36561289EED6FAB857A1AABDD0DB4787E03650864","4","12273",".wingman-work\backups\20260811-125821\src\wingman2\components\WingmanGuruFab.tsx"
"09D1F83CC1CE80FA5F8139E36561289EED6FAB857A1AABDD0DB4787E03650864","4","12273","src\wingman2\components\WingmanGuruFab.tsx"
"0A29D3E9E6096243C4414E61029F8F74F62FB3B94DDB62B477EF1CD983FE493D","4","6138",".wingman-work\backups\20260811-125215\src\wingman2\styles\wingman-products-light-graphics.css"
"0A29D3E9E6096243C4414E61029F8F74F62FB3B94DDB62B477EF1CD983FE493D","4","6138",".wingman-work\backups\20260811-125346\src\wingman2\styles\wingman-products-light-graphics.css"
"0A29D3E9E6096243C4414E61029F8F74F62FB3B94DDB62B477EF1CD983FE493D","4","6138",".wingman-work\backups\20260811-125821\src\wingman2\styles\wingman-products-light-graphics.css"
"0A29D3E9E6096243C4414E61029F8F74F62FB3B94DDB62B477EF1CD983FE493D","4","6138","src\wingman2\styles\wingman-products-light-graphics.css"
"0A4B67015B1C4C68CCCE38403648B0DCA97823A1CBCA4C604717B42F5A7D85D5","4","4719",".wingman-work\backups\20260811-125215\src\wingman2\lib\productToolsVisualWeight.ts"
"0A4B67015B1C4C68CCCE38403648B0DCA97823A1CBCA4C604717B42F5A7D85D5","4","4719",".wingman-work\backups\20260811-125346\src\wingman2\lib\productToolsVisualWeight.ts"
"0A4B67015B1C4C68CCCE38403648B0DCA97823A1CBCA4C604717B42F5A7D85D5","4","4719",".wingman-work\backups\20260811-125821\src\wingman2\lib\productToolsVisualWeight.ts"
"0A4B67015B1C4C68CCCE38403648B0DCA97823A1CBCA4C604717B42F5A7D85D5","4","4719","src\wingman2\lib\productToolsVisualWeight.ts"
"0A8D67A263A9F9CD2889F490823E65DAF9BAE642F7C94A05204DEBC87B0D67CA","3","5978","_backups\retire-finder-feature-sweep-v3-20260720-084642\files\tools\migrate-wingman-page-frames.mjs"
"0A8D67A263A9F9CD2889F490823E65DAF9BAE642F7C94A05204DEBC87B0D67CA","3","5978","_backups\retire-finder-feature-sweep-v4-20260720-085242\files\tools\migrate-wingman-page-frames.mjs"
"0A8D67A263A9F9CD2889F490823E65DAF9BAE642F7C94A05204DEBC87B0D67CA","3","5978","_backups\retire-finder-feature-sweep-v5-20260720-085648\files\tools\migrate-wingman-page-frames.mjs"
"0B3091A1BAD8048483A1D5F5B29FF1F944E6ADF20199688205F9CEF710BDB2AD","2","87",".wingman-backups\discovery-unified-comms-20260717-115842\typecheck.log"
"0B3091A1BAD8048483A1D5F5B29FF1F944E6ADF20199688205F9CEF710BDB2AD","2","87","reports\wingman-readiness-audit-20260613-085658\10-typecheck.log"
"0BE3773A15C11A0F2BF9300F074CE3D8E57A89A20E8B4E65C9834717F4554EAC","8","12625",".wingman-work\backups\20260811-125215\src\wingman2\components\compare\CompareShowdown.tsx.20260722-083258.bak"
"0BE3773A15C11A0F2BF9300F074CE3D8E57A89A20E8B4E65C9834717F4554EAC","8","12625",".wingman-work\backups\20260811-125215\src\wingman2\components\compare\CompareShowdown.tsx.20260722-083552.bak"
"0BE3773A15C11A0F2BF9300F074CE3D8E57A89A20E8B4E65C9834717F4554EAC","8","12625",".wingman-work\backups\20260811-125346\src\wingman2\components\compare\CompareShowdown.tsx.20260722-083258.bak"
"0BE3773A15C11A0F2BF9300F074CE3D8E57A89A20E8B4E65C9834717F4554EAC","8","12625",".wingman-work\backups\20260811-125346\src\wingman2\components\compare\CompareShowdown.tsx.20260722-083552.bak"
"0BE3773A15C11A0F2BF9300F074CE3D8E57A89A20E8B4E65C9834717F4554EAC","8","12625",".wingman-work\backups\20260811-125821\src\wingman2\components\compare\CompareShowdown.tsx.20260722-083258.bak"
"0BE3773A15C11A0F2BF9300F074CE3D8E57A89A20E8B4E65C9834717F4554EAC","8","12625",".wingman-work\backups\20260811-125821\src\wingman2\components\compare\CompareShowdown.tsx.20260722-083552.bak"
"0BE3773A15C11A0F2BF9300F074CE3D8E57A89A20E8B4E65C9834717F4554EAC","8","12625","src\wingman2\components\compare\CompareShowdown.tsx.20260722-083258.bak"
"0BE3773A15C11A0F2BF9300F074CE3D8E57A89A20E8B4E65C9834717F4554EAC","8","12625","src\wingman2\components\compare\CompareShowdown.tsx.20260722-083552.bak"
"0C311A45A10A891C67384920C1696447E8B45A8CC3919A29AFBF54DEF5DE8DFB","4","1162012",".wingman-work\backups\20260811-125215\src\wingman2\styles\wingman-style-stack.css.20260712-145428.bak"
"0C311A45A10A891C67384920C1696447E8B45A8CC3919A29AFBF54DEF5DE8DFB","4","1162012",".wingman-work\backups\20260811-125346\src\wingman2\styles\wingman-style-stack.css.20260712-145428.bak"
"0C311A45A10A891C67384920C1696447E8B45A8CC3919A29AFBF54DEF5DE8DFB","4","1162012",".wingman-work\backups\20260811-125821\src\wingman2\styles\wingman-style-stack.css.20260712-145428.bak"
"0C311A45A10A891C67384920C1696447E8B45A8CC3919A29AFBF54DEF5DE8DFB","4","1162012","src\wingman2\styles\wingman-style-stack.css.20260712-145428.bak"
"0CE31D28275DE39BD64CF038793BD6FD64189696AF83B78F85026EFAF74DCB5F","3","6132","tools\audit-wingman-route-registry-direct.mjs"
"0CE31D28275DE39BD64CF038793BD6FD64189696AF83B78F85026EFAF74DCB5F","3","6132","tools\audit-wingman-route-registry-direct.mjs.20260718-190553.bak"
"0CE31D28275DE39BD64CF038793BD6FD64189696AF83B78F85026EFAF74DCB5F","3","6132","tools\audit-wingman-route-registry-direct.mjs.20260718-190611.bak"
"0D1ABC0FD74F7FF69B9B95C3947198EDCF76F0CE11D6C3EE28D4BAC48DC41C2D","4","260774",".wingman-work\backups\20260811-125215\src\wingman2\pages\ComparePageNew.advanced.tsx"
"0D1ABC0FD74F7FF69B9B95C3947198EDCF76F0CE11D6C3EE28D4BAC48DC41C2D","4","260774",".wingman-work\backups\20260811-125346\src\wingman2\pages\ComparePageNew.advanced.tsx"
"0D1ABC0FD74F7FF69B9B95C3947198EDCF76F0CE11D6C3EE28D4BAC48DC41C2D","4","260774",".wingman-work\backups\20260811-125821\src\wingman2\pages\ComparePageNew.advanced.tsx"
"0D1ABC0FD74F7FF69B9B95C3947198EDCF76F0CE11D6C3EE28D4BAC48DC41C2D","4","260774","src\wingman2\pages\ComparePageNew.advanced.tsx"
"0D741DF2591FE8E589883A951C50F83CEB44859B03528DCD19FC430C9D2AD419","4","1542",".wingman-work\backups\20260811-125215\src\wingman2\lib\schematic\schematicLayoutEngine.ts"
"0D741DF2591FE8E589883A951C50F83CEB44859B03528DCD19FC430C9D2AD419","4","1542",".wingman-work\backups\20260811-125346\src\wingman2\lib\schematic\schematicLayoutEngine.ts"
"0D741DF2591FE8E589883A951C50F83CEB44859B03528DCD19FC430C9D2AD419","4","1542",".wingman-work\backups\20260811-125821\src\wingman2\lib\schematic\schematicLayoutEngine.ts"
"0D741DF2591FE8E589883A951C50F83CEB44859B03528DCD19FC430C9D2AD419","4","1542","src\wingman2\lib\schematic\schematicLayoutEngine.ts"
"0E1D32472C77AA3FA2E34F035A53B068919B48272E796B02E0EB9BD5C9BC59C4","4","26262",".wingman-work\backups\20260811-125215\src\wingman2\lib\documentIngest\multiSkuCompetitorIngest.ts"
"0E1D32472C77AA3FA2E34F035A53B068919B48272E796B02E0EB9BD5C9BC59C4","4","26262",".wingman-work\backups\20260811-125346\src\wingman2\lib\documentIngest\multiSkuCompetitorIngest.ts"
"0E1D32472C77AA3FA2E34F035A53B068919B48272E796B02E0EB9BD5C9BC59C4","4","26262",".wingman-work\backups\20260811-125821\src\wingman2\lib\documentIngest\multiSkuCompetitorIngest.ts"
"0E1D32472C77AA3FA2E34F035A53B068919B48272E796B02E0EB9BD5C9BC59C4","4","26262","src\wingman2\lib\documentIngest\multiSkuCompetitorIngest.ts"
"0E64A3007B2A18F6E23312D17CEF4279AE8ED9A770DD5C5FBAFF02E04FEDB668","4","582",".wingman-work\backups\20260811-125215\src\wingman2\lib\useDebouncedValue.ts"
"0E64A3007B2A18F6E23312D17CEF4279AE8ED9A770DD5C5FBAFF02E04FEDB668","4","582",".wingman-work\backups\20260811-125346\src\wingman2\lib\useDebouncedValue.ts"
"0E64A3007B2A18F6E23312D17CEF4279AE8ED9A770DD5C5FBAFF02E04FEDB668","4","582",".wingman-work\backups\20260811-125821\src\wingman2\lib\useDebouncedValue.ts"
"0E64A3007B2A18F6E23312D17CEF4279AE8ED9A770DD5C5FBAFF02E04FEDB668","4","582","src\wingman2\lib\useDebouncedValue.ts"
"0EB5597713E1F73A90F7C513C21D3C3A005A903E73F7BC0A80E27FF38123B273","4","70125",".wingman-work\backups\20260811-125215\src\wingman2\components\WingmanGuruDrawer.tsx"
"0EB5597713E1F73A90F7C513C21D3C3A005A903E73F7BC0A80E27FF38123B273","4","70125",".wingman-work\backups\20260811-125346\src\wingman2\components\WingmanGuruDrawer.tsx"
"0EB5597713E1F73A90F7C513C21D3C3A005A903E73F7BC0A80E27FF38123B273","4","70125",".wingman-work\backups\20260811-125821\src\wingman2\components\WingmanGuruDrawer.tsx"
"0EB5597713E1F73A90F7C513C21D3C3A005A903E73F7BC0A80E27FF38123B273","4","70125","src\wingman2\components\WingmanGuruDrawer.tsx"
"0EE1B2C16D181F2450F97E051543A2546811D6E27D4371396A0DFF4415803B6D","4","82644",".wingman-work\backups\20260811-125215\src\wingman2\pages\DiscoveryPage.tsx.20260713-172759.bak"
"0EE1B2C16D181F2450F97E051543A2546811D6E27D4371396A0DFF4415803B6D","4","82644",".wingman-work\backups\20260811-125346\src\wingman2\pages\DiscoveryPage.tsx.20260713-172759.bak"
"0EE1B2C16D181F2450F97E051543A2546811D6E27D4371396A0DFF4415803B6D","4","82644",".wingman-work\backups\20260811-125821\src\wingman2\pages\DiscoveryPage.tsx.20260713-172759.bak"
"0EE1B2C16D181F2450F97E051543A2546811D6E27D4371396A0DFF4415803B6D","4","82644","src\wingman2\pages\DiscoveryPage.tsx.20260713-172759.bak"
"0F087F2760850DE1D2374185D600630B783FD8523C5FAEBF568F1AA34ECC028E","2","19555","archive\repo-cleanup-20260709-050830\root-backups\_wingman_backup_navhub_density_20260630-141138\src\wingman2\styles\wingman-redesign-theme.css"
"0F087F2760850DE1D2374185D600630B783FD8523C5FAEBF568F1AA34ECC028E","2","19555","archive\repo-cleanup-20260709-050830\root-backups\_wingman_backup_navhub_tighter_density_20260630-141546\src\wingman2\styles\wingman-redesign-theme.css"
"0F3B4A0A686EC954FE3404612D8149DC191BED2BC10A8C725C6E09A31A669836","3","23913","_backups\retire-finder-feature-sweep-v3-20260720-084642\files\src\wingman2\lib\proposalExport.ts"
"0F3B4A0A686EC954FE3404612D8149DC191BED2BC10A8C725C6E09A31A669836","3","23913","_backups\retire-finder-feature-sweep-v4-20260720-085242\files\src\wingman2\lib\proposalExport.ts"
"0F3B4A0A686EC954FE3404612D8149DC191BED2BC10A8C725C6E09A31A669836","3","23913","_backups\retire-finder-feature-sweep-v5-20260720-085648\files\src\wingman2\lib\proposalExport.ts"
"0F3D7C3F94D22E7A980CD9FCC48724C860161E02081B925F08CF91B1DBBD4CBB","3","7919","_backups\retire-finder-feature-sweep-v3-20260720-084642\files\tools\migrate-wingman-page-markup.mjs"
"0F3D7C3F94D22E7A980CD9FCC48724C860161E02081B925F08CF91B1DBBD4CBB","3","7919","_backups\retire-finder-feature-sweep-v4-20260720-085242\files\tools\migrate-wingman-page-markup.mjs"
"0F3D7C3F94D22E7A980CD9FCC48724C860161E02081B925F08CF91B1DBBD4CBB","3","7919","_backups\retire-finder-feature-sweep-v5-20260720-085648\files\tools\migrate-wingman-page-markup.mjs"
"0F7C18B6DC0BC4274E847146934AD2C65ACFC07472D444CC84AA5ED480B1FD85","2","761337","archive\_wingman_backup_compare_minimal_results_20260615-201159\wingman-style-stack.css"
"0F7C18B6DC0BC4274E847146934AD2C65ACFC07472D444CC84AA5ED480B1FD85","2","761337","archive\_wingman_backup_compare_simple_summary_20260615-195115\wingman-style-stack.css"
"103D811522C9A5C1A64BD6BCEE6B8FEFB6E5FCA9321F3AC6E7FC12B78DF4FF63","4","2001",".wingman-work\backups\20260811-125215\src\wingman2\pages\discovery\DiscoverySummaryCard.tsx"
"103D811522C9A5C1A64BD6BCEE6B8FEFB6E5FCA9321F3AC6E7FC12B78DF4FF63","4","2001",".wingman-work\backups\20260811-125346\src\wingman2\pages\discovery\DiscoverySummaryCard.tsx"
"103D811522C9A5C1A64BD6BCEE6B8FEFB6E5FCA9321F3AC6E7FC12B78DF4FF63","4","2001",".wingman-work\backups\20260811-125821\src\wingman2\pages\discovery\DiscoverySummaryCard.tsx"
"103D811522C9A5C1A64BD6BCEE6B8FEFB6E5FCA9321F3AC6E7FC12B78DF4FF63","4","2001","src\wingman2\pages\discovery\DiscoverySummaryCard.tsx"
"104BA5AA9D1C363C71E8FEF3E19EA54C9F6A87BCB1D3D6772E097D77E5FDB08A","3","7161",".wingman-backups\visual-studio-edges-20260712-111550\visualStudioDiagramFactory.ts"
"104BA5AA9D1C363C71E8FEF3E19EA54C9F6A87BCB1D3D6772E097D77E5FDB08A","3","7161","archive\_src_inline_backups\src\wingman2\lib\visualStudioDiagramFactory.ts.backup-20260710-062527"
"104BA5AA9D1C363C71E8FEF3E19EA54C9F6A87BCB1D3D6772E097D77E5FDB08A","3","7161","archive\_src_inline_backups\src\wingman2\lib\visualStudioDiagramFactory.ts.backup-20260710-062749"
"1052A4183DD6E92403C0BB66B9732005C8D9C10E84D0CDD949289434249D8674","4","2171",".wingman-work\backups\20260811-125215\src\wingman2\lib\roomTemplatePlaceholders.test.ts"
"1052A4183DD6E92403C0BB66B9732005C8D9C10E84D0CDD949289434249D8674","4","2171",".wingman-work\backups\20260811-125346\src\wingman2\lib\roomTemplatePlaceholders.test.ts"
"1052A4183DD6E92403C0BB66B9732005C8D9C10E84D0CDD949289434249D8674","4","2171",".wingman-work\backups\20260811-125821\src\wingman2\lib\roomTemplatePlaceholders.test.ts"
"1052A4183DD6E92403C0BB66B9732005C8D9C10E84D0CDD949289434249D8674","4","2171","src\wingman2\lib\roomTemplatePlaceholders.test.ts"
"107324C0373C3D9CBBEC1F5D6380658D52D6953021A8A6DAE27B03EE5159BBFC","4","1148301",".wingman-work\backups\20260811-125215\src\wingman2\styles\wingman-style-stack.css.before-visual-tidy.bak"
"107324C0373C3D9CBBEC1F5D6380658D52D6953021A8A6DAE27B03EE5159BBFC","4","1148301",".wingman-work\backups\20260811-125346\src\wingman2\styles\wingman-style-stack.css.before-visual-tidy.bak"
"107324C0373C3D9CBBEC1F5D6380658D52D6953021A8A6DAE27B03EE5159BBFC","4","1148301",".wingman-work\backups\20260811-125821\src\wingman2\styles\wingman-style-stack.css.before-visual-tidy.bak"
"107324C0373C3D9CBBEC1F5D6380658D52D6953021A8A6DAE27B03EE5159BBFC","4","1148301","src\wingman2\styles\wingman-style-stack.css.before-visual-tidy.bak"
"10A790388479E7DF84B30956A15E860B56FDD0596366E5FBC7B23512BF61C850","4","20731",".wingman-work\backups\20260811-125215\src\wingman2\lib\productPitchGuidance.ts"
"10A790388479E7DF84B30956A15E860B56FDD0596366E5FBC7B23512BF61C850","4","20731",".wingman-work\backups\20260811-125346\src\wingman2\lib\productPitchGuidance.ts"
"10A790388479E7DF84B30956A15E860B56FDD0596366E5FBC7B23512BF61C850","4","20731",".wingman-work\backups\20260811-125821\src\wingman2\lib\productPitchGuidance.ts"
"10A790388479E7DF84B30956A15E860B56FDD0596366E5FBC7B23512BF61C850","4","20731","src\wingman2\lib\productPitchGuidance.ts"
"10AF62D7BEE8A2BFEBEFF8D4CC3A82BFC00D7743305801B37DCB1B46BD27A865","4","2077",".wingman-work\backups\20260811-125215\src\__tests__\guruDrawerUiContract.test.ts"
"10AF62D7BEE8A2BFEBEFF8D4CC3A82BFC00D7743305801B37DCB1B46BD27A865","4","2077",".wingman-work\backups\20260811-125346\src\__tests__\guruDrawerUiContract.test.ts"
"10AF62D7BEE8A2BFEBEFF8D4CC3A82BFC00D7743305801B37DCB1B46BD27A865","4","2077",".wingman-work\backups\20260811-125821\src\__tests__\guruDrawerUiContract.test.ts"
"10AF62D7BEE8A2BFEBEFF8D4CC3A82BFC00D7743305801B37DCB1B46BD27A865","4","2077","src\__tests__\guruDrawerUiContract.test.ts"
"115AAD87EBD6D66B3068B2215159608EC7427C5DA19C1FC9E9B26E8852837DA9","4","31259",".wingman-work\backups\20260811-125215\src\wingman2\styles\wingman-reference-theme.css.20260714-133506.bak"
"115AAD87EBD6D66B3068B2215159608EC7427C5DA19C1FC9E9B26E8852837DA9","4","31259",".wingman-work\backups\20260811-125346\src\wingman2\styles\wingman-reference-theme.css.20260714-133506.bak"
"115AAD87EBD6D66B3068B2215159608EC7427C5DA19C1FC9E9B26E8852837DA9","4","31259",".wingman-work\backups\20260811-125821\src\wingman2\styles\wingman-reference-theme.css.20260714-133506.bak"
"115AAD87EBD6D66B3068B2215159608EC7427C5DA19C1FC9E9B26E8852837DA9","4","31259","src\wingman2\styles\wingman-reference-theme.css.20260714-133506.bak"
"11F8E011B5AF9C69BDB40A70B2D2366E774092ADE30FB3AFE8F11E51EE6DE63E","4","10689",".wingman-work\backups\20260811-125215\src\wingman2\lib\schematic\projectToSchematicBrief.ts"
"11F8E011B5AF9C69BDB40A70B2D2366E774092ADE30FB3AFE8F11E51EE6DE63E","4","10689",".wingman-work\backups\20260811-125346\src\wingman2\lib\schematic\projectToSchematicBrief.ts"
"11F8E011B5AF9C69BDB40A70B2D2366E774092ADE30FB3AFE8F11E51EE6DE63E","4","10689",".wingman-work\backups\20260811-125821\src\wingman2\lib\schematic\projectToSchematicBrief.ts"
"11F8E011B5AF9C69BDB40A70B2D2366E774092ADE30FB3AFE8F11E51EE6DE63E","4","10689","src\wingman2\lib\schematic\projectToSchematicBrief.ts"
"12A6ADA39FE5A9103E1F0AAE531772106696F32D143A68FF587F5CB393FB4D29","2","15640","src\wingman2\layout\AppShell.tsx.20260811-161643.bak"
"12A6ADA39FE5A9103E1F0AAE531772106696F32D143A68FF587F5CB393FB4D29","2","15640","src\wingman2\layout\AppShell.tsx.20260811-161809.bak"
"12DE1C9BAC98DC443A688AEF3D0670D9EB14893650574E284F4A4DD1418AF4B2","4","662",".wingman-work\backups\20260811-125215\src\__tests__\visualStudioSeedAndCanvasGuard.test.ts"
"12DE1C9BAC98DC443A688AEF3D0670D9EB14893650574E284F4A4DD1418AF4B2","4","662",".wingman-work\backups\20260811-125346\src\__tests__\visualStudioSeedAndCanvasGuard.test.ts"
"12DE1C9BAC98DC443A688AEF3D0670D9EB14893650574E284F4A4DD1418AF4B2","4","662",".wingman-work\backups\20260811-125821\src\__tests__\visualStudioSeedAndCanvasGuard.test.ts"
"12DE1C9BAC98DC443A688AEF3D0670D9EB14893650574E284F4A4DD1418AF4B2","4","662","src\__tests__\visualStudioSeedAndCanvasGuard.test.ts"
"1327303D09445E5377CBD5854D311A3ABEE6DC813AF5F39D6B7A6BE82BC932FD","4","18215",".wingman-work\backups\20260811-125215\package.json"
"1327303D09445E5377CBD5854D311A3ABEE6DC813AF5F39D6B7A6BE82BC932FD","4","18215",".wingman-work\backups\20260811-125346\package.json"
"1327303D09445E5377CBD5854D311A3ABEE6DC813AF5F39D6B7A6BE82BC932FD","4","18215",".wingman-work\backups\20260811-125821\package.json"
"1327303D09445E5377CBD5854D311A3ABEE6DC813AF5F39D6B7A6BE82BC932FD","4","18215","package.json"
"1343D9CD8DBD1916301043A674ADF712D1C9868DC5D07FD151BE5252737D8D36","2","29115","archive\_wingman_backup_compare_engine_markers_20260615-183052\src\wingman2\pages\ComparePageNew.tsx"
"1343D9CD8DBD1916301043A674ADF712D1C9868DC5D07FD151BE5252737D8D36","2","29115","archive\_wingman_backup_compare_marker_20260615-183651\ComparePageNew.tsx"
"13509B7577BDEA25B46C2A4E7100CFB7B6D376023972F5B8AF8AE459D6129FB5","3","6665","_backups\retire-finder-feature-sweep-v3-20260720-084642\files\src\wingman2\pages\IngestPage.multiSku.test.tsx"
"13509B7577BDEA25B46C2A4E7100CFB7B6D376023972F5B8AF8AE459D6129FB5","3","6665","_backups\retire-finder-feature-sweep-v4-20260720-085242\files\src\wingman2\pages\IngestPage.multiSku.test.tsx"
"13509B7577BDEA25B46C2A4E7100CFB7B6D376023972F5B8AF8AE459D6129FB5","3","6665","_backups\retire-finder-feature-sweep-v5-20260720-085648\files\src\wingman2\pages\IngestPage.multiSku.test.tsx"
"13C8E10F8FD4C5A5550D9270BCFE59E2A447695BE7C7FBE706F0921FF53C37C6","4","30779",".wingman-work\backups\20260811-125215\src\wingman2\styles\wingman-reference-theme.css.20260714-121100.bak"
"13C8E10F8FD4C5A5550D9270BCFE59E2A447695BE7C7FBE706F0921FF53C37C6","4","30779",".wingman-work\backups\20260811-125346\src\wingman2\styles\wingman-reference-theme.css.20260714-121100.bak"
"13C8E10F8FD4C5A5550D9270BCFE59E2A447695BE7C7FBE706F0921FF53C37C6","4","30779",".wingman-work\backups\20260811-125821\src\wingman2\styles\wingman-reference-theme.css.20260714-121100.bak"
"13C8E10F8FD4C5A5550D9270BCFE59E2A447695BE7C7FBE706F0921FF53C37C6","4","30779","src\wingman2\styles\wingman-reference-theme.css.20260714-121100.bak"
"1400F7C69B91AF5E98BA919A457B6848A6AAF9595278AD47C965432DA923E30F","4","1997",".wingman-work\backups\20260811-125215\src\wingman2\components\PageHero.tsx"
"1400F7C69B91AF5E98BA919A457B6848A6AAF9595278AD47C965432DA923E30F","4","1997",".wingman-work\backups\20260811-125346\src\wingman2\components\PageHero.tsx"
"1400F7C69B91AF5E98BA919A457B6848A6AAF9595278AD47C965432DA923E30F","4","1997",".wingman-work\backups\20260811-125821\src\wingman2\components\PageHero.tsx"
"1400F7C69B91AF5E98BA919A457B6848A6AAF9595278AD47C965432DA923E30F","4","1997","src\wingman2\components\PageHero.tsx"
"1422DEDC263A446581639FB8430366E434675D188F04A142401E1B7A55199A71","4","49844",".wingman-work\backups\20260811-125215\src\wingman2\pages\VideowallBuilderPage.tsx"
"1422DEDC263A446581639FB8430366E434675D188F04A142401E1B7A55199A71","4","49844",".wingman-work\backups\20260811-125346\src\wingman2\pages\VideowallBuilderPage.tsx"
"1422DEDC263A446581639FB8430366E434675D188F04A142401E1B7A55199A71","4","49844",".wingman-work\backups\20260811-125821\src\wingman2\pages\VideowallBuilderPage.tsx"
"1422DEDC263A446581639FB8430366E434675D188F04A142401E1B7A55199A71","4","49844","src\wingman2\pages\VideowallBuilderPage.tsx"
"148E88CFCD64B9F71E15C4D2967D152A9EE52D5367B90ADF9368C805556FE7C2","4","6364",".wingman-work\backups\20260811-125215\src\wingman2\lib\schematic\schematicProductRules.ts"
"148E88CFCD64B9F71E15C4D2967D152A9EE52D5367B90ADF9368C805556FE7C2","4","6364",".wingman-work\backups\20260811-125346\src\wingman2\lib\schematic\schematicProductRules.ts"
"148E88CFCD64B9F71E15C4D2967D152A9EE52D5367B90ADF9368C805556FE7C2","4","6364",".wingman-work\backups\20260811-125821\src\wingman2\lib\schematic\schematicProductRules.ts"
"148E88CFCD64B9F71E15C4D2967D152A9EE52D5367B90ADF9368C805556FE7C2","4","6364","src\wingman2\lib\schematic\schematicProductRules.ts"
"152AFB5C1C50A03977C48659B43C5D6FCEFB73C8510E59EC5E8127FE8ABBC12A","4","17442",".wingman-work\backups\20260811-125215\src\__tests__\compareWorkflowRendered.test.tsx"
"152AFB5C1C50A03977C48659B43C5D6FCEFB73C8510E59EC5E8127FE8ABBC12A","4","17442",".wingman-work\backups\20260811-125346\src\__tests__\compareWorkflowRendered.test.tsx"
"152AFB5C1C50A03977C48659B43C5D6FCEFB73C8510E59EC5E8127FE8ABBC12A","4","17442",".wingman-work\backups\20260811-125821\src\__tests__\compareWorkflowRendered.test.tsx"
"152AFB5C1C50A03977C48659B43C5D6FCEFB73C8510E59EC5E8127FE8ABBC12A","4","17442","src\__tests__\compareWorkflowRendered.test.tsx"
"15ABB6F6C9697124B802C34BDDF8365F6AA61B1F83314C3D961FA34B7005DCC2","2","21132","archive\_wingman_backup_guru_single_instance_20260614-063825\src\wingman2\components\compare\CompactCompareMatrix.tsx"
"15ABB6F6C9697124B802C34BDDF8365F6AA61B1F83314C3D961FA34B7005DCC2","2","21132","reports\compare-engine-audit-20260613-105112\src_wingman2_components_compare_CompactCompareMatrix.tsx.full.txt"
"15E75275A56D9290DBD3ED77A4F7F000EA021FD68703CED86895CF9644223572","4","44443",".wingman-work\backups\20260811-125215\src\wingman2\lib\recommendationEvidence.ts"
"15E75275A56D9290DBD3ED77A4F7F000EA021FD68703CED86895CF9644223572","4","44443",".wingman-work\backups\20260811-125346\src\wingman2\lib\recommendationEvidence.ts"
"15E75275A56D9290DBD3ED77A4F7F000EA021FD68703CED86895CF9644223572","4","44443",".wingman-work\backups\20260811-125821\src\wingman2\lib\recommendationEvidence.ts"
"15E75275A56D9290DBD3ED77A4F7F000EA021FD68703CED86895CF9644223572","4","44443","src\wingman2\lib\recommendationEvidence.ts"
"16BC084AB0677F50260ABFBAD7946197BAB8EE3350C1B4522877E5158479819D","4","658300",".wingman-work\backups\20260811-125215\src\wingman2\styles\wingman-style-stack.css.20260719-122221.bak"
"16BC084AB0677F50260ABFBAD7946197BAB8EE3350C1B4522877E5158479819D","4","658300",".wingman-work\backups\20260811-125346\src\wingman2\styles\wingman-style-stack.css.20260719-122221.bak"
"16BC084AB0677F50260ABFBAD7946197BAB8EE3350C1B4522877E5158479819D","4","658300",".wingman-work\backups\20260811-125821\src\wingman2\styles\wingman-style-stack.css.20260719-122221.bak"
"16BC084AB0677F50260ABFBAD7946197BAB8EE3350C1B4522877E5158479819D","4","658300","src\wingman2\styles\wingman-style-stack.css.20260719-122221.bak"
"182930D3146A76983CBE73321D713B87CA01DF38A217182F8C15C72BCBA27E21","2","10275","archive\repo-cleanup-20260709-050830\root-artifacts\install.DISCARDED\NavigationHubPages.tsx"
"182930D3146A76983CBE73321D713B87CA01DF38A217182F8C15C72BCBA27E21","2","10275","archive\repo-cleanup-20260709-050830\root-artifacts\NavigationHubPages.tsx.DISCARDED"
"18AD2DE325A613967A15ADB1CA8D30960C5D6F1616499850402041F278851231","3","10240","backups\compare-sku-workspace-20260713-182648\compareManufacturerAssist.ts.bak"
"18AD2DE325A613967A15ADB1CA8D30960C5D6F1616499850402041F278851231","3","10240","backups\compare-sku-workspace-20260713-182813\compareManufacturerAssist.ts.bak"
"18AD2DE325A613967A15ADB1CA8D30960C5D6F1616499850402041F278851231","3","10240","backups\compare-sku-workspace-20260713-183431\compareManufacturerAssist.ts.bak"
"191CCCA5C4AB4601689824B19DE5CCB4C3187476FF4C98E8D2D709B788182230","4","1030",".wingman-work\backups\20260811-125215\src\wingman2\pages\ComparePageNew.noMatchFallback.test.tsx"
"191CCCA5C4AB4601689824B19DE5CCB4C3187476FF4C98E8D2D709B788182230","4","1030",".wingman-work\backups\20260811-125346\src\wingman2\pages\ComparePageNew.noMatchFallback.test.tsx"
"191CCCA5C4AB4601689824B19DE5CCB4C3187476FF4C98E8D2D709B788182230","4","1030",".wingman-work\backups\20260811-125821\src\wingman2\pages\ComparePageNew.noMatchFallback.test.tsx"
"191CCCA5C4AB4601689824B19DE5CCB4C3187476FF4C98E8D2D709B788182230","4","1030","src\wingman2\pages\ComparePageNew.noMatchFallback.test.tsx"
"19227ABAEFA0DDBFE69C893F448F0B335DE8DA91A466225665AC3831266CF054","2","37001","_RECOVERY\discovery-source-uc-final-20260717-125926\projectTopology.ts"
"19227ABAEFA0DDBFE69C893F448F0B335DE8DA91A466225665AC3831266CF054","2","37001","_RECOVERY\discovery-source-uc-final-20260717-130119\projectTopology.ts"
"1994C5AA5D4159740D169598450391AB6027AB65DCD892A0A546DD4DBF27FCF2","4","3345",".wingman-work\backups\20260811-125215\src\wingman2\lib\competitorSpecRegistry.integrity.test.ts"
"1994C5AA5D4159740D169598450391AB6027AB65DCD892A0A546DD4DBF27FCF2","4","3345",".wingman-work\backups\20260811-125346\src\wingman2\lib\competitorSpecRegistry.integrity.test.ts"
"1994C5AA5D4159740D169598450391AB6027AB65DCD892A0A546DD4DBF27FCF2","4","3345",".wingman-work\backups\20260811-125821\src\wingman2\lib\competitorSpecRegistry.integrity.test.ts"
"1994C5AA5D4159740D169598450391AB6027AB65DCD892A0A546DD4DBF27FCF2","4","3345","src\wingman2\lib\competitorSpecRegistry.integrity.test.ts"
"19D19481D8429367F49EEC07BC8C764194B905C529F944505EFF6B8F8FD1266A","4","79187",".wingman-work\backups\20260811-125215\src\wingman2\pages\DiscoveryPage.tsx.20260713-172017.bak"
"19D19481D8429367F49EEC07BC8C764194B905C529F944505EFF6B8F8FD1266A","4","79187",".wingman-work\backups\20260811-125346\src\wingman2\pages\DiscoveryPage.tsx.20260713-172017.bak"
"19D19481D8429367F49EEC07BC8C764194B905C529F944505EFF6B8F8FD1266A","4","79187",".wingman-work\backups\20260811-125821\src\wingman2\pages\DiscoveryPage.tsx.20260713-172017.bak"
"19D19481D8429367F49EEC07BC8C764194B905C529F944505EFF6B8F8FD1266A","4","79187","src\wingman2\pages\DiscoveryPage.tsx.20260713-172017.bak"
"1A093A230EA7B70B59EFE76A193D38AE4B6621C8C5D1E69C0C7F3D7A4DB1E5E3","4","1208",".wingman-work\backups\20260811-125215\src\wingman2\pages\ComparePageNew.bridge.test.tsx"
"1A093A230EA7B70B59EFE76A193D38AE4B6621C8C5D1E69C0C7F3D7A4DB1E5E3","4","1208",".wingman-work\backups\20260811-125346\src\wingman2\pages\ComparePageNew.bridge.test.tsx"
"1A093A230EA7B70B59EFE76A193D38AE4B6621C8C5D1E69C0C7F3D7A4DB1E5E3","4","1208",".wingman-work\backups\20260811-125821\src\wingman2\pages\ComparePageNew.bridge.test.tsx"
"1A093A230EA7B70B59EFE76A193D38AE4B6621C8C5D1E69C0C7F3D7A4DB1E5E3","4","1208","src\wingman2\pages\ComparePageNew.bridge.test.tsx"
"1A731B3AA4624CB58676E0784D36D3BFD11677C76EDA493509531F18638C4D2D","4","3963",".wingman-work\backups\20260811-125215\src\__tests__\productFamilyRangeLinks.test.tsx"
"1A731B3AA4624CB58676E0784D36D3BFD11677C76EDA493509531F18638C4D2D","4","3963",".wingman-work\backups\20260811-125346\src\__tests__\productFamilyRangeLinks.test.tsx"
"1A731B3AA4624CB58676E0784D36D3BFD11677C76EDA493509531F18638C4D2D","4","3963",".wingman-work\backups\20260811-125821\src\__tests__\productFamilyRangeLinks.test.tsx"
"1A731B3AA4624CB58676E0784D36D3BFD11677C76EDA493509531F18638C4D2D","4","3963","src\__tests__\productFamilyRangeLinks.test.tsx"
"1A81F0346A231B9CE4EEC1A588D0A11F87F9CE45E25607EAAF477EE3312205DB","3","2628","_backups\retire-finder-feature-sweep-v3-20260720-084642\files\tools\check-proposal-wizard.mjs"
"1A81F0346A231B9CE4EEC1A588D0A11F87F9CE45E25607EAAF477EE3312205DB","3","2628","_backups\retire-finder-feature-sweep-v4-20260720-085242\files\tools\check-proposal-wizard.mjs"
"1A81F0346A231B9CE4EEC1A588D0A11F87F9CE45E25607EAAF477EE3312205DB","3","2628","_backups\retire-finder-feature-sweep-v5-20260720-085648\files\tools\check-proposal-wizard.mjs"
"1AD22BE81929828331DBF30481CE8F9A7A746D7AF61C644277FDD416332809E0","2","15476","archive\_wingman_backup_add_compare_shortlist_exports_20260613-202605\src\wingman2\lib\compareFeatureMatrix.ts"
"1AD22BE81929828331DBF30481CE8F9A7A746D7AF61C644277FDD416332809E0","2","15476","reports\compare-engine-audit-20260613-105112\src_wingman2_lib_compareFeatureMatrix.ts.full.txt"
"1AE6EC0BD58D6E96413211ECC1A44BC9A380DD2230A33465CE60DB2F8A0F578F","2","1753","archive\repo-cleanup-20260709-050830\root-backups\_wingman_backup_home_navhub_reset_20260630-134327\tools\check-dashboard-visual-correction.mjs"
"1AE6EC0BD58D6E96413211ECC1A44BC9A380DD2230A33465CE60DB2F8A0F578F","2","1753","archive\repo-cleanup-20260709-050830\root-backups\_wingman_backup_home_shared_css_20260630-134642\tools\check-dashboard-visual-correction.mjs"
"1B17961448C5A8E2B218351BFF83586B92C7EB6F7A3D123D4ED6BA3EA43148BD","4","45670",".wingman-work\backups\20260811-125215\src\wingman2\data\avGlossary.ts"
"1B17961448C5A8E2B218351BFF83586B92C7EB6F7A3D123D4ED6BA3EA43148BD","4","45670",".wingman-work\backups\20260811-125346\src\wingman2\data\avGlossary.ts"
"1B17961448C5A8E2B218351BFF83586B92C7EB6F7A3D123D4ED6BA3EA43148BD","4","45670",".wingman-work\backups\20260811-125821\src\wingman2\data\avGlossary.ts"
"1B17961448C5A8E2B218351BFF83586B92C7EB6F7A3D123D4ED6BA3EA43148BD","4","45670","src\wingman2\data\avGlossary.ts"
"1BA37C0E1CA0E2BA9225FD716C5D235F9543DF57AB347BE67D38E77981EAB19E","5","3301",".wingman-work\backups\20260811-125215\src\wingman2\pages\ComparePageNew.tsx"
"1BA37C0E1CA0E2BA9225FD716C5D235F9543DF57AB347BE67D38E77981EAB19E","5","3301",".wingman-work\backups\20260811-125346\src\wingman2\pages\ComparePageNew.tsx"
"1BA37C0E1CA0E2BA9225FD716C5D235F9543DF57AB347BE67D38E77981EAB19E","5","3301",".wingman-work\backups\20260811-125821\src\wingman2\pages\ComparePageNew.tsx"
"1BA37C0E1CA0E2BA9225FD716C5D235F9543DF57AB347BE67D38E77981EAB19E","5","3301","backups\compare-template-layout-20260709-091144\ComparePageNew.tsx.bak"
"1BA37C0E1CA0E2BA9225FD716C5D235F9543DF57AB347BE67D38E77981EAB19E","5","3301","src\wingman2\pages\ComparePageNew.tsx"
"1BB442DF97C19DBCE1FEAE382C7C1B3B2C9D1F1E645FACAA499160079E4E0621","4","55054",".wingman-work\backups\20260811-125215\src\__tests__\projectStore.test.ts"
"1BB442DF97C19DBCE1FEAE382C7C1B3B2C9D1F1E645FACAA499160079E4E0621","4","55054",".wingman-work\backups\20260811-125346\src\__tests__\projectStore.test.ts"
"1BB442DF97C19DBCE1FEAE382C7C1B3B2C9D1F1E645FACAA499160079E4E0621","4","55054",".wingman-work\backups\20260811-125821\src\__tests__\projectStore.test.ts"
"1BB442DF97C19DBCE1FEAE382C7C1B3B2C9D1F1E645FACAA499160079E4E0621","4","55054","src\__tests__\projectStore.test.ts"
"1C2B1462CE1A527156A54D3BF4875184EC7ABC34BABB1E250E55359DCA9C4309","8","32333",".wingman-work\backups\20260811-125215\src\wingman2\styles\wingman-reference-theme.css.20260714-134732.bak"
"1C2B1462CE1A527156A54D3BF4875184EC7ABC34BABB1E250E55359DCA9C4309","8","32333",".wingman-work\backups\20260811-125215\src\wingman2\styles\wingman-reference-theme.css.20260714-135046.bak"
"1C2B1462CE1A527156A54D3BF4875184EC7ABC34BABB1E250E55359DCA9C4309","8","32333",".wingman-work\backups\20260811-125346\src\wingman2\styles\wingman-reference-theme.css.20260714-134732.bak"
"1C2B1462CE1A527156A54D3BF4875184EC7ABC34BABB1E250E55359DCA9C4309","8","32333",".wingman-work\backups\20260811-125346\src\wingman2\styles\wingman-reference-theme.css.20260714-135046.bak"
"1C2B1462CE1A527156A54D3BF4875184EC7ABC34BABB1E250E55359DCA9C4309","8","32333",".wingman-work\backups\20260811-125821\src\wingman2\styles\wingman-reference-theme.css.20260714-134732.bak"
"1C2B1462CE1A527156A54D3BF4875184EC7ABC34BABB1E250E55359DCA9C4309","8","32333",".wingman-work\backups\20260811-125821\src\wingman2\styles\wingman-reference-theme.css.20260714-135046.bak"
"1C2B1462CE1A527156A54D3BF4875184EC7ABC34BABB1E250E55359DCA9C4309","8","32333","src\wingman2\styles\wingman-reference-theme.css.20260714-134732.bak"
"1C2B1462CE1A527156A54D3BF4875184EC7ABC34BABB1E250E55359DCA9C4309","8","32333","src\wingman2\styles\wingman-reference-theme.css.20260714-135046.bak"
"1C75CC3462945C754BD1E49B4B8DFC7266506A0A38E3ECB1551D8368526CF331","4","5383",".wingman-work\backups\20260811-125215\src\wingman2\lib\productTopology.test.ts"
"1C75CC3462945C754BD1E49B4B8DFC7266506A0A38E3ECB1551D8368526CF331","4","5383",".wingman-work\backups\20260811-125346\src\wingman2\lib\productTopology.test.ts"
"1C75CC3462945C754BD1E49B4B8DFC7266506A0A38E3ECB1551D8368526CF331","4","5383",".wingman-work\backups\20260811-125821\src\wingman2\lib\productTopology.test.ts"
"1C75CC3462945C754BD1E49B4B8DFC7266506A0A38E3ECB1551D8368526CF331","4","5383","src\wingman2\lib\productTopology.test.ts"
"1C961235FAC00FAF77BE2FBA2EFA26FBC4782738DB29A57854F3F21EE9CF7456","4","5078",".wingman-work\backups\20260811-125215\src\wingman2\components\TemplateSchematic.tsx"
"1C961235FAC00FAF77BE2FBA2EFA26FBC4782738DB29A57854F3F21EE9CF7456","4","5078",".wingman-work\backups\20260811-125346\src\wingman2\components\TemplateSchematic.tsx"
"1C961235FAC00FAF77BE2FBA2EFA26FBC4782738DB29A57854F3F21EE9CF7456","4","5078",".wingman-work\backups\20260811-125821\src\wingman2\components\TemplateSchematic.tsx"
"1C961235FAC00FAF77BE2FBA2EFA26FBC4782738DB29A57854F3F21EE9CF7456","4","5078","src\wingman2\components\TemplateSchematic.tsx"
"1D0EC085A8A1FD1AC139A38AB02389FD0E411DBEA73CFFC21B6B9A4ABBCACD07","4","7069",".wingman-work\backups\20260811-125215\src\wingman2\components\AdminProductRecordEditor.tsx"
"1D0EC085A8A1FD1AC139A38AB02389FD0E411DBEA73CFFC21B6B9A4ABBCACD07","4","7069",".wingman-work\backups\20260811-125346\src\wingman2\components\AdminProductRecordEditor.tsx"
"1D0EC085A8A1FD1AC139A38AB02389FD0E411DBEA73CFFC21B6B9A4ABBCACD07","4","7069",".wingman-work\backups\20260811-125821\src\wingman2\components\AdminProductRecordEditor.tsx"
"1D0EC085A8A1FD1AC139A38AB02389FD0E411DBEA73CFFC21B6B9A4ABBCACD07","4","7069","src\wingman2\components\AdminProductRecordEditor.tsx"
"1EC7E5DDEDF84972366E66BD4163F14BA702F7B5CA3C2E55F315F841CBFAD667","4","1040",".wingman-work\backups\20260811-125215\src\__tests__\pageHeroGuidance.test.tsx"
"1EC7E5DDEDF84972366E66BD4163F14BA702F7B5CA3C2E55F315F841CBFAD667","4","1040",".wingman-work\backups\20260811-125346\src\__tests__\pageHeroGuidance.test.tsx"
"1EC7E5DDEDF84972366E66BD4163F14BA702F7B5CA3C2E55F315F841CBFAD667","4","1040",".wingman-work\backups\20260811-125821\src\__tests__\pageHeroGuidance.test.tsx"
"1EC7E5DDEDF84972366E66BD4163F14BA702F7B5CA3C2E55F315F841CBFAD667","4","1040","src\__tests__\pageHeroGuidance.test.tsx"
"1FCF29AE4A1DCAD7BF1E7FD7A0FFF53F34CB19F8C3404FEDFC4C84C5801CD86B","4","4675",".wingman-work\backups\20260811-125215\src\wingman2\app\routes.tsx"
"1FCF29AE4A1DCAD7BF1E7FD7A0FFF53F34CB19F8C3404FEDFC4C84C5801CD86B","4","4675",".wingman-work\backups\20260811-125346\src\wingman2\app\routes.tsx"
"1FCF29AE4A1DCAD7BF1E7FD7A0FFF53F34CB19F8C3404FEDFC4C84C5801CD86B","4","4675",".wingman-work\backups\20260811-125821\src\wingman2\app\routes.tsx"
"1FCF29AE4A1DCAD7BF1E7FD7A0FFF53F34CB19F8C3404FEDFC4C84C5801CD86B","4","4675","src\wingman2\app\routes.tsx"
"209CF6574C4BF7C9A224ED6284F3100E806BE1ABD9D68204E5AC8035C73BD79B","3","7046","backups\visual-studio-viewport-fix-20260712-123722\src\wingman2\lib\visualStudioDiagramFactory.ts"
"209CF6574C4BF7C9A224ED6284F3100E806BE1ABD9D68204E5AC8035C73BD79B","3","7046","backups\visual-studio-viewport-fix-20260712-123926\src\wingman2\lib\visualStudioDiagramFactory.ts"
"209CF6574C4BF7C9A224ED6284F3100E806BE1ABD9D68204E5AC8035C73BD79B","3","7046","backups\visual-studio-viewport-fix-20260712-124259\src\wingman2\lib\visualStudioDiagramFactory.ts"
"2104A3A725BC3B7A9DF2FE2CC5D2A655FF521D480CD187720C09BDD627FB6E66","2","23566","archive\repo-cleanup-20260709-050830\root-backups\_wingman_backup_css_shell_fix_20260708-060626\wingman-style-stack.before-shell-fix.css"
"2104A3A725BC3B7A9DF2FE2CC5D2A655FF521D480CD187720C09BDD627FB6E66","2","23566","archive\repo-cleanup-20260709-050830\root-backups\_wingman_backup_css_sidebar_fix_20260708-060426\wingman-style-stack.before-sidebar-fix.css"
"21DA5B0EA09A8A2F8E002CCED70AB0109297A8FD7AF5E515BF604E64E8008678","3","11925","backups\react-flow-foundation-20260714-054745\VisualStudioCanvas.tsx.bak"
"21DA5B0EA09A8A2F8E002CCED70AB0109297A8FD7AF5E515BF604E64E8008678","3","11925","backups\react-flow-foundation-20260714-084703\VisualStudioCanvas.tsx.bak"
"21DA5B0EA09A8A2F8E002CCED70AB0109297A8FD7AF5E515BF604E64E8008678","3","11925","backups\visual-studio-connectivity-20260714-053745\VisualStudioCanvas.tsx.bak"
"223877EC2AF930FFF5BEE94E7F740D9B5C5543162FDBF6E6650CC1402082432E","4","12851",".wingman-work\backups\20260811-125215\src\wingman2\lib\roomSchematic.ts"
"223877EC2AF930FFF5BEE94E7F740D9B5C5543162FDBF6E6650CC1402082432E","4","12851",".wingman-work\backups\20260811-125346\src\wingman2\lib\roomSchematic.ts"
"223877EC2AF930FFF5BEE94E7F740D9B5C5543162FDBF6E6650CC1402082432E","4","12851",".wingman-work\backups\20260811-125821\src\wingman2\lib\roomSchematic.ts"
"223877EC2AF930FFF5BEE94E7F740D9B5C5543162FDBF6E6650CC1402082432E","4","12851","src\wingman2\lib\roomSchematic.ts"
"224E9E7C11637E9249C3BB6162B3C77885B4CD1A8533556E7924EC52BAC180C1","4","441",".wingman-work\backups\20260811-125215\src\wingman2\app\WingmanApp.tsx"
"224E9E7C11637E9249C3BB6162B3C77885B4CD1A8533556E7924EC52BAC180C1","4","441",".wingman-work\backups\20260811-125346\src\wingman2\app\WingmanApp.tsx"
"224E9E7C11637E9249C3BB6162B3C77885B4CD1A8533556E7924EC52BAC180C1","4","441",".wingman-work\backups\20260811-125821\src\wingman2\app\WingmanApp.tsx"
"224E9E7C11637E9249C3BB6162B3C77885B4CD1A8533556E7924EC52BAC180C1","4","441","src\wingman2\app\WingmanApp.tsx"
"225BACC542BE623ACB57F4ACEB7603F245C7DE51FAE3B3E855910AE048CCF601","2","35397","archive\_wingman_backup_compare_text_card_repair_20260615-193859\ComparePageNew.tsx"
"225BACC542BE623ACB57F4ACEB7603F245C7DE51FAE3B3E855910AE048CCF601","2","35397","archive\_wingman_backup_encoding_repair_20260615-193640\ComparePageNew.tsx"
"237EB8096EAE74A443DBECBE0F1478BEF19A453417D6BFEE5244BF53FD06DFFF","4","4720",".wingman-work\backups\20260811-125215\src\wingman2\lib\productToolsVisualWeight.ts.20260720-104654.bak"
"237EB8096EAE74A443DBECBE0F1478BEF19A453417D6BFEE5244BF53FD06DFFF","4","4720",".wingman-work\backups\20260811-125346\src\wingman2\lib\productToolsVisualWeight.ts.20260720-104654.bak"
"237EB8096EAE74A443DBECBE0F1478BEF19A453417D6BFEE5244BF53FD06DFFF","4","4720",".wingman-work\backups\20260811-125821\src\wingman2\lib\productToolsVisualWeight.ts.20260720-104654.bak"
"237EB8096EAE74A443DBECBE0F1478BEF19A453417D6BFEE5244BF53FD06DFFF","4","4720","src\wingman2\lib\productToolsVisualWeight.ts.20260720-104654.bak"
"23E4FFC7BF7BDA46660A27053C100596E418374CACB28BFC9F519F952631735B","3","35668","_backups\retire-finder-feature-sweep-v3-20260720-084642\files\src\wingman2\pages\VisualDesignStudioPage.tsx"
"23E4FFC7BF7BDA46660A27053C100596E418374CACB28BFC9F519F952631735B","3","35668","_backups\retire-finder-feature-sweep-v4-20260720-085242\files\src\wingman2\pages\VisualDesignStudioPage.tsx"
"23E4FFC7BF7BDA46660A27053C100596E418374CACB28BFC9F519F952631735B","3","35668","_backups\retire-finder-feature-sweep-v5-20260720-085648\files\src\wingman2\pages\VisualDesignStudioPage.tsx"
"23E6A4BDE5F9C795B6F41869A467DEB8721A210C7F68D1B71A3DEE2E3962FA61","4","6181",".wingman-work\backups\20260811-125215\src\wingman2\components\ProposalCompletionWizard.test.tsx"
"23E6A4BDE5F9C795B6F41869A467DEB8721A210C7F68D1B71A3DEE2E3962FA61","4","6181",".wingman-work\backups\20260811-125346\src\wingman2\components\ProposalCompletionWizard.test.tsx"
"23E6A4BDE5F9C795B6F41869A467DEB8721A210C7F68D1B71A3DEE2E3962FA61","4","6181",".wingman-work\backups\20260811-125821\src\wingman2\components\ProposalCompletionWizard.test.tsx"
"23E6A4BDE5F9C795B6F41869A467DEB8721A210C7F68D1B71A3DEE2E3962FA61","4","6181","src\wingman2\components\ProposalCompletionWizard.test.tsx"
"240959199BD2E92098E3B7A2F5266C27FE9D745F2546375EFD8E96C1126B0148","4","9556",".wingman-work\backups\20260811-125215\src\wingman2\lib\networkHdAvoipEquivalence.test.ts"
"240959199BD2E92098E3B7A2F5266C27FE9D745F2546375EFD8E96C1126B0148","4","9556",".wingman-work\backups\20260811-125346\src\wingman2\lib\networkHdAvoipEquivalence.test.ts"
"240959199BD2E92098E3B7A2F5266C27FE9D745F2546375EFD8E96C1126B0148","4","9556",".wingman-work\backups\20260811-125821\src\wingman2\lib\networkHdAvoipEquivalence.test.ts"
"240959199BD2E92098E3B7A2F5266C27FE9D745F2546375EFD8E96C1126B0148","4","9556","src\wingman2\lib\networkHdAvoipEquivalence.test.ts"
"2437E7DD1783D0D43B7214E072BA13011EB1B6C7EDE88735651F0EE0CF78D8CF","4","1336",".wingman-work\backups\20260811-125215\src\__tests__\productIntelligenceIndexCacheUsage.test.ts"
"2437E7DD1783D0D43B7214E072BA13011EB1B6C7EDE88735651F0EE0CF78D8CF","4","1336",".wingman-work\backups\20260811-125346\src\__tests__\productIntelligenceIndexCacheUsage.test.ts"
"2437E7DD1783D0D43B7214E072BA13011EB1B6C7EDE88735651F0EE0CF78D8CF","4","1336",".wingman-work\backups\20260811-125821\src\__tests__\productIntelligenceIndexCacheUsage.test.ts"
"2437E7DD1783D0D43B7214E072BA13011EB1B6C7EDE88735651F0EE0CF78D8CF","4","1336","src\__tests__\productIntelligenceIndexCacheUsage.test.ts"
"25789B0C488FAA571EC78C76EF01A76E67496DD0AC460A42240A72BFCB5A02BE","2","940467","archive\_src_inline_backups\src\wingman2\styles\wingman-style-stack.css.bak-project-header-arrows-20260627-054533"
"25789B0C488FAA571EC78C76EF01A76E67496DD0AC460A42240A72BFCB5A02BE","2","940467","archive\_src_inline_backups\src\wingman2\styles\wingman-style-stack.css.bak-project-heading-scroll-20260627-054828"
"25AF67BAF3A60CC0E75978778B367152653C7AC3F2552E89B156C6917D1C97D2","4","7208",".wingman-work\backups\20260811-125215\src\wingman2\lib\productCallCardClassification.ts"
"25AF67BAF3A60CC0E75978778B367152653C7AC3F2552E89B156C6917D1C97D2","4","7208",".wingman-work\backups\20260811-125346\src\wingman2\lib\productCallCardClassification.ts"
"25AF67BAF3A60CC0E75978778B367152653C7AC3F2552E89B156C6917D1C97D2","4","7208",".wingman-work\backups\20260811-125821\src\wingman2\lib\productCallCardClassification.ts"
"25AF67BAF3A60CC0E75978778B367152653C7AC3F2552E89B156C6917D1C97D2","4","7208","src\wingman2\lib\productCallCardClassification.ts"
"263D8578B99AB19D4C6FADDECB39DA63F16CE6372AB160E3122E22517CD0ECD7","4","2412",".wingman-work\backups\20260811-125215\src\__tests__\sharedProductSelectorConsistency.test.tsx"
"263D8578B99AB19D4C6FADDECB39DA63F16CE6372AB160E3122E22517CD0ECD7","4","2412",".wingman-work\backups\20260811-125346\src\__tests__\sharedProductSelectorConsistency.test.tsx"
"263D8578B99AB19D4C6FADDECB39DA63F16CE6372AB160E3122E22517CD0ECD7","4","2412",".wingman-work\backups\20260811-125821\src\__tests__\sharedProductSelectorConsistency.test.tsx"
"263D8578B99AB19D4C6FADDECB39DA63F16CE6372AB160E3122E22517CD0ECD7","4","2412","src\__tests__\sharedProductSelectorConsistency.test.tsx"
"2685CBEFE70F8CBF77161426AC52AD8D04D6C5E2C2BB8D9AB2A928942C7A1621","4","4105",".wingman-work\backups\20260811-125215\src\wingman2\styles\wingman-product-tools-visual-weight.css.20260720-104654.bak"
"2685CBEFE70F8CBF77161426AC52AD8D04D6C5E2C2BB8D9AB2A928942C7A1621","4","4105",".wingman-work\backups\20260811-125346\src\wingman2\styles\wingman-product-tools-visual-weight.css.20260720-104654.bak"
"2685CBEFE70F8CBF77161426AC52AD8D04D6C5E2C2BB8D9AB2A928942C7A1621","4","4105",".wingman-work\backups\20260811-125821\src\wingman2\styles\wingman-product-tools-visual-weight.css.20260720-104654.bak"
"2685CBEFE70F8CBF77161426AC52AD8D04D6C5E2C2BB8D9AB2A928942C7A1621","4","4105","src\wingman2\styles\wingman-product-tools-visual-weight.css.20260720-104654.bak"
"26D53E2E40EB1EE2817881FA57FBDE7A1F8E00BA66D20947833D641D06D81035","4","7434",".wingman-work\backups\20260811-125215\src\wingman2\lib\rigorousCompare.ts"
"26D53E2E40EB1EE2817881FA57FBDE7A1F8E00BA66D20947833D641D06D81035","4","7434",".wingman-work\backups\20260811-125346\src\wingman2\lib\rigorousCompare.ts"
"26D53E2E40EB1EE2817881FA57FBDE7A1F8E00BA66D20947833D641D06D81035","4","7434",".wingman-work\backups\20260811-125821\src\wingman2\lib\rigorousCompare.ts"
"26D53E2E40EB1EE2817881FA57FBDE7A1F8E00BA66D20947833D641D06D81035","4","7434","src\wingman2\lib\rigorousCompare.ts"
"27112DDAFFAA2E5BAC27FECA1AD703B77D29FE4C9254C0CBD0F4132C83D844D3","4","50102",".wingman-work\backups\20260811-125215\src\wingman2\pages\ProductFamilyPage.tsx"
"27112DDAFFAA2E5BAC27FECA1AD703B77D29FE4C9254C0CBD0F4132C83D844D3","4","50102",".wingman-work\backups\20260811-125346\src\wingman2\pages\ProductFamilyPage.tsx"
"27112DDAFFAA2E5BAC27FECA1AD703B77D29FE4C9254C0CBD0F4132C83D844D3","4","50102",".wingman-work\backups\20260811-125821\src\wingman2\pages\ProductFamilyPage.tsx"
"27112DDAFFAA2E5BAC27FECA1AD703B77D29FE4C9254C0CBD0F4132C83D844D3","4","50102","src\wingman2\pages\ProductFamilyPage.tsx"
"285DEA4A2A99CD48862B39CB8EA96783D0C1E20883983CE58E6DB84AC2797D76","4","10859",".wingman-work\backups\20260811-125215\src\wingman2\content\feature-audit.json"
"285DEA4A2A99CD48862B39CB8EA96783D0C1E20883983CE58E6DB84AC2797D76","4","10859",".wingman-work\backups\20260811-125346\src\wingman2\content\feature-audit.json"
"285DEA4A2A99CD48862B39CB8EA96783D0C1E20883983CE58E6DB84AC2797D76","4","10859",".wingman-work\backups\20260811-125821\src\wingman2\content\feature-audit.json"
"285DEA4A2A99CD48862B39CB8EA96783D0C1E20883983CE58E6DB84AC2797D76","4","10859","src\wingman2\content\feature-audit.json"
"2897601D922C8EEB9913FDC225B7BD9FEBA1BFABA3DE9B3A6E9AB424A299D843","4","5754",".wingman-work\backups\20260811-125215\src\__tests__\productFamilyShortlistRanking.test.ts"
"2897601D922C8EEB9913FDC225B7BD9FEBA1BFABA3DE9B3A6E9AB424A299D843","4","5754",".wingman-work\backups\20260811-125346\src\__tests__\productFamilyShortlistRanking.test.ts"
"2897601D922C8EEB9913FDC225B7BD9FEBA1BFABA3DE9B3A6E9AB424A299D843","4","5754",".wingman-work\backups\20260811-125821\src\__tests__\productFamilyShortlistRanking.test.ts"
"2897601D922C8EEB9913FDC225B7BD9FEBA1BFABA3DE9B3A6E9AB424A299D843","4","5754","src\__tests__\productFamilyShortlistRanking.test.ts"
"28B43F952037E7D97F4B1E6FF7E094816322C14F5670EBC3B783D1FCE105E01F","4","6255",".wingman-work\backups\20260811-125215\src\__tests__\productStoryCoverage.test.ts"
"28B43F952037E7D97F4B1E6FF7E094816322C14F5670EBC3B783D1FCE105E01F","4","6255",".wingman-work\backups\20260811-125346\src\__tests__\productStoryCoverage.test.ts"
"28B43F952037E7D97F4B1E6FF7E094816322C14F5670EBC3B783D1FCE105E01F","4","6255",".wingman-work\backups\20260811-125821\src\__tests__\productStoryCoverage.test.ts"
"28B43F952037E7D97F4B1E6FF7E094816322C14F5670EBC3B783D1FCE105E01F","4","6255","src\__tests__\productStoryCoverage.test.ts"
"2915F5196F4E2200527F389EFC6F8D0A8F2C257345842A12DB56503567019099","4","33979",".wingman-work\backups\20260811-125215\src\wingman2\lib\dependencyGovernance.ts"
"2915F5196F4E2200527F389EFC6F8D0A8F2C257345842A12DB56503567019099","4","33979",".wingman-work\backups\20260811-125346\src\wingman2\lib\dependencyGovernance.ts"
"2915F5196F4E2200527F389EFC6F8D0A8F2C257345842A12DB56503567019099","4","33979",".wingman-work\backups\20260811-125821\src\wingman2\lib\dependencyGovernance.ts"
"2915F5196F4E2200527F389EFC6F8D0A8F2C257345842A12DB56503567019099","4","33979","src\wingman2\lib\dependencyGovernance.ts"
"294C685605BDE6C7CA6333039CF7C5F13BBF905980C25FAB23859548979B45C8","4","942",".wingman-work\backups\20260811-125215\src\lib\server.ts"
"294C685605BDE6C7CA6333039CF7C5F13BBF905980C25FAB23859548979B45C8","4","942",".wingman-work\backups\20260811-125346\src\lib\server.ts"
"294C685605BDE6C7CA6333039CF7C5F13BBF905980C25FAB23859548979B45C8","4","942",".wingman-work\backups\20260811-125821\src\lib\server.ts"
"294C685605BDE6C7CA6333039CF7C5F13BBF905980C25FAB23859548979B45C8","4","942","src\lib\server.ts"
"296FA31E51C061076D6B961D818970A791733808319530E382EFB6B3436544DC","4","4601",".wingman-work\backups\20260811-125215\src\wingman2\lib\runtimeTelemetry.ts"
"296FA31E51C061076D6B961D818970A791733808319530E382EFB6B3436544DC","4","4601",".wingman-work\backups\20260811-125346\src\wingman2\lib\runtimeTelemetry.ts"
"296FA31E51C061076D6B961D818970A791733808319530E382EFB6B3436544DC","4","4601",".wingman-work\backups\20260811-125821\src\wingman2\lib\runtimeTelemetry.ts"
"296FA31E51C061076D6B961D818970A791733808319530E382EFB6B3436544DC","4","4601","src\wingman2\lib\runtimeTelemetry.ts"
"2994AD9BB1E478EBA1901B82025DC1E0CFAB30EF370E067180BB1A2554199AF9","4","1152",".wingman-work\backups\20260811-125215\src\__tests__\ingestNextStep.test.tsx"
"2994AD9BB1E478EBA1901B82025DC1E0CFAB30EF370E067180BB1A2554199AF9","4","1152",".wingman-work\backups\20260811-125346\src\__tests__\ingestNextStep.test.tsx"
"2994AD9BB1E478EBA1901B82025DC1E0CFAB30EF370E067180BB1A2554199AF9","4","1152",".wingman-work\backups\20260811-125821\src\__tests__\ingestNextStep.test.tsx"
"2994AD9BB1E478EBA1901B82025DC1E0CFAB30EF370E067180BB1A2554199AF9","4","1152","src\__tests__\ingestNextStep.test.tsx"
"29FD5C145B80AA237D04B5FA586FC01D87BCFF04E829856EFCDBAD02423E788E","2","11142","archive\_src_inline_backups\src\wingman2\components\workflow\WorkflowAlphaNumericFilter.tsx.bak-disable-alpha-readout-dom-20260627-191207"
"29FD5C145B80AA237D04B5FA586FC01D87BCFF04E829856EFCDBAD02423E788E","2","11142","archive\_src_inline_backups\src\wingman2\components\workflow\WorkflowAlphaNumericFilter.tsx.bak-remove-alpha-actual-readout-20260627-193650"
"2A07862149B2BC9185E86D40424DF80367D291B65EA83AD0D917FE728D57E5CB","4","2550",".wingman-work\backups\20260811-125215\src\wingman2\lib\schematic\schematicTypes.ts"
"2A07862149B2BC9185E86D40424DF80367D291B65EA83AD0D917FE728D57E5CB","4","2550",".wingman-work\backups\20260811-125346\src\wingman2\lib\schematic\schematicTypes.ts"
"2A07862149B2BC9185E86D40424DF80367D291B65EA83AD0D917FE728D57E5CB","4","2550",".wingman-work\backups\20260811-125821\src\wingman2\lib\schematic\schematicTypes.ts"
"2A07862149B2BC9185E86D40424DF80367D291B65EA83AD0D917FE728D57E5CB","4","2550","src\wingman2\lib\schematic\schematicTypes.ts"
"2A980AE0F2E41F66BE2A73B56A7074A2DE4DDE78366D7C9A9A104A91703B5F7A","4","1917",".wingman-work\backups\20260811-125215\src\wingman2\pages\IngestPage.errorHandling.test.tsx"
"2A980AE0F2E41F66BE2A73B56A7074A2DE4DDE78366D7C9A9A104A91703B5F7A","4","1917",".wingman-work\backups\20260811-125346\src\wingman2\pages\IngestPage.errorHandling.test.tsx"
"2A980AE0F2E41F66BE2A73B56A7074A2DE4DDE78366D7C9A9A104A91703B5F7A","4","1917",".wingman-work\backups\20260811-125821\src\wingman2\pages\IngestPage.errorHandling.test.tsx"
"2A980AE0F2E41F66BE2A73B56A7074A2DE4DDE78366D7C9A9A104A91703B5F7A","4","1917","src\wingman2\pages\IngestPage.errorHandling.test.tsx"
"2AC1FCFAA272250BFF9E691B6F184D24AB7B7DA1B4A3E15D6FF733202BBD85E4","4","3055",".wingman-work\backups\20260811-125215\src\wingman2\lib\requirementsParser.ts"
"2AC1FCFAA272250BFF9E691B6F184D24AB7B7DA1B4A3E15D6FF733202BBD85E4","4","3055",".wingman-work\backups\20260811-125346\src\wingman2\lib\requirementsParser.ts"
"2AC1FCFAA272250BFF9E691B6F184D24AB7B7DA1B4A3E15D6FF733202BBD85E4","4","3055",".wingman-work\backups\20260811-125821\src\wingman2\lib\requirementsParser.ts"
"2AC1FCFAA272250BFF9E691B6F184D24AB7B7DA1B4A3E15D6FF733202BBD85E4","4","3055","src\wingman2\lib\requirementsParser.ts"
"2B3900445313AEECACB5E1F0EC43B5F8D3F5B4B22C628E0837A509461AFAFD37","2","2619","archive\backups\wingman-single-screen-fit-2026-06-08_12-28-23\tools\audit-wingman-single-screen.mjs"
"2B3900445313AEECACB5E1F0EC43B5F8D3F5B4B22C628E0837A509461AFAFD37","2","2619","archive\backups\wingman-single-screen-fit-2026-06-08_12-29-10\tools\audit-wingman-single-screen.mjs"
"2C336C7FDDA35927D1085D0336429F6D9D892CBC015E78C35DCE89B5C40800B3","4","4054",".wingman-work\backups\20260811-125215\src\wingman2\lib\governedCompareRuntime.test.ts"
"2C336C7FDDA35927D1085D0336429F6D9D892CBC015E78C35DCE89B5C40800B3","4","4054",".wingman-work\backups\20260811-125346\src\wingman2\lib\governedCompareRuntime.test.ts"
"2C336C7FDDA35927D1085D0336429F6D9D892CBC015E78C35DCE89B5C40800B3","4","4054",".wingman-work\backups\20260811-125821\src\wingman2\lib\governedCompareRuntime.test.ts"
"2C336C7FDDA35927D1085D0336429F6D9D892CBC015E78C35DCE89B5C40800B3","4","4054","src\wingman2\lib\governedCompareRuntime.test.ts"
"2C7ADFA9CAF90E6BA9B31319F358D2CF20840367A713857D5F0BAD7556CDE593","4","1492",".wingman-work\backups\20260811-125215\src\wingman2\lib\compareEligibilityEngine.presentationIntent.test.ts"
"2C7ADFA9CAF90E6BA9B31319F358D2CF20840367A713857D5F0BAD7556CDE593","4","1492",".wingman-work\backups\20260811-125346\src\wingman2\lib\compareEligibilityEngine.presentationIntent.test.ts"
"2C7ADFA9CAF90E6BA9B31319F358D2CF20840367A713857D5F0BAD7556CDE593","4","1492",".wingman-work\backups\20260811-125821\src\wingman2\lib\compareEligibilityEngine.presentationIntent.test.ts"
"2C7ADFA9CAF90E6BA9B31319F358D2CF20840367A713857D5F0BAD7556CDE593","4","1492","src\wingman2\lib\compareEligibilityEngine.presentationIntent.test.ts"
"2C83EA183F834774EEBE557005A8E24EBAD8275D3FE8A1B71A944D1DA5791417","4","26879",".wingman-work\backups\20260811-125215\src\wingman2\styles\wingman-workflow-theme.css.20260713-172759.bak"
"2C83EA183F834774EEBE557005A8E24EBAD8275D3FE8A1B71A944D1DA5791417","4","26879",".wingman-work\backups\20260811-125346\src\wingman2\styles\wingman-workflow-theme.css.20260713-172759.bak"
"2C83EA183F834774EEBE557005A8E24EBAD8275D3FE8A1B71A944D1DA5791417","4","26879",".wingman-work\backups\20260811-125821\src\wingman2\styles\wingman-workflow-theme.css.20260713-172759.bak"
"2C83EA183F834774EEBE557005A8E24EBAD8275D3FE8A1B71A944D1DA5791417","4","26879","src\wingman2\styles\wingman-workflow-theme.css.20260713-172759.bak"
"2E3DCCF2CD4309A03A3D7A7C8A916F2E715EC495A315E924BF1406DDDF4E6F65","4","37617",".wingman-work\backups\20260811-125215\src\wingman2\components\DiscoveryLocationsConnections.tsx"
"2E3DCCF2CD4309A03A3D7A7C8A916F2E715EC495A315E924BF1406DDDF4E6F65","4","37617",".wingman-work\backups\20260811-125346\src\wingman2\components\DiscoveryLocationsConnections.tsx"
"2E3DCCF2CD4309A03A3D7A7C8A916F2E715EC495A315E924BF1406DDDF4E6F65","4","37617",".wingman-work\backups\20260811-125821\src\wingman2\components\DiscoveryLocationsConnections.tsx"
"2E3DCCF2CD4309A03A3D7A7C8A916F2E715EC495A315E924BF1406DDDF4E6F65","4","37617","src\wingman2\components\DiscoveryLocationsConnections.tsx"
"2E8CBD34C3F466E00E2F6E95EE4709C65FCC7A97A778A9EA60AA6EFBACA495DF","3","44324","archive\_wingman_backup_compare_marker_fix_20260614-085133\ComparePageNew.tsx"
"2E8CBD34C3F466E00E2F6E95EE4709C65FCC7A97A778A9EA60AA6EFBACA495DF","3","44324","archive\_wingman_backup_compare_pre_commit_cleanup_20260614-084236\src\wingman2\pages\ComparePageNew.tsx"
"2E8CBD34C3F466E00E2F6E95EE4709C65FCC7A97A778A9EA60AA6EFBACA495DF","3","44324","archive\_wingman_backup_pre_compare_cleanup_20260614-083913\src\wingman2\pages\ComparePageNew.tsx"
"2FE2B89EABA1DB4804C31234AC74693345122F3D74502B5BB14824085C427D3F","4","10397",".wingman-work\backups\20260811-125215\src\wingman2\lib\productAssurance.ts"
"2FE2B89EABA1DB4804C31234AC74693345122F3D74502B5BB14824085C427D3F","4","10397",".wingman-work\backups\20260811-125346\src\wingman2\lib\productAssurance.ts"
"2FE2B89EABA1DB4804C31234AC74693345122F3D74502B5BB14824085C427D3F","4","10397",".wingman-work\backups\20260811-125821\src\wingman2\lib\productAssurance.ts"
"2FE2B89EABA1DB4804C31234AC74693345122F3D74502B5BB14824085C427D3F","4","10397","src\wingman2\lib\productAssurance.ts"
"2FEB151DF522EB8CE2AECD585DDCD7E878F05B7B6D4CA2A8EA8D56205AD25D14","4","2993",".wingman-work\backups\20260811-125215\src\wingman2\pages\DashboardPage.test.tsx"
"2FEB151DF522EB8CE2AECD585DDCD7E878F05B7B6D4CA2A8EA8D56205AD25D14","4","2993",".wingman-work\backups\20260811-125346\src\wingman2\pages\DashboardPage.test.tsx"
"2FEB151DF522EB8CE2AECD585DDCD7E878F05B7B6D4CA2A8EA8D56205AD25D14","4","2993",".wingman-work\backups\20260811-125821\src\wingman2\pages\DashboardPage.test.tsx"
"2FEB151DF522EB8CE2AECD585DDCD7E878F05B7B6D4CA2A8EA8D56205AD25D14","4","2993","src\wingman2\pages\DashboardPage.test.tsx"
"2FF1DA412206C36DCFE87A57B55904CB407E5C7FF2973D99693BC63F26AF9DF3","4","4228",".wingman-work\backups\20260811-125215\src\wingman2\styles\wingman-product-tools-visual-weight.css.20260720-105533.bak"
"2FF1DA412206C36DCFE87A57B55904CB407E5C7FF2973D99693BC63F26AF9DF3","4","4228",".wingman-work\backups\20260811-125346\src\wingman2\styles\wingman-product-tools-visual-weight.css.20260720-105533.bak"
"2FF1DA412206C36DCFE87A57B55904CB407E5C7FF2973D99693BC63F26AF9DF3","4","4228",".wingman-work\backups\20260811-125821\src\wingman2\styles\wingman-product-tools-visual-weight.css.20260720-105533.bak"
"2FF1DA412206C36DCFE87A57B55904CB407E5C7FF2973D99693BC63F26AF9DF3","4","4228","src\wingman2\styles\wingman-product-tools-visual-weight.css.20260720-105533.bak"
"308BFB9942BB2481C8669CEDCED10EAD53B2B7A1056CEB3984FC56CA17E6F249","4","2536",".wingman-work\backups\20260811-125215\src\wingman2\pages\discovery\DiscoveryCustomTemplatePanel.tsx"
"308BFB9942BB2481C8669CEDCED10EAD53B2B7A1056CEB3984FC56CA17E6F249","4","2536",".wingman-work\backups\20260811-125346\src\wingman2\pages\discovery\DiscoveryCustomTemplatePanel.tsx"
"308BFB9942BB2481C8669CEDCED10EAD53B2B7A1056CEB3984FC56CA17E6F249","4","2536",".wingman-work\backups\20260811-125821\src\wingman2\pages\discovery\DiscoveryCustomTemplatePanel.tsx"
"308BFB9942BB2481C8669CEDCED10EAD53B2B7A1056CEB3984FC56CA17E6F249","4","2536","src\wingman2\pages\discovery\DiscoveryCustomTemplatePanel.tsx"
"30A64DE5D6A2129DFADD00D8A61F2B7AF3DEF5547EC47A98D4A139FD4164FD3C","4","214",".wingman-work\backups\20260811-125215\src\wingman2\components\WingmanViewportFitControl.tsx"
"30A64DE5D6A2129DFADD00D8A61F2B7AF3DEF5547EC47A98D4A139FD4164FD3C","4","214",".wingman-work\backups\20260811-125346\src\wingman2\components\WingmanViewportFitControl.tsx"
"30A64DE5D6A2129DFADD00D8A61F2B7AF3DEF5547EC47A98D4A139FD4164FD3C","4","214",".wingman-work\backups\20260811-125821\src\wingman2\components\WingmanViewportFitControl.tsx"
"30A64DE5D6A2129DFADD00D8A61F2B7AF3DEF5547EC47A98D4A139FD4164FD3C","4","214","src\wingman2\components\WingmanViewportFitControl.tsx"
"31DDBB69A8918534ECED1566DF166654A78FB46A11E76EE9788BA503DF62FDFE","4","15407",".wingman-work\backups\20260811-125215\src\__tests__\documentExtract.test.ts"
"31DDBB69A8918534ECED1566DF166654A78FB46A11E76EE9788BA503DF62FDFE","4","15407",".wingman-work\backups\20260811-125346\src\__tests__\documentExtract.test.ts"
"31DDBB69A8918534ECED1566DF166654A78FB46A11E76EE9788BA503DF62FDFE","4","15407",".wingman-work\backups\20260811-125821\src\__tests__\documentExtract.test.ts"
"31DDBB69A8918534ECED1566DF166654A78FB46A11E76EE9788BA503DF62FDFE","4","15407","src\__tests__\documentExtract.test.ts"
"322E3D0D3B43D5C8830ABA43F2A2C68DA8D023A1BD7F01515958E73925D92079","4","83","archive\_wingman_backup_guru_single_instance_20260614-063825\src\wingman2\domain\productMatching\index.ts"
"322E3D0D3B43D5C8830ABA43F2A2C68DA8D023A1BD7F01515958E73925D92079","4","83","archive\_wingman_backup_guru_single_instance_20260614-063825\src\wingman2\productMatching\index.ts"
"322E3D0D3B43D5C8830ABA43F2A2C68DA8D023A1BD7F01515958E73925D92079","4","83","archive\_wingman_backup_unreferenced_src_modules_20260710-104753\src\wingman2\domain\productMatching\index.ts"
"322E3D0D3B43D5C8830ABA43F2A2C68DA8D023A1BD7F01515958E73925D92079","4","83","archive\_wingman_backup_unreferenced_src_modules_20260710-104753\src\wingman2\productMatching\index.ts"
"34403ED54FB63A6BE5CBB04B708E433276C9DA219A7816A4A60009018C1AB0C7","4","219",".wingman-work\backups\20260811-125215\src\lib\client.ts"
"34403ED54FB63A6BE5CBB04B708E433276C9DA219A7816A4A60009018C1AB0C7","4","219",".wingman-work\backups\20260811-125346\src\lib\client.ts"
"34403ED54FB63A6BE5CBB04B708E433276C9DA219A7816A4A60009018C1AB0C7","4","219",".wingman-work\backups\20260811-125821\src\lib\client.ts"
"34403ED54FB63A6BE5CBB04B708E433276C9DA219A7816A4A60009018C1AB0C7","4","219","src\lib\client.ts"
"344945E8C10842C97C887375E57F63B157BE2841AF0FB1D2D315C46F025AAA01","4","18600",".wingman-work\backups\20260811-125215\src\wingman2\pages\DataManagerPage.tsx"
"344945E8C10842C97C887375E57F63B157BE2841AF0FB1D2D315C46F025AAA01","4","18600",".wingman-work\backups\20260811-125346\src\wingman2\pages\DataManagerPage.tsx"
"344945E8C10842C97C887375E57F63B157BE2841AF0FB1D2D315C46F025AAA01","4","18600",".wingman-work\backups\20260811-125821\src\wingman2\pages\DataManagerPage.tsx"
"344945E8C10842C97C887375E57F63B157BE2841AF0FB1D2D315C46F025AAA01","4","18600","src\wingman2\pages\DataManagerPage.tsx.20260811-131538.bak"
"35325352F6DA1E967716C5FD9EDE5DE1A2E0A7916C5D3AD5B154948E1619527F","2","9814","archive\_src_inline_backups\src\wingman2\components\VisualStudioCanvas.tsx.backup-20260710-063043"
"35325352F6DA1E967716C5FD9EDE5DE1A2E0A7916C5D3AD5B154948E1619527F","2","9814","archive\_src_inline_backups\src\wingman2\components\VisualStudioCanvas.tsx.backup-20260710-065535"
"3533A9CEE721549C6B0FC8555E9851A0589FB5AE20A121667F7E3FF6502C78F4","4","2803",".wingman-work\backups\20260811-125215\src\wingman2\components\ProductWorkspaceChrome.tsx"
"3533A9CEE721549C6B0FC8555E9851A0589FB5AE20A121667F7E3FF6502C78F4","4","2803",".wingman-work\backups\20260811-125346\src\wingman2\components\ProductWorkspaceChrome.tsx"
"3533A9CEE721549C6B0FC8555E9851A0589FB5AE20A121667F7E3FF6502C78F4","4","2803",".wingman-work\backups\20260811-125821\src\wingman2\components\ProductWorkspaceChrome.tsx"
"3533A9CEE721549C6B0FC8555E9851A0589FB5AE20A121667F7E3FF6502C78F4","4","2803","src\wingman2\components\ProductWorkspaceChrome.tsx"
"35AEE89BA8696152CBD580457C6A6A7EC4813D6FA773F69404DDA87EF0DA68A1","2","4150","backups\react-flow-foundation-20260714-054745\guard-wingman-css-imports.mjs.bak"
"35AEE89BA8696152CBD580457C6A6A7EC4813D6FA773F69404DDA87EF0DA68A1","2","4150","backups\react-flow-foundation-20260714-084703\guard-wingman-css-imports.mjs.bak"
"3735D3C33B9FA0E91EBCE83FD43A0273D02D3C4CBB1D180C36DA922158420324","4","2786",".wingman-work\backups\20260811-125215\src\wingman2\lib\wirelessCastingRecommendationRules.ts"
"3735D3C33B9FA0E91EBCE83FD43A0273D02D3C4CBB1D180C36DA922158420324","4","2786",".wingman-work\backups\20260811-125346\src\wingman2\lib\wirelessCastingRecommendationRules.ts"
"3735D3C33B9FA0E91EBCE83FD43A0273D02D3C4CBB1D180C36DA922158420324","4","2786",".wingman-work\backups\20260811-125821\src\wingman2\lib\wirelessCastingRecommendationRules.ts"
"3735D3C33B9FA0E91EBCE83FD43A0273D02D3C4CBB1D180C36DA922158420324","4","2786","src\wingman2\lib\wirelessCastingRecommendationRules.ts"
"37517E5F3DC66819F61F5A7BB8ACE1921282415F10551D2DEFA5C3EB0985B570","2","3","archive\_wingman_backup_pre_commit_20260614-053254\data_catalog_competitor-custom.local.json"
"37517E5F3DC66819F61F5A7BB8ACE1921282415F10551D2DEFA5C3EB0985B570","2","3","data\competitor-approvals.json"
"3758D7A763BEE62309E9DF09C63605860D1D7EB39D20A40706EC269C1D62DDC1","2","1089",".wingman-backups\discovery-unified-comms-20260717-112358\patch-diagnostic.log"
"3758D7A763BEE62309E9DF09C63605860D1D7EB39D20A40706EC269C1D62DDC1","2","1089",".wingman-backups\discovery-unified-comms-20260717-114353\patch-diagnostic.log"
"380C95550478D12AF0A1408E3416965E805B89B9808080CC06E22AA673E4EDDE","4","31016",".wingman-work\backups\20260811-125215\src\wingman2\lib\avDecisionEvidence.ts"
"380C95550478D12AF0A1408E3416965E805B89B9808080CC06E22AA673E4EDDE","4","31016",".wingman-work\backups\20260811-125346\src\wingman2\lib\avDecisionEvidence.ts"
"380C95550478D12AF0A1408E3416965E805B89B9808080CC06E22AA673E4EDDE","4","31016",".wingman-work\backups\20260811-125821\src\wingman2\lib\avDecisionEvidence.ts"
"380C95550478D12AF0A1408E3416965E805B89B9808080CC06E22AA673E4EDDE","4","31016","src\wingman2\lib\avDecisionEvidence.ts"
"386E6E0B98703B2BD14236A45B506E7B353D5242AA1D501DDF4AEA5AC74F2565","4","9942",".wingman-work\backups\20260811-125215\src\wingman2\logic\usbPathValidator.ts"
"386E6E0B98703B2BD14236A45B506E7B353D5242AA1D501DDF4AEA5AC74F2565","4","9942",".wingman-work\backups\20260811-125346\src\wingman2\logic\usbPathValidator.ts"
"386E6E0B98703B2BD14236A45B506E7B353D5242AA1D501DDF4AEA5AC74F2565","4","9942",".wingman-work\backups\20260811-125821\src\wingman2\logic\usbPathValidator.ts"
"386E6E0B98703B2BD14236A45B506E7B353D5242AA1D501DDF4AEA5AC74F2565","4","9942","src\wingman2\logic\usbPathValidator.ts"
"389281C5BB12EB357D2A1B900CA467D35D57ABFBC60B7B07E1A928331BFB5565","2","6651","archive\repo-cleanup-20260709-050830\root-backups\_wingman_backup_ingest_arbitrary_tailwind_20260706-104203\IngestPage.multiSku.test.tsx"
"389281C5BB12EB357D2A1B900CA467D35D57ABFBC60B7B07E1A928331BFB5565","2","6651","archive\repo-cleanup-20260709-050830\root-backups\_wingman_backup_ingest_arbitrary_tailwind_20260706-104535\IngestPage.multiSku.test.tsx"
"38B526A93D51FFBA1D50E905B25955CB97098B8C441D1C49DFED67D2F12A0CC3","3","10234","_backups\retire-finder-feature-sweep-v3-20260720-084642\files\src\wingman2\pages\GlossaryPage.tsx"
"38B526A93D51FFBA1D50E905B25955CB97098B8C441D1C49DFED67D2F12A0CC3","3","10234","_backups\retire-finder-feature-sweep-v4-20260720-085242\files\src\wingman2\pages\GlossaryPage.tsx"
"38B526A93D51FFBA1D50E905B25955CB97098B8C441D1C49DFED67D2F12A0CC3","3","10234","_backups\retire-finder-feature-sweep-v5-20260720-085648\files\src\wingman2\pages\GlossaryPage.tsx"
"3AEF1EB5F5DD3EEB9D7D0DC7CD30185B26D330AFB6BDB147B962D6C111F220E3","3","2384","_backups\retire-finder-feature-sweep-v3-20260720-084642\files\src\__tests__\sharedProductSelectorConsistency.test.tsx"
"3AEF1EB5F5DD3EEB9D7D0DC7CD30185B26D330AFB6BDB147B962D6C111F220E3","3","2384","_backups\retire-finder-feature-sweep-v4-20260720-085242\files\src\__tests__\sharedProductSelectorConsistency.test.tsx"
"3AEF1EB5F5DD3EEB9D7D0DC7CD30185B26D330AFB6BDB147B962D6C111F220E3","3","2384","_backups\retire-finder-feature-sweep-v5-20260720-085648\files\src\__tests__\sharedProductSelectorConsistency.test.tsx"
"3B3817D2EB2B23F0377E4967E14579126D3AC5C5991205BE0854AC89966E4EFD","2","2289","archive\backups\wingman-single-screen-fit-2026-06-08_12-28-23\src\wingman2\components\WingmanWorkflowPager.tsx"
"3B3817D2EB2B23F0377E4967E14579126D3AC5C5991205BE0854AC89966E4EFD","2","2289","archive\backups\wingman-single-screen-fit-2026-06-08_12-29-10\src\wingman2\components\WingmanWorkflowPager.tsx"
"3B4ABC3F5B52EC044D9EBF01EAF07B7E91A60EC453A736DC323A462B59618A1F","4","22185",".wingman-work\backups\20260811-125215\src\wingman2\styles\wingman-workflow-theme.css.20260713-161141.bak"
"3B4ABC3F5B52EC044D9EBF01EAF07B7E91A60EC453A736DC323A462B59618A1F","4","22185",".wingman-work\backups\20260811-125346\src\wingman2\styles\wingman-workflow-theme.css.20260713-161141.bak"
"3B4ABC3F5B52EC044D9EBF01EAF07B7E91A60EC453A736DC323A462B59618A1F","4","22185",".wingman-work\backups\20260811-125821\src\wingman2\styles\wingman-workflow-theme.css.20260713-161141.bak"
"3B4ABC3F5B52EC044D9EBF01EAF07B7E91A60EC453A736DC323A462B59618A1F","4","22185","src\wingman2\styles\wingman-workflow-theme.css.20260713-161141.bak"
"3B89D914E902F8B9F3A73C680FCFDBC025485A91F4F923B79D8CA5E8CB4E340E","3","4379","_backups\retire-finder-feature-sweep-v3-20260720-084642\files\src\wingman2\app\routes.tsx"
"3B89D914E902F8B9F3A73C680FCFDBC025485A91F4F923B79D8CA5E8CB4E340E","3","4379","_backups\retire-finder-feature-sweep-v4-20260720-085242\files\src\wingman2\app\routes.tsx"
"3B89D914E902F8B9F3A73C680FCFDBC025485A91F4F923B79D8CA5E8CB4E340E","3","4379","_backups\retire-finder-feature-sweep-v5-20260720-085648\files\src\wingman2\app\routes.tsx"
"3BD4E2C44D5B7235BDFEC49CABF9785031AA011AA03BB58EF079AAED734E4C0A","3","823","_backups\retire-finder-feature-sweep-v3-20260720-084642\files\tools\wingman-page-visual-classes-baseline.json"
"3BD4E2C44D5B7235BDFEC49CABF9785031AA011AA03BB58EF079AAED734E4C0A","3","823","_backups\retire-finder-feature-sweep-v4-20260720-085242\files\tools\wingman-page-visual-classes-baseline.json"
"3BD4E2C44D5B7235BDFEC49CABF9785031AA011AA03BB58EF079AAED734E4C0A","3","823","_backups\retire-finder-feature-sweep-v5-20260720-085648\files\tools\wingman-page-visual-classes-baseline.json"
"3BDACC7BBEC8021A033C8DEFD2475F3E856003D20FC94621DF5E3C24F77D56B0","2","106004","public\template-photos\photo-pub-matrix.jpg"
"3BDACC7BBEC8021A033C8DEFD2475F3E856003D20FC94621DF5E3C24F77D56B0","2","106004","public\template-photos\photo-sportsbar.jpg"
"3C29D06AAEADAEF821109B865D26ADF666EC9CB27F18E3F071171258F560C22F","4","14833",".wingman-work\backups\20260811-125215\src\wingman2\lib\visualStudioProductConnection.ts.20260714-120057.bak"
"3C29D06AAEADAEF821109B865D26ADF666EC9CB27F18E3F071171258F560C22F","4","14833",".wingman-work\backups\20260811-125346\src\wingman2\lib\visualStudioProductConnection.ts.20260714-120057.bak"
"3C29D06AAEADAEF821109B865D26ADF666EC9CB27F18E3F071171258F560C22F","4","14833",".wingman-work\backups\20260811-125821\src\wingman2\lib\visualStudioProductConnection.ts.20260714-120057.bak"
"3C29D06AAEADAEF821109B865D26ADF666EC9CB27F18E3F071171258F560C22F","4","14833","src\wingman2\lib\visualStudioProductConnection.ts.20260714-120057.bak"
"3C3FFF43860246E6AB7785DC04B85C54E81AFC2A40DA367456F7A0D7416645BA","4","496",".wingman-work\backups\20260811-125215\tsconfig.json"
"3C3FFF43860246E6AB7785DC04B85C54E81AFC2A40DA367456F7A0D7416645BA","4","496",".wingman-work\backups\20260811-125346\tsconfig.json"
"3C3FFF43860246E6AB7785DC04B85C54E81AFC2A40DA367456F7A0D7416645BA","4","496",".wingman-work\backups\20260811-125821\tsconfig.json"
"3C3FFF43860246E6AB7785DC04B85C54E81AFC2A40DA367456F7A0D7416645BA","4","496","tsconfig.json"
"3C5262CDFF20E472834EEB2ADEDDE3CE543A87FA3DF800DDA989BDAFDBDF7763","2","10890","backups\visual-studio-canvas-layout-20260714-052453\VisualStudioCanvas.tsx.bak"
"3C5262CDFF20E472834EEB2ADEDDE3CE543A87FA3DF800DDA989BDAFDBDF7763","2","10890","backups\visual-studio-canvas-layout-v2-20260714-052759\VisualStudioCanvas.tsx.bak"
"3C73F3A9B0CD686D7B2500BF0186E285C98628337B179D4452788EF76A1175AF","4","2242",".wingman-work\backups\20260811-125215\src\wingman2\pages\CatalogBrowserPage.adminEdit.test.tsx"
"3C73F3A9B0CD686D7B2500BF0186E285C98628337B179D4452788EF76A1175AF","4","2242",".wingman-work\backups\20260811-125346\src\wingman2\pages\CatalogBrowserPage.adminEdit.test.tsx"
"3C73F3A9B0CD686D7B2500BF0186E285C98628337B179D4452788EF76A1175AF","4","2242",".wingman-work\backups\20260811-125821\src\wingman2\pages\CatalogBrowserPage.adminEdit.test.tsx"
"3C73F3A9B0CD686D7B2500BF0186E285C98628337B179D4452788EF76A1175AF","4","2242","src\wingman2\pages\CatalogBrowserPage.adminEdit.test.tsx"
"3CD145A382D29058DD00B0E82FCCCDEA3F32C19D3E714994BA3896DF637E50CF","4","290132",".wingman-work\backups\20260811-125215\src\assets\branding\wingman-brand-logo.png"
"3CD145A382D29058DD00B0E82FCCCDEA3F32C19D3E714994BA3896DF637E50CF","4","290132",".wingman-work\backups\20260811-125346\src\assets\branding\wingman-brand-logo.png"
"3CD145A382D29058DD00B0E82FCCCDEA3F32C19D3E714994BA3896DF637E50CF","4","290132",".wingman-work\backups\20260811-125821\src\assets\branding\wingman-brand-logo.png"
"3CD145A382D29058DD00B0E82FCCCDEA3F32C19D3E714994BA3896DF637E50CF","4","290132","src\assets\branding\wingman-brand-logo.png"
"3D93E1FFF125444BC61773841122B16CFC5387F6FAAFAB63FCD42A4219280E5A","3","40531","_backups\retire-finder-feature-sweep-v3-20260720-084642\files\src\wingman2\lib\diagramTemplates.ts"
"3D93E1FFF125444BC61773841122B16CFC5387F6FAAFAB63FCD42A4219280E5A","3","40531","_backups\retire-finder-feature-sweep-v4-20260720-085242\files\src\wingman2\lib\diagramTemplates.ts"
"3D93E1FFF125444BC61773841122B16CFC5387F6FAAFAB63FCD42A4219280E5A","3","40531","_backups\retire-finder-feature-sweep-v5-20260720-085648\files\src\wingman2\lib\diagramTemplates.ts"
"3DF6E31BEBF556131C79323E9E78D4BC728814929CD0D9ECDB3BA40B096BCF2C","4","5617",".wingman-work\backups\20260811-125215\src\wingman2\pages\SupportPage.tsx"
"3DF6E31BEBF556131C79323E9E78D4BC728814929CD0D9ECDB3BA40B096BCF2C","4","5617",".wingman-work\backups\20260811-125346\src\wingman2\pages\SupportPage.tsx"
"3DF6E31BEBF556131C79323E9E78D4BC728814929CD0D9ECDB3BA40B096BCF2C","4","5617",".wingman-work\backups\20260811-125821\src\wingman2\pages\SupportPage.tsx"
"3DF6E31BEBF556131C79323E9E78D4BC728814929CD0D9ECDB3BA40B096BCF2C","4","5617","src\wingman2\pages\SupportPage.tsx"
"3E4D16D65281F9640BAD4817281B261797A413C21D8DB170C66D87657B113675","4","3005",".wingman-work\backups\20260811-125215\src\wingman2\pages\catalogBrowserLifecycle.test.ts"
"3E4D16D65281F9640BAD4817281B261797A413C21D8DB170C66D87657B113675","4","3005",".wingman-work\backups\20260811-125346\src\wingman2\pages\catalogBrowserLifecycle.test.ts"
"3E4D16D65281F9640BAD4817281B261797A413C21D8DB170C66D87657B113675","4","3005",".wingman-work\backups\20260811-125821\src\wingman2\pages\catalogBrowserLifecycle.test.ts"
"3E4D16D65281F9640BAD4817281B261797A413C21D8DB170C66D87657B113675","4","3005","src\wingman2\pages\catalogBrowserLifecycle.test.ts"
"3F2884527A86213D9E2F7C844AC7FB444CCAF16F38B24BB156A1EB5E24471E7E","4","33956",".wingman-work\backups\20260811-125215\src\wingman2\styles\wingman-reference-theme.css.20260720-110423.bak"
"3F2884527A86213D9E2F7C844AC7FB444CCAF16F38B24BB156A1EB5E24471E7E","4","33956",".wingman-work\backups\20260811-125346\src\wingman2\styles\wingman-reference-theme.css.20260720-110423.bak"
"3F2884527A86213D9E2F7C844AC7FB444CCAF16F38B24BB156A1EB5E24471E7E","4","33956",".wingman-work\backups\20260811-125821\src\wingman2\styles\wingman-reference-theme.css.20260720-110423.bak"
"3F2884527A86213D9E2F7C844AC7FB444CCAF16F38B24BB156A1EB5E24471E7E","4","33956","src\wingman2\styles\wingman-reference-theme.css.20260720-110423.bak"
"3F82C78F66854B1B335DF04BA53354DDF29E5506512450E21059AB5FB55BD856","4","39733",".wingman-work\backups\20260811-125215\src\wingman2\lib\productCallCommercialOverrides.ts"
"3F82C78F66854B1B335DF04BA53354DDF29E5506512450E21059AB5FB55BD856","4","39733",".wingman-work\backups\20260811-125346\src\wingman2\lib\productCallCommercialOverrides.ts"
"3F82C78F66854B1B335DF04BA53354DDF29E5506512450E21059AB5FB55BD856","4","39733",".wingman-work\backups\20260811-125821\src\wingman2\lib\productCallCommercialOverrides.ts"
"3F82C78F66854B1B335DF04BA53354DDF29E5506512450E21059AB5FB55BD856","4","39733","src\wingman2\lib\productCallCommercialOverrides.ts"
"3F84008EFA7C79E3E22586B7486CF85BF0A85F4A93382D12E1C35FD8B656D00A","4","9103",".wingman-work\backups\20260811-125215\src\wingman2\pages\SalesHelperPage.tsx"
"3F84008EFA7C79E3E22586B7486CF85BF0A85F4A93382D12E1C35FD8B656D00A","4","9103",".wingman-work\backups\20260811-125346\src\wingman2\pages\SalesHelperPage.tsx"
"3F84008EFA7C79E3E22586B7486CF85BF0A85F4A93382D12E1C35FD8B656D00A","4","9103",".wingman-work\backups\20260811-125821\src\wingman2\pages\SalesHelperPage.tsx"
"3F84008EFA7C79E3E22586B7486CF85BF0A85F4A93382D12E1C35FD8B656D00A","4","9103","src\wingman2\pages\SalesHelperPage.tsx"
"3F94175A24B2CE7DBAD07F8241B35A00D21A01EE73D8620B77897A87454D3E76","4","2290",".wingman-work\backups\20260811-125215\src\wingman2\lib\networkHdAvoipRoleGate.test.ts"
"3F94175A24B2CE7DBAD07F8241B35A00D21A01EE73D8620B77897A87454D3E76","4","2290",".wingman-work\backups\20260811-125346\src\wingman2\lib\networkHdAvoipRoleGate.test.ts"
"3F94175A24B2CE7DBAD07F8241B35A00D21A01EE73D8620B77897A87454D3E76","4","2290",".wingman-work\backups\20260811-125821\src\wingman2\lib\networkHdAvoipRoleGate.test.ts"
"3F94175A24B2CE7DBAD07F8241B35A00D21A01EE73D8620B77897A87454D3E76","4","2290","src\wingman2\lib\networkHdAvoipRoleGate.test.ts"
"3FF795E39555B5BC673CAEE6923E1908CDEEBDDA139C7A9A7971ADA87C8DFA7B","4","15125",".wingman-work\backups\20260811-125215\src\wingman2\components\compare\CompareShowdown.tsx.20260722-115941.bak"
"3FF795E39555B5BC673CAEE6923E1908CDEEBDDA139C7A9A7971ADA87C8DFA7B","4","15125",".wingman-work\backups\20260811-125346\src\wingman2\components\compare\CompareShowdown.tsx.20260722-115941.bak"
"3FF795E39555B5BC673CAEE6923E1908CDEEBDDA139C7A9A7971ADA87C8DFA7B","4","15125",".wingman-work\backups\20260811-125821\src\wingman2\components\compare\CompareShowdown.tsx.20260722-115941.bak"
"3FF795E39555B5BC673CAEE6923E1908CDEEBDDA139C7A9A7971ADA87C8DFA7B","4","15125","src\wingman2\components\compare\CompareShowdown.tsx.20260722-115941.bak"
"3FFC850F845D7657B38B77B320E645076DF8D9663A572C6BD74954B2BB9972A1","4","7847",".wingman-work\backups\20260811-125215\src\wingman2\data\wingmanLanguage.ts"
"3FFC850F845D7657B38B77B320E645076DF8D9663A572C6BD74954B2BB9972A1","4","7847",".wingman-work\backups\20260811-125346\src\wingman2\data\wingmanLanguage.ts"
"3FFC850F845D7657B38B77B320E645076DF8D9663A572C6BD74954B2BB9972A1","4","7847",".wingman-work\backups\20260811-125821\src\wingman2\data\wingmanLanguage.ts"
"3FFC850F845D7657B38B77B320E645076DF8D9663A572C6BD74954B2BB9972A1","4","7847","src\wingman2\data\wingmanLanguage.ts"
"4031271C02BC49B1453ACB60A3AF0DCB4C197448DF97D73DE600B59093FC0D17","4","24988",".wingman-work\backups\20260811-125215\src\wingman2\pages\TemplateReviewPage.tsx"
"4031271C02BC49B1453ACB60A3AF0DCB4C197448DF97D73DE600B59093FC0D17","4","24988",".wingman-work\backups\20260811-125346\src\wingman2\pages\TemplateReviewPage.tsx"
"4031271C02BC49B1453ACB60A3AF0DCB4C197448DF97D73DE600B59093FC0D17","4","24988",".wingman-work\backups\20260811-125821\src\wingman2\pages\TemplateReviewPage.tsx"
"4031271C02BC49B1453ACB60A3AF0DCB4C197448DF97D73DE600B59093FC0D17","4","24988","src\wingman2\pages\TemplateReviewPage.tsx"
"4046734B3F5866E2B1F59F61BC97618C363EA73EBD89B069680730433D380408","4","3155",".wingman-work\backups\20260811-125215\src\wingman2\lib\competitorCompareDecision.networkClass.test.ts"
"4046734B3F5866E2B1F59F61BC97618C363EA73EBD89B069680730433D380408","4","3155",".wingman-work\backups\20260811-125346\src\wingman2\lib\competitorCompareDecision.networkClass.test.ts"
"4046734B3F5866E2B1F59F61BC97618C363EA73EBD89B069680730433D380408","4","3155",".wingman-work\backups\20260811-125821\src\wingman2\lib\competitorCompareDecision.networkClass.test.ts"
"4046734B3F5866E2B1F59F61BC97618C363EA73EBD89B069680730433D380408","4","3155","src\wingman2\lib\competitorCompareDecision.networkClass.test.ts"
"4066206ED31C2CFA511E4D4D74BE8AA7B78394AC6697E60399C0FD0E43294CFC","4","1399",".wingman-work\backups\20260811-125215\src\wingman2\lib\knownWyrestormCompareProfiles.test.ts"
"4066206ED31C2CFA511E4D4D74BE8AA7B78394AC6697E60399C0FD0E43294CFC","4","1399",".wingman-work\backups\20260811-125346\src\wingman2\lib\knownWyrestormCompareProfiles.test.ts"
"4066206ED31C2CFA511E4D4D74BE8AA7B78394AC6697E60399C0FD0E43294CFC","4","1399",".wingman-work\backups\20260811-125821\src\wingman2\lib\knownWyrestormCompareProfiles.test.ts"
"4066206ED31C2CFA511E4D4D74BE8AA7B78394AC6697E60399C0FD0E43294CFC","4","1399","src\wingman2\lib\knownWyrestormCompareProfiles.test.ts"
"40B567C6BB8123A5EF73ED69B4322CF9CFE671E0C330E728EC33B24897977C54","4","948",".wingman-work\backups\20260811-125215\src\vite-env.d.ts"
"40B567C6BB8123A5EF73ED69B4322CF9CFE671E0C330E728EC33B24897977C54","4","948",".wingman-work\backups\20260811-125346\src\vite-env.d.ts"
"40B567C6BB8123A5EF73ED69B4322CF9CFE671E0C330E728EC33B24897977C54","4","948",".wingman-work\backups\20260811-125821\src\vite-env.d.ts"
"40B567C6BB8123A5EF73ED69B4322CF9CFE671E0C330E728EC33B24897977C54","4","948","src\vite-env.d.ts"
"41A7019E661FA0D767C8865AD753B20EAFDEDC076E131C0DC5B38831DDFD4FEC","4","21046",".wingman-work\backups\20260811-125215\src\wingman2\lib\proposalDocxExport.ts"
"41A7019E661FA0D767C8865AD753B20EAFDEDC076E131C0DC5B38831DDFD4FEC","4","21046",".wingman-work\backups\20260811-125346\src\wingman2\lib\proposalDocxExport.ts"
"41A7019E661FA0D767C8865AD753B20EAFDEDC076E131C0DC5B38831DDFD4FEC","4","21046",".wingman-work\backups\20260811-125821\src\wingman2\lib\proposalDocxExport.ts"
"41A7019E661FA0D767C8865AD753B20EAFDEDC076E131C0DC5B38831DDFD4FEC","4","21046","src\wingman2\lib\proposalDocxExport.ts"
"427AF675C046E1DAB0D4B22A48822AA0EA689FA0F14B06309781A2817E8B47ED","3","55350","archive\_src_inline_backups\src\wingman2\pages\TemplatesPage.tsx.bak-forced-template-refresh-20260627-071725"
"427AF675C046E1DAB0D4B22A48822AA0EA689FA0F14B06309781A2817E8B47ED","3","55350","archive\_src_inline_backups\src\wingman2\pages\TemplatesPage.tsx.bak-template-library-refresh-20260627-070946"
"427AF675C046E1DAB0D4B22A48822AA0EA689FA0F14B06309781A2817E8B47ED","3","55350","archive\_src_inline_backups\src\wingman2\pages\TemplatesPage.tsx.bak-template-library-refresh-20260627-071138"
"42E478DF87E593BE0DFDE8F478B5AC34505DC97D9D2DD22685E6023EE783CEF6","4","7050",".wingman-work\backups\20260811-125215\src\wingman2\lib\compareEquivalenceGuard.ts"
"42E478DF87E593BE0DFDE8F478B5AC34505DC97D9D2DD22685E6023EE783CEF6","4","7050",".wingman-work\backups\20260811-125346\src\wingman2\lib\compareEquivalenceGuard.ts"
"42E478DF87E593BE0DFDE8F478B5AC34505DC97D9D2DD22685E6023EE783CEF6","4","7050",".wingman-work\backups\20260811-125821\src\wingman2\lib\compareEquivalenceGuard.ts"
"42E478DF87E593BE0DFDE8F478B5AC34505DC97D9D2DD22685E6023EE783CEF6","4","7050","src\wingman2\lib\compareEquivalenceGuard.ts"
"42FC7C12328BF22457008D32047CAFB59E9B98DEC0534924E2832152C0E0B171","4","3428",".wingman-work\backups\20260811-125215\src\wingman2\lib\visualStudioPrintLayout.ts"
"42FC7C12328BF22457008D32047CAFB59E9B98DEC0534924E2832152C0E0B171","4","3428",".wingman-work\backups\20260811-125346\src\wingman2\lib\visualStudioPrintLayout.ts"
"42FC7C12328BF22457008D32047CAFB59E9B98DEC0534924E2832152C0E0B171","4","3428",".wingman-work\backups\20260811-125821\src\wingman2\lib\visualStudioPrintLayout.ts"
"42FC7C12328BF22457008D32047CAFB59E9B98DEC0534924E2832152C0E0B171","4","3428","src\wingman2\lib\visualStudioPrintLayout.ts"
"430B13FA8B08D4DD49D302663B503E73323A6DA8978F07CCCBDB32D7BC433BAD","3","83492","backups\wyrestorm-port-count-recovery-20260714-051514\data-sources_wyrestorm_products.csv.bak"
"430B13FA8B08D4DD49D302663B503E73323A6DA8978F07CCCBDB32D7BC433BAD","3","83492","data-sources\wyrestorm\products.csv.20260722-083258.bak"
"430B13FA8B08D4DD49D302663B503E73323A6DA8978F07CCCBDB32D7BC433BAD","3","83492","data-sources\wyrestorm\products.csv.20260722-083552.bak"
"43E80620927ECA06615FADB9003B4BEB5AA2303C7FFDFDB550765498DB477C09","2","174604","archive\repo-cleanup-20260709-050830\root-backups\_wingman_backup_compare_auto_identify_20260701-163338\src\wingman2\pages\ComparePageNew.tsx"
"43E80620927ECA06615FADB9003B4BEB5AA2303C7FFDFDB550765498DB477C09","2","174604","archive\repo-cleanup-20260709-050830\root-backups\_wingman_backup_visual_utility_migration_20260630-082229\src\wingman2\pages\ComparePageNew.tsx"
"45B35E36C8D3F005AA26111DFF6E2C57C5F5D479872EC3ED9C69813261FC06F3","3","3119","archive\backups\fix-screen-fit-resolution-labels-2026-06-08_12-33-25\src\wingman2\components\WingmanViewportFitControl.tsx"
"45B35E36C8D3F005AA26111DFF6E2C57C5F5D479872EC3ED9C69813261FC06F3","3","3119","archive\backups\wingman-single-screen-fit-2026-06-08_12-28-23\src\wingman2\components\WingmanViewportFitControl.tsx"
"45B35E36C8D3F005AA26111DFF6E2C57C5F5D479872EC3ED9C69813261FC06F3","3","3119","archive\backups\wingman-single-screen-fit-2026-06-08_12-29-10\src\wingman2\components\WingmanViewportFitControl.tsx"
"45C017125B1B2636ABF7489A450C3A68D154AF7C16696BAD3913484F413B06D6","4","15083",".wingman-work\backups\20260811-125215\src\wingman2\components\compare\CompareShowdown.tsx.20260722-091900.bak"
"45C017125B1B2636ABF7489A450C3A68D154AF7C16696BAD3913484F413B06D6","4","15083",".wingman-work\backups\20260811-125346\src\wingman2\components\compare\CompareShowdown.tsx.20260722-091900.bak"
"45C017125B1B2636ABF7489A450C3A68D154AF7C16696BAD3913484F413B06D6","4","15083",".wingman-work\backups\20260811-125821\src\wingman2\components\compare\CompareShowdown.tsx.20260722-091900.bak"
"45C017125B1B2636ABF7489A450C3A68D154AF7C16696BAD3913484F413B06D6","4","15083","src\wingman2\components\compare\CompareShowdown.tsx.20260722-091900.bak"
"462F14E0B0C504622B69F902BCEF00DC35B024DA456E022AF14E060C648AF32A","4","12969",".wingman-work\backups\20260811-125215\src\wingman2\pages\NavigationHubPages.tsx.20260718-194100.bak"
"462F14E0B0C504622B69F902BCEF00DC35B024DA456E022AF14E060C648AF32A","4","12969",".wingman-work\backups\20260811-125346\src\wingman2\pages\NavigationHubPages.tsx.20260718-194100.bak"
"462F14E0B0C504622B69F902BCEF00DC35B024DA456E022AF14E060C648AF32A","4","12969",".wingman-work\backups\20260811-125821\src\wingman2\pages\NavigationHubPages.tsx.20260718-194100.bak"
"462F14E0B0C504622B69F902BCEF00DC35B024DA456E022AF14E060C648AF32A","4","12969","src\wingman2\pages\NavigationHubPages.tsx.20260718-194100.bak"
"4641286D81DE545F278B2DECE28A5C9841F0F631E31FAEF8C9DA87FA555EE473","4","7724",".wingman-work\backups\20260811-125215\src\wingman2\lib\compareRuntimePipeline.ts"
"4641286D81DE545F278B2DECE28A5C9841F0F631E31FAEF8C9DA87FA555EE473","4","7724",".wingman-work\backups\20260811-125346\src\wingman2\lib\compareRuntimePipeline.ts"
"4641286D81DE545F278B2DECE28A5C9841F0F631E31FAEF8C9DA87FA555EE473","4","7724",".wingman-work\backups\20260811-125821\src\wingman2\lib\compareRuntimePipeline.ts"
"4641286D81DE545F278B2DECE28A5C9841F0F631E31FAEF8C9DA87FA555EE473","4","7724","src\wingman2\lib\compareRuntimePipeline.ts"
"46B2A49117029A28A5B8FD1DA7C40E2E21E90A5A99A593989AE18E232F533BE2","4","45125",".wingman-work\backups\20260811-125215\src\wingman2\lib\compareSpecEngine.ts.20260722-091530.bak"
"46B2A49117029A28A5B8FD1DA7C40E2E21E90A5A99A593989AE18E232F533BE2","4","45125",".wingman-work\backups\20260811-125346\src\wingman2\lib\compareSpecEngine.ts.20260722-091530.bak"
"46B2A49117029A28A5B8FD1DA7C40E2E21E90A5A99A593989AE18E232F533BE2","4","45125",".wingman-work\backups\20260811-125821\src\wingman2\lib\compareSpecEngine.ts.20260722-091530.bak"
"46B2A49117029A28A5B8FD1DA7C40E2E21E90A5A99A593989AE18E232F533BE2","4","45125","src\wingman2\lib\compareSpecEngine.ts.20260722-091530.bak"
"46BC2D9AD6CC6613FB88D8D1CEDE77580BE382E875B9DB413197A31714D7C07E","4","1814",".wingman-work\backups\20260811-125215\src\__tests__\solutionTemplates.test.ts"
"46BC2D9AD6CC6613FB88D8D1CEDE77580BE382E875B9DB413197A31714D7C07E","4","1814",".wingman-work\backups\20260811-125346\src\__tests__\solutionTemplates.test.ts"
"46BC2D9AD6CC6613FB88D8D1CEDE77580BE382E875B9DB413197A31714D7C07E","4","1814",".wingman-work\backups\20260811-125821\src\__tests__\solutionTemplates.test.ts"
"46BC2D9AD6CC6613FB88D8D1CEDE77580BE382E875B9DB413197A31714D7C07E","4","1814","src\__tests__\solutionTemplates.test.ts"
"47A262F65E340B3B051692D14D2909E87B5BA920B971FF06C7DDD1F94CAA1582","4","4313",".wingman-work\backups\20260811-125215\src\__tests__\wyrestormCapabilityDecision.test.ts"
"47A262F65E340B3B051692D14D2909E87B5BA920B971FF06C7DDD1F94CAA1582","4","4313",".wingman-work\backups\20260811-125346\src\__tests__\wyrestormCapabilityDecision.test.ts"
"47A262F65E340B3B051692D14D2909E87B5BA920B971FF06C7DDD1F94CAA1582","4","4313",".wingman-work\backups\20260811-125821\src\__tests__\wyrestormCapabilityDecision.test.ts"
"47A262F65E340B3B051692D14D2909E87B5BA920B971FF06C7DDD1F94CAA1582","4","4313","src\__tests__\wyrestormCapabilityDecision.test.ts"
"480BAFEDFB0CE7FA2C5AECDB60E7CBE35ECAFD65DB63B06CC344629710B8BCFD","2","1950","archive\repo-cleanup-20260709-050830\root-backups\_wingman_backup_navhub_specificity_lock_20260630-141804\tools\check-dashboard-visual-correction.mjs"
"480BAFEDFB0CE7FA2C5AECDB60E7CBE35ECAFD65DB63B06CC344629710B8BCFD","2","1950","archive\repo-cleanup-20260709-050830\root-backups\_wingman_backup_navhub_tighter_density_20260630-141546\tools\check-dashboard-visual-correction.mjs"
"48DA358C3808521B784511E06A3F6A350734EB4F09642750E98F1D204DFE30D7","2","2787","archive\_wingman_backup_compare_test_expectation_20260614-073937\compareEngineRuntimeAdapter.test.ts"
"48DA358C3808521B784511E06A3F6A350734EB4F09642750E98F1D204DFE30D7","2","2787","archive\_wingman_backup_wire_shortlist_runtime_20260614-075018\src\wingman2\lib\compareEngineRuntimeAdapter.test.ts"
"498C7F6218A80EC7D2BEEE2922CF212FD105EFE9C220A53983C155CB1851A6EC","3","955290","archive\_src_inline_backups\src\wingman2\styles\wingman-style-stack.css.bak-template-library-padding-20260627-072535"
"498C7F6218A80EC7D2BEEE2922CF212FD105EFE9C220A53983C155CB1851A6EC","3","955290","archive\_src_inline_backups\src\wingman2\styles\wingman-style-stack.css.bak-template-library-refresh-20260627-071138"
"498C7F6218A80EC7D2BEEE2922CF212FD105EFE9C220A53983C155CB1851A6EC","3","955290","archive\_src_inline_backups\src\wingman2\styles\wingman-style-stack.css.bak-template-style-refresh-20260627-071725"
"4A12CB027C050540B0A67AE761894F7F7018255260DF5F5061844FFE805E36F4","4","996",".wingman-work\backups\20260811-125215\src\wingman2\pages\discovery\discoveryTypes.ts"
"4A12CB027C050540B0A67AE761894F7F7018255260DF5F5061844FFE805E36F4","4","996",".wingman-work\backups\20260811-125346\src\wingman2\pages\discovery\discoveryTypes.ts"
"4A12CB027C050540B0A67AE761894F7F7018255260DF5F5061844FFE805E36F4","4","996",".wingman-work\backups\20260811-125821\src\wingman2\pages\discovery\discoveryTypes.ts"
"4A12CB027C050540B0A67AE761894F7F7018255260DF5F5061844FFE805E36F4","4","996","src\wingman2\pages\discovery\discoveryTypes.ts"
"4A95CABDEBEAC30D8BA1349222DDA609FADA7D93BC64E0F00664EE277E181B2A","4","6473",".wingman-work\backups\20260811-125215\src\wingman2\lib\governedProductTechnicalData.test.ts"
"4A95CABDEBEAC30D8BA1349222DDA609FADA7D93BC64E0F00664EE277E181B2A","4","6473",".wingman-work\backups\20260811-125346\src\wingman2\lib\governedProductTechnicalData.test.ts"
"4A95CABDEBEAC30D8BA1349222DDA609FADA7D93BC64E0F00664EE277E181B2A","4","6473",".wingman-work\backups\20260811-125821\src\wingman2\lib\governedProductTechnicalData.test.ts"
"4A95CABDEBEAC30D8BA1349222DDA609FADA7D93BC64E0F00664EE277E181B2A","4","6473","src\wingman2\lib\governedProductTechnicalData.test.ts"
"4AD5EF8E013593BC4F74711B03878B52107858D64B57FDACC4C475B0BF498A57","4","447620",".wingman-work\backups\20260811-125215\src\wingman2\data\productStories.ts"
"4AD5EF8E013593BC4F74711B03878B52107858D64B57FDACC4C475B0BF498A57","4","447620",".wingman-work\backups\20260811-125346\src\wingman2\data\productStories.ts"
"4AD5EF8E013593BC4F74711B03878B52107858D64B57FDACC4C475B0BF498A57","4","447620",".wingman-work\backups\20260811-125821\src\wingman2\data\productStories.ts"
"4AD5EF8E013593BC4F74711B03878B52107858D64B57FDACC4C475B0BF498A57","4","447620","src\wingman2\data\productStories.ts"
"4BA285FAACFF38B42F354A885D8428AE42E214A9604A18DA28D41DE716075A2C","2","11983","archive\_src_inline_backups\src\wingman2\lib\visualStudioProductConnection.ts.backup-20260710-063043"
"4BA285FAACFF38B42F354A885D8428AE42E214A9604A18DA28D41DE716075A2C","2","11983","archive\_src_inline_backups\src\wingman2\lib\visualStudioProductConnection.ts.backup-20260710-063147"
"4BBCA95240EF227A4FB3CB82660149BB230512B6C209224E0CD77D230F3BF807","4","14087",".wingman-work\backups\20260811-125215\src\wingman2\lib\recommendationEvidence.priority3.test.ts"
"4BBCA95240EF227A4FB3CB82660149BB230512B6C209224E0CD77D230F3BF807","4","14087",".wingman-work\backups\20260811-125346\src\wingman2\lib\recommendationEvidence.priority3.test.ts"
"4BBCA95240EF227A4FB3CB82660149BB230512B6C209224E0CD77D230F3BF807","4","14087",".wingman-work\backups\20260811-125821\src\wingman2\lib\recommendationEvidence.priority3.test.ts"
"4BBCA95240EF227A4FB3CB82660149BB230512B6C209224E0CD77D230F3BF807","4","14087","src\wingman2\lib\recommendationEvidence.priority3.test.ts"
"4BCEAA45B94C68F68CF9BA5893CE9F2E3FCE81DE15AD63D8923883DACEE8C24B","4","14795",".wingman-work\backups\20260811-125215\src\wingman2\pages\TemplatesPage.tsx"
"4BCEAA45B94C68F68CF9BA5893CE9F2E3FCE81DE15AD63D8923883DACEE8C24B","4","14795",".wingman-work\backups\20260811-125346\src\wingman2\pages\TemplatesPage.tsx"
"4BCEAA45B94C68F68CF9BA5893CE9F2E3FCE81DE15AD63D8923883DACEE8C24B","4","14795",".wingman-work\backups\20260811-125821\src\wingman2\pages\TemplatesPage.tsx"
"4BCEAA45B94C68F68CF9BA5893CE9F2E3FCE81DE15AD63D8923883DACEE8C24B","4","14795","src\wingman2\pages\TemplatesPage.tsx"
"4BD68BB8611AE9B45EC693E25785F3534902AE749EA3A151F2F9ACFD1729166B","4","18057",".wingman-work\backups\20260811-125215\src\wingman2\lib\customRoomTemplates.ts"
"4BD68BB8611AE9B45EC693E25785F3534902AE749EA3A151F2F9ACFD1729166B","4","18057",".wingman-work\backups\20260811-125346\src\wingman2\lib\customRoomTemplates.ts"
"4BD68BB8611AE9B45EC693E25785F3534902AE749EA3A151F2F9ACFD1729166B","4","18057",".wingman-work\backups\20260811-125821\src\wingman2\lib\customRoomTemplates.ts"
"4BD68BB8611AE9B45EC693E25785F3534902AE749EA3A151F2F9ACFD1729166B","4","18057","src\wingman2\lib\customRoomTemplates.ts"
"4C70CD2F6FC1A0B26855D187E734E9F126352FD62646EA755760476CE57878BE","3","2451","_backups\retire-finder-feature-sweep-v3-20260720-084642\files\tools\check-finder-density.mjs"
"4C70CD2F6FC1A0B26855D187E734E9F126352FD62646EA755760476CE57878BE","3","2451","_backups\retire-finder-feature-sweep-v4-20260720-085242\files\tools\check-finder-density.mjs"
"4C70CD2F6FC1A0B26855D187E734E9F126352FD62646EA755760476CE57878BE","3","2451","_backups\retire-finder-feature-sweep-v5-20260720-085648\files\tools\check-finder-density.mjs"
"4E64BAA9D9A3F71648A3DD7D0018E490B60EF9030407DAC851CDCCADAE22C47B","4","3040",".wingman-work\backups\20260811-125215\src\wingman2\lib\visionAttachments.ts"
"4E64BAA9D9A3F71648A3DD7D0018E490B60EF9030407DAC851CDCCADAE22C47B","4","3040",".wingman-work\backups\20260811-125346\src\wingman2\lib\visionAttachments.ts"
"4E64BAA9D9A3F71648A3DD7D0018E490B60EF9030407DAC851CDCCADAE22C47B","4","3040",".wingman-work\backups\20260811-125821\src\wingman2\lib\visionAttachments.ts"
"4E64BAA9D9A3F71648A3DD7D0018E490B60EF9030407DAC851CDCCADAE22C47B","4","3040","src\wingman2\lib\visionAttachments.ts"
"4EABD1E9D2A968C89E279BCA0EED16A8448FC8BC1789CAB3995DEC47E0EE8AC6","5","53",".wingman-work\backups\20260811-125215\src\App.tsx"
"4EABD1E9D2A968C89E279BCA0EED16A8448FC8BC1789CAB3995DEC47E0EE8AC6","5","53",".wingman-work\backups\20260811-125346\src\App.tsx"
"4EABD1E9D2A968C89E279BCA0EED16A8448FC8BC1789CAB3995DEC47E0EE8AC6","5","53",".wingman-work\backups\20260811-125821\src\App.tsx"
"4EABD1E9D2A968C89E279BCA0EED16A8448FC8BC1789CAB3995DEC47E0EE8AC6","5","53","archive\_wingman_backup_guru_single_instance_20260614-063825\src\App.tsx"
"4EABD1E9D2A968C89E279BCA0EED16A8448FC8BC1789CAB3995DEC47E0EE8AC6","5","53","src\App.tsx"
"4F114AB49E787C0E74750173C979BBAD024A48A062E09C48C6CAAE6EA88AD409","12","96551",".wingman-work\backups\20260811-125215\src\wingman2\pages\DiscoveryPage.tsx.20260717-121533.bak"
"4F114AB49E787C0E74750173C979BBAD024A48A062E09C48C6CAAE6EA88AD409","12","96551",".wingman-work\backups\20260811-125215\src\wingman2\pages\DiscoveryPage.tsx.20260717-122217.bak"
"4F114AB49E787C0E74750173C979BBAD024A48A062E09C48C6CAAE6EA88AD409","12","96551",".wingman-work\backups\20260811-125215\src\wingman2\pages\DiscoveryPage.tsx.20260717-122935.bak"
"4F114AB49E787C0E74750173C979BBAD024A48A062E09C48C6CAAE6EA88AD409","12","96551",".wingman-work\backups\20260811-125346\src\wingman2\pages\DiscoveryPage.tsx.20260717-121533.bak"
"4F114AB49E787C0E74750173C979BBAD024A48A062E09C48C6CAAE6EA88AD409","12","96551",".wingman-work\backups\20260811-125346\src\wingman2\pages\DiscoveryPage.tsx.20260717-122217.bak"
"4F114AB49E787C0E74750173C979BBAD024A48A062E09C48C6CAAE6EA88AD409","12","96551",".wingman-work\backups\20260811-125346\src\wingman2\pages\DiscoveryPage.tsx.20260717-122935.bak"
"4F114AB49E787C0E74750173C979BBAD024A48A062E09C48C6CAAE6EA88AD409","12","96551",".wingman-work\backups\20260811-125821\src\wingman2\pages\DiscoveryPage.tsx.20260717-121533.bak"
"4F114AB49E787C0E74750173C979BBAD024A48A062E09C48C6CAAE6EA88AD409","12","96551",".wingman-work\backups\20260811-125821\src\wingman2\pages\DiscoveryPage.tsx.20260717-122217.bak"
"4F114AB49E787C0E74750173C979BBAD024A48A062E09C48C6CAAE6EA88AD409","12","96551",".wingman-work\backups\20260811-125821\src\wingman2\pages\DiscoveryPage.tsx.20260717-122935.bak"
"4F114AB49E787C0E74750173C979BBAD024A48A062E09C48C6CAAE6EA88AD409","12","96551","src\wingman2\pages\DiscoveryPage.tsx.20260717-121533.bak"
"4F114AB49E787C0E74750173C979BBAD024A48A062E09C48C6CAAE6EA88AD409","12","96551","src\wingman2\pages\DiscoveryPage.tsx.20260717-122217.bak"
"4F114AB49E787C0E74750173C979BBAD024A48A062E09C48C6CAAE6EA88AD409","12","96551","src\wingman2\pages\DiscoveryPage.tsx.20260717-122935.bak"
"4F53CDA18C2BAA0C0354BB5F9A3ECBE5ED12AB4D8E11BA873C2F11161202B945","3","2","data\backend\competitor-approvals.json"
"4F53CDA18C2BAA0C0354BB5F9A3ECBE5ED12AB4D8E11BA873C2F11161202B945","3","2","data\backend\wingman-sessions.json"
"4F53CDA18C2BAA0C0354BB5F9A3ECBE5ED12AB4D8E11BA873C2F11161202B945","3","2","data\backend\wingman-users.json"
"4F5B49792526D7CDC19215055AD52D8CBADFB0E776882C7E2229E0EBC2FE32B0","4","3304",".wingman-work\backups\20260811-125215\src\wingman2\data\productStoriesLifecycle.test.ts"
"4F5B49792526D7CDC19215055AD52D8CBADFB0E776882C7E2229E0EBC2FE32B0","4","3304",".wingman-work\backups\20260811-125346\src\wingman2\data\productStoriesLifecycle.test.ts"
"4F5B49792526D7CDC19215055AD52D8CBADFB0E776882C7E2229E0EBC2FE32B0","4","3304",".wingman-work\backups\20260811-125821\src\wingman2\data\productStoriesLifecycle.test.ts"
"4F5B49792526D7CDC19215055AD52D8CBADFB0E776882C7E2229E0EBC2FE32B0","4","3304","src\wingman2\data\productStoriesLifecycle.test.ts"
"4F5CA35CE2FEC203910158EC5DF12ABF208EDE10BC67C647910710DA1725FCE7","4","3960",".wingman-work\backups\20260811-125215\src\wingman2\lib\productIntelligenceIndexCache.ts"
"4F5CA35CE2FEC203910158EC5DF12ABF208EDE10BC67C647910710DA1725FCE7","4","3960",".wingman-work\backups\20260811-125346\src\wingman2\lib\productIntelligenceIndexCache.ts"
"4F5CA35CE2FEC203910158EC5DF12ABF208EDE10BC67C647910710DA1725FCE7","4","3960",".wingman-work\backups\20260811-125821\src\wingman2\lib\productIntelligenceIndexCache.ts"
"4F5CA35CE2FEC203910158EC5DF12ABF208EDE10BC67C647910710DA1725FCE7","4","3960","src\wingman2\lib\productIntelligenceIndexCache.ts"
"4FF43F650602820D7FA7B1676343259883B02C74E4DB83287C1A3C016BEECB77","10","33852",".wingman-backups\discovery-unified-comms-20260717-110358\src\wingman2\lib\projectTopology.ts"
"4FF43F650602820D7FA7B1676343259883B02C74E4DB83287C1A3C016BEECB77","10","33852",".wingman-backups\discovery-unified-comms-20260717-110557\src\wingman2\lib\projectTopology.ts"
"4FF43F650602820D7FA7B1676343259883B02C74E4DB83287C1A3C016BEECB77","10","33852",".wingman-backups\discovery-unified-comms-20260717-110839\src\wingman2\lib\projectTopology.ts"
"4FF43F650602820D7FA7B1676343259883B02C74E4DB83287C1A3C016BEECB77","10","33852",".wingman-backups\discovery-unified-comms-20260717-111425\src\wingman2\lib\projectTopology.ts"
"4FF43F650602820D7FA7B1676343259883B02C74E4DB83287C1A3C016BEECB77","10","33852",".wingman-backups\discovery-unified-comms-20260717-112358\src\wingman2\lib\projectTopology.ts"
"4FF43F650602820D7FA7B1676343259883B02C74E4DB83287C1A3C016BEECB77","10","33852",".wingman-backups\discovery-unified-comms-20260717-114353\src\wingman2\lib\projectTopology.ts"
"4FF43F650602820D7FA7B1676343259883B02C74E4DB83287C1A3C016BEECB77","10","33852",".wingman-backups\discovery-unified-comms-20260717-115102\src\wingman2\lib\projectTopology.ts"
"4FF43F650602820D7FA7B1676343259883B02C74E4DB83287C1A3C016BEECB77","10","33852",".wingman-backups\discovery-unified-comms-20260717-115522\src\wingman2\lib\projectTopology.ts"
"4FF43F650602820D7FA7B1676343259883B02C74E4DB83287C1A3C016BEECB77","10","33852",".wingman-backups\discovery-unified-comms-20260717-115545\src\wingman2\lib\projectTopology.ts"
"4FF43F650602820D7FA7B1676343259883B02C74E4DB83287C1A3C016BEECB77","10","33852",".wingman-backups\discovery-unified-comms-20260717-115842\src\wingman2\lib\projectTopology.ts"
"50B7CB4526636238974C8FB6AC8B5629E3B52DAC24919A80E73F41C10204F18F","4","33345",".wingman-work\backups\20260811-125215\src\wingman2\styles\wingman-reference-theme.css"
"50B7CB4526636238974C8FB6AC8B5629E3B52DAC24919A80E73F41C10204F18F","4","33345",".wingman-work\backups\20260811-125346\src\wingman2\styles\wingman-reference-theme.css"
"50B7CB4526636238974C8FB6AC8B5629E3B52DAC24919A80E73F41C10204F18F","4","33345",".wingman-work\backups\20260811-125821\src\wingman2\styles\wingman-reference-theme.css"
"50B7CB4526636238974C8FB6AC8B5629E3B52DAC24919A80E73F41C10204F18F","4","33345","src\wingman2\styles\wingman-reference-theme.css"
"5108B5F56052E9496A32903EB783C9E30D180CEA6DE17BBBFEADD538DB9527F1","3","54902","backups\product-pitch-bottom-layout-20260711-064913\ProductPitchPage.tsx"
"5108B5F56052E9496A32903EB783C9E30D180CEA6DE17BBBFEADD538DB9527F1","3","54902","backups\product-pitch-overflow-20260711-063831\ProductPitchPage.tsx"
"5108B5F56052E9496A32903EB783C9E30D180CEA6DE17BBBFEADD538DB9527F1","3","54902","backups\product-pitch-selector-20260711-061121\ProductPitchPage.tsx"
"514D824161C7A5D8D5382662EE4E2D53466818829734004750F3F342176A5E71","2","1882","archive\_wingman_backup_compare_more_button_20260615-203726\main.tsx"
"514D824161C7A5D8D5382662EE4E2D53466818829734004750F3F342176A5E71","2","1882","archive\_wingman_backup_compare_native_ui_20260615-211613\main.tsx"
"5162DCB2D754211809A2BD886FAEEEDE86152995E2957D7A17E72C21BDCFBCD2","2","1152884","backups\visual-studio-viewport-fix-20260712-123722\src\wingman2\styles\wingman-style-stack.css"
"5162DCB2D754211809A2BD886FAEEEDE86152995E2957D7A17E72C21BDCFBCD2","2","1152884","backups\visual-studio-viewport-fix-20260712-123926\src\wingman2\styles\wingman-style-stack.css"
"5215D0DDFD924A866A86A696413C602A26CE304B1D4E5CCD83B38741E05192B1","4","1665",".wingman-work\backups\20260811-125215\src\wingman2\components\ProductWorkspaceChrome.test.tsx"
"5215D0DDFD924A866A86A696413C602A26CE304B1D4E5CCD83B38741E05192B1","4","1665",".wingman-work\backups\20260811-125346\src\wingman2\components\ProductWorkspaceChrome.test.tsx"
"5215D0DDFD924A866A86A696413C602A26CE304B1D4E5CCD83B38741E05192B1","4","1665",".wingman-work\backups\20260811-125821\src\wingman2\components\ProductWorkspaceChrome.test.tsx"
"5215D0DDFD924A866A86A696413C602A26CE304B1D4E5CCD83B38741E05192B1","4","1665","src\wingman2\components\ProductWorkspaceChrome.test.tsx"
"521E656BA7BF245CC3EA6B203EC2E902E6269AF8877B1BA5DD15DE2F9B6CD4CB","4","2204",".wingman-work\backups\20260811-125215\src\wingman2\pages\discovery\ExistingDiscoveryWarning.tsx"
"521E656BA7BF245CC3EA6B203EC2E902E6269AF8877B1BA5DD15DE2F9B6CD4CB","4","2204",".wingman-work\backups\20260811-125346\src\wingman2\pages\discovery\ExistingDiscoveryWarning.tsx"
"521E656BA7BF245CC3EA6B203EC2E902E6269AF8877B1BA5DD15DE2F9B6CD4CB","4","2204",".wingman-work\backups\20260811-125821\src\wingman2\pages\discovery\ExistingDiscoveryWarning.tsx"
"521E656BA7BF245CC3EA6B203EC2E902E6269AF8877B1BA5DD15DE2F9B6CD4CB","4","2204","src\wingman2\pages\discovery\ExistingDiscoveryWarning.tsx"
"52FF5FD959B89952EA5644BD377C5B00397AB317A4C19130E48C73B8D9F125CA","2","545534","backups\product-call-cards-layout-20260711-063325\wingman-style-stack.css"
"52FF5FD959B89952EA5644BD377C5B00397AB317A4C19130E48C73B8D9F125CA","2","545534","backups\product-pitch-selector-20260711-061121\wingman-style-stack.css"
"535F1B313E8F8278FA4D2169EC002C183EEB78589A47ECD80C44E542F8E8A734","4","45456",".wingman-work\backups\20260811-125215\src\wingman2\lib\compareSpecEngine.ts.20260722-115849.bak"
"535F1B313E8F8278FA4D2169EC002C183EEB78589A47ECD80C44E542F8E8A734","4","45456",".wingman-work\backups\20260811-125346\src\wingman2\lib\compareSpecEngine.ts.20260722-115849.bak"
"535F1B313E8F8278FA4D2169EC002C183EEB78589A47ECD80C44E542F8E8A734","4","45456",".wingman-work\backups\20260811-125821\src\wingman2\lib\compareSpecEngine.ts.20260722-115849.bak"
"535F1B313E8F8278FA4D2169EC002C183EEB78589A47ECD80C44E542F8E8A734","4","45456","src\wingman2\lib\compareSpecEngine.ts.20260722-115849.bak"
"53A8C6B199F8CB27B84DE609DF77C815027863051DDE97D64B0D1D888F6754E2","3","515894","archive\_src_inline_backups\src\wingman2\styles\wingman-style-stack.css.backup-20260710-052933"
"53A8C6B199F8CB27B84DE609DF77C815027863051DDE97D64B0D1D888F6754E2","3","515894","archive\_src_inline_backups\src\wingman2\styles\wingman-style-stack.css.backup-20260710-053113"
"53A8C6B199F8CB27B84DE609DF77C815027863051DDE97D64B0D1D888F6754E2","3","515894","archive\_src_inline_backups\src\wingman2\styles\wingman-style-stack.css.backup-20260710-053339"
"5480590457898091733DF40B4668B757626502A5BD6C4B582BB2055BA85CD973","4","1341",".wingman-work\backups\20260811-125215\src\wingman2\components\compare\CompareBackToListButton.tsx"
"5480590457898091733DF40B4668B757626502A5BD6C4B582BB2055BA85CD973","4","1341",".wingman-work\backups\20260811-125346\src\wingman2\components\compare\CompareBackToListButton.tsx"
"5480590457898091733DF40B4668B757626502A5BD6C4B582BB2055BA85CD973","4","1341",".wingman-work\backups\20260811-125821\src\wingman2\components\compare\CompareBackToListButton.tsx"
"5480590457898091733DF40B4668B757626502A5BD6C4B582BB2055BA85CD973","4","1341","src\wingman2\components\compare\CompareBackToListButton.tsx"
"548A7D05B26222F812BD76E34504CFD26A24C7ED1C60335A7F47C17BAA4B2979","2","550857","archive\_src_inline_backups\src\wingman2\styles\wingman-style-stack.css.backup-20260710-055434"
"548A7D05B26222F812BD76E34504CFD26A24C7ED1C60335A7F47C17BAA4B2979","2","550857","archive\_src_inline_backups\src\wingman2\styles\wingman-style-stack.css.backup-20260710-061938"
"556CC85D43283DFCC7186EAA2776FC11538097708EE757CA6101CBCE49A59A34","3","41120","_backups\retire-finder-feature-sweep-v3-20260720-084642\files\src\__tests__\recommendationEvidence.test.ts"
"556CC85D43283DFCC7186EAA2776FC11538097708EE757CA6101CBCE49A59A34","3","41120","_backups\retire-finder-feature-sweep-v4-20260720-085242\files\src\__tests__\recommendationEvidence.test.ts"
"556CC85D43283DFCC7186EAA2776FC11538097708EE757CA6101CBCE49A59A34","3","41120","_backups\retire-finder-feature-sweep-v5-20260720-085648\files\src\__tests__\recommendationEvidence.test.ts"
"55E4708AFC2234ABBF45E3A9CE89C8B07AA6CD65AC164539DCF2E10A75F8AB9F","2","45445","archive\_wingman_backup_compare_route_lock_20260614-102158\src\wingman2\pages\ComparePageNew.tsx"
"55E4708AFC2234ABBF45E3A9CE89C8B07AA6CD65AC164539DCF2E10A75F8AB9F","2","45445","archive\_wingman_backup_compare_v5_20260614-102800\src\wingman2\pages\ComparePageNew.tsx"
"56113A1A31454ED06D8DFA897EC2C7D1C467C27D95265F1C35CEC5F5E3A518F8","2","2077","tools\check-mx0402-mst-resolution.mjs.20260722-091900.bak"
"56113A1A31454ED06D8DFA897EC2C7D1C467C27D95265F1C35CEC5F5E3A518F8","2","2077","tools\check-mx0402-mst-resolution.mjs.20260722-115941.bak"
"5645DD4AEE0DD665118742C01898D15DE84CEEC02053C7BB03AC859EAD19486C","5","1204",".wingman-work\backups\20260811-125215\src\__tests__\fixtures\documentIngest\blustreamPacific.fixture.ts"
"5645DD4AEE0DD665118742C01898D15DE84CEEC02053C7BB03AC859EAD19486C","5","1204",".wingman-work\backups\20260811-125346\src\__tests__\fixtures\documentIngest\blustreamPacific.fixture.ts"
"5645DD4AEE0DD665118742C01898D15DE84CEEC02053C7BB03AC859EAD19486C","5","1204",".wingman-work\backups\20260811-125821\src\__tests__\fixtures\documentIngest\blustreamPacific.fixture.ts"
"5645DD4AEE0DD665118742C01898D15DE84CEEC02053C7BB03AC859EAD19486C","5","1204","archive\repo-cleanup-20260709-050830\root-backups\_wingman_backup_orphan_fixture_move_20260706-115619\blustreamPacific.fixture.ts"
"5645DD4AEE0DD665118742C01898D15DE84CEEC02053C7BB03AC859EAD19486C","5","1204","src\__tests__\fixtures\documentIngest\blustreamPacific.fixture.ts"
"5774482FBE9E6D32064DF2FF4AAA86847252D2653A4F4F4A15BF861E0F51FAA1","4","5881",".wingman-work\backups\20260811-125215\src\wingman2\components\compare\BattleCard.tsx"
"5774482FBE9E6D32064DF2FF4AAA86847252D2653A4F4F4A15BF861E0F51FAA1","4","5881",".wingman-work\backups\20260811-125346\src\wingman2\components\compare\BattleCard.tsx"
"5774482FBE9E6D32064DF2FF4AAA86847252D2653A4F4F4A15BF861E0F51FAA1","4","5881",".wingman-work\backups\20260811-125821\src\wingman2\components\compare\BattleCard.tsx"
"5774482FBE9E6D32064DF2FF4AAA86847252D2653A4F4F4A15BF861E0F51FAA1","4","5881","src\wingman2\components\compare\BattleCard.tsx"
"57CF833590B9CC4131F684DE4BE6068780D50F5DBB8ACF132E8E9CB3F8C85EB2","4","4068",".wingman-work\backups\20260811-125215\src\wingman2\pages\ProjectDetailPage.test.tsx.20260806-122503.bak"
"57CF833590B9CC4131F684DE4BE6068780D50F5DBB8ACF132E8E9CB3F8C85EB2","4","4068",".wingman-work\backups\20260811-125346\src\wingman2\pages\ProjectDetailPage.test.tsx.20260806-122503.bak"
"57CF833590B9CC4131F684DE4BE6068780D50F5DBB8ACF132E8E9CB3F8C85EB2","4","4068",".wingman-work\backups\20260811-125821\src\wingman2\pages\ProjectDetailPage.test.tsx.20260806-122503.bak"
"57CF833590B9CC4131F684DE4BE6068780D50F5DBB8ACF132E8E9CB3F8C85EB2","4","4068","src\wingman2\pages\ProjectDetailPage.test.tsx.20260806-122503.bak"
"59AC8C0D85436234D679729651DFB4DC0D8DB380E85D1CE5DA7A11D55F31B59E","2","12210","archive\_wingman_backup_ip300_compare_fix_20260614-093023\wyrestormCompareDirectCandidateMap.ts"
"59AC8C0D85436234D679729651DFB4DC0D8DB380E85D1CE5DA7A11D55F31B59E","2","12210","archive\_wingman_backup_pre_compare_cleanup_20260614-083913\src\wingman2\lib\wyrestormCompareDirectCandidateMap.ts"
"59B7D496B555CB3C859E8DE01219916AC5B5A00618E01984EE953E1D89543726","4","5575",".wingman-work\backups\20260811-125215\src\wingman2\lib\documentExtract.ts"
"59B7D496B555CB3C859E8DE01219916AC5B5A00618E01984EE953E1D89543726","4","5575",".wingman-work\backups\20260811-125346\src\wingman2\lib\documentExtract.ts"
"59B7D496B555CB3C859E8DE01219916AC5B5A00618E01984EE953E1D89543726","4","5575",".wingman-work\backups\20260811-125821\src\wingman2\lib\documentExtract.ts"
"59B7D496B555CB3C859E8DE01219916AC5B5A00618E01984EE953E1D89543726","4","5575","src\wingman2\lib\documentExtract.ts"
"5A269F727F9051D5645A73B5A3B015191F5C71683A85E23EB8BDBC85FF616E61","10","17747",".wingman-backups\discovery-unified-comms-20260717-110358\src\wingman2\lib\situationalConstraints.ts"
"5A269F727F9051D5645A73B5A3B015191F5C71683A85E23EB8BDBC85FF616E61","10","17747",".wingman-backups\discovery-unified-comms-20260717-110557\src\wingman2\lib\situationalConstraints.ts"
"5A269F727F9051D5645A73B5A3B015191F5C71683A85E23EB8BDBC85FF616E61","10","17747",".wingman-backups\discovery-unified-comms-20260717-110839\src\wingman2\lib\situationalConstraints.ts"
"5A269F727F9051D5645A73B5A3B015191F5C71683A85E23EB8BDBC85FF616E61","10","17747",".wingman-backups\discovery-unified-comms-20260717-111425\src\wingman2\lib\situationalConstraints.ts"
"5A269F727F9051D5645A73B5A3B015191F5C71683A85E23EB8BDBC85FF616E61","10","17747",".wingman-backups\discovery-unified-comms-20260717-112358\src\wingman2\lib\situationalConstraints.ts"
"5A269F727F9051D5645A73B5A3B015191F5C71683A85E23EB8BDBC85FF616E61","10","17747",".wingman-backups\discovery-unified-comms-20260717-114353\src\wingman2\lib\situationalConstraints.ts"
"5A269F727F9051D5645A73B5A3B015191F5C71683A85E23EB8BDBC85FF616E61","10","17747",".wingman-backups\discovery-unified-comms-20260717-115102\src\wingman2\lib\situationalConstraints.ts"
"5A269F727F9051D5645A73B5A3B015191F5C71683A85E23EB8BDBC85FF616E61","10","17747",".wingman-backups\discovery-unified-comms-20260717-115522\src\wingman2\lib\situationalConstraints.ts"
"5A269F727F9051D5645A73B5A3B015191F5C71683A85E23EB8BDBC85FF616E61","10","17747",".wingman-backups\discovery-unified-comms-20260717-115545\src\wingman2\lib\situationalConstraints.ts"
"5A269F727F9051D5645A73B5A3B015191F5C71683A85E23EB8BDBC85FF616E61","10","17747",".wingman-backups\discovery-unified-comms-20260717-115842\src\wingman2\lib\situationalConstraints.ts"
"5A30E2760E7B521613B7C27A1B83FF4F23152E725F9033AA451C538D0BB6BEBF","4","46304",".wingman-work\backups\20260811-125215\src\wingman2\lib\competitorProductIntelligence.ts"
"5A30E2760E7B521613B7C27A1B83FF4F23152E725F9033AA451C538D0BB6BEBF","4","46304",".wingman-work\backups\20260811-125346\src\wingman2\lib\competitorProductIntelligence.ts"
"5A30E2760E7B521613B7C27A1B83FF4F23152E725F9033AA451C538D0BB6BEBF","4","46304",".wingman-work\backups\20260811-125821\src\wingman2\lib\competitorProductIntelligence.ts"
"5A30E2760E7B521613B7C27A1B83FF4F23152E725F9033AA451C538D0BB6BEBF","4","46304","src\wingman2\lib\competitorProductIntelligence.ts"
"5AF61D4382A10CA00620E0696531EE7F84775662DFCB9CA9A952DB3918865152","4","3285",".wingman-work\backups\20260811-125215\src\wingman2\lib\skuAliasResolver.ts"
"5AF61D4382A10CA00620E0696531EE7F84775662DFCB9CA9A952DB3918865152","4","3285",".wingman-work\backups\20260811-125346\src\wingman2\lib\skuAliasResolver.ts"
"5AF61D4382A10CA00620E0696531EE7F84775662DFCB9CA9A952DB3918865152","4","3285",".wingman-work\backups\20260811-125821\src\wingman2\lib\skuAliasResolver.ts"
"5AF61D4382A10CA00620E0696531EE7F84775662DFCB9CA9A952DB3918865152","4","3285","src\wingman2\lib\skuAliasResolver.ts"
"5B71AEA4E9B9F2E333F87ED51637AD3425356D0FA5A452C0EC78C01CA4BEDD89","3","3010","_backups\retire-finder-feature-sweep-v3-20260720-084642\files\src\__tests__\workflowHandoffFinder.test.ts"
"5B71AEA4E9B9F2E333F87ED51637AD3425356D0FA5A452C0EC78C01CA4BEDD89","3","3010","_backups\retire-finder-feature-sweep-v4-20260720-085242\files\src\__tests__\workflowHandoffFinder.test.ts"
"5B71AEA4E9B9F2E333F87ED51637AD3425356D0FA5A452C0EC78C01CA4BEDD89","3","3010","_backups\retire-finder-feature-sweep-v5-20260720-085648\files\src\__tests__\workflowHandoffFinder.test.ts"
"5C0F802938981AAAC53ABFC86B79F6AD5C01899C7157BEAAC4C42BE8FD6B8D42","4","6715",".wingman-work\backups\20260811-125215\src\wingman2\lib\microphoneSafety.ts"
"5C0F802938981AAAC53ABFC86B79F6AD5C01899C7157BEAAC4C42BE8FD6B8D42","4","6715",".wingman-work\backups\20260811-125346\src\wingman2\lib\microphoneSafety.ts"
"5C0F802938981AAAC53ABFC86B79F6AD5C01899C7157BEAAC4C42BE8FD6B8D42","4","6715",".wingman-work\backups\20260811-125821\src\wingman2\lib\microphoneSafety.ts"
"5C0F802938981AAAC53ABFC86B79F6AD5C01899C7157BEAAC4C42BE8FD6B8D42","4","6715","src\wingman2\lib\microphoneSafety.ts"
"5C3474E42B8EF473C899324DBE888BD74AD5F6D006018CB02C5D2CE678209644","2","9823","archive\_wingman_backup_guru_single_instance_20260614-063825\src\wingman2\components\VoiceAnswerCaptureOverlay.tsx"
"5C3474E42B8EF473C899324DBE888BD74AD5F6D006018CB02C5D2CE678209644","2","9823","archive\_wingman_backup_speech_type_fix_20260614-201933\VoiceAnswerCaptureOverlay.tsx"
"5C55C2BED35B1F3FE0335221675A54D46BC03DBB324BEC679BC11909B8D7AFA8","4","21911",".wingman-work\backups\20260811-125215\src\wingman2\lib\knownWyrestormCompareProfiles.ts"
"5C55C2BED35B1F3FE0335221675A54D46BC03DBB324BEC679BC11909B8D7AFA8","4","21911",".wingman-work\backups\20260811-125346\src\wingman2\lib\knownWyrestormCompareProfiles.ts"
"5C55C2BED35B1F3FE0335221675A54D46BC03DBB324BEC679BC11909B8D7AFA8","4","21911",".wingman-work\backups\20260811-125821\src\wingman2\lib\knownWyrestormCompareProfiles.ts"
"5C55C2BED35B1F3FE0335221675A54D46BC03DBB324BEC679BC11909B8D7AFA8","4","21911","src\wingman2\lib\knownWyrestormCompareProfiles.ts"
"5C9C683900B0EF818F05C0AA06898A03DCAFCD76E424C1DE7C0D4EC74BAB5F17","3","7026","_backups\retire-finder-feature-sweep-v3-20260720-084642\files\src\__tests__\discoveryWorkflowRendered.test.tsx"
"5C9C683900B0EF818F05C0AA06898A03DCAFCD76E424C1DE7C0D4EC74BAB5F17","3","7026","_backups\retire-finder-feature-sweep-v4-20260720-085242\files\src\__tests__\discoveryWorkflowRendered.test.tsx"
"5C9C683900B0EF818F05C0AA06898A03DCAFCD76E424C1DE7C0D4EC74BAB5F17","3","7026","_backups\retire-finder-feature-sweep-v5-20260720-085648\files\src\__tests__\discoveryWorkflowRendered.test.tsx"
"5CB1C1D9B14A1721222BC14BBA6328415B2B3D234AADD0A866E035DD5A0FE1E4","5","12582",".wingman-work\backups\20260811-125215\src\wingman2\logic\matrixOutputModel.ts"
"5CB1C1D9B14A1721222BC14BBA6328415B2B3D234AADD0A866E035DD5A0FE1E4","5","12582",".wingman-work\backups\20260811-125346\src\wingman2\logic\matrixOutputModel.ts"
"5CB1C1D9B14A1721222BC14BBA6328415B2B3D234AADD0A866E035DD5A0FE1E4","5","12582",".wingman-work\backups\20260811-125821\src\wingman2\logic\matrixOutputModel.ts"
"5CB1C1D9B14A1721222BC14BBA6328415B2B3D234AADD0A866E035DD5A0FE1E4","5","12582","archive\_wingman_backup_unreferenced_src_modules_20260710-104753\src\wingman2\logic\matrixOutputModel.ts"
"5CB1C1D9B14A1721222BC14BBA6328415B2B3D234AADD0A866E035DD5A0FE1E4","5","12582","src\wingman2\logic\matrixOutputModel.ts"
"5CC7CBACAAC022A40A386BA1DFE63A50F5E1CE3D9450C2904B6BC09F3EE0F6E0","3","7398","archive\_wingman_backup_guru_single_instance_20260614-063825\src\wingman2\layout\AppShell.tsx"
"5CC7CBACAAC022A40A386BA1DFE63A50F5E1CE3D9450C2904B6BC09F3EE0F6E0","3","7398","archive\backups\wingman-single-screen-fit-2026-06-08_12-28-23\src\wingman2\layout\AppShell.tsx"
"5CC7CBACAAC022A40A386BA1DFE63A50F5E1CE3D9450C2904B6BC09F3EE0F6E0","3","7398","archive\backups\wingman-single-screen-fit-2026-06-08_12-29-10\src\wingman2\layout\AppShell.tsx"
"5D308EFEED2A69F99BDE9E76A0A772A62D784465AF032E7C67FB99FE6723CBD6","4","1559",".wingman-work\backups\20260811-125215\src\wingman2\lib\compareSkuNormalization.test.ts"
"5D308EFEED2A69F99BDE9E76A0A772A62D784465AF032E7C67FB99FE6723CBD6","4","1559",".wingman-work\backups\20260811-125346\src\wingman2\lib\compareSkuNormalization.test.ts"
"5D308EFEED2A69F99BDE9E76A0A772A62D784465AF032E7C67FB99FE6723CBD6","4","1559",".wingman-work\backups\20260811-125821\src\wingman2\lib\compareSkuNormalization.test.ts"
"5D308EFEED2A69F99BDE9E76A0A772A62D784465AF032E7C67FB99FE6723CBD6","4","1559","src\wingman2\lib\compareSkuNormalization.test.ts"
"5D95E4C3C017548CAEC499C30F1560303908EE098048B1BED829AE6608893155","4","4716",".wingman-work\backups\20260811-125215\src\wingman2\lib\compareCandidateGateTaxonomy.test.ts"
"5D95E4C3C017548CAEC499C30F1560303908EE098048B1BED829AE6608893155","4","4716",".wingman-work\backups\20260811-125346\src\wingman2\lib\compareCandidateGateTaxonomy.test.ts"
"5D95E4C3C017548CAEC499C30F1560303908EE098048B1BED829AE6608893155","4","4716",".wingman-work\backups\20260811-125821\src\wingman2\lib\compareCandidateGateTaxonomy.test.ts"
"5D95E4C3C017548CAEC499C30F1560303908EE098048B1BED829AE6608893155","4","4716","src\wingman2\lib\compareCandidateGateTaxonomy.test.ts"
"5DCE47118051D199924A5EDE1D34A62AB98461ADC1B72E9AA3AA84AEA1605C9E","4","49143",".wingman-work\backups\20260811-125215\src\wingman2\lib\compareSpecEngine.ts"
"5DCE47118051D199924A5EDE1D34A62AB98461ADC1B72E9AA3AA84AEA1605C9E","4","49143",".wingman-work\backups\20260811-125346\src\wingman2\lib\compareSpecEngine.ts"
"5DCE47118051D199924A5EDE1D34A62AB98461ADC1B72E9AA3AA84AEA1605C9E","4","49143",".wingman-work\backups\20260811-125821\src\wingman2\lib\compareSpecEngine.ts"
"5DCE47118051D199924A5EDE1D34A62AB98461ADC1B72E9AA3AA84AEA1605C9E","4","49143","src\wingman2\lib\compareSpecEngine.ts"
"5DDCED1760637EEA5F52DC5A6959E7B89F0BF40EA5BDC1E67D740564ACF564F1","4","60097",".wingman-work\backups\20260811-125215\src\wingman2\pages\DiscoveryPage.tsx.20260806-134605.bak"
"5DDCED1760637EEA5F52DC5A6959E7B89F0BF40EA5BDC1E67D740564ACF564F1","4","60097",".wingman-work\backups\20260811-125346\src\wingman2\pages\DiscoveryPage.tsx.20260806-134605.bak"
"5DDCED1760637EEA5F52DC5A6959E7B89F0BF40EA5BDC1E67D740564ACF564F1","4","60097",".wingman-work\backups\20260811-125821\src\wingman2\pages\DiscoveryPage.tsx.20260806-134605.bak"
"5DDCED1760637EEA5F52DC5A6959E7B89F0BF40EA5BDC1E67D740564ACF564F1","4","60097","src\wingman2\pages\DiscoveryPage.tsx.20260806-134605.bak"
"5E6711A552D7F2E7545316451CF8E4BB4F264FBCF9A15840E3F3F85661CD8D20","2","772577","archive\_wingman_backup_before_css_restore_20260614-200432\wingman-style-stack.css.current.bak"
"5E6711A552D7F2E7545316451CF8E4BB4F264FBCF9A15840E3F3F85661CD8D20","2","772577","archive\_wingman_backup_discovery_hero_cleanup_20260614-200310\wingman-style-stack.css.bak"
"5EB7473D529EC88414C327BE49134DF7128693BCA1E6F1E143ADFF5EA17D7ADD","2","28599","archive\_wingman_backup_compare_pre_commit_cleanup_20260614-084236\src\wingman2\lib\compareFeatureMatrix.ts"
"5EB7473D529EC88414C327BE49134DF7128693BCA1E6F1E143ADFF5EA17D7ADD","2","28599","archive\_wingman_backup_pre_compare_cleanup_20260614-083913\src\wingman2\lib\compareFeatureMatrix.ts"
"5EEBCCCA2C89D31D9715103BD1375E1AD6E262EDFA0FC12083CEA5CF21F3AAD8","4","8932",".wingman-work\backups\20260811-125215\src\wingman2\lib\proposalCompiler.ts"
"5EEBCCCA2C89D31D9715103BD1375E1AD6E262EDFA0FC12083CEA5CF21F3AAD8","4","8932",".wingman-work\backups\20260811-125346\src\wingman2\lib\proposalCompiler.ts"
"5EEBCCCA2C89D31D9715103BD1375E1AD6E262EDFA0FC12083CEA5CF21F3AAD8","4","8932",".wingman-work\backups\20260811-125821\src\wingman2\lib\proposalCompiler.ts"
"5EEBCCCA2C89D31D9715103BD1375E1AD6E262EDFA0FC12083CEA5CF21F3AAD8","4","8932","src\wingman2\lib\proposalCompiler.ts"
"5EEC763CDBAB22E0B522E39B47AA4DE8112C94EEAE5987FAFA64CBD6B95A956E","4","14923",".wingman-work\backups\20260811-125215\src\wingman2\logic\productClassifier.ts"
"5EEC763CDBAB22E0B522E39B47AA4DE8112C94EEAE5987FAFA64CBD6B95A956E","4","14923",".wingman-work\backups\20260811-125346\src\wingman2\logic\productClassifier.ts"
"5EEC763CDBAB22E0B522E39B47AA4DE8112C94EEAE5987FAFA64CBD6B95A956E","4","14923",".wingman-work\backups\20260811-125821\src\wingman2\logic\productClassifier.ts"
"5EEC763CDBAB22E0B522E39B47AA4DE8112C94EEAE5987FAFA64CBD6B95A956E","4","14923","src\wingman2\logic\productClassifier.ts"
"5F086ADA87393D01D2164F4733097F68A26F4FA6A8D40304B78FE667A2CEC3BF","10","42297",".wingman-backups\discovery-unified-comms-20260717-110358\src\wingman2\lib\recommendationEvidence.ts"
"5F086ADA87393D01D2164F4733097F68A26F4FA6A8D40304B78FE667A2CEC3BF","10","42297",".wingman-backups\discovery-unified-comms-20260717-110557\src\wingman2\lib\recommendationEvidence.ts"
"5F086ADA87393D01D2164F4733097F68A26F4FA6A8D40304B78FE667A2CEC3BF","10","42297",".wingman-backups\discovery-unified-comms-20260717-110839\src\wingman2\lib\recommendationEvidence.ts"
"5F086ADA87393D01D2164F4733097F68A26F4FA6A8D40304B78FE667A2CEC3BF","10","42297",".wingman-backups\discovery-unified-comms-20260717-111425\src\wingman2\lib\recommendationEvidence.ts"
"5F086ADA87393D01D2164F4733097F68A26F4FA6A8D40304B78FE667A2CEC3BF","10","42297",".wingman-backups\discovery-unified-comms-20260717-112358\src\wingman2\lib\recommendationEvidence.ts"
"5F086ADA87393D01D2164F4733097F68A26F4FA6A8D40304B78FE667A2CEC3BF","10","42297",".wingman-backups\discovery-unified-comms-20260717-114353\src\wingman2\lib\recommendationEvidence.ts"
"5F086ADA87393D01D2164F4733097F68A26F4FA6A8D40304B78FE667A2CEC3BF","10","42297",".wingman-backups\discovery-unified-comms-20260717-115102\src\wingman2\lib\recommendationEvidence.ts"
"5F086ADA87393D01D2164F4733097F68A26F4FA6A8D40304B78FE667A2CEC3BF","10","42297",".wingman-backups\discovery-unified-comms-20260717-115522\src\wingman2\lib\recommendationEvidence.ts"
"5F086ADA87393D01D2164F4733097F68A26F4FA6A8D40304B78FE667A2CEC3BF","10","42297",".wingman-backups\discovery-unified-comms-20260717-115545\src\wingman2\lib\recommendationEvidence.ts"
"5F086ADA87393D01D2164F4733097F68A26F4FA6A8D40304B78FE667A2CEC3BF","10","42297",".wingman-backups\discovery-unified-comms-20260717-115842\src\wingman2\lib\recommendationEvidence.ts"
"5F8E0BE4749666BF67EF6FA722A50B051E392EF90C7B987C5EBFD16E933600CB","4","35944",".wingman-work\backups\20260811-125215\src\wingman2\lib\productClassification.ts"
"5F8E0BE4749666BF67EF6FA722A50B051E392EF90C7B987C5EBFD16E933600CB","4","35944",".wingman-work\backups\20260811-125346\src\wingman2\lib\productClassification.ts"
"5F8E0BE4749666BF67EF6FA722A50B051E392EF90C7B987C5EBFD16E933600CB","4","35944",".wingman-work\backups\20260811-125821\src\wingman2\lib\productClassification.ts"
"5F8E0BE4749666BF67EF6FA722A50B051E392EF90C7B987C5EBFD16E933600CB","4","35944","src\wingman2\lib\productClassification.ts"
"62444A119B8B3830712B98630E489320521E71F9A7F5C8089A5B010F9F601207","2","46075",".wingman-backups\discovery-unified-comms-20260717-115522\wingman-discovery-uc-patcher.cjs"
"62444A119B8B3830712B98630E489320521E71F9A7F5C8089A5B010F9F601207","2","46075",".wingman-backups\discovery-unified-comms-20260717-115545\wingman-discovery-uc-patcher.cjs"
"62488D7F4B999A2F377F423D16D7169B833CA298BF00C460C7C3CA5DED0A85D0","3","652394",".wingman-backups\guidance-card-encoding-v2-20260710-215834\wingman-style-stack.css"
"62488D7F4B999A2F377F423D16D7169B833CA298BF00C460C7C3CA5DED0A85D0","3","652394",".wingman-backups\guidance-card-encoding-v2-20260710-215919\wingman-style-stack.css"
"62488D7F4B999A2F377F423D16D7169B833CA298BF00C460C7C3CA5DED0A85D0","3","652394",".wingman-backups\templates-hero-compact-20260710-220534\wingman-style-stack.css"
"624EEB08253D1C07FD5852DC35B75776A3CC86192B58D5A4455A7AD15B7C15A6","4","2955",".wingman-work\backups\20260811-125215\src\wingman2\lib\proposalExport.test.ts"
"624EEB08253D1C07FD5852DC35B75776A3CC86192B58D5A4455A7AD15B7C15A6","4","2955",".wingman-work\backups\20260811-125346\src\wingman2\lib\proposalExport.test.ts"
"624EEB08253D1C07FD5852DC35B75776A3CC86192B58D5A4455A7AD15B7C15A6","4","2955",".wingman-work\backups\20260811-125821\src\wingman2\lib\proposalExport.test.ts"
"624EEB08253D1C07FD5852DC35B75776A3CC86192B58D5A4455A7AD15B7C15A6","4","2955","src\wingman2\lib\proposalExport.test.ts"
"625CDDCF8FBB74EE377226AB104B403B2B6B7FDBA0018439920F7AE120F1ECEB","4","54353",".wingman-work\backups\20260811-125215\src\wingman2\lib\compareEligibilityEngine.ts"
"625CDDCF8FBB74EE377226AB104B403B2B6B7FDBA0018439920F7AE120F1ECEB","4","54353",".wingman-work\backups\20260811-125346\src\wingman2\lib\compareEligibilityEngine.ts"
"625CDDCF8FBB74EE377226AB104B403B2B6B7FDBA0018439920F7AE120F1ECEB","4","54353",".wingman-work\backups\20260811-125821\src\wingman2\lib\compareEligibilityEngine.ts"
"625CDDCF8FBB74EE377226AB104B403B2B6B7FDBA0018439920F7AE120F1ECEB","4","54353","src\wingman2\lib\compareEligibilityEngine.ts"
"6279D67EF0003A6912540160913C216C7FB71EDA514820FD45D9AFA43F478282","2","21216","archive\_wingman_backup_guru_single_instance_20260614-063825\src\wingman2\pages\SalesHelperPage.tsx"
"6279D67EF0003A6912540160913C216C7FB71EDA514820FD45D9AFA43F478282","2","21216","archive\_wingman_backup_sales_helper_layout_20260614-093841\SalesHelperPage.tsx"
"62863AA52D6ED4E6DF33E4D9344DE1184F583D8B381B6BF26E449B0F44352392","4","9862",".wingman-work\backups\20260811-125215\src\wingman2\components\VisualStudioCanvas.tsx.before-visual-tidy.bak"
"62863AA52D6ED4E6DF33E4D9344DE1184F583D8B381B6BF26E449B0F44352392","4","9862",".wingman-work\backups\20260811-125346\src\wingman2\components\VisualStudioCanvas.tsx.before-visual-tidy.bak"
"62863AA52D6ED4E6DF33E4D9344DE1184F583D8B381B6BF26E449B0F44352392","4","9862",".wingman-work\backups\20260811-125821\src\wingman2\components\VisualStudioCanvas.tsx.before-visual-tidy.bak"
"62863AA52D6ED4E6DF33E4D9344DE1184F583D8B381B6BF26E449B0F44352392","4","9862","src\wingman2\components\VisualStudioCanvas.tsx.before-visual-tidy.bak"
"62F9FF96498ECCF2D5B0CB14417A00FBD0B072F9BD48FF05B9BCC687AFE5B083","3","34537","archive\_wingman_backup_before_css_cleanup_20260614-195236\DiscoveryPage.tsx.current.bak"
"62F9FF96498ECCF2D5B0CB14417A00FBD0B072F9BD48FF05B9BCC687AFE5B083","3","34537","archive\_wingman_backup_discovery_hero_cleanup_20260614-200225\DiscoveryPage.tsx.bak"
"62F9FF96498ECCF2D5B0CB14417A00FBD0B072F9BD48FF05B9BCC687AFE5B083","3","34537","archive\_wingman_backup_discovery_stronger_layout_20260614-195904\DiscoveryPage.tsx.bak"
"6368EA440B358F0F1EBF1A664931DC7C03C7E1D5CDB2649806DF1FF96F58383B","4","3490",".wingman-work\backups\20260811-125215\src\wingman2\app\routeCatalog.ts"
"6368EA440B358F0F1EBF1A664931DC7C03C7E1D5CDB2649806DF1FF96F58383B","4","3490",".wingman-work\backups\20260811-125346\src\wingman2\app\routeCatalog.ts"
"6368EA440B358F0F1EBF1A664931DC7C03C7E1D5CDB2649806DF1FF96F58383B","4","3490",".wingman-work\backups\20260811-125821\src\wingman2\app\routeCatalog.ts"
"6368EA440B358F0F1EBF1A664931DC7C03C7E1D5CDB2649806DF1FF96F58383B","4","3490","src\wingman2\app\routeCatalog.ts"
"637277244999516A4C51F21AC1F8E27F6352FD5D36374E9A11D92D69A1B1B00B","2","17634","archive\_wingman_backup_compare_pre_commit_cleanup_20260614-084236\src\wingman2\lib\competitorCompareDecision.ts"
"637277244999516A4C51F21AC1F8E27F6352FD5D36374E9A11D92D69A1B1B00B","2","17634","archive\_wingman_backup_pre_compare_cleanup_20260614-083913\src\wingman2\lib\competitorCompareDecision.ts"
"63A1B183ADDB91CFEA76D2D218EC0BA0955DBD1BA0D5134EE97965A2DDF23FCA","4","14137",".wingman-work\backups\20260811-125215\src\wingman2\pages\NavigationHubPages.tsx.20260719-104349.bak"
"63A1B183ADDB91CFEA76D2D218EC0BA0955DBD1BA0D5134EE97965A2DDF23FCA","4","14137",".wingman-work\backups\20260811-125346\src\wingman2\pages\NavigationHubPages.tsx.20260719-104349.bak"
"63A1B183ADDB91CFEA76D2D218EC0BA0955DBD1BA0D5134EE97965A2DDF23FCA","4","14137",".wingman-work\backups\20260811-125821\src\wingman2\pages\NavigationHubPages.tsx.20260719-104349.bak"
"63A1B183ADDB91CFEA76D2D218EC0BA0955DBD1BA0D5134EE97965A2DDF23FCA","4","14137","src\wingman2\pages\NavigationHubPages.tsx.20260719-104349.bak"
"64551AD6549FF761C90D0DACD5AC7E3EA8F5FA1C54E71B3B2AE3B8F688F658F7","4","9712",".wingman-work\backups\20260811-125215\src\wingman2\components\ReportProblemButton.tsx"
"64551AD6549FF761C90D0DACD5AC7E3EA8F5FA1C54E71B3B2AE3B8F688F658F7","4","9712",".wingman-work\backups\20260811-125346\src\wingman2\components\ReportProblemButton.tsx"
"64551AD6549FF761C90D0DACD5AC7E3EA8F5FA1C54E71B3B2AE3B8F688F658F7","4","9712",".wingman-work\backups\20260811-125821\src\wingman2\components\ReportProblemButton.tsx"
"64551AD6549FF761C90D0DACD5AC7E3EA8F5FA1C54E71B3B2AE3B8F688F658F7","4","9712","src\wingman2\components\ReportProblemButton.tsx"
"648EC864E2156433C6FD9A75E750705804112E367520B71C2C2354AF1164A23D","7","1672","archive\_wingman_backup_alpha_numeric_filter_20260615-111554\src\main.tsx"
"648EC864E2156433C6FD9A75E750705804112E367520B71C2C2354AF1164A23D","7","1672","archive\_wingman_backup_before_compare_restore_20260614-052137\src_main.tsx"
"648EC864E2156433C6FD9A75E750705804112E367520B71C2C2354AF1164A23D","7","1672","archive\_wingman_backup_compare_sku_auto_advance_20260615-185550\main.tsx"
"648EC864E2156433C6FD9A75E750705804112E367520B71C2C2354AF1164A23D","7","1672","archive\_wingman_backup_guru_movable_20260614-050939\src\main.tsx"
"648EC864E2156433C6FD9A75E750705804112E367520B71C2C2354AF1164A23D","7","1672","archive\_wingman_backup_guru_repair_20260614-051054\src\main.tsx"
"648EC864E2156433C6FD9A75E750705804112E367520B71C2C2354AF1164A23D","7","1672","archive\_wingman_backup_guru_single_instance_20260614-063825\src\main.tsx"
"648EC864E2156433C6FD9A75E750705804112E367520B71C2C2354AF1164A23D","7","1672","archive\_wingman_backup_restore_sweeping_guru_20260614-064242\src\main.tsx"
"64CD333A071091A31D3A00069C87CB73430944EFB8CD49F3EDE3F90DD36443A9","4","34287",".wingman-work\backups\20260811-125215\src\wingman2\components\ProposalCompletionWizard.tsx.20260713-203339.bak"
"64CD333A071091A31D3A00069C87CB73430944EFB8CD49F3EDE3F90DD36443A9","4","34287",".wingman-work\backups\20260811-125346\src\wingman2\components\ProposalCompletionWizard.tsx.20260713-203339.bak"
"64CD333A071091A31D3A00069C87CB73430944EFB8CD49F3EDE3F90DD36443A9","4","34287",".wingman-work\backups\20260811-125821\src\wingman2\components\ProposalCompletionWizard.tsx.20260713-203339.bak"
"64CD333A071091A31D3A00069C87CB73430944EFB8CD49F3EDE3F90DD36443A9","4","34287","src\wingman2\components\ProposalCompletionWizard.tsx.20260713-203339.bak"
"65BD6211D637FF93DE8C90F3723A9BF34BB24630B97DEBA3CCA4D278856BCA50","2","777635","archive\_wingman_backup_compare_invalid_sku_guard_20260615-131124\src\wingman2\styles\wingman-style-stack.css"
"65BD6211D637FF93DE8C90F3723A9BF34BB24630B97DEBA3CCA4D278856BCA50","2","777635","archive\_wingman_backup_compare_match_detection_fix_20260615-125107\src\wingman2\styles\wingman-style-stack.css"
"65E9B538832A9A9BE5337D4820065FBB597D97B70619C1EB5C725844365A9071","4","1115",".wingman-work\backups\20260811-125215\src\wingman2\lib\wyrestormPortCountRecovery.test.ts"
"65E9B538832A9A9BE5337D4820065FBB597D97B70619C1EB5C725844365A9071","4","1115",".wingman-work\backups\20260811-125346\src\wingman2\lib\wyrestormPortCountRecovery.test.ts"
"65E9B538832A9A9BE5337D4820065FBB597D97B70619C1EB5C725844365A9071","4","1115",".wingman-work\backups\20260811-125821\src\wingman2\lib\wyrestormPortCountRecovery.test.ts"
"65E9B538832A9A9BE5337D4820065FBB597D97B70619C1EB5C725844365A9071","4","1115","src\wingman2\lib\wyrestormPortCountRecovery.test.ts"
"66009F77756F35B375067309542FAC7EF68F5EDA0931FE323E7233E813E65200","4","29558",".wingman-work\backups\20260811-125215\src\wingman2\lib\competitorMatchEngine.ts"
"66009F77756F35B375067309542FAC7EF68F5EDA0931FE323E7233E813E65200","4","29558",".wingman-work\backups\20260811-125346\src\wingman2\lib\competitorMatchEngine.ts"
"66009F77756F35B375067309542FAC7EF68F5EDA0931FE323E7233E813E65200","4","29558",".wingman-work\backups\20260811-125821\src\wingman2\lib\competitorMatchEngine.ts"
"66009F77756F35B375067309542FAC7EF68F5EDA0931FE323E7233E813E65200","4","29558","src\wingman2\lib\competitorMatchEngine.ts"
"6604F9A7549980947C5171D1EC6CCD888FEB1BA4415D1DE6040A125CA718AFB5","4","6498",".wingman-work\backups\20260811-125215\src\__tests__\discovery-source-uc-topology.test.ts"
"6604F9A7549980947C5171D1EC6CCD888FEB1BA4415D1DE6040A125CA718AFB5","4","6498",".wingman-work\backups\20260811-125346\src\__tests__\discovery-source-uc-topology.test.ts"
"6604F9A7549980947C5171D1EC6CCD888FEB1BA4415D1DE6040A125CA718AFB5","4","6498",".wingman-work\backups\20260811-125821\src\__tests__\discovery-source-uc-topology.test.ts"
"6604F9A7549980947C5171D1EC6CCD888FEB1BA4415D1DE6040A125CA718AFB5","4","6498","src\__tests__\discovery-source-uc-topology.test.ts"
"664108E2309EF1037D368D98072E40C3D7E13F1CB38C9C4F0D773B4734621CE4","4","6867",".wingman-work\backups\20260811-125215\src\wingman2\app\route-manifest.json"
"664108E2309EF1037D368D98072E40C3D7E13F1CB38C9C4F0D773B4734621CE4","4","6867",".wingman-work\backups\20260811-125346\src\wingman2\app\route-manifest.json"
"664108E2309EF1037D368D98072E40C3D7E13F1CB38C9C4F0D773B4734621CE4","4","6867",".wingman-work\backups\20260811-125821\src\wingman2\app\route-manifest.json"
"664108E2309EF1037D368D98072E40C3D7E13F1CB38C9C4F0D773B4734621CE4","4","6867","src\wingman2\app\route-manifest.json"
"665762573C8AFD37A28AFE9C3064C773FA19A148DFE3D15D49BD9EB730958FC6","2","13798",".wingman-backups\verified-proposal-templates-20260710-200928\files\src\wingman2\lib\customRoomTemplates.ts"
"665762573C8AFD37A28AFE9C3064C773FA19A148DFE3D15D49BD9EB730958FC6","2","13798","backups\templates-leftover-cleanup-20260709-075901\customRoomTemplates.ts.bak"
"667B4A59945E4124E6B32F4185B2625B3A65A2DDCDC8DEE58FED1DB0A8A7906F","4","64150",".wingman-work\backups\20260811-125215\src\wingman2\pages\DiscoveryPage.tsx.20260806-161150.bak"
"667B4A59945E4124E6B32F4185B2625B3A65A2DDCDC8DEE58FED1DB0A8A7906F","4","64150",".wingman-work\backups\20260811-125346\src\wingman2\pages\DiscoveryPage.tsx.20260806-161150.bak"
"667B4A59945E4124E6B32F4185B2625B3A65A2DDCDC8DEE58FED1DB0A8A7906F","4","64150",".wingman-work\backups\20260811-125821\src\wingman2\pages\DiscoveryPage.tsx.20260806-161150.bak"
"667B4A59945E4124E6B32F4185B2625B3A65A2DDCDC8DEE58FED1DB0A8A7906F","4","64150","src\wingman2\pages\DiscoveryPage.tsx.20260806-161150.bak"
"67396215D39F5709269EC82D0FE6725F646F003B09E4A21E6B018B2DB4FDE102","4","1209",".wingman-work\backups\20260811-125215\src\wingman2\app\wingmanDisplayScaleGuard.ts"
"67396215D39F5709269EC82D0FE6725F646F003B09E4A21E6B018B2DB4FDE102","4","1209",".wingman-work\backups\20260811-125346\src\wingman2\app\wingmanDisplayScaleGuard.ts"
"67396215D39F5709269EC82D0FE6725F646F003B09E4A21E6B018B2DB4FDE102","4","1209",".wingman-work\backups\20260811-125821\src\wingman2\app\wingmanDisplayScaleGuard.ts"
"67396215D39F5709269EC82D0FE6725F646F003B09E4A21E6B018B2DB4FDE102","4","1209","src\wingman2\app\wingmanDisplayScaleGuard.ts"
"675970FAB46F36AF563036E1D2FFC5F7CD4305792CADD6A529C39931A5B35277","3","563458","archive\_src_inline_backups\src\wingman2\styles\wingman-style-stack.css.backup-20260710-062527"
"675970FAB46F36AF563036E1D2FFC5F7CD4305792CADD6A529C39931A5B35277","3","563458","archive\_src_inline_backups\src\wingman2\styles\wingman-style-stack.css.backup-20260710-062749"
"675970FAB46F36AF563036E1D2FFC5F7CD4305792CADD6A529C39931A5B35277","3","563458","archive\_src_inline_backups\src\wingman2\styles\wingman-style-stack.css.backup-20260710-063723"
"67ABECCDB54258FDFC62F45814EF99EA2B01EC50B804B93E02F634452D09246E","4","23570",".wingman-work\backups\20260811-125215\src\wingman2\lib\wingmanCoach.ts"
"67ABECCDB54258FDFC62F45814EF99EA2B01EC50B804B93E02F634452D09246E","4","23570",".wingman-work\backups\20260811-125346\src\wingman2\lib\wingmanCoach.ts"
"67ABECCDB54258FDFC62F45814EF99EA2B01EC50B804B93E02F634452D09246E","4","23570",".wingman-work\backups\20260811-125821\src\wingman2\lib\wingmanCoach.ts"
"67ABECCDB54258FDFC62F45814EF99EA2B01EC50B804B93E02F634452D09246E","4","23570","src\wingman2\lib\wingmanCoach.ts"
"6806F6AC1461B1D1C38D53FF3A048D5A9B51571BF0ABC2CC9FF95F2DF7C928EF","3","76001","backups\react-flow-foundation-20260714-054745\wingman-workflow-theme.css.bak"
"6806F6AC1461B1D1C38D53FF3A048D5A9B51571BF0ABC2CC9FF95F2DF7C928EF","3","76001","backups\react-flow-foundation-20260714-084703\wingman-workflow-theme.css.bak"
"6806F6AC1461B1D1C38D53FF3A048D5A9B51571BF0ABC2CC9FF95F2DF7C928EF","3","76001","backups\visual-studio-connectivity-20260714-053745\wingman-workflow-theme.css.bak"
"6818DC7A5A753CE892789631EEA226CAAA75FF1946D9AA4B1EAB29921E6EEF4F","4","5091",".wingman-work\backups\20260811-125215\src\wingman2\lib\productCheatSheet.test.tsx"
"6818DC7A5A753CE892789631EEA226CAAA75FF1946D9AA4B1EAB29921E6EEF4F","4","5091",".wingman-work\backups\20260811-125346\src\wingman2\lib\productCheatSheet.test.tsx"
"6818DC7A5A753CE892789631EEA226CAAA75FF1946D9AA4B1EAB29921E6EEF4F","4","5091",".wingman-work\backups\20260811-125821\src\wingman2\lib\productCheatSheet.test.tsx"
"6818DC7A5A753CE892789631EEA226CAAA75FF1946D9AA4B1EAB29921E6EEF4F","4","5091","src\wingman2\lib\productCheatSheet.test.tsx"
"68341B074BA65D3541D5C0B90D2F8CF6918136835EBB5A6C59D1329122F73205","3","658745",".wingman-backups\templates-products-header-20260710-221014\wingman-style-stack.css"
"68341B074BA65D3541D5C0B90D2F8CF6918136835EBB5A6C59D1329122F73205","3","658745",".wingman-backups\templates-products-header-20260710-221048\wingman-style-stack.css"
"68341B074BA65D3541D5C0B90D2F8CF6918136835EBB5A6C59D1329122F73205","3","658745",".wingman-backups\templates-products-header-v2-20260710-221218\wingman-style-stack.css"
"68399F2159C7CC1FF93724961913F9146FA4DF7EC2A86B8733561F46C8122DC3","2","29649","data\governance\wyrestorm-technical-profiles.json.20260722-083258.bak"
"68399F2159C7CC1FF93724961913F9146FA4DF7EC2A86B8733561F46C8122DC3","2","29649","data\governance\wyrestorm-technical-profiles.json.20260722-083552.bak"
"6843FC000CF57052FCF66B65BC28DF1B8E26A8D01AD698E5E8181509C150F066","4","1035",".wingman-work\backups\20260811-125215\src\__tests__\setup.ts"
"6843FC000CF57052FCF66B65BC28DF1B8E26A8D01AD698E5E8181509C150F066","4","1035",".wingman-work\backups\20260811-125346\src\__tests__\setup.ts"
"6843FC000CF57052FCF66B65BC28DF1B8E26A8D01AD698E5E8181509C150F066","4","1035",".wingman-work\backups\20260811-125821\src\__tests__\setup.ts"
"6843FC000CF57052FCF66B65BC28DF1B8E26A8D01AD698E5E8181509C150F066","4","1035","src\__tests__\setup.ts"
"6889D3CE0123D58F0CED17002C163C3911AAE8241EE5AF11D311895A4D5A4284","4","1689",".wingman-work\backups\20260811-125215\src\wingman2\lib\productAssurance.test.ts"
"6889D3CE0123D58F0CED17002C163C3911AAE8241EE5AF11D311895A4D5A4284","4","1689",".wingman-work\backups\20260811-125346\src\wingman2\lib\productAssurance.test.ts"
"6889D3CE0123D58F0CED17002C163C3911AAE8241EE5AF11D311895A4D5A4284","4","1689",".wingman-work\backups\20260811-125821\src\wingman2\lib\productAssurance.test.ts"
"6889D3CE0123D58F0CED17002C163C3911AAE8241EE5AF11D311895A4D5A4284","4","1689","src\wingman2\lib\productAssurance.test.ts"
"6899B5685370E871CBEF6203832008E0166D5E97804BDCA734A50D0836A3097C","4","17878",".wingman-work\backups\20260811-125215\src\wingman2\lib\documentIngest\skuTriage.ts"
"6899B5685370E871CBEF6203832008E0166D5E97804BDCA734A50D0836A3097C","4","17878",".wingman-work\backups\20260811-125346\src\wingman2\lib\documentIngest\skuTriage.ts"
"6899B5685370E871CBEF6203832008E0166D5E97804BDCA734A50D0836A3097C","4","17878",".wingman-work\backups\20260811-125821\src\wingman2\lib\documentIngest\skuTriage.ts"
"6899B5685370E871CBEF6203832008E0166D5E97804BDCA734A50D0836A3097C","4","17878","src\wingman2\lib\documentIngest\skuTriage.ts"
"689E6375BD7129DAA1916AD38E373EDA735F225A36EB49E137A3CA24629F3BD7","4","1161971",".wingman-work\backups\20260811-125215\src\wingman2\styles\wingman-style-stack.css.20260712-143821.bak"
"689E6375BD7129DAA1916AD38E373EDA735F225A36EB49E137A3CA24629F3BD7","4","1161971",".wingman-work\backups\20260811-125346\src\wingman2\styles\wingman-style-stack.css.20260712-143821.bak"
"689E6375BD7129DAA1916AD38E373EDA735F225A36EB49E137A3CA24629F3BD7","4","1161971",".wingman-work\backups\20260811-125821\src\wingman2\styles\wingman-style-stack.css.20260712-143821.bak"
"689E6375BD7129DAA1916AD38E373EDA735F225A36EB49E137A3CA24629F3BD7","4","1161971","src\wingman2\styles\wingman-style-stack.css.20260712-143821.bak"
"68ECF021EAD929EAA2CA6054B4B8AAC5317A1145CC0680A3CE0A39C399A0065E","4","21945",".wingman-work\backups\20260811-125215\src\wingman2\styles\wingman-navigation-hub-cascade-lock.css.20260718-194100.bak"
"68ECF021EAD929EAA2CA6054B4B8AAC5317A1145CC0680A3CE0A39C399A0065E","4","21945",".wingman-work\backups\20260811-125346\src\wingman2\styles\wingman-navigation-hub-cascade-lock.css.20260718-194100.bak"
"68ECF021EAD929EAA2CA6054B4B8AAC5317A1145CC0680A3CE0A39C399A0065E","4","21945",".wingman-work\backups\20260811-125821\src\wingman2\styles\wingman-navigation-hub-cascade-lock.css.20260718-194100.bak"
"68ECF021EAD929EAA2CA6054B4B8AAC5317A1145CC0680A3CE0A39C399A0065E","4","21945","src\wingman2\styles\wingman-navigation-hub-cascade-lock.css.20260718-194100.bak"
"693C90113DD0F56D5C866E73A04BDA222BC778A0D6DE9404538C7CB12054318E","2","16830","archive\_wingman_backup_guru_single_instance_20260614-063825\src\__tests__\competitorMatchEngine.test.ts"
"693C90113DD0F56D5C866E73A04BDA222BC778A0D6DE9404538C7CB12054318E","2","16830","reports\compare-family-rule-fix-20260613-135725\competitorMatchEngine.test.ts.before.txt"
"6998F6AA9CA35972E8DA76FF911945037E05C4D754F7010E00A2CB749D7F94BC","3","707641","archive\_src_inline_backups\src\wingman2\styles\wingman-style-stack.css.bak-product-discussion-object-scale-20260612-121925"
"6998F6AA9CA35972E8DA76FF911945037E05C4D754F7010E00A2CB749D7F94BC","3","707641","archive\_src_inline_backups\src\wingman2\styles\wingman-style-stack.css.bak-product-discussion-object-scale-20260612-121937"
"6998F6AA9CA35972E8DA76FF911945037E05C4D754F7010E00A2CB749D7F94BC","3","707641","archive\_src_inline_backups\src\wingman2\styles\wingman-style-stack.css.bak-product-discussion-object-scale-20260612-122200"
"69C6BABDFDA7AF298A1BEA2E1EABE868159A0C4D626AE2508C097FDA6554DAD7","2","37261","archive\repo-cleanup-20260709-050830\root-artifacts\install.DISCARDED\wingman-redesign-theme.css"
"69C6BABDFDA7AF298A1BEA2E1EABE868159A0C4D626AE2508C097FDA6554DAD7","2","37261","archive\repo-cleanup-20260709-050830\src-snapshots\src\wingman2\styles\wingman-redesign-theme.css.DISCARDED"
"69C7493F52AC253C07CFFF242720E32E3CD10FE4BF51C8EB86B0D13FB390598F","4","973",".wingman-work\backups\20260811-125215\src\__tests__\wingmanCoach.test.ts"
"69C7493F52AC253C07CFFF242720E32E3CD10FE4BF51C8EB86B0D13FB390598F","4","973",".wingman-work\backups\20260811-125346\src\__tests__\wingmanCoach.test.ts"
"69C7493F52AC253C07CFFF242720E32E3CD10FE4BF51C8EB86B0D13FB390598F","4","973",".wingman-work\backups\20260811-125821\src\__tests__\wingmanCoach.test.ts"
"69C7493F52AC253C07CFFF242720E32E3CD10FE4BF51C8EB86B0D13FB390598F","4","973","src\__tests__\wingmanCoach.test.ts"
"6A07F2B70B4BA7C3CAC0D261EB2BC7038FC744F32B1BC3E405906294D7139BD8","2","34520","archive\_wingman_backup_compare_minimal_results_20260615-201159\ComparePageNew.tsx"
"6A07F2B70B4BA7C3CAC0D261EB2BC7038FC744F32B1BC3E405906294D7139BD8","2","34520","archive\_wingman_backup_compare_simple_summary_20260615-195115\ComparePageNew.tsx"
"6A380A9A657FC365C93BAD18166478A52A2C1F60E2CA2344CF4BECB8C753D53D","4","7631",".wingman-work\backups\20260811-125215\src\__tests__\singleGuruEntryPoint.test.ts"
"6A380A9A657FC365C93BAD18166478A52A2C1F60E2CA2344CF4BECB8C753D53D","4","7631",".wingman-work\backups\20260811-125346\src\__tests__\singleGuruEntryPoint.test.ts"
"6A380A9A657FC365C93BAD18166478A52A2C1F60E2CA2344CF4BECB8C753D53D","4","7631",".wingman-work\backups\20260811-125821\src\__tests__\singleGuruEntryPoint.test.ts"
"6A380A9A657FC365C93BAD18166478A52A2C1F60E2CA2344CF4BECB8C753D53D","4","7631","src\__tests__\singleGuruEntryPoint.test.ts"
"6AA01F9FB20021290E13B0BA706ACF206B56E4B0177B0F35689FAE1A762A464B","2","13184","_backups\retire-finder-feature-sweep-v4-20260720-085242\files\src\wingman2\pages\NavigationHubPages.tsx"
"6AA01F9FB20021290E13B0BA706ACF206B56E4B0177B0F35689FAE1A762A464B","2","13184","_backups\retire-finder-feature-sweep-v5-20260720-085648\files\src\wingman2\pages\NavigationHubPages.tsx"
"6AAF27A1F2EBE0FEC0A08E8C532EE414CFDD07F8679A4D94875AA5CF24C7424E","4","14772",".wingman-work\backups\20260811-125215\src\wingman2\lib\competitorCompareBehaviour.test.ts"
"6AAF27A1F2EBE0FEC0A08E8C532EE414CFDD07F8679A4D94875AA5CF24C7424E","4","14772",".wingman-work\backups\20260811-125346\src\wingman2\lib\competitorCompareBehaviour.test.ts"
"6AAF27A1F2EBE0FEC0A08E8C532EE414CFDD07F8679A4D94875AA5CF24C7424E","4","14772",".wingman-work\backups\20260811-125821\src\wingman2\lib\competitorCompareBehaviour.test.ts"
"6AAF27A1F2EBE0FEC0A08E8C532EE414CFDD07F8679A4D94875AA5CF24C7424E","4","14772","src\wingman2\lib\competitorCompareBehaviour.test.ts"
"6B7A311D3E559318057319EB74EEF2666B83E9A4C01CA8B0184F7B251EC4A593","3","13476","_backups\retire-finder-feature-sweep-v3-20260720-084642\files\tools\check-product-matching-scenarios.mjs"
"6B7A311D3E559318057319EB74EEF2666B83E9A4C01CA8B0184F7B251EC4A593","3","13476","_backups\retire-finder-feature-sweep-v4-20260720-085242\files\tools\check-product-matching-scenarios.mjs"
"6B7A311D3E559318057319EB74EEF2666B83E9A4C01CA8B0184F7B251EC4A593","3","13476","_backups\retire-finder-feature-sweep-v5-20260720-085648\files\tools\check-product-matching-scenarios.mjs"
"6CAD1F818246A9B88485C89D2F42BA4B1F2C29518E8D3D0910435680FA8C8E64","4","10526",".wingman-work\backups\20260811-125215\src\wingman2\pages\discovery\discoveryAnswerUtils.ts"
"6CAD1F818246A9B88485C89D2F42BA4B1F2C29518E8D3D0910435680FA8C8E64","4","10526",".wingman-work\backups\20260811-125346\src\wingman2\pages\discovery\discoveryAnswerUtils.ts"
"6CAD1F818246A9B88485C89D2F42BA4B1F2C29518E8D3D0910435680FA8C8E64","4","10526",".wingman-work\backups\20260811-125821\src\wingman2\pages\discovery\discoveryAnswerUtils.ts"
"6CAD1F818246A9B88485C89D2F42BA4B1F2C29518E8D3D0910435680FA8C8E64","4","10526","src\wingman2\pages\discovery\discoveryAnswerUtils.ts"
"6D110DF8631E6C7E2F752EE07329547EE330AF6EDFCC6BA00D021C465807D68F","4","4687",".wingman-work\backups\20260811-125215\src\wingman2\types\productPositioning.ts"
"6D110DF8631E6C7E2F752EE07329547EE330AF6EDFCC6BA00D021C465807D68F","4","4687",".wingman-work\backups\20260811-125346\src\wingman2\types\productPositioning.ts"
"6D110DF8631E6C7E2F752EE07329547EE330AF6EDFCC6BA00D021C465807D68F","4","4687",".wingman-work\backups\20260811-125821\src\wingman2\types\productPositioning.ts"
"6D110DF8631E6C7E2F752EE07329547EE330AF6EDFCC6BA00D021C465807D68F","4","4687","src\wingman2\types\productPositioning.ts"
"6D240A98B1678DC0764D7E9A48C31AECC18B46AEB35ED5C1B3B7A4638671D2E1","4","1655",".wingman-work\backups\20260811-125215\src\__tests__\productTopologyUiContract.test.ts"
"6D240A98B1678DC0764D7E9A48C31AECC18B46AEB35ED5C1B3B7A4638671D2E1","4","1655",".wingman-work\backups\20260811-125346\src\__tests__\productTopologyUiContract.test.ts"
"6D240A98B1678DC0764D7E9A48C31AECC18B46AEB35ED5C1B3B7A4638671D2E1","4","1655",".wingman-work\backups\20260811-125821\src\__tests__\productTopologyUiContract.test.ts"
"6D240A98B1678DC0764D7E9A48C31AECC18B46AEB35ED5C1B3B7A4638671D2E1","4","1655","src\__tests__\productTopologyUiContract.test.ts"
"6D68E1233263C705DD20B4CC51E133D3D041EB6D3B1FC98DEDAC5ADBC5483981","4","13133",".wingman-work\backups\20260811-125215\src\wingman2\pages\NavigationHubPages.tsx"
"6D68E1233263C705DD20B4CC51E133D3D041EB6D3B1FC98DEDAC5ADBC5483981","4","13133",".wingman-work\backups\20260811-125346\src\wingman2\pages\NavigationHubPages.tsx"
"6D68E1233263C705DD20B4CC51E133D3D041EB6D3B1FC98DEDAC5ADBC5483981","4","13133",".wingman-work\backups\20260811-125821\src\wingman2\pages\NavigationHubPages.tsx"
"6D68E1233263C705DD20B4CC51E133D3D041EB6D3B1FC98DEDAC5ADBC5483981","4","13133","src\wingman2\pages\NavigationHubPages.tsx"
"6D70AC060A6830CA204BC5443E5AC3D5AE1502FB3AF407AC9FAC7721AA075CC3","2","25122","archive\_src_inline_backups\src\wingman2\pages\TemplatesPage.tsx.bak-before-real-compact-20260627-181521"
"6D70AC060A6830CA204BC5443E5AC3D5AE1502FB3AF407AC9FAC7721AA075CC3","2","25122","archive\_src_inline_backups\src\wingman2\pages\TemplatesPage.tsx.bak-real-compact-template-jsx-20260627-182649"
"6D8C69F1B53D74BCCC7AA09DD87BFC5FE8321CB148170B695762B5A124FE12FA","2","2045","archive\_src_inline_backups\src\main.tsx.backup-alpha-filter-clean-20260615-111736"
"6D8C69F1B53D74BCCC7AA09DD87BFC5FE8321CB148170B695762B5A124FE12FA","2","2045","archive\_src_inline_backups\src\main.tsx.backup-alpha-filter-duplicate-20260615-111650"
"6DEED067E8ECDDC9AAB7903DB3111C3A43C85F86C7B0F8826591F57685E69E19","4","16493",".wingman-work\backups\20260811-125215\src\wingman2\lib\compareCandidateGate.ts"
"6DEED067E8ECDDC9AAB7903DB3111C3A43C85F86C7B0F8826591F57685E69E19","4","16493",".wingman-work\backups\20260811-125346\src\wingman2\lib\compareCandidateGate.ts"
"6DEED067E8ECDDC9AAB7903DB3111C3A43C85F86C7B0F8826591F57685E69E19","4","16493",".wingman-work\backups\20260811-125821\src\wingman2\lib\compareCandidateGate.ts"
"6DEED067E8ECDDC9AAB7903DB3111C3A43C85F86C7B0F8826591F57685E69E19","4","16493","src\wingman2\lib\compareCandidateGate.ts"
"6F0B483838AE4E1C358FCF3F1992F606A5FB32EF6C6DD9684C2F162F0DF32979","4","4362",".wingman-work\backups\20260811-125215\src\wingman2\lib\proposalDocxExport.test.ts"
"6F0B483838AE4E1C358FCF3F1992F606A5FB32EF6C6DD9684C2F162F0DF32979","4","4362",".wingman-work\backups\20260811-125346\src\wingman2\lib\proposalDocxExport.test.ts"
"6F0B483838AE4E1C358FCF3F1992F606A5FB32EF6C6DD9684C2F162F0DF32979","4","4362",".wingman-work\backups\20260811-125821\src\wingman2\lib\proposalDocxExport.test.ts"
"6F0B483838AE4E1C358FCF3F1992F606A5FB32EF6C6DD9684C2F162F0DF32979","4","4362","src\wingman2\lib\proposalDocxExport.test.ts"
"6FBAC6365C1952CB6C2CE2FE54E2EE9D3717BA177299C39FFD5C47F4549BA2B3","2","18902","archive\_wingman_backup_guru_single_instance_20260614-063825\src\wingman2\lib\knownWyrestormCompareProfiles.ts"
"6FBAC6365C1952CB6C2CE2FE54E2EE9D3717BA177299C39FFD5C47F4549BA2B3","2","18902","reports\compare-engine-audit-20260613-105112\src_wingman2_lib_knownWyrestormCompareProfiles.ts.full.txt"
"6FD9E0C8753DA0310AA3B14D65BBE8447FB45C870B06200D2868915AD6CBC09B","8","10932",".wingman-work\backups\20260811-125215\src\wingman2\components\VisualStudioCanvas.tsx.20260712-143240.bak"
"6FD9E0C8753DA0310AA3B14D65BBE8447FB45C870B06200D2868915AD6CBC09B","8","10932",".wingman-work\backups\20260811-125215\src\wingman2\components\VisualStudioCanvas.tsx.20260712-143533.bak"
"6FD9E0C8753DA0310AA3B14D65BBE8447FB45C870B06200D2868915AD6CBC09B","8","10932",".wingman-work\backups\20260811-125346\src\wingman2\components\VisualStudioCanvas.tsx.20260712-143240.bak"
"6FD9E0C8753DA0310AA3B14D65BBE8447FB45C870B06200D2868915AD6CBC09B","8","10932",".wingman-work\backups\20260811-125346\src\wingman2\components\VisualStudioCanvas.tsx.20260712-143533.bak"
"6FD9E0C8753DA0310AA3B14D65BBE8447FB45C870B06200D2868915AD6CBC09B","8","10932",".wingman-work\backups\20260811-125821\src\wingman2\components\VisualStudioCanvas.tsx.20260712-143240.bak"
"6FD9E0C8753DA0310AA3B14D65BBE8447FB45C870B06200D2868915AD6CBC09B","8","10932",".wingman-work\backups\20260811-125821\src\wingman2\components\VisualStudioCanvas.tsx.20260712-143533.bak"
"6FD9E0C8753DA0310AA3B14D65BBE8447FB45C870B06200D2868915AD6CBC09B","8","10932","src\wingman2\components\VisualStudioCanvas.tsx.20260712-143240.bak"
"6FD9E0C8753DA0310AA3B14D65BBE8447FB45C870B06200D2868915AD6CBC09B","8","10932","src\wingman2\components\VisualStudioCanvas.tsx.20260712-143533.bak"
"70CDA7884F3A2BAB0A2AB7A74D515C4033A2F6122A477D5F1029B28B4CB2EB2D","2","33842","archive\_wingman_backup_fix_videowall_lazy_20260615-225030\VideowallBuilderPage.tsx.bak"
"70CDA7884F3A2BAB0A2AB7A74D515C4033A2F6122A477D5F1029B28B4CB2EB2D","2","33842","archive\_wingman_backup_videowall_visual_studio_20260616-063623\VideowallBuilderPage.tsx.bak"
"7252A459F9827D57D9D36E5C4374150A23697A606BB128610D87413898F324FD","4","1357",".wingman-work\backups\20260811-125215\src\wingman2\lib\adminProductOverrides.test.ts"
"7252A459F9827D57D9D36E5C4374150A23697A606BB128610D87413898F324FD","4","1357",".wingman-work\backups\20260811-125346\src\wingman2\lib\adminProductOverrides.test.ts"
"7252A459F9827D57D9D36E5C4374150A23697A606BB128610D87413898F324FD","4","1357",".wingman-work\backups\20260811-125821\src\wingman2\lib\adminProductOverrides.test.ts"
"7252A459F9827D57D9D36E5C4374150A23697A606BB128610D87413898F324FD","4","1357","src\wingman2\lib\adminProductOverrides.test.ts"
"7271C829011DED1CDB219A2ED257D9EDC27A74245801B199385EFB8B887B77EA","3","1778","archive\_src_inline_backups\src\main.tsx.backup-inline-layout-test-20260610-093254"
"7271C829011DED1CDB219A2ED257D9EDC27A74245801B199385EFB8B887B77EA","3","1778","archive\_src_inline_backups\src\main.tsx.backup-remove-marker-20260610-103704"
"7271C829011DED1CDB219A2ED257D9EDC27A74245801B199385EFB8B887B77EA","3","1778","archive\_src_inline_backups\src\main.tsx.backup-remove-mic-runtime-20260610-093028"
"72AF1E847D667F782696FEB72AFAEE2604410C7B0A53C64FB3F6EE9F14CB8477","3","6330","_backups\retire-finder-feature-sweep-v3-20260720-084642\files\src\wingman2\pages\SalesHelperPage.tsx"
"72AF1E847D667F782696FEB72AFAEE2604410C7B0A53C64FB3F6EE9F14CB8477","3","6330","_backups\retire-finder-feature-sweep-v4-20260720-085242\files\src\wingman2\pages\SalesHelperPage.tsx"
"72AF1E847D667F782696FEB72AFAEE2604410C7B0A53C64FB3F6EE9F14CB8477","3","6330","_backups\retire-finder-feature-sweep-v5-20260720-085648\files\src\wingman2\pages\SalesHelperPage.tsx"
"739816536174D3125FCDFCA06AC6DE8DA7C87ADC50FF76275D6C2FFEA2127092","4","64249",".wingman-work\backups\20260811-125215\src\wingman2\pages\DiscoveryPage.tsx.20260806-162243.bak"
"739816536174D3125FCDFCA06AC6DE8DA7C87ADC50FF76275D6C2FFEA2127092","4","64249",".wingman-work\backups\20260811-125346\src\wingman2\pages\DiscoveryPage.tsx.20260806-162243.bak"
"739816536174D3125FCDFCA06AC6DE8DA7C87ADC50FF76275D6C2FFEA2127092","4","64249",".wingman-work\backups\20260811-125821\src\wingman2\pages\DiscoveryPage.tsx.20260806-162243.bak"
"739816536174D3125FCDFCA06AC6DE8DA7C87ADC50FF76275D6C2FFEA2127092","4","64249","src\wingman2\pages\DiscoveryPage.tsx.20260806-162243.bak"
"740A2B107C208A8343E65560EFC82FB45004C9E05A82F4B59C8A47CB22AD5A0E","4","38439",".wingman-work\backups\20260811-125215\src\wingman2\lib\productTopology.ts"
"740A2B107C208A8343E65560EFC82FB45004C9E05A82F4B59C8A47CB22AD5A0E","4","38439",".wingman-work\backups\20260811-125346\src\wingman2\lib\productTopology.ts"
"740A2B107C208A8343E65560EFC82FB45004C9E05A82F4B59C8A47CB22AD5A0E","4","38439",".wingman-work\backups\20260811-125821\src\wingman2\lib\productTopology.ts"
"740A2B107C208A8343E65560EFC82FB45004C9E05A82F4B59C8A47CB22AD5A0E","4","38439","src\wingman2\lib\productTopology.ts"
"74B267DBEF4200CE116961F1A8697C61B251F7327ECF31FB375A0EDB9F5ED582","2","2739","archive\_wingman_backup_compare_invalid_sku_guard_20260615-131124\src\main.tsx"
"74B267DBEF4200CE116961F1A8697C61B251F7327ECF31FB375A0EDB9F5ED582","2","2739","archive\_wingman_backup_compare_match_detection_fix_20260615-125107\src\main.tsx"
"75448393AF0F03297A56A4C157C253BABD8ED11AB30468B688992F253A5F16FE","2","15867","_backups\retire-finder-feature-sweep-v4-20260720-085242\files\src\wingman2\lib\productSelectorEngine.ts"
"75448393AF0F03297A56A4C157C253BABD8ED11AB30468B688992F253A5F16FE","2","15867","_backups\retire-finder-feature-sweep-v5-20260720-085648\files\src\wingman2\lib\productSelectorEngine.ts"
"75650D356859B1D935ACC2C6D631097077E7D9DEAA649BA9EA1A6108E8BF2F06","4","2768",".wingman-work\backups\20260811-125215\src\wingman2\lib\projectTopology.test.ts"
"75650D356859B1D935ACC2C6D631097077E7D9DEAA649BA9EA1A6108E8BF2F06","4","2768",".wingman-work\backups\20260811-125346\src\wingman2\lib\projectTopology.test.ts"
"75650D356859B1D935ACC2C6D631097077E7D9DEAA649BA9EA1A6108E8BF2F06","4","2768",".wingman-work\backups\20260811-125821\src\wingman2\lib\projectTopology.test.ts"
"75650D356859B1D935ACC2C6D631097077E7D9DEAA649BA9EA1A6108E8BF2F06","4","2768","src\wingman2\lib\projectTopology.test.ts"
"75B54567F8F052DB2E8DB6C6190CF34997C9F132C90E76D62E885FD6C930FD07","4","3455",".wingman-work\backups\20260811-125215\src\wingman2\pages\discovery\DiscoveryClientDetailsPanel.tsx"
"75B54567F8F052DB2E8DB6C6190CF34997C9F132C90E76D62E885FD6C930FD07","4","3455",".wingman-work\backups\20260811-125346\src\wingman2\pages\discovery\DiscoveryClientDetailsPanel.tsx"
"75B54567F8F052DB2E8DB6C6190CF34997C9F132C90E76D62E885FD6C930FD07","4","3455",".wingman-work\backups\20260811-125821\src\wingman2\pages\discovery\DiscoveryClientDetailsPanel.tsx"
"75B54567F8F052DB2E8DB6C6190CF34997C9F132C90E76D62E885FD6C930FD07","4","3455","src\wingman2\pages\discovery\DiscoveryClientDetailsPanel.tsx"
"7616AAAAADB111417C9063AC91A07FE265506AB5A18F6A2781BD8F9044F127EE","4","51028",".wingman-work\backups\20260811-125215\src\wingman2\lib\roomTemplatesExtra.ts"
"7616AAAAADB111417C9063AC91A07FE265506AB5A18F6A2781BD8F9044F127EE","4","51028",".wingman-work\backups\20260811-125346\src\wingman2\lib\roomTemplatesExtra.ts"
"7616AAAAADB111417C9063AC91A07FE265506AB5A18F6A2781BD8F9044F127EE","4","51028",".wingman-work\backups\20260811-125821\src\wingman2\lib\roomTemplatesExtra.ts"
"7616AAAAADB111417C9063AC91A07FE265506AB5A18F6A2781BD8F9044F127EE","4","51028","src\wingman2\lib\roomTemplatesExtra.ts"
"765CF048B6FB19F414EEF7216F5AC675811727F7E835427E8E515F53691E1FB5","4","5016",".wingman-work\backups\20260811-125215\src\wingman2\data\avGlossary.test.ts"
"765CF048B6FB19F414EEF7216F5AC675811727F7E835427E8E515F53691E1FB5","4","5016",".wingman-work\backups\20260811-125346\src\wingman2\data\avGlossary.test.ts"
"765CF048B6FB19F414EEF7216F5AC675811727F7E835427E8E515F53691E1FB5","4","5016",".wingman-work\backups\20260811-125821\src\wingman2\data\avGlossary.test.ts"
"765CF048B6FB19F414EEF7216F5AC675811727F7E835427E8E515F53691E1FB5","4","5016","src\wingman2\data\avGlossary.test.ts"
"76616C009BF3FAAEA48226F56B791FDAAE754DA6602593FC554B5483C9B9C4B4","4","14818",".wingman-work\backups\20260811-125215\src\wingman2\data\usbTierRules.ts"
"76616C009BF3FAAEA48226F56B791FDAAE754DA6602593FC554B5483C9B9C4B4","4","14818",".wingman-work\backups\20260811-125346\src\wingman2\data\usbTierRules.ts"
"76616C009BF3FAAEA48226F56B791FDAAE754DA6602593FC554B5483C9B9C4B4","4","14818",".wingman-work\backups\20260811-125821\src\wingman2\data\usbTierRules.ts"
"76616C009BF3FAAEA48226F56B791FDAAE754DA6602593FC554B5483C9B9C4B4","4","14818","src\wingman2\data\usbTierRules.ts"
"768875E7C047B485868802D8307D0E39DBEAD3F696236BCDF968E4ACE0DF094B","4","35251",".wingman-work\backups\20260811-125215\src\wingman2\styles\wingman-reference-theme.css.20260724-105435.bak"
"768875E7C047B485868802D8307D0E39DBEAD3F696236BCDF968E4ACE0DF094B","4","35251",".wingman-work\backups\20260811-125346\src\wingman2\styles\wingman-reference-theme.css.20260724-105435.bak"
"768875E7C047B485868802D8307D0E39DBEAD3F696236BCDF968E4ACE0DF094B","4","35251",".wingman-work\backups\20260811-125821\src\wingman2\styles\wingman-reference-theme.css.20260724-105435.bak"
"768875E7C047B485868802D8307D0E39DBEAD3F696236BCDF968E4ACE0DF094B","4","35251","src\wingman2\styles\wingman-reference-theme.css.20260724-105435.bak"
"76CFE1768CCC2AC978670EC5690E5B0E7A981918FD0D68882919F8A53650AD45","4","396853",".wingman-work\backups\20260811-125215\package-lock.json"
"76CFE1768CCC2AC978670EC5690E5B0E7A981918FD0D68882919F8A53650AD45","4","396853",".wingman-work\backups\20260811-125346\package-lock.json"
"76CFE1768CCC2AC978670EC5690E5B0E7A981918FD0D68882919F8A53650AD45","4","396853",".wingman-work\backups\20260811-125821\package-lock.json"
"76CFE1768CCC2AC978670EC5690E5B0E7A981918FD0D68882919F8A53650AD45","4","396853","package-lock.json"
"76D47B21FBEABE18938FEEF41BF1FF0ED1D183B2A78C7D178CB82248278E98F8","3","34408","archive\_wingman_backup_before_css_restore_20260614-200432\DiscoveryPage.tsx.current.bak"
"76D47B21FBEABE18938FEEF41BF1FF0ED1D183B2A78C7D178CB82248278E98F8","3","34408","archive\_wingman_backup_discovery_hero_cleanup_20260614-200310\DiscoveryPage.tsx.bak"
"76D47B21FBEABE18938FEEF41BF1FF0ED1D183B2A78C7D178CB82248278E98F8","3","34408","archive\_wingman_backup_discovery_marker_20260614-201125\DiscoveryPage.tsx.bak"
"76E91C7E2B34A30039091078CE25228210B94CD9642A451A3582B00959675E2D","4","2754",".wingman-work\backups\20260811-125215\src\wingman2\lib\runtimeTelemetry.test.ts"
"76E91C7E2B34A30039091078CE25228210B94CD9642A451A3582B00959675E2D","4","2754",".wingman-work\backups\20260811-125346\src\wingman2\lib\runtimeTelemetry.test.ts"
"76E91C7E2B34A30039091078CE25228210B94CD9642A451A3582B00959675E2D","4","2754",".wingman-work\backups\20260811-125821\src\wingman2\lib\runtimeTelemetry.test.ts"
"76E91C7E2B34A30039091078CE25228210B94CD9642A451A3582B00959675E2D","4","2754","src\wingman2\lib\runtimeTelemetry.test.ts"
"771E07A73888FD633AA8F9CFE84C0A8965429A4A723D6E41F1D2C3AA5E588247","4","80953",".wingman-work\backups\20260811-125215\src\wingman2\pages\DiscoveryPage.tsx.20260713-173326.bak"
"771E07A73888FD633AA8F9CFE84C0A8965429A4A723D6E41F1D2C3AA5E588247","4","80953",".wingman-work\backups\20260811-125346\src\wingman2\pages\DiscoveryPage.tsx.20260713-173326.bak"
"771E07A73888FD633AA8F9CFE84C0A8965429A4A723D6E41F1D2C3AA5E588247","4","80953",".wingman-work\backups\20260811-125821\src\wingman2\pages\DiscoveryPage.tsx.20260713-173326.bak"
"771E07A73888FD633AA8F9CFE84C0A8965429A4A723D6E41F1D2C3AA5E588247","4","80953","src\wingman2\pages\DiscoveryPage.tsx.20260713-173326.bak"
"77AF3B9DA608A729A20FF607AB7893615EDD0CDE92A77ED29A8879D956735558","2","700083",".wingman-backups\templates-action-placement-20260710-215328\wingman-style-stack.css"
"77AF3B9DA608A729A20FF607AB7893615EDD0CDE92A77ED29A8879D956735558","2","700083",".wingman-backups\templates-page-refocus-20260710-214915\wingman-style-stack.css"
"7807F9C5481CD74BEDE45E12B56414D930A823525E920139D81F550753A88546","4","3956",".wingman-work\backups\20260811-125215\src\wingman2\components\compare\CompareProofTable.tsx"
"7807F9C5481CD74BEDE45E12B56414D930A823525E920139D81F550753A88546","4","3956",".wingman-work\backups\20260811-125346\src\wingman2\components\compare\CompareProofTable.tsx"
"7807F9C5481CD74BEDE45E12B56414D930A823525E920139D81F550753A88546","4","3956",".wingman-work\backups\20260811-125821\src\wingman2\components\compare\CompareProofTable.tsx"
"7807F9C5481CD74BEDE45E12B56414D930A823525E920139D81F550753A88546","4","3956","src\wingman2\components\compare\CompareProofTable.tsx"
"7809F748F682E64A6FC8C5E230233FC594E20081802EBFDBBB6AB47F65212BFE","2","9068","archive\repo-cleanup-20260709-050830\root-backups\_wingman_backup_home_navhub_reset_20260630-134327\src\wingman2\pages\DashboardPage.tsx"
"7809F748F682E64A6FC8C5E230233FC594E20081802EBFDBBB6AB47F65212BFE","2","9068","archive\repo-cleanup-20260709-050830\root-backups\_wingman_backup_home_shared_css_20260630-134642\src\wingman2\pages\DashboardPage.tsx"
"78B8337B97318425A633BB8B0AF4701A96BE497B3ACB646CC78CDC4D55894E01","3","7922","_backups\retire-finder-feature-sweep-v3-20260720-084642\files\tools\audit-recommendation-accuracy-priority3.mjs"
"78B8337B97318425A633BB8B0AF4701A96BE497B3ACB646CC78CDC4D55894E01","3","7922","_backups\retire-finder-feature-sweep-v4-20260720-085242\files\tools\audit-recommendation-accuracy-priority3.mjs"
"78B8337B97318425A633BB8B0AF4701A96BE497B3ACB646CC78CDC4D55894E01","3","7922","_backups\retire-finder-feature-sweep-v5-20260720-085648\files\tools\audit-recommendation-accuracy-priority3.mjs"
"78E6C956D03711A01459BE668FF00936C6C89578F9D4548239B79AEEF0FFF234","2","172792","src\wingman2\styles\wingman-workflow-theme.css.20260811-134046.bak"
"78E6C956D03711A01459BE668FF00936C6C89578F9D4548239B79AEEF0FFF234","2","172792","src\wingman2\styles\wingman-workflow-theme.css.20260811-135347.bak"
"7902767948D606BE98AEE7CD7B63F80E16DDE0548D734CD3B2D9E2FF22EF32AE","4","2129",".wingman-work\backups\20260811-125215\src\wingman2\lib\wyrestormProductLifecycle.test.ts"
"7902767948D606BE98AEE7CD7B63F80E16DDE0548D734CD3B2D9E2FF22EF32AE","4","2129",".wingman-work\backups\20260811-125346\src\wingman2\lib\wyrestormProductLifecycle.test.ts"
"7902767948D606BE98AEE7CD7B63F80E16DDE0548D734CD3B2D9E2FF22EF32AE","4","2129",".wingman-work\backups\20260811-125821\src\wingman2\lib\wyrestormProductLifecycle.test.ts"
"7902767948D606BE98AEE7CD7B63F80E16DDE0548D734CD3B2D9E2FF22EF32AE","4","2129","src\wingman2\lib\wyrestormProductLifecycle.test.ts"
"7913C5C5DAFBBC46A40073F119D1166B2B98314B2BFAF6C3D911A5CEC619E1B4","4","15210",".wingman-work\backups\20260811-125215\src\__tests__\competitorMatchEngine.test.ts"
"7913C5C5DAFBBC46A40073F119D1166B2B98314B2BFAF6C3D911A5CEC619E1B4","4","15210",".wingman-work\backups\20260811-125346\src\__tests__\competitorMatchEngine.test.ts"
"7913C5C5DAFBBC46A40073F119D1166B2B98314B2BFAF6C3D911A5CEC619E1B4","4","15210",".wingman-work\backups\20260811-125821\src\__tests__\competitorMatchEngine.test.ts"
"7913C5C5DAFBBC46A40073F119D1166B2B98314B2BFAF6C3D911A5CEC619E1B4","4","15210","src\__tests__\competitorMatchEngine.test.ts"
"793D2239B842DEECFFD0C64379F3E418F445592C69D5502B4F092FDED95FAC25","4","4342",".wingman-work\backups\20260811-125215\src\wingman2\lib\productFamilyShortlistRanking.ts"
"793D2239B842DEECFFD0C64379F3E418F445592C69D5502B4F092FDED95FAC25","4","4342",".wingman-work\backups\20260811-125346\src\wingman2\lib\productFamilyShortlistRanking.ts"
"793D2239B842DEECFFD0C64379F3E418F445592C69D5502B4F092FDED95FAC25","4","4342",".wingman-work\backups\20260811-125821\src\wingman2\lib\productFamilyShortlistRanking.ts"
"793D2239B842DEECFFD0C64379F3E418F445592C69D5502B4F092FDED95FAC25","4","4342","src\wingman2\lib\productFamilyShortlistRanking.ts"
"79763688CD43018C4A57641A5A6B9B47304DA5CC1BE2344596489678C64D1489","4","591",".wingman-work\backups\20260811-125215\src\wingman2\pages\DiscoveryPage.resume.test.ts"
"79763688CD43018C4A57641A5A6B9B47304DA5CC1BE2344596489678C64D1489","4","591",".wingman-work\backups\20260811-125346\src\wingman2\pages\DiscoveryPage.resume.test.ts"
"79763688CD43018C4A57641A5A6B9B47304DA5CC1BE2344596489678C64D1489","4","591",".wingman-work\backups\20260811-125821\src\wingman2\pages\DiscoveryPage.resume.test.ts"
"79763688CD43018C4A57641A5A6B9B47304DA5CC1BE2344596489678C64D1489","4","591","src\wingman2\pages\DiscoveryPage.resume.test.ts"
"797FACD7A8EF73F54EFAE5A0198AC85B4481A1F8CEF3C8FE8E61CAADE59C1C0C","4","1881",".wingman-work\backups\20260811-125215\src\main.tsx.20260724-085018.bak"
"797FACD7A8EF73F54EFAE5A0198AC85B4481A1F8CEF3C8FE8E61CAADE59C1C0C","4","1881",".wingman-work\backups\20260811-125346\src\main.tsx.20260724-085018.bak"
"797FACD7A8EF73F54EFAE5A0198AC85B4481A1F8CEF3C8FE8E61CAADE59C1C0C","4","1881",".wingman-work\backups\20260811-125821\src\main.tsx.20260724-085018.bak"
"797FACD7A8EF73F54EFAE5A0198AC85B4481A1F8CEF3C8FE8E61CAADE59C1C0C","4","1881","src\main.tsx.20260724-085018.bak"
"7B293E27F575D8F232E46E20ACEA1B0C6AC98C7DE081F47425D8FCFAC7F80D33","4","4953",".wingman-work\backups\20260811-125215\src\wingman2\lib\discoveryTemplateHandoff.ts"
"7B293E27F575D8F232E46E20ACEA1B0C6AC98C7DE081F47425D8FCFAC7F80D33","4","4953",".wingman-work\backups\20260811-125346\src\wingman2\lib\discoveryTemplateHandoff.ts"
"7B293E27F575D8F232E46E20ACEA1B0C6AC98C7DE081F47425D8FCFAC7F80D33","4","4953",".wingman-work\backups\20260811-125821\src\wingman2\lib\discoveryTemplateHandoff.ts"
"7B293E27F575D8F232E46E20ACEA1B0C6AC98C7DE081F47425D8FCFAC7F80D33","4","4953","src\wingman2\lib\discoveryTemplateHandoff.ts"
"7B5205953C8A1DB28FFA331F76D6D25F30C807B66B8FDFB6A4CB6E7C71C4A7DB","4","53242","backups\compare-sku-workspace-20260713-182648\wingman-workflow-theme.css.bak"
"7B5205953C8A1DB28FFA331F76D6D25F30C807B66B8FDFB6A4CB6E7C71C4A7DB","4","53242","backups\compare-sku-workspace-20260713-182813\wingman-workflow-theme.css.bak"
"7B5205953C8A1DB28FFA331F76D6D25F30C807B66B8FDFB6A4CB6E7C71C4A7DB","4","53242","backups\compare-sku-workspace-20260713-183431\wingman-workflow-theme.css.bak"
"7B5205953C8A1DB28FFA331F76D6D25F30C807B66B8FDFB6A4CB6E7C71C4A7DB","4","53242","backups\compare-step-rail-20260713-182533\wingman-workflow-theme.css.bak"
"7BAB6A0335B301C7CE1F9CF18B7E6356495CDA56C71871E1D7A432D31A7C9E9B","2","6749","archive\_wingman_backup_guru_single_instance_20260614-063825\src\wingman2\lib\rigorousCompare.ts"
"7BAB6A0335B301C7CE1F9CF18B7E6356495CDA56C71871E1D7A432D31A7C9E9B","2","6749","reports\compare-engine-audit-20260613-105112\src_wingman2_lib_rigorousCompare.ts.full.txt"
"7C223CE7AA3E47BA37DAF95EA18A8108322DD4D1A2978A3278BFF2577331CD61","4","2299",".wingman-work\backups\20260811-125215\src\wingman2\lib\compareResolution.ts"
"7C223CE7AA3E47BA37DAF95EA18A8108322DD4D1A2978A3278BFF2577331CD61","4","2299",".wingman-work\backups\20260811-125346\src\wingman2\lib\compareResolution.ts"
"7C223CE7AA3E47BA37DAF95EA18A8108322DD4D1A2978A3278BFF2577331CD61","4","2299",".wingman-work\backups\20260811-125821\src\wingman2\lib\compareResolution.ts"
"7C223CE7AA3E47BA37DAF95EA18A8108322DD4D1A2978A3278BFF2577331CD61","4","2299","src\wingman2\lib\compareResolution.ts"
"7C4C0E7424664B2B78A52C74347D6E907854626635C5FD16DF6BC1A677954E7E","2","1903","archive\repo-cleanup-20260709-050830\root-backups\_wingman_backup_home_navhub_shared_ui_20260630-141354\tools\check-dashboard-visual-correction.mjs"
"7C4C0E7424664B2B78A52C74347D6E907854626635C5FD16DF6BC1A677954E7E","2","1903","archive\repo-cleanup-20260709-050830\root-backups\_wingman_backup_navhub_density_20260630-141138\tools\check-dashboard-visual-correction.mjs"
"7C8C3DFC0CDD370D44932828EB067EF771C8FE7996693221D5D4B90AF6D54F2D","4","166",".wingman-work\backups\20260811-125215\src\lib\utils.ts"
"7C8C3DFC0CDD370D44932828EB067EF771C8FE7996693221D5D4B90AF6D54F2D","4","166",".wingman-work\backups\20260811-125346\src\lib\utils.ts"
"7C8C3DFC0CDD370D44932828EB067EF771C8FE7996693221D5D4B90AF6D54F2D","4","166",".wingman-work\backups\20260811-125821\src\lib\utils.ts"
"7C8C3DFC0CDD370D44932828EB067EF771C8FE7996693221D5D4B90AF6D54F2D","4","166","src\lib\utils.ts"
"7D394FBB2B0847B03D2F4A4C09D2712FCBA4C1FAEFFA167E1710EFF4B5923441","4","12264",".wingman-work\backups\20260811-125215\src\wingman2\lib\salesReadiness.ts"
"7D394FBB2B0847B03D2F4A4C09D2712FCBA4C1FAEFFA167E1710EFF4B5923441","4","12264",".wingman-work\backups\20260811-125346\src\wingman2\lib\salesReadiness.ts"
"7D394FBB2B0847B03D2F4A4C09D2712FCBA4C1FAEFFA167E1710EFF4B5923441","4","12264",".wingman-work\backups\20260811-125821\src\wingman2\lib\salesReadiness.ts"
"7D394FBB2B0847B03D2F4A4C09D2712FCBA4C1FAEFFA167E1710EFF4B5923441","4","12264","src\wingman2\lib\salesReadiness.ts"
"7DA3D7149DDE1112941FC73FA29A39E08BFD55162F18C9A2C3F0FFAA6BED051B","2","4238","_backups\retire-finder-feature-sweep-v4-20260720-085242\transaction.json"
"7DA3D7149DDE1112941FC73FA29A39E08BFD55162F18C9A2C3F0FFAA6BED051B","2","4238","_backups\retire-finder-feature-sweep-v5-20260720-085648\transaction.json"
"7DADC0C5125741D631AD53357251752E01629396DD48EA5BF8295EA6ABA36814","4","1837",".wingman-work\backups\20260811-125215\src\wingman2\lib\compareSpecEngine.mediaIndex.test.ts"
"7DADC0C5125741D631AD53357251752E01629396DD48EA5BF8295EA6ABA36814","4","1837",".wingman-work\backups\20260811-125346\src\wingman2\lib\compareSpecEngine.mediaIndex.test.ts"
"7DADC0C5125741D631AD53357251752E01629396DD48EA5BF8295EA6ABA36814","4","1837",".wingman-work\backups\20260811-125821\src\wingman2\lib\compareSpecEngine.mediaIndex.test.ts"
"7DADC0C5125741D631AD53357251752E01629396DD48EA5BF8295EA6ABA36814","4","1837","src\wingman2\lib\compareSpecEngine.mediaIndex.test.ts"
"7DEE6D5094146ED106D9C915DEC83B4BAFDAF940F011E29223353A52C7DB0D7C","2","51903","archive\_wingman_backup_guru_single_instance_20260614-063825\src\wingman2\data\projectStore.ts"
"7DEE6D5094146ED106D9C915DEC83B4BAFDAF940F011E29223353A52C7DB0D7C","2","51903","archive\_wingman_backup_projectstore_timer_fix_20260614-084550\projectStore.ts"
"7DEFED8734A3BA566C6E9D171BCB0E9AA49E0360F504011A72883F487CD3CB20","4","6052",".wingman-work\backups\20260811-125215\src\wingman2\lib\discoverySystemDesign.test.ts"
"7DEFED8734A3BA566C6E9D171BCB0E9AA49E0360F504011A72883F487CD3CB20","4","6052",".wingman-work\backups\20260811-125346\src\wingman2\lib\discoverySystemDesign.test.ts"
"7DEFED8734A3BA566C6E9D171BCB0E9AA49E0360F504011A72883F487CD3CB20","4","6052",".wingman-work\backups\20260811-125821\src\wingman2\lib\discoverySystemDesign.test.ts"
"7DEFED8734A3BA566C6E9D171BCB0E9AA49E0360F504011A72883F487CD3CB20","4","6052","src\wingman2\lib\discoverySystemDesign.test.ts"
"7EAA9F2F99419207C2B0D44F42B82AD52429226E5D73C517E36ECBAA13D85ADF","4","3717",".wingman-work\backups\20260811-125215\src\wingman2\api\csrf.ts"
"7EAA9F2F99419207C2B0D44F42B82AD52429226E5D73C517E36ECBAA13D85ADF","4","3717",".wingman-work\backups\20260811-125346\src\wingman2\api\csrf.ts"
"7EAA9F2F99419207C2B0D44F42B82AD52429226E5D73C517E36ECBAA13D85ADF","4","3717",".wingman-work\backups\20260811-125821\src\wingman2\api\csrf.ts"
"7EAA9F2F99419207C2B0D44F42B82AD52429226E5D73C517E36ECBAA13D85ADF","4","3717","src\wingman2\api\csrf.ts"
"7F3CBE293856CF6CCE80FB0EC1EF78DE4050F82ED822B9F7AAADE3D2EDA4F5D9","4","2348",".wingman-work\backups\20260811-125215\src\wingman2\data\productMedia.ts"
"7F3CBE293856CF6CCE80FB0EC1EF78DE4050F82ED822B9F7AAADE3D2EDA4F5D9","4","2348",".wingman-work\backups\20260811-125346\src\wingman2\data\productMedia.ts"
"7F3CBE293856CF6CCE80FB0EC1EF78DE4050F82ED822B9F7AAADE3D2EDA4F5D9","4","2348",".wingman-work\backups\20260811-125821\src\wingman2\data\productMedia.ts"
"7F3CBE293856CF6CCE80FB0EC1EF78DE4050F82ED822B9F7AAADE3D2EDA4F5D9","4","2348","src\wingman2\data\productMedia.ts"
"7F5E7DCB9E6C90F574C43E5BAE1326E631E25C149CD01FA0037EDE0A792EF2E9","4","4929",".wingman-work\backups\20260811-125215\src\wingman2\lib\guruDetachedPanel.ts"
"7F5E7DCB9E6C90F574C43E5BAE1326E631E25C149CD01FA0037EDE0A792EF2E9","4","4929",".wingman-work\backups\20260811-125346\src\wingman2\lib\guruDetachedPanel.ts"
"7F5E7DCB9E6C90F574C43E5BAE1326E631E25C149CD01FA0037EDE0A792EF2E9","4","4929",".wingman-work\backups\20260811-125821\src\wingman2\lib\guruDetachedPanel.ts"
"7F5E7DCB9E6C90F574C43E5BAE1326E631E25C149CD01FA0037EDE0A792EF2E9","4","4929","src\wingman2\lib\guruDetachedPanel.ts"
"7F7F60E54B07888C848CCBDC794676B2FC41DB9D61A54BAD7BD9EE9D12740764","4","881",".wingman-work\backups\20260811-125215\src\__tests__\visualDesignGeneratedSchematic.test.tsx"
"7F7F60E54B07888C848CCBDC794676B2FC41DB9D61A54BAD7BD9EE9D12740764","4","881",".wingman-work\backups\20260811-125346\src\__tests__\visualDesignGeneratedSchematic.test.tsx"
"7F7F60E54B07888C848CCBDC794676B2FC41DB9D61A54BAD7BD9EE9D12740764","4","881",".wingman-work\backups\20260811-125821\src\__tests__\visualDesignGeneratedSchematic.test.tsx"
"7F7F60E54B07888C848CCBDC794676B2FC41DB9D61A54BAD7BD9EE9D12740764","4","881","src\__tests__\visualDesignGeneratedSchematic.test.tsx"
"7FC2F4002B19BDB3EA98F597BF487ADE781788A47FC1CB5CDE8CA702873F8868","4","17193",".wingman-work\backups\20260811-125215\src\wingman2\components\HubCardArt.tsx"
"7FC2F4002B19BDB3EA98F597BF487ADE781788A47FC1CB5CDE8CA702873F8868","4","17193",".wingman-work\backups\20260811-125346\src\wingman2\components\HubCardArt.tsx"
"7FC2F4002B19BDB3EA98F597BF487ADE781788A47FC1CB5CDE8CA702873F8868","4","17193",".wingman-work\backups\20260811-125821\src\wingman2\components\HubCardArt.tsx"
"7FC2F4002B19BDB3EA98F597BF487ADE781788A47FC1CB5CDE8CA702873F8868","4","17193","src\wingman2\components\HubCardArt.tsx"
"80123456D6DCEFCAF84A967284E79A30C352C52B722D66F808DB05E7BA76247A","4","12784",".wingman-work\backups\20260811-125215\src\wingman2\lib\visioExport.ts"
"80123456D6DCEFCAF84A967284E79A30C352C52B722D66F808DB05E7BA76247A","4","12784",".wingman-work\backups\20260811-125346\src\wingman2\lib\visioExport.ts"
"80123456D6DCEFCAF84A967284E79A30C352C52B722D66F808DB05E7BA76247A","4","12784",".wingman-work\backups\20260811-125821\src\wingman2\lib\visioExport.ts"
"80123456D6DCEFCAF84A967284E79A30C352C52B722D66F808DB05E7BA76247A","4","12784","src\wingman2\lib\visioExport.ts"
"8055D04504EA8BE3DF12905300F73D621BB1C1EEF0C1A22F39AC103040342318","4","10089",".wingman-work\backups\20260811-125215\src\wingman2\lib\productCallCardClassification.test.ts"
"8055D04504EA8BE3DF12905300F73D621BB1C1EEF0C1A22F39AC103040342318","4","10089",".wingman-work\backups\20260811-125346\src\wingman2\lib\productCallCardClassification.test.ts"
"8055D04504EA8BE3DF12905300F73D621BB1C1EEF0C1A22F39AC103040342318","4","10089",".wingman-work\backups\20260811-125821\src\wingman2\lib\productCallCardClassification.test.ts"
"8055D04504EA8BE3DF12905300F73D621BB1C1EEF0C1A22F39AC103040342318","4","10089","src\wingman2\lib\productCallCardClassification.test.ts"
"8103D5A9C1BA5EFB389841B7BE4D0BCD2FC52CD82115BE1473ED4C252D2167AE","4","11943",".wingman-work\backups\20260811-125215\src\wingman2\components\WingmanGuruFab.tsx.20260714-133506.bak"
"8103D5A9C1BA5EFB389841B7BE4D0BCD2FC52CD82115BE1473ED4C252D2167AE","4","11943",".wingman-work\backups\20260811-125346\src\wingman2\components\WingmanGuruFab.tsx.20260714-133506.bak"
"8103D5A9C1BA5EFB389841B7BE4D0BCD2FC52CD82115BE1473ED4C252D2167AE","4","11943",".wingman-work\backups\20260811-125821\src\wingman2\components\WingmanGuruFab.tsx.20260714-133506.bak"
"8103D5A9C1BA5EFB389841B7BE4D0BCD2FC52CD82115BE1473ED4C252D2167AE","4","11943","src\wingman2\components\WingmanGuruFab.tsx.20260714-133506.bak"
"8182BA2990C81E22617E743425CFFC1DA5E172FC4A9D5E33C26EE9A4B9F9E2AA","2","10939","_backups\retire-finder-feature-sweep-v4-20260720-085242\files\src\wingman2\pages\DashboardPage.tsx"
"8182BA2990C81E22617E743425CFFC1DA5E172FC4A9D5E33C26EE9A4B9F9E2AA","2","10939","_backups\retire-finder-feature-sweep-v5-20260720-085648\files\src\wingman2\pages\DashboardPage.tsx"
"81B3013C2654761F408699C97BEF2D671BBC1CF67B9189EE86C4D97757738C95","2","34518","archive\_wingman_backup_product_suppression_fix_20260615-135005\src\wingman2\lib\compareEligibilityEngine.ts"
"81B3013C2654761F408699C97BEF2D671BBC1CF67B9189EE86C4D97757738C95","2","34518","archive\_wingman_backup_suppressed_discontinued_products_20260615-134506\src\wingman2\lib\compareEligibilityEngine.ts"
"83751BDA1ECF9ACC5268828505A202C1DB68DF9C769AA4762503D6D2522C4037","2","23373","archive\_wingman_backup_compare_candidate_gate_handlers_20260614-122857\ComparePageNew.tsx"
"83751BDA1ECF9ACC5268828505A202C1DB68DF9C769AA4762503D6D2522C4037","2","23373","archive\_wingman_backup_compare_usecallback_handlers_20260614-123354\ComparePageNew.tsx"
"8402D9D7441F5A301D59C72E7E60C94B18F1D796A20376D04D3917AE8C3FEB0A","3","9887","_backups\retire-finder-feature-sweep-v3-20260720-084642\files\src\wingman2\lib\salesReadiness.ts"
"8402D9D7441F5A301D59C72E7E60C94B18F1D796A20376D04D3917AE8C3FEB0A","3","9887","_backups\retire-finder-feature-sweep-v4-20260720-085242\files\src\wingman2\lib\salesReadiness.ts"
"8402D9D7441F5A301D59C72E7E60C94B18F1D796A20376D04D3917AE8C3FEB0A","3","9887","_backups\retire-finder-feature-sweep-v5-20260720-085648\files\src\wingman2\lib\salesReadiness.ts"
"842084257043E69D04018BC98FAF0EA21A71BFB849A2A8316C5B5CD9241CBB66","4","40925",".wingman-work\backups\20260811-125215\src\wingman2\lib\diagramTemplates.ts"
"842084257043E69D04018BC98FAF0EA21A71BFB849A2A8316C5B5CD9241CBB66","4","40925",".wingman-work\backups\20260811-125346\src\wingman2\lib\diagramTemplates.ts"
"842084257043E69D04018BC98FAF0EA21A71BFB849A2A8316C5B5CD9241CBB66","4","40925",".wingman-work\backups\20260811-125821\src\wingman2\lib\diagramTemplates.ts"
"842084257043E69D04018BC98FAF0EA21A71BFB849A2A8316C5B5CD9241CBB66","4","40925","src\wingman2\lib\diagramTemplates.ts"
"8481141AA71F4E3D25C309837490E8D4AE6035A49FE745A20DD86F2F21A5A2D7","3","1331","_backups\retire-finder-feature-sweep-v3-20260720-084642\files\src\__tests__\productIntelligenceIndexCacheUsage.test.ts"
"8481141AA71F4E3D25C309837490E8D4AE6035A49FE745A20DD86F2F21A5A2D7","3","1331","_backups\retire-finder-feature-sweep-v4-20260720-085242\files\src\__tests__\productIntelligenceIndexCacheUsage.test.ts"
"8481141AA71F4E3D25C309837490E8D4AE6035A49FE745A20DD86F2F21A5A2D7","3","1331","_backups\retire-finder-feature-sweep-v5-20260720-085648\files\src\__tests__\productIntelligenceIndexCacheUsage.test.ts"
"85F9DFAE56792A50EF0F991A18F3322A60CE0607F5C7729F4D709B69772A4DFA","2","3973","archive\_wingman_backup_guru_single_instance_20260614-063825\src\wingman2\domain\productMatching\text.ts"
"85F9DFAE56792A50EF0F991A18F3322A60CE0607F5C7729F4D709B69772A4DFA","2","3973","archive\_wingman_backup_guru_single_instance_20260614-063825\src\wingman2\productMatching\text.ts"
"86D1281B3D1D38203E5AB30955964FD03C6E1C5F567C4B9E4D3CEA94417EF37D","3","54951","_backups\retire-finder-feature-sweep-v3-20260720-084642\files\src\__tests__\projectStore.test.ts"
"86D1281B3D1D38203E5AB30955964FD03C6E1C5F567C4B9E4D3CEA94417EF37D","3","54951","_backups\retire-finder-feature-sweep-v4-20260720-085242\files\src\__tests__\projectStore.test.ts"
"86D1281B3D1D38203E5AB30955964FD03C6E1C5F567C4B9E4D3CEA94417EF37D","3","54951","_backups\retire-finder-feature-sweep-v5-20260720-085648\files\src\__tests__\projectStore.test.ts"
"876D7302681C09B7E7970D35CA140464996640B9C94E52561158F0B583B2CCD6","3","5375","_backups\retire-finder-feature-sweep-v3-20260720-084642\files\tools\check-wingman-page-markup-migration.mjs"
"876D7302681C09B7E7970D35CA140464996640B9C94E52561158F0B583B2CCD6","3","5375","_backups\retire-finder-feature-sweep-v4-20260720-085242\files\tools\check-wingman-page-markup-migration.mjs"
"876D7302681C09B7E7970D35CA140464996640B9C94E52561158F0B583B2CCD6","3","5375","_backups\retire-finder-feature-sweep-v5-20260720-085648\files\tools\check-wingman-page-markup-migration.mjs"
"8876CF1D1A16EC442D6F40372D384C2328E9C663B201505F68CFD298A46C5C65","4","5055",".wingman-work\backups\20260811-125215\src\wingman2\lib\competitorLandscape.ts"
"8876CF1D1A16EC442D6F40372D384C2328E9C663B201505F68CFD298A46C5C65","4","5055",".wingman-work\backups\20260811-125346\src\wingman2\lib\competitorLandscape.ts"
"8876CF1D1A16EC442D6F40372D384C2328E9C663B201505F68CFD298A46C5C65","4","5055",".wingman-work\backups\20260811-125821\src\wingman2\lib\competitorLandscape.ts"
"8876CF1D1A16EC442D6F40372D384C2328E9C663B201505F68CFD298A46C5C65","4","5055","src\wingman2\lib\competitorLandscape.ts"
"88B3C0B4928F033EE7D0BCD6E86D39FC750B863FAF6EA90A9CEAFBC043D26342","4","18696",".wingman-work\backups\20260811-125215\src\__tests__\productPitchWorkflowRendered.test.tsx"
"88B3C0B4928F033EE7D0BCD6E86D39FC750B863FAF6EA90A9CEAFBC043D26342","4","18696",".wingman-work\backups\20260811-125346\src\__tests__\productPitchWorkflowRendered.test.tsx"
"88B3C0B4928F033EE7D0BCD6E86D39FC750B863FAF6EA90A9CEAFBC043D26342","4","18696",".wingman-work\backups\20260811-125821\src\__tests__\productPitchWorkflowRendered.test.tsx"
"88B3C0B4928F033EE7D0BCD6E86D39FC750B863FAF6EA90A9CEAFBC043D26342","4","18696","src\__tests__\productPitchWorkflowRendered.test.tsx"
"893EDBFCB0F35A1FACCDB23B650FC276637195149B72FA36B0F42721B8378B3E","4","740",".wingman-work\backups\20260811-125215\src\wingman2\lib\productCallCardText.ts"
"893EDBFCB0F35A1FACCDB23B650FC276637195149B72FA36B0F42721B8378B3E","4","740",".wingman-work\backups\20260811-125346\src\wingman2\lib\productCallCardText.ts"
"893EDBFCB0F35A1FACCDB23B650FC276637195149B72FA36B0F42721B8378B3E","4","740",".wingman-work\backups\20260811-125821\src\wingman2\lib\productCallCardText.ts"
"893EDBFCB0F35A1FACCDB23B650FC276637195149B72FA36B0F42721B8378B3E","4","740","src\wingman2\lib\productCallCardText.ts"
"894E99EEB5423D47B5AABADCBFAF2709B0A9D1EDDEFE1EEE16C8CA9FB36A8BD5","2","923665","archive\_src_inline_backups\src\wingman2\styles\wingman-style-stack.css.bak-guru-message-contrast-20260622-201011"
"894E99EEB5423D47B5AABADCBFAF2709B0A9D1EDDEFE1EEE16C8CA9FB36A8BD5","2","923665","archive\_src_inline_backups\src\wingman2\styles\wingman-style-stack.css.bak-guru-single-column-20260622-194236"
"89520AA6DE637A70C2F6D7C9E49D91DFA9ABD8C43CCABF6538B83E812CA1D8E6","4","9438",".wingman-work\backups\20260811-125215\src\wingman2\lib\competitorMatchDecisionLedger.ts"
"89520AA6DE637A70C2F6D7C9E49D91DFA9ABD8C43CCABF6538B83E812CA1D8E6","4","9438",".wingman-work\backups\20260811-125346\src\wingman2\lib\competitorMatchDecisionLedger.ts"
"89520AA6DE637A70C2F6D7C9E49D91DFA9ABD8C43CCABF6538B83E812CA1D8E6","4","9438",".wingman-work\backups\20260811-125821\src\wingman2\lib\competitorMatchDecisionLedger.ts"
"89520AA6DE637A70C2F6D7C9E49D91DFA9ABD8C43CCABF6538B83E812CA1D8E6","4","9438","src\wingman2\lib\competitorMatchDecisionLedger.ts"
"8971DB20BBF822F1594FAE3BDF569F8429E51C1A3285DC16609731B85FE2C42F","2","4111","archive\_wingman_backup_unreferenced_src_modules_20260710-104753\src\wingman2\domain\productMatching\text.ts"
"8971DB20BBF822F1594FAE3BDF569F8429E51C1A3285DC16609731B85FE2C42F","2","4111","archive\_wingman_backup_unreferenced_src_modules_20260710-104753\src\wingman2\productMatching\text.ts"
"897C2022CF1E93A801D47571E045EEC578591A0DF60F401F5112AB08E200B175","4","71934",".wingman-work\backups\20260811-125215\src\wingman2\lib\productStoryEngine.ts"
"897C2022CF1E93A801D47571E045EEC578591A0DF60F401F5112AB08E200B175","4","71934",".wingman-work\backups\20260811-125346\src\wingman2\lib\productStoryEngine.ts"
"897C2022CF1E93A801D47571E045EEC578591A0DF60F401F5112AB08E200B175","4","71934",".wingman-work\backups\20260811-125821\src\wingman2\lib\productStoryEngine.ts"
"897C2022CF1E93A801D47571E045EEC578591A0DF60F401F5112AB08E200B175","4","71934","src\wingman2\lib\productStoryEngine.ts"
"8AD3B45A85DA860E94EF8F49DB6571731E531ECFB4741253735CBC02254FA9F1","4","9901",".wingman-work\backups\20260811-125215\src\wingman2\lib\visualStudioDiagramFactory.ts"
"8AD3B45A85DA860E94EF8F49DB6571731E531ECFB4741253735CBC02254FA9F1","4","9901",".wingman-work\backups\20260811-125346\src\wingman2\lib\visualStudioDiagramFactory.ts"
"8AD3B45A85DA860E94EF8F49DB6571731E531ECFB4741253735CBC02254FA9F1","4","9901",".wingman-work\backups\20260811-125821\src\wingman2\lib\visualStudioDiagramFactory.ts"
"8AD3B45A85DA860E94EF8F49DB6571731E531ECFB4741253735CBC02254FA9F1","4","9901","src\wingman2\lib\visualStudioDiagramFactory.ts"
"8B4FB3F01B52DCBC440CCF14D2B42B25C61E50E33171A1985C259846196C192C","3","10653","_backups\retire-finder-feature-sweep-v3-20260720-084642\files\src\wingman2\lib\schematic\projectToSchematicBrief.ts"
"8B4FB3F01B52DCBC440CCF14D2B42B25C61E50E33171A1985C259846196C192C","3","10653","_backups\retire-finder-feature-sweep-v4-20260720-085242\files\src\wingman2\lib\schematic\projectToSchematicBrief.ts"
"8B4FB3F01B52DCBC440CCF14D2B42B25C61E50E33171A1985C259846196C192C","3","10653","_backups\retire-finder-feature-sweep-v5-20260720-085648\files\src\wingman2\lib\schematic\projectToSchematicBrief.ts"
"8BFAED0DF750CC3AC16F2AD65C0D64AB8303DAB86C58EC37D5E1F2D1525DA68E","3","4279","archive\_wingman_backup_compare_route_lock_20260614-102158\src\wingman2\app\routes.tsx"
"8BFAED0DF750CC3AC16F2AD65C0D64AB8303DAB86C58EC37D5E1F2D1525DA68E","3","4279","archive\_wingman_backup_compare_v5_20260614-102800\src\wingman2\app\routes.tsx"
"8BFAED0DF750CC3AC16F2AD65C0D64AB8303DAB86C58EC37D5E1F2D1525DA68E","3","4279","archive\_wingman_backup_guru_single_instance_20260614-063825\src\wingman2\app\routes.tsx"
"8C1E3944D700BD9214D4477369DA64F8FC330D4E1739BBA112C60FAE7970FE83","4","3607",".wingman-work\backups\20260811-125215\src\__tests__\productFamilyScoreSurfacing.test.ts"
"8C1E3944D700BD9214D4477369DA64F8FC330D4E1739BBA112C60FAE7970FE83","4","3607",".wingman-work\backups\20260811-125346\src\__tests__\productFamilyScoreSurfacing.test.ts"
"8C1E3944D700BD9214D4477369DA64F8FC330D4E1739BBA112C60FAE7970FE83","4","3607",".wingman-work\backups\20260811-125821\src\__tests__\productFamilyScoreSurfacing.test.ts"
"8C1E3944D700BD9214D4477369DA64F8FC330D4E1739BBA112C60FAE7970FE83","4","3607","src\__tests__\productFamilyScoreSurfacing.test.ts"
"8C20675AA77F5D98154616B1109D92674BF6A4BECE9B5001612924A0B273A911","3","9780","backups\visual-studio-viewport-fix-20260712-123722\src\wingman2\components\VisualStudioCanvas.tsx"
"8C20675AA77F5D98154616B1109D92674BF6A4BECE9B5001612924A0B273A911","3","9780","backups\visual-studio-viewport-fix-20260712-123926\src\wingman2\components\VisualStudioCanvas.tsx"
"8C20675AA77F5D98154616B1109D92674BF6A4BECE9B5001612924A0B273A911","3","9780","backups\visual-studio-viewport-fix-20260712-124259\src\wingman2\components\VisualStudioCanvas.tsx"
"8CB9BB61602ABA2E5D89E8E5DFD9AA4178AAF0B38DB792BE0C9F0854AE225B6A","3","3199","_backups\retire-finder-feature-sweep-v3-20260720-084642\files\tools\check-wingman-page-visual-classes.mjs"
"8CB9BB61602ABA2E5D89E8E5DFD9AA4178AAF0B38DB792BE0C9F0854AE225B6A","3","3199","_backups\retire-finder-feature-sweep-v4-20260720-085242\files\tools\check-wingman-page-visual-classes.mjs"
"8CB9BB61602ABA2E5D89E8E5DFD9AA4178AAF0B38DB792BE0C9F0854AE225B6A","3","3199","_backups\retire-finder-feature-sweep-v5-20260720-085648\files\tools\check-wingman-page-visual-classes.mjs"
"8D24351DC34092E59E97485B26AB7B90EF3A3DBC7DF00C68A19FFA3AEC6F11E9","5","29070","archive\_wingman_backup_compare_brand_sku_dropdown_20260614-113339\ComparePageNew.tsx"
"8D24351DC34092E59E97485B26AB7B90EF3A3DBC7DF00C68A19FFA3AEC6F11E9","5","29070","archive\_wingman_backup_compare_typeahead_full_replace_20260614-114456\ComparePageNew.tsx"
"8D24351DC34092E59E97485B26AB7B90EF3A3DBC7DF00C68A19FFA3AEC6F11E9","5","29070","archive\_wingman_backup_compare_typeahead_guard_20260614-113741\ComparePageNew.tsx"
"8D24351DC34092E59E97485B26AB7B90EF3A3DBC7DF00C68A19FFA3AEC6F11E9","5","29070","archive\_wingman_backup_compare_typeahead_guard_v2_20260614-114108\ComparePageNew.tsx"
"8D24351DC34092E59E97485B26AB7B90EF3A3DBC7DF00C68A19FFA3AEC6F11E9","5","29070","archive\_wingman_backup_compare_video_spec_20260614-105333\ComparePageNew.tsx"
"8D5F4BBC7B77C0E22DDCCC30B06CBE61A2124D209BAB752F085130FD3FC96D78","3","11359","_backups\retire-finder-feature-sweep-v3-20260720-084642\files\tools\audit-wingman-engine-routing.mjs"
"8D5F4BBC7B77C0E22DDCCC30B06CBE61A2124D209BAB752F085130FD3FC96D78","3","11359","_backups\retire-finder-feature-sweep-v4-20260720-085242\files\tools\audit-wingman-engine-routing.mjs"
"8D5F4BBC7B77C0E22DDCCC30B06CBE61A2124D209BAB752F085130FD3FC96D78","3","11359","_backups\retire-finder-feature-sweep-v5-20260720-085648\files\tools\audit-wingman-engine-routing.mjs"
"8E8B708BAC58328AB2C79E45E8A44A32D1EA28EFF98359BE3E600603482505FB","4","1294",".wingman-work\backups\20260811-125215\src\wingman2\lib\templateMarkets.ts"
"8E8B708BAC58328AB2C79E45E8A44A32D1EA28EFF98359BE3E600603482505FB","4","1294",".wingman-work\backups\20260811-125346\src\wingman2\lib\templateMarkets.ts"
"8E8B708BAC58328AB2C79E45E8A44A32D1EA28EFF98359BE3E600603482505FB","4","1294",".wingman-work\backups\20260811-125821\src\wingman2\lib\templateMarkets.ts"
"8E8B708BAC58328AB2C79E45E8A44A32D1EA28EFF98359BE3E600603482505FB","4","1294","src\wingman2\lib\templateMarkets.ts"
"8F320D258C8C967C28AAC23CB1280E8BA454A3D2C93FBB42A1C1CEB537266918","4","1013",".wingman-work\backups\20260811-125215\src\wingman2\lib\productIntelligenceIndexCache.test.ts"
"8F320D258C8C967C28AAC23CB1280E8BA454A3D2C93FBB42A1C1CEB537266918","4","1013",".wingman-work\backups\20260811-125346\src\wingman2\lib\productIntelligenceIndexCache.test.ts"
"8F320D258C8C967C28AAC23CB1280E8BA454A3D2C93FBB42A1C1CEB537266918","4","1013",".wingman-work\backups\20260811-125821\src\wingman2\lib\productIntelligenceIndexCache.test.ts"
"8F320D258C8C967C28AAC23CB1280E8BA454A3D2C93FBB42A1C1CEB537266918","4","1013","src\wingman2\lib\productIntelligenceIndexCache.test.ts"
"90AF756C6BD4DA9EF1D98A1F8F07F2EE8475AA6AEC4D43224642FA9EEB6B0126","4","3019",".wingman-work\backups\20260811-125215\src\__tests__\workflowHandoffFinder.test.ts"
"90AF756C6BD4DA9EF1D98A1F8F07F2EE8475AA6AEC4D43224642FA9EEB6B0126","4","3019",".wingman-work\backups\20260811-125346\src\__tests__\workflowHandoffFinder.test.ts"
"90AF756C6BD4DA9EF1D98A1F8F07F2EE8475AA6AEC4D43224642FA9EEB6B0126","4","3019",".wingman-work\backups\20260811-125821\src\__tests__\workflowHandoffFinder.test.ts"
"90AF756C6BD4DA9EF1D98A1F8F07F2EE8475AA6AEC4D43224642FA9EEB6B0126","4","3019","src\__tests__\workflowHandoffFinder.test.ts"
"90C5B46459F2EEAA0A3255D337458E8A1D507808FA043AF1E86FFA4F4602E1AD","2","973492","archive\_src_inline_backups\src\wingman2\styles\wingman-style-stack.css.bak-template-proposal-handoff-20260627-094536"
"90C5B46459F2EEAA0A3255D337458E8A1D507808FA043AF1E86FFA4F4602E1AD","2","973492","archive\_src_inline_backups\src\wingman2\styles\wingman-style-stack.css.bak-template-stage-highlight-20260627-095008"
"90DC03F4CAD6CF321A228F032339A1039D7D94387069906FCFD383E9697CFBD2","4","5756",".wingman-work\backups\20260811-125215\src\wingman2\lib\wyrestormProductLifecycle.ts"
"90DC03F4CAD6CF321A228F032339A1039D7D94387069906FCFD383E9697CFBD2","4","5756",".wingman-work\backups\20260811-125346\src\wingman2\lib\wyrestormProductLifecycle.ts"
"90DC03F4CAD6CF321A228F032339A1039D7D94387069906FCFD383E9697CFBD2","4","5756",".wingman-work\backups\20260811-125821\src\wingman2\lib\wyrestormProductLifecycle.ts"
"90DC03F4CAD6CF321A228F032339A1039D7D94387069906FCFD383E9697CFBD2","4","5756","src\wingman2\lib\wyrestormProductLifecycle.ts"
"90E26AD1C6E9D7D98BA58D840179EDFBBA36CFA64229992B424C4083DA057971","4","19210",".wingman-work\backups\20260811-125215\src\wingman2\data\workflowHandoff.ts"
"90E26AD1C6E9D7D98BA58D840179EDFBBA36CFA64229992B424C4083DA057971","4","19210",".wingman-work\backups\20260811-125346\src\wingman2\data\workflowHandoff.ts"
"90E26AD1C6E9D7D98BA58D840179EDFBBA36CFA64229992B424C4083DA057971","4","19210",".wingman-work\backups\20260811-125821\src\wingman2\data\workflowHandoff.ts"
"90E26AD1C6E9D7D98BA58D840179EDFBBA36CFA64229992B424C4083DA057971","4","19210","src\wingman2\data\workflowHandoff.ts"
"919F425B8BA340D306F14F892C7910C493D3C2A9971548C062C3408B3669E703","4","4013",".wingman-work\backups\20260811-125215\src\wingman2\components\RoomSchematicDiagram.tsx"
"919F425B8BA340D306F14F892C7910C493D3C2A9971548C062C3408B3669E703","4","4013",".wingman-work\backups\20260811-125346\src\wingman2\components\RoomSchematicDiagram.tsx"
"919F425B8BA340D306F14F892C7910C493D3C2A9971548C062C3408B3669E703","4","4013",".wingman-work\backups\20260811-125821\src\wingman2\components\RoomSchematicDiagram.tsx"
"919F425B8BA340D306F14F892C7910C493D3C2A9971548C062C3408B3669E703","4","4013","src\wingman2\components\RoomSchematicDiagram.tsx"
"9211D2695B68259E97D3E0B40A2863ED3CE04167DDEBE6AB8AA95B60A31953BA","4","3186",".wingman-work\backups\20260811-125215\src\wingman2\lib\competitorProductIntelligence.test.ts"
"9211D2695B68259E97D3E0B40A2863ED3CE04167DDEBE6AB8AA95B60A31953BA","4","3186",".wingman-work\backups\20260811-125346\src\wingman2\lib\competitorProductIntelligence.test.ts"
"9211D2695B68259E97D3E0B40A2863ED3CE04167DDEBE6AB8AA95B60A31953BA","4","3186",".wingman-work\backups\20260811-125821\src\wingman2\lib\competitorProductIntelligence.test.ts"
"9211D2695B68259E97D3E0B40A2863ED3CE04167DDEBE6AB8AA95B60A31953BA","4","3186","src\wingman2\lib\competitorProductIntelligence.test.ts"
"9242CC89CADEEE93813AF5952F0BD4CB46DF03D4C8CAABF158A164A99DB3C58D","4","45835",".wingman-work\backups\20260811-125215\src\wingman2\pages\IngestPage.tsx"
"9242CC89CADEEE93813AF5952F0BD4CB46DF03D4C8CAABF158A164A99DB3C58D","4","45835",".wingman-work\backups\20260811-125346\src\wingman2\pages\IngestPage.tsx"
"9242CC89CADEEE93813AF5952F0BD4CB46DF03D4C8CAABF158A164A99DB3C58D","4","45835",".wingman-work\backups\20260811-125821\src\wingman2\pages\IngestPage.tsx"
"9242CC89CADEEE93813AF5952F0BD4CB46DF03D4C8CAABF158A164A99DB3C58D","4","45835","src\wingman2\pages\IngestPage.tsx"
"92A4A518CF5F84FC05D491A8DF2066DB0E4B2209035FD0DF97440DB11009AEF7","3","28053","archive\_wingman_backup_guru_single_instance_20260614-063825\src\wingman2\lib\competitorProductIntelligence.ts"
"92A4A518CF5F84FC05D491A8DF2066DB0E4B2209035FD0DF97440DB11009AEF7","3","28053","reports\compare-engine-audit-20260613-105112\src_wingman2_lib_competitorProductIntelligence.ts.full.txt"
"92A4A518CF5F84FC05D491A8DF2066DB0E4B2209035FD0DF97440DB11009AEF7","3","28053","reports\compare-family-rule-fix-20260613-135725\competitorProductIntelligence.ts.before.txt"
"9327DC55B858836CE79B1BA07D292A08060938159C31E11B69392B7F3F853789","3","8598","archive\_src_inline_backups\src\wingman2\pages\NavigationHubPages.tsx.bak-final-remove-live-call-card-20260627-175027"
"9327DC55B858836CE79B1BA07D292A08060938159C31E11B69392B7F3F853789","3","8598","archive\_src_inline_backups\src\wingman2\pages\NavigationHubPages.tsx.bak-remove-inbound-call-tile-20260627-174725"
"9327DC55B858836CE79B1BA07D292A08060938159C31E11B69392B7F3F853789","3","8598","archive\_src_inline_backups\src\wingman2\pages\NavigationHubPages.tsx.bak-remove-redundant-call-buttons-20260627-153111"
"935D4D2C77A44BABD239E5A5AD877A292E39BFBC56C749C2D0DFC7CAC44810FF","4","4567",".wingman-work\backups\20260811-125215\src\wingman2\lib\competitorMatchDecisionLedger.test.ts"
"935D4D2C77A44BABD239E5A5AD877A292E39BFBC56C749C2D0DFC7CAC44810FF","4","4567",".wingman-work\backups\20260811-125346\src\wingman2\lib\competitorMatchDecisionLedger.test.ts"
"935D4D2C77A44BABD239E5A5AD877A292E39BFBC56C749C2D0DFC7CAC44810FF","4","4567",".wingman-work\backups\20260811-125821\src\wingman2\lib\competitorMatchDecisionLedger.test.ts"
"935D4D2C77A44BABD239E5A5AD877A292E39BFBC56C749C2D0DFC7CAC44810FF","4","4567","src\wingman2\lib\competitorMatchDecisionLedger.test.ts"
"94933D636A444258AA0605012CCC2F90B17598EC72A09A6E87834943DA49A57C","2","775476","archive\_wingman_backup_before_css_cleanup_20260614-195236\wingman-style-stack.css.current.bak"
"94933D636A444258AA0605012CCC2F90B17598EC72A09A6E87834943DA49A57C","2","775476","archive\_wingman_backup_discovery_layout_20260614-194910\wingman-style-stack.css.bak"
"960EF8B51CE200FF73DA130FE4E5A07D53ED6F9B71AF04B4302C71E321E332A9","2","94434","public\template-photos\photo-hybrid-teaching.jpg"
"960EF8B51CE200FF73DA130FE4E5A07D53ED6F9B71AF04B4302C71E321E332A9","2","94434","public\template-photos\photo-school-hall-projector.jpg"
"962A471919895DF21D039B5387083E2F8C13F1BED35DB53FB09ED42233247372","2","34023","archive\_src_inline_backups\src\wingman2\components\TechnicalConnectivitySchematic.tsx.backup-20260710-081932"
"962A471919895DF21D039B5387083E2F8C13F1BED35DB53FB09ED42233247372","2","34023","archive\_src_inline_backups\TechnicalConnectivitySchematic-current.txt"
"96CC366E6BBD26D931ED6493D70D65716A329DF480409312EFAF0BEF290B1CBC","4","1144",".wingman-work\backups\20260811-125215\src\wingman2\lib\productCallCardTypes.ts"
"96CC366E6BBD26D931ED6493D70D65716A329DF480409312EFAF0BEF290B1CBC","4","1144",".wingman-work\backups\20260811-125346\src\wingman2\lib\productCallCardTypes.ts"
"96CC366E6BBD26D931ED6493D70D65716A329DF480409312EFAF0BEF290B1CBC","4","1144",".wingman-work\backups\20260811-125821\src\wingman2\lib\productCallCardTypes.ts"
"96CC366E6BBD26D931ED6493D70D65716A329DF480409312EFAF0BEF290B1CBC","4","1144","src\wingman2\lib\productCallCardTypes.ts"
"990551A865E5E19A4E7F6BA9093461ADC48E81BE8B454E244E240E2C776F9E03","3","9693","backups\react-flow-foundation-20260714-054745\visualStudioDiagramFactory.ts.bak"
"990551A865E5E19A4E7F6BA9093461ADC48E81BE8B454E244E240E2C776F9E03","3","9693","backups\react-flow-foundation-20260714-084703\visualStudioDiagramFactory.ts.bak"
"990551A865E5E19A4E7F6BA9093461ADC48E81BE8B454E244E240E2C776F9E03","3","9693","backups\visual-studio-connectivity-20260714-053745\visualStudioDiagramFactory.ts.bak"
"995BB6C33F9A558BF9B3BCC1DBA517DD2CC3D54067E88F2D23001146EF4AB19C","2","9816","archive\_src_inline_backups\src\wingman2\components\VisualStudioCanvas.tsx.backup-20260710-062527"
"995BB6C33F9A558BF9B3BCC1DBA517DD2CC3D54067E88F2D23001146EF4AB19C","2","9816","archive\_src_inline_backups\src\wingman2\components\VisualStudioCanvas.tsx.backup-20260710-062749"
"99A425AFB3B0DA2983F096491B6A385E680B37C7B943A99995829DEBC6F346F4","4","9348",".wingman-work\backups\20260811-125215\src\wingman2\lib\engineRobustness.test.ts"
"99A425AFB3B0DA2983F096491B6A385E680B37C7B943A99995829DEBC6F346F4","4","9348",".wingman-work\backups\20260811-125346\src\wingman2\lib\engineRobustness.test.ts"
"99A425AFB3B0DA2983F096491B6A385E680B37C7B943A99995829DEBC6F346F4","4","9348",".wingman-work\backups\20260811-125821\src\wingman2\lib\engineRobustness.test.ts"
"99A425AFB3B0DA2983F096491B6A385E680B37C7B943A99995829DEBC6F346F4","4","9348","src\wingman2\lib\engineRobustness.test.ts"
"99F7672A9C3ADC817E36D3B81369BF93AFBFE7D463F0ADF1BDE46BA556ED9F17","8","9479",".wingman-work\backups\20260811-125215\src\wingman2\components\WingmanGuruFab.tsx.20260714-134732.bak"
"99F7672A9C3ADC817E36D3B81369BF93AFBFE7D463F0ADF1BDE46BA556ED9F17","8","9479",".wingman-work\backups\20260811-125215\src\wingman2\components\WingmanGuruFab.tsx.20260714-135046.bak"
"99F7672A9C3ADC817E36D3B81369BF93AFBFE7D463F0ADF1BDE46BA556ED9F17","8","9479",".wingman-work\backups\20260811-125346\src\wingman2\components\WingmanGuruFab.tsx.20260714-134732.bak"
"99F7672A9C3ADC817E36D3B81369BF93AFBFE7D463F0ADF1BDE46BA556ED9F17","8","9479",".wingman-work\backups\20260811-125346\src\wingman2\components\WingmanGuruFab.tsx.20260714-135046.bak"
"99F7672A9C3ADC817E36D3B81369BF93AFBFE7D463F0ADF1BDE46BA556ED9F17","8","9479",".wingman-work\backups\20260811-125821\src\wingman2\components\WingmanGuruFab.tsx.20260714-134732.bak"
"99F7672A9C3ADC817E36D3B81369BF93AFBFE7D463F0ADF1BDE46BA556ED9F17","8","9479",".wingman-work\backups\20260811-125821\src\wingman2\components\WingmanGuruFab.tsx.20260714-135046.bak"
"99F7672A9C3ADC817E36D3B81369BF93AFBFE7D463F0ADF1BDE46BA556ED9F17","8","9479","src\wingman2\components\WingmanGuruFab.tsx.20260714-134732.bak"
"99F7672A9C3ADC817E36D3B81369BF93AFBFE7D463F0ADF1BDE46BA556ED9F17","8","9479","src\wingman2\components\WingmanGuruFab.tsx.20260714-135046.bak"
"9A6273CBB6708306E50387B552B0C05B62558F9007BEE5D2952F42530061CCE8","4","4764",".wingman-work\backups\20260811-125215\src\wingman2\lib\savedCompetitorSpecs.ts"
"9A6273CBB6708306E50387B552B0C05B62558F9007BEE5D2952F42530061CCE8","4","4764",".wingman-work\backups\20260811-125346\src\wingman2\lib\savedCompetitorSpecs.ts"
"9A6273CBB6708306E50387B552B0C05B62558F9007BEE5D2952F42530061CCE8","4","4764",".wingman-work\backups\20260811-125821\src\wingman2\lib\savedCompetitorSpecs.ts"
"9A6273CBB6708306E50387B552B0C05B62558F9007BEE5D2952F42530061CCE8","4","4764","src\wingman2\lib\savedCompetitorSpecs.ts"
"9AD9498F53F4EA590C9234E9096CDA691449C47B3B9A55C7602BC4E610CD4CF7","4","183091",".wingman-work\backups\20260811-125215\src\wingman2\lib\roomTemplates.ts"
"9AD9498F53F4EA590C9234E9096CDA691449C47B3B9A55C7602BC4E610CD4CF7","4","183091",".wingman-work\backups\20260811-125346\src\wingman2\lib\roomTemplates.ts"
"9AD9498F53F4EA590C9234E9096CDA691449C47B3B9A55C7602BC4E610CD4CF7","4","183091",".wingman-work\backups\20260811-125821\src\wingman2\lib\roomTemplates.ts"
"9AD9498F53F4EA590C9234E9096CDA691449C47B3B9A55C7602BC4E610CD4CF7","4","183091","src\wingman2\lib\roomTemplates.ts"
"9B49E636550055B74A9F1D61CF0D4638B2A5F068D7AEA91FB28BAF558598E0D1","4","5645",".wingman-work\backups\20260811-125215\src\wingman2\lib\wyrestormSkuBusinessStatus.ts"
"9B49E636550055B74A9F1D61CF0D4638B2A5F068D7AEA91FB28BAF558598E0D1","4","5645",".wingman-work\backups\20260811-125346\src\wingman2\lib\wyrestormSkuBusinessStatus.ts"
"9B49E636550055B74A9F1D61CF0D4638B2A5F068D7AEA91FB28BAF558598E0D1","4","5645",".wingman-work\backups\20260811-125821\src\wingman2\lib\wyrestormSkuBusinessStatus.ts"
"9B49E636550055B74A9F1D61CF0D4638B2A5F068D7AEA91FB28BAF558598E0D1","4","5645","src\wingman2\lib\wyrestormSkuBusinessStatus.ts"
"9B6B1263BEE06C5838F51B572575E9A2306422E3CC6384CC7A6A6D4B9F345D2D","4","69198","archive\_src_inline_backups\src\wingman2\pages\DiscoveryPage.tsx.bak-force-discovery-import-20260627-080435"
"9B6B1263BEE06C5838F51B572575E9A2306422E3CC6384CC7A6A6D4B9F345D2D","4","69198","archive\_src_inline_backups\src\wingman2\pages\DiscoveryPage.tsx.bak-template-builder-early-return-20260627-090717"
"9B6B1263BEE06C5838F51B572575E9A2306422E3CC6384CC7A6A6D4B9F345D2D","4","69198","archive\_src_inline_backups\src\wingman2\pages\DiscoveryPage.tsx.bak-template-panel-import-check-20260627-084020"
"9B6B1263BEE06C5838F51B572575E9A2306422E3CC6384CC7A6A6D4B9F345D2D","4","69198","archive\_src_inline_backups\src\wingman2\pages\DiscoveryPage.tsx.bak-template-panel-import-check-20260627-084250"
"9C85AEB8C70AF7FCAE00576D4C13B35B2585EEB45D289C7CB08EEB66D29CE9D5","4","17501",".wingman-work\backups\20260811-125215\src\wingman2\lib\visualStudioSamples.ts"
"9C85AEB8C70AF7FCAE00576D4C13B35B2585EEB45D289C7CB08EEB66D29CE9D5","4","17501",".wingman-work\backups\20260811-125346\src\wingman2\lib\visualStudioSamples.ts"
"9C85AEB8C70AF7FCAE00576D4C13B35B2585EEB45D289C7CB08EEB66D29CE9D5","4","17501",".wingman-work\backups\20260811-125821\src\wingman2\lib\visualStudioSamples.ts"
"9C85AEB8C70AF7FCAE00576D4C13B35B2585EEB45D289C7CB08EEB66D29CE9D5","4","17501","src\wingman2\lib\visualStudioSamples.ts"
"9CB779340B468EAEC2A9816466C7C3BF22683B928191A6B10DF02ECD99800E0E","4","17708",".wingman-work\backups\20260811-125215\src\wingman2\lib\productSelectorEngine.ts"
"9CB779340B468EAEC2A9816466C7C3BF22683B928191A6B10DF02ECD99800E0E","4","17708",".wingman-work\backups\20260811-125346\src\wingman2\lib\productSelectorEngine.ts"
"9CB779340B468EAEC2A9816466C7C3BF22683B928191A6B10DF02ECD99800E0E","4","17708",".wingman-work\backups\20260811-125821\src\wingman2\lib\productSelectorEngine.ts"
"9CB779340B468EAEC2A9816466C7C3BF22683B928191A6B10DF02ECD99800E0E","4","17708","src\wingman2\lib\productSelectorEngine.ts"
"9D1FB4D4EF8495BF668BE39DC87A3E56C3F12AD427EB132F7B751B734A9B821C","4","5543",".wingman-work\backups\20260811-125215\src\wingman2\lib\compareManufacturerAssist.ts"
"9D1FB4D4EF8495BF668BE39DC87A3E56C3F12AD427EB132F7B751B734A9B821C","4","5543",".wingman-work\backups\20260811-125346\src\wingman2\lib\compareManufacturerAssist.ts"
"9D1FB4D4EF8495BF668BE39DC87A3E56C3F12AD427EB132F7B751B734A9B821C","4","5543",".wingman-work\backups\20260811-125821\src\wingman2\lib\compareManufacturerAssist.ts"
"9D1FB4D4EF8495BF668BE39DC87A3E56C3F12AD427EB132F7B751B734A9B821C","4","5543","src\wingman2\lib\compareManufacturerAssist.ts"
"9D3FA1F88A86F926ABA316FAC5546F22110F80E5CC0DDAB3C885B41D3BBD06D3","4","15368",".wingman-work\backups\20260811-125215\src\wingman2\styles\wingman-reference-global.css"
"9D3FA1F88A86F926ABA316FAC5546F22110F80E5CC0DDAB3C885B41D3BBD06D3","4","15368",".wingman-work\backups\20260811-125346\src\wingman2\styles\wingman-reference-global.css"
"9D3FA1F88A86F926ABA316FAC5546F22110F80E5CC0DDAB3C885B41D3BBD06D3","4","15368",".wingman-work\backups\20260811-125821\src\wingman2\styles\wingman-reference-global.css"
"9D3FA1F88A86F926ABA316FAC5546F22110F80E5CC0DDAB3C885B41D3BBD06D3","4","15368","src\wingman2\styles\wingman-reference-global.css"
"9DBCE1F7D21500E1442B2204FC6344012AD0CB0660D660E0928177476122968E","3","105528","_backups\retire-finder-feature-sweep-v3-20260720-084642\files\src\wingman2\pages\DiscoveryPage.tsx"
"9DBCE1F7D21500E1442B2204FC6344012AD0CB0660D660E0928177476122968E","3","105528","_backups\retire-finder-feature-sweep-v4-20260720-085242\files\src\wingman2\pages\DiscoveryPage.tsx"
"9DBCE1F7D21500E1442B2204FC6344012AD0CB0660D660E0928177476122968E","3","105528","_backups\retire-finder-feature-sweep-v5-20260720-085648\files\src\wingman2\pages\DiscoveryPage.tsx"
"9E8C4AF7F987FD8133D87D33C12B57A8AFFCB7A951274D6D2F59A54AC953D064","4","31350",".wingman-work\backups\20260811-125215\src\wingman2\lib\productSalesHelperCopy.ts"
"9E8C4AF7F987FD8133D87D33C12B57A8AFFCB7A951274D6D2F59A54AC953D064","4","31350",".wingman-work\backups\20260811-125346\src\wingman2\lib\productSalesHelperCopy.ts"
"9E8C4AF7F987FD8133D87D33C12B57A8AFFCB7A951274D6D2F59A54AC953D064","4","31350",".wingman-work\backups\20260811-125821\src\wingman2\lib\productSalesHelperCopy.ts"
"9E8C4AF7F987FD8133D87D33C12B57A8AFFCB7A951274D6D2F59A54AC953D064","4","31350","src\wingman2\lib\productSalesHelperCopy.ts"
"9EBA021B05953565982ABDE1417A2F044D0BEF80976CCF0DD9BC6B29309AC4F4","4","166801",".wingman-work\backups\20260811-125215\src\wingman2\styles\wingman-workflow-theme.css.20260806-134101.bak"
"9EBA021B05953565982ABDE1417A2F044D0BEF80976CCF0DD9BC6B29309AC4F4","4","166801",".wingman-work\backups\20260811-125346\src\wingman2\styles\wingman-workflow-theme.css.20260806-134101.bak"
"9EBA021B05953565982ABDE1417A2F044D0BEF80976CCF0DD9BC6B29309AC4F4","4","166801",".wingman-work\backups\20260811-125821\src\wingman2\styles\wingman-workflow-theme.css.20260806-134101.bak"
"9EBA021B05953565982ABDE1417A2F044D0BEF80976CCF0DD9BC6B29309AC4F4","4","166801","src\wingman2\styles\wingman-workflow-theme.css.20260806-134101.bak"
"9EDDDA815BE3DF06F4D26B8C26C1A1DD2D6FFEEF65F0D5AADE5ADD4647A774DD","4","2449",".wingman-work\backups\20260811-125215\src\wingman2\lib\productStoryEngine.cameraCopy.test.ts"
"9EDDDA815BE3DF06F4D26B8C26C1A1DD2D6FFEEF65F0D5AADE5ADD4647A774DD","4","2449",".wingman-work\backups\20260811-125346\src\wingman2\lib\productStoryEngine.cameraCopy.test.ts"
"9EDDDA815BE3DF06F4D26B8C26C1A1DD2D6FFEEF65F0D5AADE5ADD4647A774DD","4","2449",".wingman-work\backups\20260811-125821\src\wingman2\lib\productStoryEngine.cameraCopy.test.ts"
"9EDDDA815BE3DF06F4D26B8C26C1A1DD2D6FFEEF65F0D5AADE5ADD4647A774DD","4","2449","src\wingman2\lib\productStoryEngine.cameraCopy.test.ts"
"9F32F8A3BD529B784E22E7FABD98A2CE0F1BA6898A56DED433BCCAD90B8777F3","3","20402","archive\_src_inline_backups\src\wingman2\pages\TemplatesPage.tsx.bak-force-add-three-control-templates-20260627-074443"
"9F32F8A3BD529B784E22E7FABD98A2CE0F1BA6898A56DED433BCCAD90B8777F3","3","20402","archive\_src_inline_backups\src\wingman2\pages\TemplatesPage.tsx.bak-three-control-room-templates-20260627-074044"
"9F32F8A3BD529B784E22E7FABD98A2CE0F1BA6898A56DED433BCCAD90B8777F3","3","20402","archive\_src_inline_backups\src\wingman2\pages\TemplatesPage.tsx.bak-three-control-room-templates-clean-20260627-074146"
"9F49A163E10F4330953A3435AAC93193339246F2E99ED065DCCB885AA2D76825","2","155004","_backups\retire-finder-feature-sweep-v4-20260720-085242\files\src\wingman2\pages\FinderPage.tsx"
"9F49A163E10F4330953A3435AAC93193339246F2E99ED065DCCB885AA2D76825","2","155004","_backups\retire-finder-feature-sweep-v5-20260720-085648\files\src\wingman2\pages\FinderPage.tsx"
"9FBEE6954072E204F7FF2E05A1BD4903AAD52EFE8394869BDEC5B1414D26066C","2","105420","_backups\discovery-finder-handoff-v2-20260720-075526\DiscoveryPage.tsx"
"9FBEE6954072E204F7FF2E05A1BD4903AAD52EFE8394869BDEC5B1414D26066C","2","105420","_backups\discovery-finder-handoff-v3-20260720-080002\DiscoveryPage.tsx"
"9FD5AC344246B2D7AD940B0138F5C98835D16390B063AA8B21C22891F6E2BC08","3","3488","_backups\retire-finder-feature-sweep-v3-20260720-084642\files\tools\repair-duplicate-jsx-classnames.mjs"
"9FD5AC344246B2D7AD940B0138F5C98835D16390B063AA8B21C22891F6E2BC08","3","3488","_backups\retire-finder-feature-sweep-v4-20260720-085242\files\tools\repair-duplicate-jsx-classnames.mjs"
"9FD5AC344246B2D7AD940B0138F5C98835D16390B063AA8B21C22891F6E2BC08","3","3488","_backups\retire-finder-feature-sweep-v5-20260720-085648\files\tools\repair-duplicate-jsx-classnames.mjs"
"9FFCB03B99DBC5F9977D4664531089C5C09E2B836019B0CB27396594759AF3F2","3","14432","backups\react-flow-foundation-20260714-054745\visualStudioProductConnection.ts.bak"
"9FFCB03B99DBC5F9977D4664531089C5C09E2B836019B0CB27396594759AF3F2","3","14432","backups\react-flow-foundation-20260714-084703\visualStudioProductConnection.ts.bak"
"9FFCB03B99DBC5F9977D4664531089C5C09E2B836019B0CB27396594759AF3F2","3","14432","backups\visual-studio-connectivity-20260714-053745\visualStudioProductConnection.ts.bak"
"A06BEDF9AFD959736626B33929200E79081C2996F37C8C80E2103694FF578563","2","4189","archive\_wingman_backup_shortlist_stabilise_20260614-075216\src\wingman2\lib\compareEngineRuntimeScenarios.test.ts"
"A06BEDF9AFD959736626B33929200E79081C2996F37C8C80E2103694FF578563","2","4189","archive\_wingman_backup_wire_shortlist_runtime_20260614-075018\src\wingman2\lib\compareEngineRuntimeScenarios.test.ts"
"A09F938D0888511E8CA9E25D69AB09BA2C5969E0B302E036769994305CDDAF9A","2","3211","archive\_wingman_backup_ip300_compare_fix_20260614-093023\wyrestormCompareDirectCandidateMap.test.ts"
"A09F938D0888511E8CA9E25D69AB09BA2C5969E0B302E036769994305CDDAF9A","2","3211","archive\_wingman_backup_pre_compare_cleanup_20260614-083913\src\wingman2\lib\wyrestormCompareDirectCandidateMap.test.ts"
"A164BF2A3D38C93A1B541E83ABAE4810AFA0B2BD2AD6D00C8B6E2D6E5DBECC4D","4","673904",".wingman-work\backups\20260811-125215\src\wingman2\styles\wingman-style-stack.css.20260722-084842.bak"
"A164BF2A3D38C93A1B541E83ABAE4810AFA0B2BD2AD6D00C8B6E2D6E5DBECC4D","4","673904",".wingman-work\backups\20260811-125346\src\wingman2\styles\wingman-style-stack.css.20260722-084842.bak"
"A164BF2A3D38C93A1B541E83ABAE4810AFA0B2BD2AD6D00C8B6E2D6E5DBECC4D","4","673904",".wingman-work\backups\20260811-125821\src\wingman2\styles\wingman-style-stack.css.20260722-084842.bak"
"A164BF2A3D38C93A1B541E83ABAE4810AFA0B2BD2AD6D00C8B6E2D6E5DBECC4D","4","673904","src\wingman2\styles\wingman-style-stack.css.20260722-084842.bak"
"A1719F37151A9231B7C2749FECE7F7867B240BB2A8AD30ABF470584EC20AE0A2","3","6789","_backups\retire-finder-feature-sweep-v3-20260720-084642\files\src\wingman2\app\route-manifest.json"
"A1719F37151A9231B7C2749FECE7F7867B240BB2A8AD30ABF470584EC20AE0A2","3","6789","_backups\retire-finder-feature-sweep-v4-20260720-085242\files\src\wingman2\app\route-manifest.json"
"A1719F37151A9231B7C2749FECE7F7867B240BB2A8AD30ABF470584EC20AE0A2","3","6789","_backups\retire-finder-feature-sweep-v5-20260720-085648\files\src\wingman2\app\route-manifest.json"
"A1CE49D288F3974402ECD013BAB4535B139F37C0E4C17B337EDDE7AEF7983CC5","4","216",".wingman-work\backups\20260811-125215\src\wingman2\types.ts"
"A1CE49D288F3974402ECD013BAB4535B139F37C0E4C17B337EDDE7AEF7983CC5","4","216",".wingman-work\backups\20260811-125346\src\wingman2\types.ts"
"A1CE49D288F3974402ECD013BAB4535B139F37C0E4C17B337EDDE7AEF7983CC5","4","216",".wingman-work\backups\20260811-125821\src\wingman2\types.ts"
"A1CE49D288F3974402ECD013BAB4535B139F37C0E4C17B337EDDE7AEF7983CC5","4","216","src\wingman2\types.ts"
"A2911927220B11BABE1B5EEABE85DE18F8F62A2F77E71215A2253BFE2BDA8A2D","4","165986",".wingman-work\backups\20260811-125215\src\wingman2\styles\wingman-workflow-theme.css.20260806-134605.bak"
"A2911927220B11BABE1B5EEABE85DE18F8F62A2F77E71215A2253BFE2BDA8A2D","4","165986",".wingman-work\backups\20260811-125346\src\wingman2\styles\wingman-workflow-theme.css.20260806-134605.bak"
"A2911927220B11BABE1B5EEABE85DE18F8F62A2F77E71215A2253BFE2BDA8A2D","4","165986",".wingman-work\backups\20260811-125821\src\wingman2\styles\wingman-workflow-theme.css.20260806-134605.bak"
"A2911927220B11BABE1B5EEABE85DE18F8F62A2F77E71215A2253BFE2BDA8A2D","4","165986","src\wingman2\styles\wingman-workflow-theme.css.20260806-134605.bak"
"A2DA1E811F9CF6A1C7E671F9F2C5565AECBD02639A9C0FBAA68CC299809C01DA","4","5553",".wingman-work\backups\20260811-125215\src\wingman2\styles\wingman-product-tools-visual-weight.css"
"A2DA1E811F9CF6A1C7E671F9F2C5565AECBD02639A9C0FBAA68CC299809C01DA","4","5553",".wingman-work\backups\20260811-125346\src\wingman2\styles\wingman-product-tools-visual-weight.css"
"A2DA1E811F9CF6A1C7E671F9F2C5565AECBD02639A9C0FBAA68CC299809C01DA","4","5553",".wingman-work\backups\20260811-125821\src\wingman2\styles\wingman-product-tools-visual-weight.css"
"A2DA1E811F9CF6A1C7E671F9F2C5565AECBD02639A9C0FBAA68CC299809C01DA","4","5553","src\wingman2\styles\wingman-product-tools-visual-weight.css"
"A2E1A534C08782E111D51C38424305BF099DDDA553F28A58767A29174CA70CF1","3","10780","archive\_src_inline_backups\src\wingman2\lib\visualStudioProductConnection.ts.backup-20260710-062527"
"A2E1A534C08782E111D51C38424305BF099DDDA553F28A58767A29174CA70CF1","3","10780","archive\_src_inline_backups\src\wingman2\lib\visualStudioProductConnection.ts.backup-20260710-062749"
"A2E1A534C08782E111D51C38424305BF099DDDA553F28A58767A29174CA70CF1","3","10780","backups\visual-studio-connectivity-layout-fix-20260712-130000\src\wingman2\lib\visualStudioProductConnection.ts"
"A332CC219CC07DAC3F12DF059B06883804CCE9C282398A2767C3D7397C245C68","8","721904",".wingman-work\backups\20260811-125215\src\wingman2\styles\wingman-style-stack.css.20260805-162647.bak"
"A332CC219CC07DAC3F12DF059B06883804CCE9C282398A2767C3D7397C245C68","8","721904",".wingman-work\backups\20260811-125215\src\wingman2\styles\wingman-style-stack.css.20260806-121952.bak"
"A332CC219CC07DAC3F12DF059B06883804CCE9C282398A2767C3D7397C245C68","8","721904",".wingman-work\backups\20260811-125346\src\wingman2\styles\wingman-style-stack.css.20260805-162647.bak"
"A332CC219CC07DAC3F12DF059B06883804CCE9C282398A2767C3D7397C245C68","8","721904",".wingman-work\backups\20260811-125346\src\wingman2\styles\wingman-style-stack.css.20260806-121952.bak"
"A332CC219CC07DAC3F12DF059B06883804CCE9C282398A2767C3D7397C245C68","8","721904",".wingman-work\backups\20260811-125821\src\wingman2\styles\wingman-style-stack.css.20260805-162647.bak"
"A332CC219CC07DAC3F12DF059B06883804CCE9C282398A2767C3D7397C245C68","8","721904",".wingman-work\backups\20260811-125821\src\wingman2\styles\wingman-style-stack.css.20260806-121952.bak"
"A332CC219CC07DAC3F12DF059B06883804CCE9C282398A2767C3D7397C245C68","8","721904","src\wingman2\styles\wingman-style-stack.css.20260805-162647.bak"
"A332CC219CC07DAC3F12DF059B06883804CCE9C282398A2767C3D7397C245C68","8","721904","src\wingman2\styles\wingman-style-stack.css.20260806-121952.bak"
"A345046E49FC2F184426171E17BE1CCA3CAD13CE9A079381F0AF1206266A250F","4","4730",".wingman-work\backups\20260811-125215\src\wingman2\pages\compare\CompetitorEvidencePanel.test.tsx"
"A345046E49FC2F184426171E17BE1CCA3CAD13CE9A079381F0AF1206266A250F","4","4730",".wingman-work\backups\20260811-125346\src\wingman2\pages\compare\CompetitorEvidencePanel.test.tsx"
"A345046E49FC2F184426171E17BE1CCA3CAD13CE9A079381F0AF1206266A250F","4","4730",".wingman-work\backups\20260811-125821\src\wingman2\pages\compare\CompetitorEvidencePanel.test.tsx"
"A345046E49FC2F184426171E17BE1CCA3CAD13CE9A079381F0AF1206266A250F","4","4730","src\wingman2\pages\compare\CompetitorEvidencePanel.test.tsx"
"A3A7BEFD3EC03B6D3EE545285D5D395B5A080A19ECC8FF076A5C9BF1AA88C7CB","4","63358",".wingman-work\backups\20260811-125215\src\wingman2\pages\DiscoveryPage.tsx.20260806-152541.bak"
"A3A7BEFD3EC03B6D3EE545285D5D395B5A080A19ECC8FF076A5C9BF1AA88C7CB","4","63358",".wingman-work\backups\20260811-125346\src\wingman2\pages\DiscoveryPage.tsx.20260806-152541.bak"
"A3A7BEFD3EC03B6D3EE545285D5D395B5A080A19ECC8FF076A5C9BF1AA88C7CB","4","63358",".wingman-work\backups\20260811-125821\src\wingman2\pages\DiscoveryPage.tsx.20260806-152541.bak"
"A3A7BEFD3EC03B6D3EE545285D5D395B5A080A19ECC8FF076A5C9BF1AA88C7CB","4","63358","src\wingman2\pages\DiscoveryPage.tsx.20260806-152541.bak"
"A3B0CDEADF039C02560E7376067E5CF67069A17B2E69DABE2AB4FB174E6B8325","4","2083",".wingman-work\backups\20260811-125215\src\wingman2\components\WingmanGuruDrawer.compareContext.test.ts"
"A3B0CDEADF039C02560E7376067E5CF67069A17B2E69DABE2AB4FB174E6B8325","4","2083",".wingman-work\backups\20260811-125346\src\wingman2\components\WingmanGuruDrawer.compareContext.test.ts"
"A3B0CDEADF039C02560E7376067E5CF67069A17B2E69DABE2AB4FB174E6B8325","4","2083",".wingman-work\backups\20260811-125821\src\wingman2\components\WingmanGuruDrawer.compareContext.test.ts"
"A3B0CDEADF039C02560E7376067E5CF67069A17B2E69DABE2AB4FB174E6B8325","4","2083","src\wingman2\components\WingmanGuruDrawer.compareContext.test.ts"
"A4AB990ECCB8B70D84319A88E888073F9F2D74A71D7EC8479466F12C7009C4BE","2","1955","archive\_wingman_backup_fix_discovery_qty_20260616-082219\main.tsx.bak"
"A4AB990ECCB8B70D84319A88E888073F9F2D74A71D7EC8479466F12C7009C4BE","2","1955","archive\_wingman_backup_simplified_discovery_20260616-084529\main.tsx.bak"
"A4E8B019699BDCF466C00058CD6D770E7AFEB575AFCC51AA877441E7480A798E","2","23066","archive\_wingman_backup_guru_single_instance_20260614-063825\src\wingman2\domain\productMatching\featureFilters.ts"
"A4E8B019699BDCF466C00058CD6D770E7AFEB575AFCC51AA877441E7480A798E","2","23066","archive\_wingman_backup_guru_single_instance_20260614-063825\src\wingman2\productMatching\featureFilters.ts"
"A662B8D49E3C52DCD99006E4650FC7AD13436215528955488F0B094DC5223073","2","16062","_backups\retire-finder-feature-sweep-v4-20260720-085242\files\package.json"
"A662B8D49E3C52DCD99006E4650FC7AD13436215528955488F0B094DC5223073","2","16062","_backups\retire-finder-feature-sweep-v5-20260720-085648\files\package.json"
"A6C6D551D8D6EA944AAD98EBB936082E2A5732C799236421D2D01CE10A01435D","4","16370",".wingman-work\backups\20260811-125215\src\wingman2\lib\schematic\wingmanSchematicEngine.ts"
"A6C6D551D8D6EA944AAD98EBB936082E2A5732C799236421D2D01CE10A01435D","4","16370",".wingman-work\backups\20260811-125346\src\wingman2\lib\schematic\wingmanSchematicEngine.ts"
"A6C6D551D8D6EA944AAD98EBB936082E2A5732C799236421D2D01CE10A01435D","4","16370",".wingman-work\backups\20260811-125821\src\wingman2\lib\schematic\wingmanSchematicEngine.ts"
"A6C6D551D8D6EA944AAD98EBB936082E2A5732C799236421D2D01CE10A01435D","4","16370","src\wingman2\lib\schematic\wingmanSchematicEngine.ts"
"A6F5F8F9BC3671BFE9C72C1EAEB8F20A06D1C9017CEA658C7322C3F6E53A8030","2","12359","_backups\retire-finder-feature-sweep-v4-20260720-085242\files\src\wingman2\layout\AppShell.tsx"
"A6F5F8F9BC3671BFE9C72C1EAEB8F20A06D1C9017CEA658C7322C3F6E53A8030","2","12359","_backups\retire-finder-feature-sweep-v5-20260720-085648\files\src\wingman2\layout\AppShell.tsx"
"A6FB49F29B77B371568C866C2829596CA3551AE20E8ABA35341365C953D819CA","3","39167","archive\_wingman_backup_compare_datalist_line_cleanup_20260614-115428\ComparePageNew.tsx"
"A6FB49F29B77B371568C866C2829596CA3551AE20E8ABA35341365C953D819CA","3","39167","archive\_wingman_backup_compare_remove_datalist_20260614-115320\ComparePageNew.tsx"
"A6FB49F29B77B371568C866C2829596CA3551AE20E8ABA35341365C953D819CA","3","39167","archive\_wingman_backup_remove_datalist_exact_20260614-115903\ComparePageNew.tsx"
"A774316EA76D59EEFAE7F9F4DA38CFF4AFAB47A9F5BB340E8E64BF38B1E6E4F3","2","33330","archive\_wingman_backup_compare_pre_commit_cleanup_20260614-084236\src\wingman2\lib\competitorProductIntelligence.ts"
"A774316EA76D59EEFAE7F9F4DA38CFF4AFAB47A9F5BB340E8E64BF38B1E6E4F3","2","33330","archive\_wingman_backup_pre_compare_cleanup_20260614-083913\src\wingman2\lib\competitorProductIntelligence.ts"
"A7DF8823AF1A017B23B46543613F0981B439939F5B7720D5ED248B0514234805","3","3499","_backups\retire-finder-feature-sweep-v3-20260720-084642\files\src\wingman2\app\routeCatalog.ts"
"A7DF8823AF1A017B23B46543613F0981B439939F5B7720D5ED248B0514234805","3","3499","_backups\retire-finder-feature-sweep-v4-20260720-085242\files\src\wingman2\app\routeCatalog.ts"
"A7DF8823AF1A017B23B46543613F0981B439939F5B7720D5ED248B0514234805","3","3499","_backups\retire-finder-feature-sweep-v5-20260720-085648\files\src\wingman2\app\routeCatalog.ts"
"A8A855FA7E2482C35BD4DA254CAB4F4A7A65C09ABD78C71FD7CC18AED80A0F3E","4","11771",".wingman-work\backups\20260811-125215\src\wingman2\lib\roomSchematicEngine.ts"
"A8A855FA7E2482C35BD4DA254CAB4F4A7A65C09ABD78C71FD7CC18AED80A0F3E","4","11771",".wingman-work\backups\20260811-125346\src\wingman2\lib\roomSchematicEngine.ts"
"A8A855FA7E2482C35BD4DA254CAB4F4A7A65C09ABD78C71FD7CC18AED80A0F3E","4","11771",".wingman-work\backups\20260811-125821\src\wingman2\lib\roomSchematicEngine.ts"
"A8A855FA7E2482C35BD4DA254CAB4F4A7A65C09ABD78C71FD7CC18AED80A0F3E","4","11771","src\wingman2\lib\roomSchematicEngine.ts"
"A8C0C94A9D043A278B6D83D97685AB03DB3C1003413097979131B4C26ECD6F59","3","71130","archive\_src_inline_backups\src\wingman2\pages\ProductCallCardsPage.tsx.bak-fix-missing-product-gallery-logic-20260612-093901"
"A8C0C94A9D043A278B6D83D97685AB03DB3C1003413097979131B4C26ECD6F59","3","71130","archive\_src_inline_backups\src\wingman2\pages\ProductCallCardsPage.tsx.bak-gallery-scope-repair-20260612-093957"
"A8C0C94A9D043A278B6D83D97685AB03DB3C1003413097979131B4C26ECD6F59","3","71130","archive\_src_inline_backups\src\wingman2\pages\ProductCallCardsPage.tsx.bak-inline-gallery-repair-20260612-094113"
"A9F1C249CE510DE282B8E12324C462BCFF6B2582399FB5458EB8454897F21751","2","1596","archive\_wingman_backup_compare_role_gate_repair_20260615-192817\networkHdAvoipRoleGate.test.ts"
"A9F1C249CE510DE282B8E12324C462BCFF6B2582399FB5458EB8454897F21751","2","1596","archive\_wingman_backup_compare_summary_copy_update_20260615-193518\networkHdAvoipRoleGate.test.ts"
"AA02FB0AB577C6BA5B69297243EFCCD1FC2D62CF3189FDEC70D3072D12CFFFCF","4","53899",".wingman-work\backups\20260811-125215\src\wingman2\pages\DiscoveryPage.tsx.20260806-121952.bak"
"AA02FB0AB577C6BA5B69297243EFCCD1FC2D62CF3189FDEC70D3072D12CFFFCF","4","53899",".wingman-work\backups\20260811-125346\src\wingman2\pages\DiscoveryPage.tsx.20260806-121952.bak"
"AA02FB0AB577C6BA5B69297243EFCCD1FC2D62CF3189FDEC70D3072D12CFFFCF","4","53899",".wingman-work\backups\20260811-125821\src\wingman2\pages\DiscoveryPage.tsx.20260806-121952.bak"
"AA02FB0AB577C6BA5B69297243EFCCD1FC2D62CF3189FDEC70D3072D12CFFFCF","4","53899","src\wingman2\pages\DiscoveryPage.tsx.20260806-121952.bak"
"AAE45248791B1340EA1EDA3AC66FD3EC40FDBD6A71F772C324FD2F1349C2B544","4","2523",".wingman-work\backups\20260811-125215\src\__tests__\guruGlossaryLinks.test.tsx"
"AAE45248791B1340EA1EDA3AC66FD3EC40FDBD6A71F772C324FD2F1349C2B544","4","2523",".wingman-work\backups\20260811-125346\src\__tests__\guruGlossaryLinks.test.tsx"
"AAE45248791B1340EA1EDA3AC66FD3EC40FDBD6A71F772C324FD2F1349C2B544","4","2523",".wingman-work\backups\20260811-125821\src\__tests__\guruGlossaryLinks.test.tsx"
"AAE45248791B1340EA1EDA3AC66FD3EC40FDBD6A71F772C324FD2F1349C2B544","4","2523","src\__tests__\guruGlossaryLinks.test.tsx"
"AB27C41B526C0C5C4E08F781E2346B02055ACE28CA9DDED972D867DC9A18D987","2","9681","archive\repo-cleanup-20260709-050830\root-artifacts\install.DISCARDED\setup-wingman-redesign.ps1"
"AB27C41B526C0C5C4E08F781E2346B02055ACE28CA9DDED972D867DC9A18D987","2","9681","archive\repo-cleanup-20260709-050830\root-artifacts\setup-wingman-redesign.ps1.DISCARDED"
"AB7A391D768B874AB56BA773D69C8E4F9F590F2084F80A220B0A8EE596DF82D9","4","165693",".wingman-work\backups\20260811-125215\src\wingman2\styles\wingman-workflow-theme.css.20260806-152541.bak"
"AB7A391D768B874AB56BA773D69C8E4F9F590F2084F80A220B0A8EE596DF82D9","4","165693",".wingman-work\backups\20260811-125346\src\wingman2\styles\wingman-workflow-theme.css.20260806-152541.bak"
"AB7A391D768B874AB56BA773D69C8E4F9F590F2084F80A220B0A8EE596DF82D9","4","165693",".wingman-work\backups\20260811-125821\src\wingman2\styles\wingman-workflow-theme.css.20260806-152541.bak"
"AB7A391D768B874AB56BA773D69C8E4F9F590F2084F80A220B0A8EE596DF82D9","4","165693","src\wingman2\styles\wingman-workflow-theme.css.20260806-152541.bak"
"AB9DF8CFFF5AAE20F303F9987133C519D877085264C182B9024DE669F55DE02B","2","15241",".wingman-backups\app-style-consistency-20260710-213625\package.json"
"AB9DF8CFFF5AAE20F303F9987133C519D877085264C182B9024DE669F55DE02B","2","15241",".wingman-backups\app-style-package-repair-20260710-213752\package.json"
"ABC8839DA75B444C4A2FC7C48C9B016608905ADBF99E68D453AC8ECA8665C87C","4","100678",".wingman-work\backups\20260811-125215\src\wingman2\styles\wingman-polish-navigation.css"
"ABC8839DA75B444C4A2FC7C48C9B016608905ADBF99E68D453AC8ECA8665C87C","4","100678",".wingman-work\backups\20260811-125346\src\wingman2\styles\wingman-polish-navigation.css"
"ABC8839DA75B444C4A2FC7C48C9B016608905ADBF99E68D453AC8ECA8665C87C","4","100678",".wingman-work\backups\20260811-125821\src\wingman2\styles\wingman-polish-navigation.css"
"ABC8839DA75B444C4A2FC7C48C9B016608905ADBF99E68D453AC8ECA8665C87C","4","100678","src\wingman2\styles\wingman-polish-navigation.css"
"ABD06A1D3DAAC71308D099D77D74C0D623E81AC58AF5F3312779462D830961F9","4","4374",".wingman-work\backups\20260811-125215\src\wingman2\styles\CSS_MIGRATION_REGISTER.md"
"ABD06A1D3DAAC71308D099D77D74C0D623E81AC58AF5F3312779462D830961F9","4","4374",".wingman-work\backups\20260811-125346\src\wingman2\styles\CSS_MIGRATION_REGISTER.md"
"ABD06A1D3DAAC71308D099D77D74C0D623E81AC58AF5F3312779462D830961F9","4","4374",".wingman-work\backups\20260811-125821\src\wingman2\styles\CSS_MIGRATION_REGISTER.md"
"ABD06A1D3DAAC71308D099D77D74C0D623E81AC58AF5F3312779462D830961F9","4","4374","src\wingman2\styles\CSS_MIGRATION_REGISTER.md"
"AC11837399FE238C370522367B57DB2D64D10E2C7EDF0A8920836FF90A4B04A5","4","4253",".wingman-work\backups\20260811-125215\src\wingman2\lib\salesConversationTone.ts"
"AC11837399FE238C370522367B57DB2D64D10E2C7EDF0A8920836FF90A4B04A5","4","4253",".wingman-work\backups\20260811-125346\src\wingman2\lib\salesConversationTone.ts"
"AC11837399FE238C370522367B57DB2D64D10E2C7EDF0A8920836FF90A4B04A5","4","4253",".wingman-work\backups\20260811-125821\src\wingman2\lib\salesConversationTone.ts"
"AC11837399FE238C370522367B57DB2D64D10E2C7EDF0A8920836FF90A4B04A5","4","4253","src\wingman2\lib\salesConversationTone.ts"
"ACCA18CF51AAA68E48B737FAA9D519FB904963893D523CD61651A5B4BC36E04B","4","12661",".wingman-work\backups\20260811-125215\src\wingman2\pages\ProjectsPage.tsx.20260806-121952.bak"
"ACCA18CF51AAA68E48B737FAA9D519FB904963893D523CD61651A5B4BC36E04B","4","12661",".wingman-work\backups\20260811-125346\src\wingman2\pages\ProjectsPage.tsx.20260806-121952.bak"
"ACCA18CF51AAA68E48B737FAA9D519FB904963893D523CD61651A5B4BC36E04B","4","12661",".wingman-work\backups\20260811-125821\src\wingman2\pages\ProjectsPage.tsx.20260806-121952.bak"
"ACCA18CF51AAA68E48B737FAA9D519FB904963893D523CD61651A5B4BC36E04B","4","12661","src\wingman2\pages\ProjectsPage.tsx.20260806-121952.bak"
"ADC147CAA63E64FBC89FB71F637B4E83E957DEFFAB7C188BB8EECF9785F1470D","3","10918",".wingman-backups\templates-products-header-20260710-221014\TemplatesPage.tsx"
"ADC147CAA63E64FBC89FB71F637B4E83E957DEFFAB7C188BB8EECF9785F1470D","3","10918",".wingman-backups\templates-products-header-20260710-221048\TemplatesPage.tsx"
"ADC147CAA63E64FBC89FB71F637B4E83E957DEFFAB7C188BB8EECF9785F1470D","3","10918",".wingman-backups\templates-products-header-v2-20260710-221218\TemplatesPage.tsx"
"ADC9D58DBCA382251EE7506CE5021E766A4FE7775186236DB1E3B95CA844F7CF","4","23080",".wingman-work\backups\20260811-125215\src\wingman2\lib\networkHdAvoipEquivalence.ts"
"ADC9D58DBCA382251EE7506CE5021E766A4FE7775186236DB1E3B95CA844F7CF","4","23080",".wingman-work\backups\20260811-125346\src\wingman2\lib\networkHdAvoipEquivalence.ts"
"ADC9D58DBCA382251EE7506CE5021E766A4FE7775186236DB1E3B95CA844F7CF","4","23080",".wingman-work\backups\20260811-125821\src\wingman2\lib\networkHdAvoipEquivalence.ts"
"ADC9D58DBCA382251EE7506CE5021E766A4FE7775186236DB1E3B95CA844F7CF","4","23080","src\wingman2\lib\networkHdAvoipEquivalence.ts"
"AE1B2D26FF4300AD24DBB10526829080397629FDCD88D199793B3C6F76DCCDC0","2","20933","reports\compare-engine-audit-20260613-105112\src_wingman2_lib_knownCompareProfiles.ts.full.txt"
"AE1B2D26FF4300AD24DBB10526829080397629FDCD88D199793B3C6F76DCCDC0","2","20933","reports\compare-family-rule-fix-20260613-135725\knownCompareProfiles.ts.before.txt"
"AE6383424E29BB43A42940650B3049A8608109B9AA0AD5DA641E20BE7D617B24","4","23914",".wingman-work\backups\20260811-125215\src\wingman2\lib\proposalExport.ts"
"AE6383424E29BB43A42940650B3049A8608109B9AA0AD5DA641E20BE7D617B24","4","23914",".wingman-work\backups\20260811-125346\src\wingman2\lib\proposalExport.ts"
"AE6383424E29BB43A42940650B3049A8608109B9AA0AD5DA641E20BE7D617B24","4","23914",".wingman-work\backups\20260811-125821\src\wingman2\lib\proposalExport.ts"
"AE6383424E29BB43A42940650B3049A8608109B9AA0AD5DA641E20BE7D617B24","4","23914","src\wingman2\lib\proposalExport.ts"
"AEA7146C7F18C4338CA7E1A415A9FD0C9B54F4945B62EEB3FD5F19E50B10861D","2","4306","tools\check-wingman-runtime-wiring.mjs"
"AEA7146C7F18C4338CA7E1A415A9FD0C9B54F4945B62EEB3FD5F19E50B10861D","2","4306","tools\check-wingman-runtime-wiring.mjs.20260718-190611.bak"
"AEABF6D565972CD10AB7C18DCA2D4FE74568AFDAA99EED1FA7D3B9FED2F5C2EC","4","409",".wingman-work\backups\20260811-125215\src\wingman2\pages\ProposalPage.tsx"
"AEABF6D565972CD10AB7C18DCA2D4FE74568AFDAA99EED1FA7D3B9FED2F5C2EC","4","409",".wingman-work\backups\20260811-125346\src\wingman2\pages\ProposalPage.tsx"
"AEABF6D565972CD10AB7C18DCA2D4FE74568AFDAA99EED1FA7D3B9FED2F5C2EC","4","409",".wingman-work\backups\20260811-125821\src\wingman2\pages\ProposalPage.tsx"
"AEABF6D565972CD10AB7C18DCA2D4FE74568AFDAA99EED1FA7D3B9FED2F5C2EC","4","409","src\wingman2\pages\ProposalPage.tsx"
"AEBA02F37542DC255B3FE604E9B6E1786D57018D3735B91B7C82858BC5FEA271","4","7630",".wingman-work\backups\20260811-125215\src\wingman2\lib\visualStudioProductConnection.test.ts"
"AEBA02F37542DC255B3FE604E9B6E1786D57018D3735B91B7C82858BC5FEA271","4","7630",".wingman-work\backups\20260811-125346\src\wingman2\lib\visualStudioProductConnection.test.ts"
"AEBA02F37542DC255B3FE604E9B6E1786D57018D3735B91B7C82858BC5FEA271","4","7630",".wingman-work\backups\20260811-125821\src\wingman2\lib\visualStudioProductConnection.test.ts"
"AEBA02F37542DC255B3FE604E9B6E1786D57018D3735B91B7C82858BC5FEA271","4","7630","src\wingman2\lib\visualStudioProductConnection.test.ts"
"AF8963F427F674330D81D0D36E25FD075379781D6F2A5E397FC0D6E63B4D8134","2","1039",".wingman-backups\app-style-package-repair-20260710-213752\update-package-style-check.cjs"
"AF8963F427F674330D81D0D36E25FD075379781D6F2A5E397FC0D6E63B4D8134","2","1039",".wingman-backups\app-style-package-repair-20260710-214228\update-package-style-check.cjs"
"AFF26B9E647235F6416A7BF89375F6007ED103AA68626E1469B7860B920F1634","2","10861",".wingman-backups\templates-action-placement-20260710-215328\TemplatesPage.tsx"
"AFF26B9E647235F6416A7BF89375F6007ED103AA68626E1469B7860B920F1634","2","10861",".wingman-backups\templates-page-refocus-20260710-214915\TemplatesPage.tsx"
"B003FB4D8BE0B7443DA36E6FCB9D72EB1FC339C2A7994E3E3BDB7DC55D2717CD","4","22193",".wingman-work\backups\20260811-125215\src\wingman2\lib\knownCompareProfiles.ts"
"B003FB4D8BE0B7443DA36E6FCB9D72EB1FC339C2A7994E3E3BDB7DC55D2717CD","4","22193",".wingman-work\backups\20260811-125346\src\wingman2\lib\knownCompareProfiles.ts"
"B003FB4D8BE0B7443DA36E6FCB9D72EB1FC339C2A7994E3E3BDB7DC55D2717CD","4","22193",".wingman-work\backups\20260811-125821\src\wingman2\lib\knownCompareProfiles.ts"
"B003FB4D8BE0B7443DA36E6FCB9D72EB1FC339C2A7994E3E3BDB7DC55D2717CD","4","22193","src\wingman2\lib\knownCompareProfiles.ts"
"B015B3FAABC3F5C6DF5E18AA39463E3E9F61A024D96672024FF4C47B3CBB5032","3","4596",".wingman-work\backups\20260811-125215\src\__tests__\dataManager.test.tsx"
"B015B3FAABC3F5C6DF5E18AA39463E3E9F61A024D96672024FF4C47B3CBB5032","3","4596",".wingman-work\backups\20260811-125346\src\__tests__\dataManager.test.tsx"
"B015B3FAABC3F5C6DF5E18AA39463E3E9F61A024D96672024FF4C47B3CBB5032","3","4596",".wingman-work\backups\20260811-125821\src\__tests__\dataManager.test.tsx"
"B01D879118EF68A93BB1B679C14682C12C2275E2EE92E8E1149E4305EB1F44B1","4","4505",".wingman-work\backups\20260811-125215\src\__tests__\finderDiscoveryResults.test.tsx"
"B01D879118EF68A93BB1B679C14682C12C2275E2EE92E8E1149E4305EB1F44B1","4","4505",".wingman-work\backups\20260811-125346\src\__tests__\finderDiscoveryResults.test.tsx"
"B01D879118EF68A93BB1B679C14682C12C2275E2EE92E8E1149E4305EB1F44B1","4","4505",".wingman-work\backups\20260811-125821\src\__tests__\finderDiscoveryResults.test.tsx"
"B01D879118EF68A93BB1B679C14682C12C2275E2EE92E8E1149E4305EB1F44B1","4","4505","src\__tests__\finderDiscoveryResults.test.tsx"
"B07BF9E8CB4DD66C8811CC8305168E8ADFFC372688B1D1F676C130FD3DFC27F8","2","84425","data-sources\wyrestorm\products.csv"
"B07BF9E8CB4DD66C8811CC8305168E8ADFFC372688B1D1F676C130FD3DFC27F8","2","84425","data-sources\wyrestorm\products.csv.20260722-115849.bak"
"B097058015AAA682C70858AC67ADFB021BD3AC0AFB8DAB5596D0DCBE3E835174","4","725294",".wingman-work\backups\20260811-125215\src\wingman2\styles\wingman-style-stack.css"
"B097058015AAA682C70858AC67ADFB021BD3AC0AFB8DAB5596D0DCBE3E835174","4","725294",".wingman-work\backups\20260811-125346\src\wingman2\styles\wingman-style-stack.css"
"B097058015AAA682C70858AC67ADFB021BD3AC0AFB8DAB5596D0DCBE3E835174","4","725294",".wingman-work\backups\20260811-125821\src\wingman2\styles\wingman-style-stack.css"
"B097058015AAA682C70858AC67ADFB021BD3AC0AFB8DAB5596D0DCBE3E835174","4","725294","src\wingman2\styles\wingman-style-stack.css"
"B09FB845A738A6C13E78119AF0185477606B3D13DFD6EBC310B5437820FFF8F4","4","3809",".wingman-work\backups\20260811-125215\src\wingman2\lib\systemDependencies.test.ts"
"B09FB845A738A6C13E78119AF0185477606B3D13DFD6EBC310B5437820FFF8F4","4","3809",".wingman-work\backups\20260811-125346\src\wingman2\lib\systemDependencies.test.ts"
"B09FB845A738A6C13E78119AF0185477606B3D13DFD6EBC310B5437820FFF8F4","4","3809",".wingman-work\backups\20260811-125821\src\wingman2\lib\systemDependencies.test.ts"
"B09FB845A738A6C13E78119AF0185477606B3D13DFD6EBC310B5437820FFF8F4","4","3809","src\wingman2\lib\systemDependencies.test.ts"
"B0B793CD9D24124F264C5015C8CC02BE02FBB27BD56FE5BCF5F78DE217B981B1","8","600869",".wingman-work\backups\20260811-125215\src\wingman2\styles\wingman-style-stack.css.20260714-115319.bak"
"B0B793CD9D24124F264C5015C8CC02BE02FBB27BD56FE5BCF5F78DE217B981B1","8","600869",".wingman-work\backups\20260811-125215\src\wingman2\styles\wingman-style-stack.css.20260714-115422.bak"
"B0B793CD9D24124F264C5015C8CC02BE02FBB27BD56FE5BCF5F78DE217B981B1","8","600869",".wingman-work\backups\20260811-125346\src\wingman2\styles\wingman-style-stack.css.20260714-115319.bak"
"B0B793CD9D24124F264C5015C8CC02BE02FBB27BD56FE5BCF5F78DE217B981B1","8","600869",".wingman-work\backups\20260811-125346\src\wingman2\styles\wingman-style-stack.css.20260714-115422.bak"
"B0B793CD9D24124F264C5015C8CC02BE02FBB27BD56FE5BCF5F78DE217B981B1","8","600869",".wingman-work\backups\20260811-125821\src\wingman2\styles\wingman-style-stack.css.20260714-115319.bak"
"B0B793CD9D24124F264C5015C8CC02BE02FBB27BD56FE5BCF5F78DE217B981B1","8","600869",".wingman-work\backups\20260811-125821\src\wingman2\styles\wingman-style-stack.css.20260714-115422.bak"
"B0B793CD9D24124F264C5015C8CC02BE02FBB27BD56FE5BCF5F78DE217B981B1","8","600869","src\wingman2\styles\wingman-style-stack.css.20260714-115319.bak"
"B0B793CD9D24124F264C5015C8CC02BE02FBB27BD56FE5BCF5F78DE217B981B1","8","600869","src\wingman2\styles\wingman-style-stack.css.20260714-115422.bak"
"B0C4DE6BFDCD8B0220CA58F7E6DD472C304268B14CFC146CAF8CB85B7F55D569","4","11071",".wingman-work\backups\20260811-125215\src\wingman2\lib\schematic\wingmanSchematicEngine.test.ts"
"B0C4DE6BFDCD8B0220CA58F7E6DD472C304268B14CFC146CAF8CB85B7F55D569","4","11071",".wingman-work\backups\20260811-125346\src\wingman2\lib\schematic\wingmanSchematicEngine.test.ts"
"B0C4DE6BFDCD8B0220CA58F7E6DD472C304268B14CFC146CAF8CB85B7F55D569","4","11071",".wingman-work\backups\20260811-125821\src\wingman2\lib\schematic\wingmanSchematicEngine.test.ts"
"B0C4DE6BFDCD8B0220CA58F7E6DD472C304268B14CFC146CAF8CB85B7F55D569","4","11071","src\wingman2\lib\schematic\wingmanSchematicEngine.test.ts"
"B0E0387F2806476C253CCB686F492BFEBA366431D4CED95E96CA445DD36CC38C","4","1361",".wingman-work\backups\20260811-125215\src\wingman2\lib\visualStudioTypes.ts"
"B0E0387F2806476C253CCB686F492BFEBA366431D4CED95E96CA445DD36CC38C","4","1361",".wingman-work\backups\20260811-125346\src\wingman2\lib\visualStudioTypes.ts"
"B0E0387F2806476C253CCB686F492BFEBA366431D4CED95E96CA445DD36CC38C","4","1361",".wingman-work\backups\20260811-125821\src\wingman2\lib\visualStudioTypes.ts"
"B0E0387F2806476C253CCB686F492BFEBA366431D4CED95E96CA445DD36CC38C","4","1361","src\wingman2\lib\visualStudioTypes.ts"
"B0EF6BB391391089A412915B0027F7681745CB2D5365B8E7E728DD75458C9C88","4","12334",".wingman-work\backups\20260811-125215\src\wingman2\components\VisualStudioCanvas.tsx"
"B0EF6BB391391089A412915B0027F7681745CB2D5365B8E7E728DD75458C9C88","4","12334",".wingman-work\backups\20260811-125346\src\wingman2\components\VisualStudioCanvas.tsx"
"B0EF6BB391391089A412915B0027F7681745CB2D5365B8E7E728DD75458C9C88","4","12334",".wingman-work\backups\20260811-125821\src\wingman2\components\VisualStudioCanvas.tsx"
"B0EF6BB391391089A412915B0027F7681745CB2D5365B8E7E728DD75458C9C88","4","12334","src\wingman2\components\VisualStudioCanvas.tsx"
"B1530BD0DBC7DAB34F8D0638523759DC9F5AAD32CA2EE70FC6108070841528B9","2","28779","archive\_wingman_backup_discovery_visual_cards_20260616-091351\DiscoveryPage.tsx.bak"
"B1530BD0DBC7DAB34F8D0638523759DC9F5AAD32CA2EE70FC6108070841528B9","2","28779","archive\_wingman_backup_force_photo_context_cards_20260616-091625\DiscoveryPage.tsx.bak"
"B17D5FE18701CF78B4729293199842226FADD7F69A735C2558B002E5B468E8F7","2","14607","backups\wyrestorm-port-count-repair-20260714-051033\data_admin_wingman-product-admin-db.json.bak"
"B17D5FE18701CF78B4729293199842226FADD7F69A735C2558B002E5B468E8F7","2","14607","data\admin\wingman-product-admin-db.json"
"B229E3B0D7C9CE66877559C61CBD63A74FBA1AE1E52FC53D914BB771F11F3C51","3","23578","archive\_wingman_backup_discovery_guidance_commit_20260614-204418\DiscoveryPage.tsx"
"B229E3B0D7C9CE66877559C61CBD63A74FBA1AE1E52FC53D914BB771F11F3C51","3","23578","archive\_wingman_backup_discovery_readiness_marker_20260614-204208\DiscoveryPage.tsx"
"B229E3B0D7C9CE66877559C61CBD63A74FBA1AE1E52FC53D914BB771F11F3C51","3","23578","archive\_wingman_backup_discovery_strategy_fix_20260614-204612\DiscoveryPage.tsx"
"B27F912AFF03EE9642B77F9C5B58B73A77BE8E17420DE4010278AF63AC88C2EA","3","1725","archive\_wingman_backup_compare_result_layout_20260615-190524\main.tsx"
"B27F912AFF03EE9642B77F9C5B58B73A77BE8E17420DE4010278AF63AC88C2EA","3","1725","archive\_wingman_backup_compare_result_styling_20260615-185918\main.tsx"
"B27F912AFF03EE9642B77F9C5B58B73A77BE8E17420DE4010278AF63AC88C2EA","3","1725","archive\_wingman_backup_compare_visual_route_bridge_20260615-202629\main.tsx"
"B2D45491E12E2616526D71B7FA72032DA5716CEF85F5857156B7900097BF64B4","8","35403",".wingman-work\backups\20260811-125215\src\wingman2\lib\compareSpecEngine.ts.20260722-083258.bak"
"B2D45491E12E2616526D71B7FA72032DA5716CEF85F5857156B7900097BF64B4","8","35403",".wingman-work\backups\20260811-125215\src\wingman2\lib\compareSpecEngine.ts.20260722-083552.bak"
"B2D45491E12E2616526D71B7FA72032DA5716CEF85F5857156B7900097BF64B4","8","35403",".wingman-work\backups\20260811-125346\src\wingman2\lib\compareSpecEngine.ts.20260722-083258.bak"
"B2D45491E12E2616526D71B7FA72032DA5716CEF85F5857156B7900097BF64B4","8","35403",".wingman-work\backups\20260811-125346\src\wingman2\lib\compareSpecEngine.ts.20260722-083552.bak"
"B2D45491E12E2616526D71B7FA72032DA5716CEF85F5857156B7900097BF64B4","8","35403",".wingman-work\backups\20260811-125821\src\wingman2\lib\compareSpecEngine.ts.20260722-083258.bak"
"B2D45491E12E2616526D71B7FA72032DA5716CEF85F5857156B7900097BF64B4","8","35403",".wingman-work\backups\20260811-125821\src\wingman2\lib\compareSpecEngine.ts.20260722-083552.bak"
"B2D45491E12E2616526D71B7FA72032DA5716CEF85F5857156B7900097BF64B4","8","35403","src\wingman2\lib\compareSpecEngine.ts.20260722-083258.bak"
"B2D45491E12E2616526D71B7FA72032DA5716CEF85F5857156B7900097BF64B4","8","35403","src\wingman2\lib\compareSpecEngine.ts.20260722-083552.bak"
"B2FA3BB06AB4AD53A47B609913BCDDA64BA229ADA44F3D5F2CE56B1B38B648A2","2","2255","archive\_src_inline_backups\src\wingman2\pages\ProductCallCardsPage.tsx.bak-20260612-064510"
"B2FA3BB06AB4AD53A47B609913BCDDA64BA229ADA44F3D5F2CE56B1B38B648A2","2","2255","archive\_src_inline_backups\src\wingman2\pages\ProductCallCardsPage.tsx.bak-20260612-064745"
"B33B78379929D9562EC33FF17F6A05E97B9BA50099F2977096C67670FC5B261D","8","35255",".wingman-work\backups\20260811-125215\src\wingman2\styles\wingman-reference-theme.css.20260724-110046.bak"
"B33B78379929D9562EC33FF17F6A05E97B9BA50099F2977096C67670FC5B261D","8","35255",".wingman-work\backups\20260811-125215\src\wingman2\styles\wingman-reference-theme.css.20260724-111028.bak"
"B33B78379929D9562EC33FF17F6A05E97B9BA50099F2977096C67670FC5B261D","8","35255",".wingman-work\backups\20260811-125346\src\wingman2\styles\wingman-reference-theme.css.20260724-110046.bak"
"B33B78379929D9562EC33FF17F6A05E97B9BA50099F2977096C67670FC5B261D","8","35255",".wingman-work\backups\20260811-125346\src\wingman2\styles\wingman-reference-theme.css.20260724-111028.bak"
"B33B78379929D9562EC33FF17F6A05E97B9BA50099F2977096C67670FC5B261D","8","35255",".wingman-work\backups\20260811-125821\src\wingman2\styles\wingman-reference-theme.css.20260724-110046.bak"
"B33B78379929D9562EC33FF17F6A05E97B9BA50099F2977096C67670FC5B261D","8","35255",".wingman-work\backups\20260811-125821\src\wingman2\styles\wingman-reference-theme.css.20260724-111028.bak"
"B33B78379929D9562EC33FF17F6A05E97B9BA50099F2977096C67670FC5B261D","8","35255","src\wingman2\styles\wingman-reference-theme.css.20260724-110046.bak"
"B33B78379929D9562EC33FF17F6A05E97B9BA50099F2977096C67670FC5B261D","8","35255","src\wingman2\styles\wingman-reference-theme.css.20260724-111028.bak"
"B33F4ECEBD0BDC31DEA542343F841530C77A4026AC3E6AA0E66BB19E5AC27D50","4","3136",".wingman-work\backups\20260811-125215\src\wingman2\lib\wyrestormSkuBusinessStatus.test.ts"
"B33F4ECEBD0BDC31DEA542343F841530C77A4026AC3E6AA0E66BB19E5AC27D50","4","3136",".wingman-work\backups\20260811-125346\src\wingman2\lib\wyrestormSkuBusinessStatus.test.ts"
"B33F4ECEBD0BDC31DEA542343F841530C77A4026AC3E6AA0E66BB19E5AC27D50","4","3136",".wingman-work\backups\20260811-125821\src\wingman2\lib\wyrestormSkuBusinessStatus.test.ts"
"B33F4ECEBD0BDC31DEA542343F841530C77A4026AC3E6AA0E66BB19E5AC27D50","4","3136","src\wingman2\lib\wyrestormSkuBusinessStatus.test.ts"
"B359FFCA257C7CEB30D7F7368ADA28D06E0E396DAC1BC26F778285AB15DC5C52","2","25134","archive\_src_inline_backups\src\wingman2\pages\TemplatesPage.tsx.bak-template-discovery-seed-20260627-075622"
"B359FFCA257C7CEB30D7F7368ADA28D06E0E396DAC1BC26F778285AB15DC5C52","2","25134","archive\_src_inline_backups\src\wingman2\pages\TemplatesPage.tsx.bak-template-seed-repair-20260627-075833"
"B36F45403058825B7F1B23F9287FA7B74A86795CAAE5FE603CFAFB2108814533","4","13465",".wingman-work\backups\20260811-125215\src\wingman2\pages\NavigationHubPages.tsx.20260718-194537.bak"
"B36F45403058825B7F1B23F9287FA7B74A86795CAAE5FE603CFAFB2108814533","4","13465",".wingman-work\backups\20260811-125346\src\wingman2\pages\NavigationHubPages.tsx.20260718-194537.bak"
"B36F45403058825B7F1B23F9287FA7B74A86795CAAE5FE603CFAFB2108814533","4","13465",".wingman-work\backups\20260811-125821\src\wingman2\pages\NavigationHubPages.tsx.20260718-194537.bak"
"B36F45403058825B7F1B23F9287FA7B74A86795CAAE5FE603CFAFB2108814533","4","13465","src\wingman2\pages\NavigationHubPages.tsx.20260718-194537.bak"
"B3880D8AEE9105BB84904CADE105BD7A9279807E4596B46473CD831CE64B125E","2","1800","archive\_wingman_backup_guru_single_instance_20260614-063825\src\wingman2\domain\productMatching\types.ts"
"B3880D8AEE9105BB84904CADE105BD7A9279807E4596B46473CD831CE64B125E","2","1800","archive\_wingman_backup_guru_single_instance_20260614-063825\src\wingman2\productMatching\types.ts"
"B3F7CD573300E2EF409F560FBD40D6626961A059D8117313CEC9CE4D784A5BF4","4","4685",".wingman-work\backups\20260811-125215\src\wingman2\lib\systemDependencies.ts"
"B3F7CD573300E2EF409F560FBD40D6626961A059D8117313CEC9CE4D784A5BF4","4","4685",".wingman-work\backups\20260811-125346\src\wingman2\lib\systemDependencies.ts"
"B3F7CD573300E2EF409F560FBD40D6626961A059D8117313CEC9CE4D784A5BF4","4","4685",".wingman-work\backups\20260811-125821\src\wingman2\lib\systemDependencies.ts"
"B3F7CD573300E2EF409F560FBD40D6626961A059D8117313CEC9CE4D784A5BF4","4","4685","src\wingman2\lib\systemDependencies.ts"
"B473D930883B28736533B42D72F6619F50E355B14BB67327D272263D15152719","4","579563",".wingman-work\backups\20260811-125215\src\wingman2\styles\wingman-style-stack.css.before-marker-cleanup.bak"
"B473D930883B28736533B42D72F6619F50E355B14BB67327D272263D15152719","4","579563",".wingman-work\backups\20260811-125346\src\wingman2\styles\wingman-style-stack.css.before-marker-cleanup.bak"
"B473D930883B28736533B42D72F6619F50E355B14BB67327D272263D15152719","4","579563",".wingman-work\backups\20260811-125821\src\wingman2\styles\wingman-style-stack.css.before-marker-cleanup.bak"
"B473D930883B28736533B42D72F6619F50E355B14BB67327D272263D15152719","4","579563","src\wingman2\styles\wingman-style-stack.css.before-marker-cleanup.bak"
"B4A0FE75B60C3C05CDB1B0B4F1C05BBD6D2F7672D2BEB997530CF9C5826E41D1","4","4629",".wingman-work\backups\20260811-125215\src\wingman2\data\ucCompetitorProducts.ts"
"B4A0FE75B60C3C05CDB1B0B4F1C05BBD6D2F7672D2BEB997530CF9C5826E41D1","4","4629",".wingman-work\backups\20260811-125346\src\wingman2\data\ucCompetitorProducts.ts"
"B4A0FE75B60C3C05CDB1B0B4F1C05BBD6D2F7672D2BEB997530CF9C5826E41D1","4","4629",".wingman-work\backups\20260811-125821\src\wingman2\data\ucCompetitorProducts.ts"
"B4A0FE75B60C3C05CDB1B0B4F1C05BBD6D2F7672D2BEB997530CF9C5826E41D1","4","4629","src\wingman2\data\ucCompetitorProducts.ts"
"B55E4A918ECE03FF54D342B4DDB459066E8AA05BAFF14FB47481A448AC29DA75","2","1729","archive\_src_inline_backups\src\main.tsx.backup-mic-align-20260610-090057"
"B55E4A918ECE03FF54D342B4DDB459066E8AA05BAFF14FB47481A448AC29DA75","2","1729","archive\loose-bak\main.tsx.bak-compact-guru-bridge-20260612-083248"
"B56EB154B6A43C8C0EB94E9F9E350918A30C48DA0FDE5D0D7EA9B961DD2FC215","2","1155",".wingman-backups\dashboard-guru-20260712-092949\tools\repair-dashboard-style-drift.mjs"
"B56EB154B6A43C8C0EB94E9F9E350918A30C48DA0FDE5D0D7EA9B961DD2FC215","2","1155","tools\repair-dashboard-style-drift.mjs"
"B68C14A6143F5E47932AB39EB8E98E9940DBCBC0BC33F67BA51ACE2457ADB0B6","4","4374",".wingman-work\backups\20260811-125215\src\wingman2\lib\wyrestormCapabilityProfiles.ts"
"B68C14A6143F5E47932AB39EB8E98E9940DBCBC0BC33F67BA51ACE2457ADB0B6","4","4374",".wingman-work\backups\20260811-125346\src\wingman2\lib\wyrestormCapabilityProfiles.ts"
"B68C14A6143F5E47932AB39EB8E98E9940DBCBC0BC33F67BA51ACE2457ADB0B6","4","4374",".wingman-work\backups\20260811-125821\src\wingman2\lib\wyrestormCapabilityProfiles.ts"
"B68C14A6143F5E47932AB39EB8E98E9940DBCBC0BC33F67BA51ACE2457ADB0B6","4","4374","src\wingman2\lib\wyrestormCapabilityProfiles.ts"
"B70E1B32E321D988E0C3B05D240010C956A54BF176067394C3089BB6EE6796C1","4","1712",".wingman-work\backups\20260811-125215\src\wingman2\lib\salesConversationTone.test.ts"
"B70E1B32E321D988E0C3B05D240010C956A54BF176067394C3089BB6EE6796C1","4","1712",".wingman-work\backups\20260811-125346\src\wingman2\lib\salesConversationTone.test.ts"
"B70E1B32E321D988E0C3B05D240010C956A54BF176067394C3089BB6EE6796C1","4","1712",".wingman-work\backups\20260811-125821\src\wingman2\lib\salesConversationTone.test.ts"
"B70E1B32E321D988E0C3B05D240010C956A54BF176067394C3089BB6EE6796C1","4","1712","src\wingman2\lib\salesConversationTone.test.ts"
"B786E2E28C657862D02CF9C98535275C4345122EBD0B049B9AF6638460C3942A","2","51873","archive\_wingman_backup_compare_pre_commit_cleanup_20260614-084236\src\wingman2\data\projectStore.ts"
"B786E2E28C657862D02CF9C98535275C4345122EBD0B049B9AF6638460C3942A","2","51873","archive\_wingman_backup_pre_compare_cleanup_20260614-083913\src\wingman2\data\projectStore.ts"
"B7B8AC62CB5E670D7E180C6414D49B4FBB27BF5F031594802F284CA9FEC2708F","4","15177",".wingman-work\backups\20260811-125215\src\wingman2\layout\AppShell.tsx"
"B7B8AC62CB5E670D7E180C6414D49B4FBB27BF5F031594802F284CA9FEC2708F","4","15177",".wingman-work\backups\20260811-125346\src\wingman2\layout\AppShell.tsx"
"B7B8AC62CB5E670D7E180C6414D49B4FBB27BF5F031594802F284CA9FEC2708F","4","15177",".wingman-work\backups\20260811-125821\src\wingman2\layout\AppShell.tsx"
"B7B8AC62CB5E670D7E180C6414D49B4FBB27BF5F031594802F284CA9FEC2708F","4","15177","src\wingman2\layout\AppShell.tsx.20260811-131538.bak"
"B8658C961BDBC18547188C046F17EC7A4E2305C68A3F753145F93516975619F4","4","1291",".wingman-work\backups\20260811-125215\src\main.tsx.20260712-143821.bak"
"B8658C961BDBC18547188C046F17EC7A4E2305C68A3F753145F93516975619F4","4","1291",".wingman-work\backups\20260811-125346\src\main.tsx.20260712-143821.bak"
"B8658C961BDBC18547188C046F17EC7A4E2305C68A3F753145F93516975619F4","4","1291",".wingman-work\backups\20260811-125821\src\main.tsx.20260712-143821.bak"
"B8658C961BDBC18547188C046F17EC7A4E2305C68A3F753145F93516975619F4","4","1291","src\main.tsx.20260712-143821.bak"
"B8E7283A94220C029189B98211C3EEB511AF6893C677D624998C4B5CED350A0B","4","10093",".wingman-work\backups\20260811-125215\src\wingman2\lib\schematic\wholeProjectVisualDiagram.ts"
"B8E7283A94220C029189B98211C3EEB511AF6893C677D624998C4B5CED350A0B","4","10093",".wingman-work\backups\20260811-125346\src\wingman2\lib\schematic\wholeProjectVisualDiagram.ts"
"B8E7283A94220C029189B98211C3EEB511AF6893C677D624998C4B5CED350A0B","4","10093",".wingman-work\backups\20260811-125821\src\wingman2\lib\schematic\wholeProjectVisualDiagram.ts"
"B8E7283A94220C029189B98211C3EEB511AF6893C677D624998C4B5CED350A0B","4","10093","src\wingman2\lib\schematic\wholeProjectVisualDiagram.ts"
"B9424E26BDD8254E1A79579D3B378ECA69658BF495318E88D886CC788CFCAAC3","4","987",".wingman-work\backups\20260811-125215\src\__tests__\visualStudioLayoutGuard.test.ts"
"B9424E26BDD8254E1A79579D3B378ECA69658BF495318E88D886CC788CFCAAC3","4","987",".wingman-work\backups\20260811-125346\src\__tests__\visualStudioLayoutGuard.test.ts"
"B9424E26BDD8254E1A79579D3B378ECA69658BF495318E88D886CC788CFCAAC3","4","987",".wingman-work\backups\20260811-125821\src\__tests__\visualStudioLayoutGuard.test.ts"
"B9424E26BDD8254E1A79579D3B378ECA69658BF495318E88D886CC788CFCAAC3","4","987","src\__tests__\visualStudioLayoutGuard.test.ts"
"BA5BEED93B764E687A8D78CFAF6FF552B5D6E6EB0D770225F3D081AC40839E8D","4","2380",".wingman-work\backups\20260811-125215\src\lib\middleware.ts"
"BA5BEED93B764E687A8D78CFAF6FF552B5D6E6EB0D770225F3D081AC40839E8D","4","2380",".wingman-work\backups\20260811-125346\src\lib\middleware.ts"
"BA5BEED93B764E687A8D78CFAF6FF552B5D6E6EB0D770225F3D081AC40839E8D","4","2380",".wingman-work\backups\20260811-125821\src\lib\middleware.ts"
"BA5BEED93B764E687A8D78CFAF6FF552B5D6E6EB0D770225F3D081AC40839E8D","4","2380","src\lib\middleware.ts"
"BA60726F7721C9E70812C1EA0645C0BAF54C1F459761AAD0C75D46EA3A523AD6","4","18513",".wingman-work\backups\20260811-125215\src\wingman2\pages\ProfilePage.tsx"
"BA60726F7721C9E70812C1EA0645C0BAF54C1F459761AAD0C75D46EA3A523AD6","4","18513",".wingman-work\backups\20260811-125346\src\wingman2\pages\ProfilePage.tsx"
"BA60726F7721C9E70812C1EA0645C0BAF54C1F459761AAD0C75D46EA3A523AD6","4","18513",".wingman-work\backups\20260811-125821\src\wingman2\pages\ProfilePage.tsx"
"BA60726F7721C9E70812C1EA0645C0BAF54C1F459761AAD0C75D46EA3A523AD6","4","18513","src\wingman2\pages\ProfilePage.tsx"
"BA6BAF56BEAFE02C67C2DD37746F93CD7BD5BC948248326F947616A3084C5320","2","4458","archive\repo-cleanup-20260709-050830\root-backups\_wingman_backup_dashboard_drift_repair_20260630-083220\src\wingman2\styles\CSS_MIGRATION_REGISTER.md"
"BA6BAF56BEAFE02C67C2DD37746F93CD7BD5BC948248326F947616A3084C5320","2","4458","archive\repo-cleanup-20260709-050830\root-backups\_wingman_backup_visual_contract_20260630-132122\src\wingman2\styles\CSS_MIGRATION_REGISTER.md"
"BB121BE013625CB9705F9894F707AC156054B482EA4DB71FFF5935317C827DD0","5","1815",".wingman-work\backups\20260811-125215\src\main.tsx"
"BB121BE013625CB9705F9894F707AC156054B482EA4DB71FFF5935317C827DD0","5","1815",".wingman-work\backups\20260811-125346\src\main.tsx"
"BB121BE013625CB9705F9894F707AC156054B482EA4DB71FFF5935317C827DD0","5","1815",".wingman-work\backups\20260811-125821\src\main.tsx"
"BB121BE013625CB9705F9894F707AC156054B482EA4DB71FFF5935317C827DD0","5","1815","src\main.tsx.20260811-161643.bak"
"BB121BE013625CB9705F9894F707AC156054B482EA4DB71FFF5935317C827DD0","5","1815","src\main.tsx.20260811-161809.bak"
"BB1D3004CDA8EFA850587950A38ABFD16FF66199F789B962436729C31EFC2881","4","6631",".wingman-work\backups\20260811-125215\vite.config.ts"
"BB1D3004CDA8EFA850587950A38ABFD16FF66199F789B962436729C31EFC2881","4","6631",".wingman-work\backups\20260811-125346\vite.config.ts"
"BB1D3004CDA8EFA850587950A38ABFD16FF66199F789B962436729C31EFC2881","4","6631",".wingman-work\backups\20260811-125821\vite.config.ts"
"BB1D3004CDA8EFA850587950A38ABFD16FF66199F789B962436729C31EFC2881","4","6631","vite.config.ts"
"BB520F7D2FBD82489A9BA6CD333B6B359412CAFC887AED3723D8CFE282EB46A2","4","78944",".wingman-work\backups\20260811-125215\src\wingman2\pages\DiscoveryPage.tsx.20260713-165502.bak"
"BB520F7D2FBD82489A9BA6CD333B6B359412CAFC887AED3723D8CFE282EB46A2","4","78944",".wingman-work\backups\20260811-125346\src\wingman2\pages\DiscoveryPage.tsx.20260713-165502.bak"
"BB520F7D2FBD82489A9BA6CD333B6B359412CAFC887AED3723D8CFE282EB46A2","4","78944",".wingman-work\backups\20260811-125821\src\wingman2\pages\DiscoveryPage.tsx.20260713-165502.bak"
"BB520F7D2FBD82489A9BA6CD333B6B359412CAFC887AED3723D8CFE282EB46A2","4","78944","src\wingman2\pages\DiscoveryPage.tsx.20260713-165502.bak"
"BBE76B93D822D7610218AEF52AA27C1B5C96E4D891BE5094B6CAC7FFB68D9F02","2","24061","archive\_wingman_backup_unreferenced_src_modules_20260710-104753\src\wingman2\domain\productMatching\featureFilters.ts"
"BBE76B93D822D7610218AEF52AA27C1B5C96E4D891BE5094B6CAC7FFB68D9F02","2","24061","archive\_wingman_backup_unreferenced_src_modules_20260710-104753\src\wingman2\productMatching\featureFilters.ts"
"BC63410B60B6B0BEAE50B0C09D756F1F26EEA4F12CDD65ECB93CAFC45346A6C5","4","24336",".wingman-work\backups\20260811-125215\src\wingman2\lib\wyrestormCompareProfile.ts"
"BC63410B60B6B0BEAE50B0C09D756F1F26EEA4F12CDD65ECB93CAFC45346A6C5","4","24336",".wingman-work\backups\20260811-125346\src\wingman2\lib\wyrestormCompareProfile.ts"
"BC63410B60B6B0BEAE50B0C09D756F1F26EEA4F12CDD65ECB93CAFC45346A6C5","4","24336",".wingman-work\backups\20260811-125821\src\wingman2\lib\wyrestormCompareProfile.ts"
"BC63410B60B6B0BEAE50B0C09D756F1F26EEA4F12CDD65ECB93CAFC45346A6C5","4","24336","src\wingman2\lib\wyrestormCompareProfile.ts"
"BD216747869CA4AE77221E0F74B32613DEBB45AC09303E3C3BA52178EB2D26D9","2","49","archive\_wingman_backup_guru_single_instance_20260614-063825\src\components\index.ts"
"BD216747869CA4AE77221E0F74B32613DEBB45AC09303E3C3BA52178EB2D26D9","2","49","archive\_wingman_backup_unreferenced_src_modules_20260710-104753\src\components\index.ts"
"BF937112ADE4E883040BA1E2607FF6B3E1DC79B3A026518F8B0E1130E802712D","3","3598","_backups\retire-finder-feature-sweep-v3-20260720-084642\files\src\__tests__\productFamilyScoreSurfacing.test.ts"
"BF937112ADE4E883040BA1E2607FF6B3E1DC79B3A026518F8B0E1130E802712D","3","3598","_backups\retire-finder-feature-sweep-v4-20260720-085242\files\src\__tests__\productFamilyScoreSurfacing.test.ts"
"BF937112ADE4E883040BA1E2607FF6B3E1DC79B3A026518F8B0E1130E802712D","3","3598","_backups\retire-finder-feature-sweep-v5-20260720-085648\files\src\__tests__\productFamilyScoreSurfacing.test.ts"
"C043881511E990AE68520DC1A9E646D796E8D3621592F2B4F0F779A875184F6F","4","18089",".wingman-work\backups\20260811-125215\src\wingman2\lib\visualStudioProductConnection.ts"
"C043881511E990AE68520DC1A9E646D796E8D3621592F2B4F0F779A875184F6F","4","18089",".wingman-work\backups\20260811-125346\src\wingman2\lib\visualStudioProductConnection.ts"
"C043881511E990AE68520DC1A9E646D796E8D3621592F2B4F0F779A875184F6F","4","18089",".wingman-work\backups\20260811-125821\src\wingman2\lib\visualStudioProductConnection.ts"
"C043881511E990AE68520DC1A9E646D796E8D3621592F2B4F0F779A875184F6F","4","18089","src\wingman2\lib\visualStudioProductConnection.ts"
"C060B349C87C144805A14A9D1CD22356DC8D806BCDE138FD838E2DB9E0AABC72","4","669",".wingman-work\backups\20260811-125215\src\wingman2\components\branding\GuruAssistantAvatar.tsx"
"C060B349C87C144805A14A9D1CD22356DC8D806BCDE138FD838E2DB9E0AABC72","4","669",".wingman-work\backups\20260811-125346\src\wingman2\components\branding\GuruAssistantAvatar.tsx"
"C060B349C87C144805A14A9D1CD22356DC8D806BCDE138FD838E2DB9E0AABC72","4","669",".wingman-work\backups\20260811-125821\src\wingman2\components\branding\GuruAssistantAvatar.tsx"
"C060B349C87C144805A14A9D1CD22356DC8D806BCDE138FD838E2DB9E0AABC72","4","669","src\wingman2\components\branding\GuruAssistantAvatar.tsx"
"C107761CC73B2570E8D62BB6E2A0C5757CED342044668316CA9E832B8B293D69","4","4096",".wingman-work\backups\20260811-125215\src\wingman2\pages\ProjectDetailPage.test.tsx"
"C107761CC73B2570E8D62BB6E2A0C5757CED342044668316CA9E832B8B293D69","4","4096",".wingman-work\backups\20260811-125346\src\wingman2\pages\ProjectDetailPage.test.tsx"
"C107761CC73B2570E8D62BB6E2A0C5757CED342044668316CA9E832B8B293D69","4","4096",".wingman-work\backups\20260811-125821\src\wingman2\pages\ProjectDetailPage.test.tsx"
"C107761CC73B2570E8D62BB6E2A0C5757CED342044668316CA9E832B8B293D69","4","4096","src\wingman2\pages\ProjectDetailPage.test.tsx"
"C14299095B570A3BF778EFCAF24D522D466C9FA7CE608A1A2FD1FB5DB2CD7D63","4","168",".wingman-work\backups\20260811-125215\src\wingman2\pages\CallCardsPage.tsx"
"C14299095B570A3BF778EFCAF24D522D466C9FA7CE608A1A2FD1FB5DB2CD7D63","4","168",".wingman-work\backups\20260811-125346\src\wingman2\pages\CallCardsPage.tsx"
"C14299095B570A3BF778EFCAF24D522D466C9FA7CE608A1A2FD1FB5DB2CD7D63","4","168",".wingman-work\backups\20260811-125821\src\wingman2\pages\CallCardsPage.tsx"
"C14299095B570A3BF778EFCAF24D522D466C9FA7CE608A1A2FD1FB5DB2CD7D63","4","168","src\wingman2\pages\CallCardsPage.tsx"
"C2018D09113230F17F5178A39A372C4B05807EB3D7F245DD12DA75FFD0CCCEB2","4","43789",".wingman-work\backups\20260811-125215\src\wingman2\lib\competitorSpecRegistry.ts"
"C2018D09113230F17F5178A39A372C4B05807EB3D7F245DD12DA75FFD0CCCEB2","4","43789",".wingman-work\backups\20260811-125346\src\wingman2\lib\competitorSpecRegistry.ts"
"C2018D09113230F17F5178A39A372C4B05807EB3D7F245DD12DA75FFD0CCCEB2","4","43789",".wingman-work\backups\20260811-125821\src\wingman2\lib\competitorSpecRegistry.ts"
"C2018D09113230F17F5178A39A372C4B05807EB3D7F245DD12DA75FFD0CCCEB2","4","43789","src\wingman2\lib\competitorSpecRegistry.ts"
"C212B74C5937889052D233481AEBBA591D74D1FFB593E862B814661DC448D8D6","4","2755",".wingman-work\backups\20260811-125215\src\__tests__\productPitchActiveCatalogue.test.ts"
"C212B74C5937889052D233481AEBBA591D74D1FFB593E862B814661DC448D8D6","4","2755",".wingman-work\backups\20260811-125346\src\__tests__\productPitchActiveCatalogue.test.ts"
"C212B74C5937889052D233481AEBBA591D74D1FFB593E862B814661DC448D8D6","4","2755",".wingman-work\backups\20260811-125821\src\__tests__\productPitchActiveCatalogue.test.ts"
"C212B74C5937889052D233481AEBBA591D74D1FFB593E862B814661DC448D8D6","4","2755","src\__tests__\productPitchActiveCatalogue.test.ts"
"C218BE3B74D9EF4F3A1A1D0FD864EA460B6AF558BC56ABFE6D394D0C71E7A859","4","57206",".wingman-work\backups\20260811-125215\src\wingman2\pages\discovery\discoveryQuestions.ts"
"C218BE3B74D9EF4F3A1A1D0FD864EA460B6AF558BC56ABFE6D394D0C71E7A859","4","57206",".wingman-work\backups\20260811-125346\src\wingman2\pages\discovery\discoveryQuestions.ts"
"C218BE3B74D9EF4F3A1A1D0FD864EA460B6AF558BC56ABFE6D394D0C71E7A859","4","57206",".wingman-work\backups\20260811-125821\src\wingman2\pages\discovery\discoveryQuestions.ts"
"C218BE3B74D9EF4F3A1A1D0FD864EA460B6AF558BC56ABFE6D394D0C71E7A859","4","57206","src\wingman2\pages\discovery\discoveryQuestions.ts"
"C28587B73C0A5E42E17C60EC41C8C636E05EFE5EF64E085891D95C5DF40A9EC5","4","11714",".wingman-work\backups\20260811-125215\src\__tests__\templateMarketFiltersAndCustomTemplates.test.tsx"
"C28587B73C0A5E42E17C60EC41C8C636E05EFE5EF64E085891D95C5DF40A9EC5","4","11714",".wingman-work\backups\20260811-125346\src\__tests__\templateMarketFiltersAndCustomTemplates.test.tsx"
"C28587B73C0A5E42E17C60EC41C8C636E05EFE5EF64E085891D95C5DF40A9EC5","4","11714",".wingman-work\backups\20260811-125821\src\__tests__\templateMarketFiltersAndCustomTemplates.test.tsx"
"C28587B73C0A5E42E17C60EC41C8C636E05EFE5EF64E085891D95C5DF40A9EC5","4","11714","src\__tests__\templateMarketFiltersAndCustomTemplates.test.tsx"
"C2B777A09CBDDBC9E74590D9B21468691E6643D8473F7843613ED237C1E714B5","2","25966","reports\compare-engine-audit-20260613-105112\src_wingman2_lib_competitorMatchEngine.ts.full.txt"
"C2B777A09CBDDBC9E74590D9B21468691E6643D8473F7843613ED237C1E714B5","2","25966","reports\compare-family-rule-fix-20260613-135725\competitorMatchEngine.ts.before.txt"
"C2E4FDDE9F0627AB3F912EDF0308CF30687AFC107833E296AFA3CAAA0644CB9D","3","2051","_backups\retire-finder-feature-sweep-v3-20260720-084642\files\tools\check-duplicate-jsx-classnames.mjs"
"C2E4FDDE9F0627AB3F912EDF0308CF30687AFC107833E296AFA3CAAA0644CB9D","3","2051","_backups\retire-finder-feature-sweep-v4-20260720-085242\files\tools\check-duplicate-jsx-classnames.mjs"
"C2E4FDDE9F0627AB3F912EDF0308CF30687AFC107833E296AFA3CAAA0644CB9D","3","2051","_backups\retire-finder-feature-sweep-v5-20260720-085648\files\tools\check-duplicate-jsx-classnames.mjs"
"C379FB79DC7433E12DC0BD9CFC721A454E5F228B76C36D13176D8B60832BAB09","2","1864","archive\_wingman_backup_unreferenced_src_modules_20260710-104753\src\wingman2\domain\productMatching\types.ts"
"C379FB79DC7433E12DC0BD9CFC721A454E5F228B76C36D13176D8B60832BAB09","2","1864","archive\_wingman_backup_unreferenced_src_modules_20260710-104753\src\wingman2\productMatching\types.ts"
"C39F95FA2AE141DE2FCE196B484565C48D0E70E8E1A0FFD881B8608C808A6BEA","3","64893","_backups\retire-finder-feature-sweep-v3-20260720-084642\files\src\wingman2\data\projectStore.ts"
"C39F95FA2AE141DE2FCE196B484565C48D0E70E8E1A0FFD881B8608C808A6BEA","3","64893","_backups\retire-finder-feature-sweep-v4-20260720-085242\files\src\wingman2\data\projectStore.ts"
"C39F95FA2AE141DE2FCE196B484565C48D0E70E8E1A0FFD881B8608C808A6BEA","3","64893","_backups\retire-finder-feature-sweep-v5-20260720-085648\files\src\wingman2\data\projectStore.ts"
"C46E5B9C751447F0D198FEAB380FAEBCB1BB6C29A0E42507B8935460AD838AE5","4","855",".wingman-work\backups\20260811-125215\src\__tests__\finderProductFamilyReason.test.ts"
"C46E5B9C751447F0D198FEAB380FAEBCB1BB6C29A0E42507B8935460AD838AE5","4","855",".wingman-work\backups\20260811-125346\src\__tests__\finderProductFamilyReason.test.ts"
"C46E5B9C751447F0D198FEAB380FAEBCB1BB6C29A0E42507B8935460AD838AE5","4","855",".wingman-work\backups\20260811-125821\src\__tests__\finderProductFamilyReason.test.ts"
"C46E5B9C751447F0D198FEAB380FAEBCB1BB6C29A0E42507B8935460AD838AE5","4","855","src\__tests__\finderProductFamilyReason.test.ts"
"C54C398294BC4A9E7E416182CAAA353C2CE157C8BB8E99FA5C1C07C74E74603D","2","11109","archive\_src_inline_backups\src\wingman2\components\workflow\WorkflowAlphaNumericFilter.tsx.bak-disable-alpha-readout-dom-20260627-191018"
"C54C398294BC4A9E7E416182CAAA353C2CE157C8BB8E99FA5C1C07C74E74603D","2","11109","archive\_src_inline_backups\src\wingman2\components\workflow\WorkflowAlphaNumericFilter.tsx.bak-remove-alpha-readout-20260627-190847"
"C54FDCCADA45777E7C761546E9673253F2398171D8F186696F7CC85DE2A3CDB4","2","364","archive\_wingman_backup_guru_single_instance_20260614-063825\src\wingman2\components\layout\index.ts"
"C54FDCCADA45777E7C761546E9673253F2398171D8F186696F7CC85DE2A3CDB4","2","364","archive\_wingman_backup_unreferenced_src_modules_20260710-104753\src\wingman2\components\layout\index.ts"
"C6F155E86A286F364C7CEE48C25EDC0047A22F4E791542D3A6D791BE44C158DF","4","4891",".wingman-work\backups\20260811-125215\src\wingman2\pages\discovery\operationalDiscoveryQuestions.test.ts"
"C6F155E86A286F364C7CEE48C25EDC0047A22F4E791542D3A6D791BE44C158DF","4","4891",".wingman-work\backups\20260811-125346\src\wingman2\pages\discovery\operationalDiscoveryQuestions.test.ts"
"C6F155E86A286F364C7CEE48C25EDC0047A22F4E791542D3A6D791BE44C158DF","4","4891",".wingman-work\backups\20260811-125821\src\wingman2\pages\discovery\operationalDiscoveryQuestions.test.ts"
"C6F155E86A286F364C7CEE48C25EDC0047A22F4E791542D3A6D791BE44C158DF","4","4891","src\wingman2\pages\discovery\operationalDiscoveryQuestions.test.ts"
"C760E9321C745AD9156C01CA561220FBA1010D42AC076CD4A75A8A493E1584EC","2","1155951","backups\visual-studio-fit-header-fix-20260712-124959\src\wingman2\styles\wingman-style-stack.css"
"C760E9321C745AD9156C01CA561220FBA1010D42AC076CD4A75A8A493E1584EC","2","1155951","backups\visual-studio-viewport-fix-20260712-124259\src\wingman2\styles\wingman-style-stack.css"
"C7864C139B14BB6D66E44D8C167506400373BC1B8C4ECD26228A18A409B1C6C3","4","10144","archive\repo-cleanup-20260709-050830\root-artifacts\DashboardPage.tsx"
"C7864C139B14BB6D66E44D8C167506400373BC1B8C4ECD26228A18A409B1C6C3","4","10144","archive\repo-cleanup-20260709-050830\root-artifacts\install.DISCARDED\DashboardPage.tsx"
"C7864C139B14BB6D66E44D8C167506400373BC1B8C4ECD26228A18A409B1C6C3","4","10144","archive\repo-cleanup-20260709-050830\root-backups\_wingman_backup_dashboard_markup_guard_20260706-095040\DashboardPage.tsx"
"C7864C139B14BB6D66E44D8C167506400373BC1B8C4ECD26228A18A409B1C6C3","4","10144","archive\repo-cleanup-20260709-050830\root-backups\_wingman_backup_dashboard_markup_guard_20260706-095120\DashboardPage.tsx"
"C8328DED787ABBDE87C8258425EAC486695C638F25544804BBA71F2DC11FC232","4","646099",".wingman-work\backups\20260811-125215\src\wingman2\styles\wingman-style-stack.css.20260719-104349.bak"
"C8328DED787ABBDE87C8258425EAC486695C638F25544804BBA71F2DC11FC232","4","646099",".wingman-work\backups\20260811-125346\src\wingman2\styles\wingman-style-stack.css.20260719-104349.bak"
"C8328DED787ABBDE87C8258425EAC486695C638F25544804BBA71F2DC11FC232","4","646099",".wingman-work\backups\20260811-125821\src\wingman2\styles\wingman-style-stack.css.20260719-104349.bak"
"C8328DED787ABBDE87C8258425EAC486695C638F25544804BBA71F2DC11FC232","4","646099","src\wingman2\styles\wingman-style-stack.css.20260719-104349.bak"
"C834ACF1D518A5BA475E961A31B33A4DA4180E55E94DBAAC8BAAD000BEC83DF2","4","6483",".wingman-work\backups\20260811-125215\src\__tests__\projectDetailRankingReasonRendered.test.tsx"
"C834ACF1D518A5BA475E961A31B33A4DA4180E55E94DBAAC8BAAD000BEC83DF2","4","6483",".wingman-work\backups\20260811-125346\src\__tests__\projectDetailRankingReasonRendered.test.tsx"
"C834ACF1D518A5BA475E961A31B33A4DA4180E55E94DBAAC8BAAD000BEC83DF2","4","6483",".wingman-work\backups\20260811-125821\src\__tests__\projectDetailRankingReasonRendered.test.tsx"
"C834ACF1D518A5BA475E961A31B33A4DA4180E55E94DBAAC8BAAD000BEC83DF2","4","6483","src\__tests__\projectDetailRankingReasonRendered.test.tsx"
"C8FC29163A8DDD3DC66FE5D6835F029E1D40AAE610C22B49E08735F63D2C2A9D","2","8736","archive\_wingman_backup_guru_single_instance_20260614-063825\src\wingman2\components\GuruCallNotesInterpreter.tsx"
"C8FC29163A8DDD3DC66FE5D6835F029E1D40AAE610C22B49E08735F63D2C2A9D","2","8736","archive\_wingman_backup_speech_type_fix_20260614-201933\GuruCallNotesInterpreter.tsx"
"C94C7FA41B6CA329342E98ACC606201C47E98A9D09D3B0662F3809B2500DDB03","8","3906",".wingman-work\backups\20260811-125215\src\wingman2\components\compare\BattleCard.tsx.20260722-083258.bak"
"C94C7FA41B6CA329342E98ACC606201C47E98A9D09D3B0662F3809B2500DDB03","8","3906",".wingman-work\backups\20260811-125215\src\wingman2\components\compare\BattleCard.tsx.20260722-083552.bak"
"C94C7FA41B6CA329342E98ACC606201C47E98A9D09D3B0662F3809B2500DDB03","8","3906",".wingman-work\backups\20260811-125346\src\wingman2\components\compare\BattleCard.tsx.20260722-083258.bak"
"C94C7FA41B6CA329342E98ACC606201C47E98A9D09D3B0662F3809B2500DDB03","8","3906",".wingman-work\backups\20260811-125346\src\wingman2\components\compare\BattleCard.tsx.20260722-083552.bak"
"C94C7FA41B6CA329342E98ACC606201C47E98A9D09D3B0662F3809B2500DDB03","8","3906",".wingman-work\backups\20260811-125821\src\wingman2\components\compare\BattleCard.tsx.20260722-083258.bak"
"C94C7FA41B6CA329342E98ACC606201C47E98A9D09D3B0662F3809B2500DDB03","8","3906",".wingman-work\backups\20260811-125821\src\wingman2\components\compare\BattleCard.tsx.20260722-083552.bak"
"C94C7FA41B6CA329342E98ACC606201C47E98A9D09D3B0662F3809B2500DDB03","8","3906","src\wingman2\components\compare\BattleCard.tsx.20260722-083258.bak"
"C94C7FA41B6CA329342E98ACC606201C47E98A9D09D3B0662F3809B2500DDB03","8","3906","src\wingman2\components\compare\BattleCard.tsx.20260722-083552.bak"
"C96750AFEEBD443B4B6D39EA37624E78D1BADFE7413E4D45A31326077446E336","3","66645",".wingman-work\backups\20260811-125215\src\wingman2\data\projectStore.ts"
"C96750AFEEBD443B4B6D39EA37624E78D1BADFE7413E4D45A31326077446E336","3","66645",".wingman-work\backups\20260811-125346\src\wingman2\data\projectStore.ts"
"C96750AFEEBD443B4B6D39EA37624E78D1BADFE7413E4D45A31326077446E336","3","66645",".wingman-work\backups\20260811-125821\src\wingman2\data\projectStore.ts"
"C9AD05E7526C729D419663FBAF6638C92A28B15EB52BE91C6CB911CAADD3B2C8","4","1810",".wingman-work\backups\20260811-125215\src\wingman2\lib\competitorCompareDecision.failClosed.test.ts"
"C9AD05E7526C729D419663FBAF6638C92A28B15EB52BE91C6CB911CAADD3B2C8","4","1810",".wingman-work\backups\20260811-125346\src\wingman2\lib\competitorCompareDecision.failClosed.test.ts"
"C9AD05E7526C729D419663FBAF6638C92A28B15EB52BE91C6CB911CAADD3B2C8","4","1810",".wingman-work\backups\20260811-125821\src\wingman2\lib\competitorCompareDecision.failClosed.test.ts"
"C9AD05E7526C729D419663FBAF6638C92A28B15EB52BE91C6CB911CAADD3B2C8","4","1810","src\wingman2\lib\competitorCompareDecision.failClosed.test.ts"
"C9CB1B43E096179A0C36068FCC1D401D9BAFCC25E5D87898B661541E855620F5","8","1625",".wingman-work\backups\20260811-125215\src\main.tsx.20260720-104415.bak"
"C9CB1B43E096179A0C36068FCC1D401D9BAFCC25E5D87898B661541E855620F5","8","1625",".wingman-work\backups\20260811-125215\src\main.tsx.20260720-104654.bak"
"C9CB1B43E096179A0C36068FCC1D401D9BAFCC25E5D87898B661541E855620F5","8","1625",".wingman-work\backups\20260811-125346\src\main.tsx.20260720-104415.bak"
"C9CB1B43E096179A0C36068FCC1D401D9BAFCC25E5D87898B661541E855620F5","8","1625",".wingman-work\backups\20260811-125346\src\main.tsx.20260720-104654.bak"
"C9CB1B43E096179A0C36068FCC1D401D9BAFCC25E5D87898B661541E855620F5","8","1625",".wingman-work\backups\20260811-125821\src\main.tsx.20260720-104415.bak"
"C9CB1B43E096179A0C36068FCC1D401D9BAFCC25E5D87898B661541E855620F5","8","1625",".wingman-work\backups\20260811-125821\src\main.tsx.20260720-104654.bak"
"C9CB1B43E096179A0C36068FCC1D401D9BAFCC25E5D87898B661541E855620F5","8","1625","src\main.tsx.20260720-104415.bak"
"C9CB1B43E096179A0C36068FCC1D401D9BAFCC25E5D87898B661541E855620F5","8","1625","src\main.tsx.20260720-104654.bak"
"C9D61D466B83234A07044B9927CFBD9751E736EB4B19ABD9DBED962D87837EA1","4","8401",".wingman-work\backups\20260811-125215\src\wingman2\lib\competitorCompareDecision.test.ts"
"C9D61D466B83234A07044B9927CFBD9751E736EB4B19ABD9DBED962D87837EA1","4","8401",".wingman-work\backups\20260811-125346\src\wingman2\lib\competitorCompareDecision.test.ts"
"C9D61D466B83234A07044B9927CFBD9751E736EB4B19ABD9DBED962D87837EA1","4","8401",".wingman-work\backups\20260811-125821\src\wingman2\lib\competitorCompareDecision.test.ts"
"C9D61D466B83234A07044B9927CFBD9751E736EB4B19ABD9DBED962D87837EA1","4","8401","src\wingman2\lib\competitorCompareDecision.test.ts"
"CA5E0C96338AF106E1F2436BA4FB02BA85A4F1B610C0D7C60F7E9C153EC31488","8","62878",".wingman-work\backups\20260811-125215\src\wingman2\pages\DiscoveryPage.tsx.20260806-151607.bak"
"CA5E0C96338AF106E1F2436BA4FB02BA85A4F1B610C0D7C60F7E9C153EC31488","8","62878",".wingman-work\backups\20260811-125215\src\wingman2\pages\DiscoveryPage.tsx.20260806-152031.bak"
"CA5E0C96338AF106E1F2436BA4FB02BA85A4F1B610C0D7C60F7E9C153EC31488","8","62878",".wingman-work\backups\20260811-125346\src\wingman2\pages\DiscoveryPage.tsx.20260806-151607.bak"
"CA5E0C96338AF106E1F2436BA4FB02BA85A4F1B610C0D7C60F7E9C153EC31488","8","62878",".wingman-work\backups\20260811-125346\src\wingman2\pages\DiscoveryPage.tsx.20260806-152031.bak"
"CA5E0C96338AF106E1F2436BA4FB02BA85A4F1B610C0D7C60F7E9C153EC31488","8","62878",".wingman-work\backups\20260811-125821\src\wingman2\pages\DiscoveryPage.tsx.20260806-151607.bak"
"CA5E0C96338AF106E1F2436BA4FB02BA85A4F1B610C0D7C60F7E9C153EC31488","8","62878",".wingman-work\backups\20260811-125821\src\wingman2\pages\DiscoveryPage.tsx.20260806-152031.bak"
"CA5E0C96338AF106E1F2436BA4FB02BA85A4F1B610C0D7C60F7E9C153EC31488","8","62878","src\wingman2\pages\DiscoveryPage.tsx.20260806-151607.bak"
"CA5E0C96338AF106E1F2436BA4FB02BA85A4F1B610C0D7C60F7E9C153EC31488","8","62878","src\wingman2\pages\DiscoveryPage.tsx.20260806-152031.bak"
"CAAD8B671CDFB5AD37D20BB461E22505A4EFEFC3347FDCA6198096E5339B4CE8","2","38587","archive\repo-cleanup-20260709-050830\root-backups\_wingman_backup_ingest_arbitrary_tailwind_20260706-104203\IngestPage.tsx"
"CAAD8B671CDFB5AD37D20BB461E22505A4EFEFC3347FDCA6198096E5339B4CE8","2","38587","archive\repo-cleanup-20260709-050830\root-backups\_wingman_backup_ingest_arbitrary_tailwind_20260706-104535\IngestPage.tsx"
"CB03E23B38973CF69C20F39F2E9456BF90B8F207490B856400E8A3113D615DD0","4","9822",".wingman-work\backups\20260811-125215\src\wingman2\components\VisualStudioCanvas.tsx.before-react-flow-css-fix.bak"
"CB03E23B38973CF69C20F39F2E9456BF90B8F207490B856400E8A3113D615DD0","4","9822",".wingman-work\backups\20260811-125346\src\wingman2\components\VisualStudioCanvas.tsx.before-react-flow-css-fix.bak"
"CB03E23B38973CF69C20F39F2E9456BF90B8F207490B856400E8A3113D615DD0","4","9822",".wingman-work\backups\20260811-125821\src\wingman2\components\VisualStudioCanvas.tsx.before-react-flow-css-fix.bak"
"CB03E23B38973CF69C20F39F2E9456BF90B8F207490B856400E8A3113D615DD0","4","9822","src\wingman2\components\VisualStudioCanvas.tsx.before-react-flow-css-fix.bak"
"CB12454ABEEC0F77099BF0EA3AF35E7D87F63D8EE60D5F20E85FB1E3A3F7C09A","8","35255",".wingman-work\backups\20260811-125215\src\wingman2\styles\wingman-reference-theme.css.20260724-092644.bak"
"CB12454ABEEC0F77099BF0EA3AF35E7D87F63D8EE60D5F20E85FB1E3A3F7C09A","8","35255",".wingman-work\backups\20260811-125215\src\wingman2\styles\wingman-reference-theme.css.20260724-093153.bak"
"CB12454ABEEC0F77099BF0EA3AF35E7D87F63D8EE60D5F20E85FB1E3A3F7C09A","8","35255",".wingman-work\backups\20260811-125346\src\wingman2\styles\wingman-reference-theme.css.20260724-092644.bak"
"CB12454ABEEC0F77099BF0EA3AF35E7D87F63D8EE60D5F20E85FB1E3A3F7C09A","8","35255",".wingman-work\backups\20260811-125346\src\wingman2\styles\wingman-reference-theme.css.20260724-093153.bak"
"CB12454ABEEC0F77099BF0EA3AF35E7D87F63D8EE60D5F20E85FB1E3A3F7C09A","8","35255",".wingman-work\backups\20260811-125821\src\wingman2\styles\wingman-reference-theme.css.20260724-092644.bak"
"CB12454ABEEC0F77099BF0EA3AF35E7D87F63D8EE60D5F20E85FB1E3A3F7C09A","8","35255",".wingman-work\backups\20260811-125821\src\wingman2\styles\wingman-reference-theme.css.20260724-093153.bak"
"CB12454ABEEC0F77099BF0EA3AF35E7D87F63D8EE60D5F20E85FB1E3A3F7C09A","8","35255","src\wingman2\styles\wingman-reference-theme.css.20260724-092644.bak"
"CB12454ABEEC0F77099BF0EA3AF35E7D87F63D8EE60D5F20E85FB1E3A3F7C09A","8","35255","src\wingman2\styles\wingman-reference-theme.css.20260724-093153.bak"
"CD5C35E5EC4E205C5B29438D07C7C8CB61B0A311014852343131626356DEC465","4","6574",".wingman-work\backups\20260811-125215\src\wingman2\lib\projectRequirements.ts"
"CD5C35E5EC4E205C5B29438D07C7C8CB61B0A311014852343131626356DEC465","4","6574",".wingman-work\backups\20260811-125346\src\wingman2\lib\projectRequirements.ts"
"CD5C35E5EC4E205C5B29438D07C7C8CB61B0A311014852343131626356DEC465","4","6574",".wingman-work\backups\20260811-125821\src\wingman2\lib\projectRequirements.ts"
"CD5C35E5EC4E205C5B29438D07C7C8CB61B0A311014852343131626356DEC465","4","6574","src\wingman2\lib\projectRequirements.ts"
"CD8CB5120137D0D7D144F1316A6704AA86A55060A7753B852D662A15CED2294A","4","35669",".wingman-work\backups\20260811-125215\src\wingman2\pages\VisualDesignStudioPage.tsx"
"CD8CB5120137D0D7D144F1316A6704AA86A55060A7753B852D662A15CED2294A","4","35669",".wingman-work\backups\20260811-125346\src\wingman2\pages\VisualDesignStudioPage.tsx"
"CD8CB5120137D0D7D144F1316A6704AA86A55060A7753B852D662A15CED2294A","4","35669",".wingman-work\backups\20260811-125821\src\wingman2\pages\VisualDesignStudioPage.tsx"
"CD8CB5120137D0D7D144F1316A6704AA86A55060A7753B852D662A15CED2294A","4","35669","src\wingman2\pages\VisualDesignStudioPage.tsx"
"CD97A4D9FE8740F6442A79A509E960420E4869702B3933930531B183F5D144EA","2","6787","archive\_src_inline_backups\src\wingman2\components\TemplateDiscoverySeedPanel.tsx.bak-template-seed-final-repair-20260627-080035"
"CD97A4D9FE8740F6442A79A509E960420E4869702B3933930531B183F5D144EA","2","6787","archive\_src_inline_backups\src\wingman2\components\TemplateDiscoverySeedPanel.tsx.bak-template-solution-builder-20260627-085516"
"CE1DA6E084ABC31DF1B0256BF036A48868C6146115FCA8E63BADDAE8BE081ADD","4","14835",".wingman-work\backups\20260811-125215\src\wingman2\lib\visualStudioProductConnection.ts.20260714-120301.bak"
"CE1DA6E084ABC31DF1B0256BF036A48868C6146115FCA8E63BADDAE8BE081ADD","4","14835",".wingman-work\backups\20260811-125346\src\wingman2\lib\visualStudioProductConnection.ts.20260714-120301.bak"
"CE1DA6E084ABC31DF1B0256BF036A48868C6146115FCA8E63BADDAE8BE081ADD","4","14835",".wingman-work\backups\20260811-125821\src\wingman2\lib\visualStudioProductConnection.ts.20260714-120301.bak"
"CE1DA6E084ABC31DF1B0256BF036A48868C6146115FCA8E63BADDAE8BE081ADD","4","14835","src\wingman2\lib\visualStudioProductConnection.ts.20260714-120301.bak"
"CE6C7270D9BE82885D9ABEA84908B8EADAC6C20E45C151F08439CF7F24E6A01E","4","3093",".wingman-work\backups\20260811-125215\src\wingman2\lib\compareEligibilityEngine.splitterFanOut.test.ts"
"CE6C7270D9BE82885D9ABEA84908B8EADAC6C20E45C151F08439CF7F24E6A01E","4","3093",".wingman-work\backups\20260811-125346\src\wingman2\lib\compareEligibilityEngine.splitterFanOut.test.ts"
"CE6C7270D9BE82885D9ABEA84908B8EADAC6C20E45C151F08439CF7F24E6A01E","4","3093",".wingman-work\backups\20260811-125821\src\wingman2\lib\compareEligibilityEngine.splitterFanOut.test.ts"
"CE6C7270D9BE82885D9ABEA84908B8EADAC6C20E45C151F08439CF7F24E6A01E","4","3093","src\wingman2\lib\compareEligibilityEngine.splitterFanOut.test.ts"
"CE790E46ED26CEF8983485AE6F6D2DFD61E7067BE05F0033581A1779A04A88F3","4","5832",".wingman-work\backups\20260811-125215\src\wingman2\api\wingmanApi.ts"
"CE790E46ED26CEF8983485AE6F6D2DFD61E7067BE05F0033581A1779A04A88F3","4","5832",".wingman-work\backups\20260811-125346\src\wingman2\api\wingmanApi.ts"
"CE790E46ED26CEF8983485AE6F6D2DFD61E7067BE05F0033581A1779A04A88F3","4","5832",".wingman-work\backups\20260811-125821\src\wingman2\api\wingmanApi.ts"
"CE790E46ED26CEF8983485AE6F6D2DFD61E7067BE05F0033581A1779A04A88F3","4","5832","src\wingman2\api\wingmanApi.ts"
"CEB71B5582A241EFD970D1EE16320EEFBF1FE283254F0FBB1F96CEE18ED6E38F","4","1072",".wingman-work\backups\20260811-125215\src\wingman2\pages\ComparePageNew.liveLookup.test.ts"
"CEB71B5582A241EFD970D1EE16320EEFBF1FE283254F0FBB1F96CEE18ED6E38F","4","1072",".wingman-work\backups\20260811-125346\src\wingman2\pages\ComparePageNew.liveLookup.test.ts"
"CEB71B5582A241EFD970D1EE16320EEFBF1FE283254F0FBB1F96CEE18ED6E38F","4","1072",".wingman-work\backups\20260811-125821\src\wingman2\pages\ComparePageNew.liveLookup.test.ts"
"CEB71B5582A241EFD970D1EE16320EEFBF1FE283254F0FBB1F96CEE18ED6E38F","4","1072","src\wingman2\pages\ComparePageNew.liveLookup.test.ts"
"CEE96C9A659EA316B1D6F2A6FFA338A970227B7D6E2BCC6E14650A84FDADDD08","4","13990",".wingman-work\backups\20260811-125215\src\wingman2\styles\wingman-navigation-hub-cascade-lock.css.20260718-185838.bak"
"CEE96C9A659EA316B1D6F2A6FFA338A970227B7D6E2BCC6E14650A84FDADDD08","4","13990",".wingman-work\backups\20260811-125346\src\wingman2\styles\wingman-navigation-hub-cascade-lock.css.20260718-185838.bak"
"CEE96C9A659EA316B1D6F2A6FFA338A970227B7D6E2BCC6E14650A84FDADDD08","4","13990",".wingman-work\backups\20260811-125821\src\wingman2\styles\wingman-navigation-hub-cascade-lock.css.20260718-185838.bak"
"CEE96C9A659EA316B1D6F2A6FFA338A970227B7D6E2BCC6E14650A84FDADDD08","4","13990","src\wingman2\styles\wingman-navigation-hub-cascade-lock.css.20260718-185838.bak"
"CF459610CBC8527756D2C0A830C469E2D4172136CA9427315193F6CA5BAF2CC3","4","873",".wingman-work\backups\20260811-125215\src\wingman2\pages\ComparePageNew.ingestDrill.test.tsx"
"CF459610CBC8527756D2C0A830C469E2D4172136CA9427315193F6CA5BAF2CC3","4","873",".wingman-work\backups\20260811-125346\src\wingman2\pages\ComparePageNew.ingestDrill.test.tsx"
"CF459610CBC8527756D2C0A830C469E2D4172136CA9427315193F6CA5BAF2CC3","4","873",".wingman-work\backups\20260811-125821\src\wingman2\pages\ComparePageNew.ingestDrill.test.tsx"
"CF459610CBC8527756D2C0A830C469E2D4172136CA9427315193F6CA5BAF2CC3","4","873","src\wingman2\pages\ComparePageNew.ingestDrill.test.tsx"
"CF4CC16D5EE3B69BF0B07464DF7145E01692875827E23A82AC0BA383DF167A7F","4","10988",".wingman-work\backups\20260811-125215\src\wingman2\components\VoiceAnswerCaptureOverlay.tsx"
"CF4CC16D5EE3B69BF0B07464DF7145E01692875827E23A82AC0BA383DF167A7F","4","10988",".wingman-work\backups\20260811-125346\src\wingman2\components\VoiceAnswerCaptureOverlay.tsx"
"CF4CC16D5EE3B69BF0B07464DF7145E01692875827E23A82AC0BA383DF167A7F","4","10988",".wingman-work\backups\20260811-125821\src\wingman2\components\VoiceAnswerCaptureOverlay.tsx"
"CF4CC16D5EE3B69BF0B07464DF7145E01692875827E23A82AC0BA383DF167A7F","4","10988","src\wingman2\components\VoiceAnswerCaptureOverlay.tsx"
"CF7451E0AFB645879564CFA90956AEC2B6F9490A34BBFB636C7CBF3928F14B5C","2","24060","archive\repo-cleanup-20260709-050830\root-backups\_wingman_backup_apo_dg2_dependency_rule_20260706-112917\src\wingman2\domain\productMatching\featureFilters.ts"
"CF7451E0AFB645879564CFA90956AEC2B6F9490A34BBFB636C7CBF3928F14B5C","2","24060","archive\repo-cleanup-20260709-050830\root-backups\_wingman_backup_apo_dg2_dependency_rule_20260706-112917\src\wingman2\productMatching\featureFilters.ts"
"CFE386CC9619673DD667BE7A8F436E587B6941444960637C6107090E2633F361","2","33689","archive\_wingman_backup_compare_auto_scroll_20260615-221407\ComparePageNew.tsx"
"CFE386CC9619673DD667BE7A8F436E587B6941444960637C6107090E2633F361","2","33689","archive\_wingman_backup_compare_exact_competitor_product_marker_20260615-220136\ComparePageNew.tsx"
"D05E10305E928D36496BD239C3F465B5E91B24ACB2CD37CD5B2FD88B01A58E9E","4","7878",".wingman-work\backups\20260811-125215\src\wingman2\components\visualDesign\WingmanGeneratedSchematicPanel.tsx"
"D05E10305E928D36496BD239C3F465B5E91B24ACB2CD37CD5B2FD88B01A58E9E","4","7878",".wingman-work\backups\20260811-125346\src\wingman2\components\visualDesign\WingmanGeneratedSchematicPanel.tsx"
"D05E10305E928D36496BD239C3F465B5E91B24ACB2CD37CD5B2FD88B01A58E9E","4","7878",".wingman-work\backups\20260811-125821\src\wingman2\components\visualDesign\WingmanGeneratedSchematicPanel.tsx"
"D05E10305E928D36496BD239C3F465B5E91B24ACB2CD37CD5B2FD88B01A58E9E","4","7878","src\wingman2\components\visualDesign\WingmanGeneratedSchematicPanel.tsx"
"D08485570499DADBDC72A2F7BEEA403B5DC2924539BC75F33D7B84FCD072C9FA","4","8259",".wingman-work\backups\20260811-125215\src\wingman2\pages\ComparePageNew.advanced.realCatalog.test.ts"
"D08485570499DADBDC72A2F7BEEA403B5DC2924539BC75F33D7B84FCD072C9FA","4","8259",".wingman-work\backups\20260811-125346\src\wingman2\pages\ComparePageNew.advanced.realCatalog.test.ts"
"D08485570499DADBDC72A2F7BEEA403B5DC2924539BC75F33D7B84FCD072C9FA","4","8259",".wingman-work\backups\20260811-125821\src\wingman2\pages\ComparePageNew.advanced.realCatalog.test.ts"
"D08485570499DADBDC72A2F7BEEA403B5DC2924539BC75F33D7B84FCD072C9FA","4","8259","src\wingman2\pages\ComparePageNew.advanced.realCatalog.test.ts"
"D0DD9F8B1DE708C2EF65FFE029E810021F76443D58A212678117CE3B4FE6858D","4","859",".wingman-work\backups\20260811-125215\src\wingman2\app\routeCatalog.test.ts"
"D0DD9F8B1DE708C2EF65FFE029E810021F76443D58A212678117CE3B4FE6858D","4","859",".wingman-work\backups\20260811-125346\src\wingman2\app\routeCatalog.test.ts"
"D0DD9F8B1DE708C2EF65FFE029E810021F76443D58A212678117CE3B4FE6858D","4","859",".wingman-work\backups\20260811-125821\src\wingman2\app\routeCatalog.test.ts"
"D0DD9F8B1DE708C2EF65FFE029E810021F76443D58A212678117CE3B4FE6858D","4","859","src\wingman2\app\routeCatalog.test.ts"
"D0DF22A9C7950D7D4B2FBD9CA8334CA78647ED40962E9646DE995425715B2ECE","3","11163","archive\repo-cleanup-20260709-050830\root-backups\_wingman_backup_apo_dg2_dependency_rule_20260706-112917\src\wingman2\lib\compareCandidateGate.ts"
"D0DF22A9C7950D7D4B2FBD9CA8334CA78647ED40962E9646DE995425715B2ECE","3","11163","archive\repo-cleanup-20260709-050830\root-backups\_wingman_backup_apo_dg2_remaining_refs_20260706-113037\compareCandidateGate.ts"
"D0DF22A9C7950D7D4B2FBD9CA8334CA78647ED40962E9646DE995425715B2ECE","3","11163","archive\repo-cleanup-20260709-050830\root-backups\_wingman_backup_apo_dg2_typecheck_repair_20260706-113211\compareCandidateGate.ts"
"D134348B70711118C981CBE3797FFA5024996C506631A5721DE3F8DE70E1C06D","2","42349","archive\_wingman_backup_compare_page_shortlist_runtime_20260614-080323\src\wingman2\pages\ComparePageNew.tsx"
"D134348B70711118C981CBE3797FFA5024996C506631A5721DE3F8DE70E1C06D","2","42349","archive\_wingman_backup_wire_compare_page_shortlist_20260614-075644\src\wingman2\pages\ComparePageNew.tsx"
"D1468BCC3CD7ADE9F33444C34A85F0C540E8601F80BC3B6BF51FCB13C8C647C4","2","24145","archive\_src_inline_backups\src\wingman2\pages\TemplatesPage.tsx.bak-full-template-page-recovery-20260627-084250"
"D1468BCC3CD7ADE9F33444C34A85F0C540E8601F80BC3B6BF51FCB13C8C647C4","2","24145","archive\_src_inline_backups\src\wingman2\pages\TemplatesPage.tsx.bak-template-solution-builder-20260627-085516"
"D2E5828DF931658AFCCDA62E9A485C59A28DD0AE3D73BB5CC8F1606EAAC2F862","2","97432","public\template-photos\photo-control-room.jpg"
"D2E5828DF931658AFCCDA62E9A485C59A28DD0AE3D73BB5CC8F1606EAAC2F862","2","97432","public\template-photos\photo-security-command.jpg"
"D38D60B5F7CB38F945176444BA146A23A62C929C326F563DF7868A4E71328285","3","33666","archive\_wingman_backup_compare_competitor_product_marker_20260615-213922\ComparePageNew.tsx"
"D38D60B5F7CB38F945176444BA146A23A62C929C326F563DF7868A4E71328285","3","33666","archive\_wingman_backup_compare_exact_competitor_product_marker_20260615-214052\ComparePageNew.tsx"
"D38D60B5F7CB38F945176444BA146A23A62C929C326F563DF7868A4E71328285","3","33666","archive\_wingman_backup_compare_submit_fallback_20260615-212624\ComparePageNew.tsx"
"D4BD39D704881276D3B293055291112E8163FC9667D7421FAAE3318E1512EFA4","4","1258",".wingman-work\backups\20260811-125215\src\wingman2\components\StatusChip.tsx"
"D4BD39D704881276D3B293055291112E8163FC9667D7421FAAE3318E1512EFA4","4","1258",".wingman-work\backups\20260811-125346\src\wingman2\components\StatusChip.tsx"
"D4BD39D704881276D3B293055291112E8163FC9667D7421FAAE3318E1512EFA4","4","1258",".wingman-work\backups\20260811-125821\src\wingman2\components\StatusChip.tsx"
"D4BD39D704881276D3B293055291112E8163FC9667D7421FAAE3318E1512EFA4","4","1258","src\wingman2\components\StatusChip.tsx"
"D536CBEC5D2A7F96BB09F805C11527D0D9E33304891BCCC61BB19484DAF166A7","2","710694","archive\_wingman_backup_compare_ui_polish_20260613-204505\src\wingman2\styles\wingman-style-stack.css"
"D536CBEC5D2A7F96BB09F805C11527D0D9E33304891BCCC61BB19484DAF166A7","2","710694","archive\_wingman_backup_simplify_compare_results_20260613-210000\src\wingman2\styles\wingman-style-stack.css"
"D54267895AAB7C1C7816F798AA44F9323F2D36757D803BE783A2C15F3B345867","4","4004",".wingman-work\backups\20260811-125215\src\wingman2\lib\productStoryEngine.confidence.test.ts"
"D54267895AAB7C1C7816F798AA44F9323F2D36757D803BE783A2C15F3B345867","4","4004",".wingman-work\backups\20260811-125346\src\wingman2\lib\productStoryEngine.confidence.test.ts"
"D54267895AAB7C1C7816F798AA44F9323F2D36757D803BE783A2C15F3B345867","4","4004",".wingman-work\backups\20260811-125821\src\wingman2\lib\productStoryEngine.confidence.test.ts"
"D54267895AAB7C1C7816F798AA44F9323F2D36757D803BE783A2C15F3B345867","4","4004","src\wingman2\lib\productStoryEngine.confidence.test.ts"
"D565B1A6FA4E2D8492418311FEF3B155CCC1674616FF24CAF9224F5A31A71C75","4","3448",".wingman-work\backups\20260811-125215\src\wingman2\lib\compareEligibilityEngine.controllerIntent.test.ts"
"D565B1A6FA4E2D8492418311FEF3B155CCC1674616FF24CAF9224F5A31A71C75","4","3448",".wingman-work\backups\20260811-125346\src\wingman2\lib\compareEligibilityEngine.controllerIntent.test.ts"
"D565B1A6FA4E2D8492418311FEF3B155CCC1674616FF24CAF9224F5A31A71C75","4","3448",".wingman-work\backups\20260811-125821\src\wingman2\lib\compareEligibilityEngine.controllerIntent.test.ts"
"D565B1A6FA4E2D8492418311FEF3B155CCC1674616FF24CAF9224F5A31A71C75","4","3448","src\wingman2\lib\compareEligibilityEngine.controllerIntent.test.ts"
"D59640F9C44AC76F2AB9E5E1BFF45CB36E96E3B4982019DC1544875A7FCA0A8B","4","14071",".wingman-work\backups\20260811-125215\src\wingman2\lib\proposalWizard.ts"
"D59640F9C44AC76F2AB9E5E1BFF45CB36E96E3B4982019DC1544875A7FCA0A8B","4","14071",".wingman-work\backups\20260811-125346\src\wingman2\lib\proposalWizard.ts"
"D59640F9C44AC76F2AB9E5E1BFF45CB36E96E3B4982019DC1544875A7FCA0A8B","4","14071",".wingman-work\backups\20260811-125821\src\wingman2\lib\proposalWizard.ts"
"D59640F9C44AC76F2AB9E5E1BFF45CB36E96E3B4982019DC1544875A7FCA0A8B","4","14071","src\wingman2\lib\proposalWizard.ts"
"D5BC17E0ED209E2EEB7681FC4EB1F52CB0FE5411BDAEAE439958AFF0DCE88231","2","2089","archive\_wingman_backup_guru_single_instance_20260614-063825\src\wingman2\data\productWorkspaceHandoff.ts"
"D5BC17E0ED209E2EEB7681FC4EB1F52CB0FE5411BDAEAE439958AFF0DCE88231","2","2089","archive\backups\response-pack-product-schematic-context-2026-06-08_11-23-41\src\wingman2\data\productWorkspaceHandoff.ts"
"D5F85CD675FD4848C49F10FAA56F1BD9DABDCBFF692D6ED0045F35B5A3DF6F3D","4","54532",".wingman-work\backups\20260811-125215\src\wingman2\pages\ProductPitchPage.tsx"
"D5F85CD675FD4848C49F10FAA56F1BD9DABDCBFF692D6ED0045F35B5A3DF6F3D","4","54532",".wingman-work\backups\20260811-125346\src\wingman2\pages\ProductPitchPage.tsx"
"D5F85CD675FD4848C49F10FAA56F1BD9DABDCBFF692D6ED0045F35B5A3DF6F3D","4","54532",".wingman-work\backups\20260811-125821\src\wingman2\pages\ProductPitchPage.tsx"
"D5F85CD675FD4848C49F10FAA56F1BD9DABDCBFF692D6ED0045F35B5A3DF6F3D","4","54532","src\wingman2\pages\ProductPitchPage.tsx"
"D720E54697A15D895152BBE952178D3D35EB6DC03DD532269DBDC3422DDE7143","4","40501","archive\_wingman_backup_compare_full_visible_skus_20260614-121739\ComparePageNew.tsx"
"D720E54697A15D895152BBE952178D3D35EB6DC03DD532269DBDC3422DDE7143","4","40501","archive\_wingman_backup_compare_lookup_visible_skus_20260614-121232\ComparePageNew.tsx"
"D720E54697A15D895152BBE952178D3D35EB6DC03DD532269DBDC3422DDE7143","4","40501","archive\_wingman_backup_compare_visible_brand_skus_20260614-121122\ComparePageNew.tsx"
"D720E54697A15D895152BBE952178D3D35EB6DC03DD532269DBDC3422DDE7143","4","40501","archive\_wingman_backup_compare_visible_skus_direct_20260614-121400\ComparePageNew.tsx"
"D72CCAF3DBBCD2440432E744FEDF3CAF6C93AFBD72266570251141534272D2D0","4","9784","archive\_wingman_backup_guru_single_instance_20260614-063825\src\wingman2\components\guru\GuruHelper.tsx"
"D72CCAF3DBBCD2440432E744FEDF3CAF6C93AFBD72266570251141534272D2D0","4","9784","archive\_wingman_backup_mic_scope_20260614-061410\GuruHelper.tsx"
"D72CCAF3DBBCD2440432E744FEDF3CAF6C93AFBD72266570251141534272D2D0","4","9784","archive\_wingman_backup_restore_global_guru_20260614-064442\src\wingman2\components\guru\GuruHelper.tsx"
"D72CCAF3DBBCD2440432E744FEDF3CAF6C93AFBD72266570251141534272D2D0","4","9784","archive\_wingman_backup_restore_sweeping_guru_20260614-064242\src\wingman2\components\guru\GuruHelper.tsx"
"D7BF63A7A95C0A22D6D4D2B652EB85F7D4B38A69E5D125DE6A41F83307DCE559","4","5468",".wingman-work\backups\20260811-125215\src\wingman2\lib\documentIngest\multiSkuCompetitorIngest.test.ts"
"D7BF63A7A95C0A22D6D4D2B652EB85F7D4B38A69E5D125DE6A41F83307DCE559","4","5468",".wingman-work\backups\20260811-125346\src\wingman2\lib\documentIngest\multiSkuCompetitorIngest.test.ts"
"D7BF63A7A95C0A22D6D4D2B652EB85F7D4B38A69E5D125DE6A41F83307DCE559","4","5468",".wingman-work\backups\20260811-125821\src\wingman2\lib\documentIngest\multiSkuCompetitorIngest.test.ts"
"D7BF63A7A95C0A22D6D4D2B652EB85F7D4B38A69E5D125DE6A41F83307DCE559","4","5468","src\wingman2\lib\documentIngest\multiSkuCompetitorIngest.test.ts"
"D7EC9F9FD2334CD1AE05F968251078F416FA44A747376E5488077D5EEF4588FA","4","2990",".wingman-work\backups\20260811-125215\src\wingman2\lib\wirelessCastingRecommendationRules.test.ts"
"D7EC9F9FD2334CD1AE05F968251078F416FA44A747376E5488077D5EEF4588FA","4","2990",".wingman-work\backups\20260811-125346\src\wingman2\lib\wirelessCastingRecommendationRules.test.ts"
"D7EC9F9FD2334CD1AE05F968251078F416FA44A747376E5488077D5EEF4588FA","4","2990",".wingman-work\backups\20260811-125821\src\wingman2\lib\wirelessCastingRecommendationRules.test.ts"
"D7EC9F9FD2334CD1AE05F968251078F416FA44A747376E5488077D5EEF4588FA","4","2990","src\wingman2\lib\wirelessCastingRecommendationRules.test.ts"
"D858627AE9D44405312432CD10332D50601435725C11D618B3DD00734F51ACA4","4","7130",".wingman-work\backups\20260811-125215\src\__tests__\wingmanEndToEndAvDesignScenarios.test.ts"
"D858627AE9D44405312432CD10332D50601435725C11D618B3DD00734F51ACA4","4","7130",".wingman-work\backups\20260811-125346\src\__tests__\wingmanEndToEndAvDesignScenarios.test.ts"
"D858627AE9D44405312432CD10332D50601435725C11D618B3DD00734F51ACA4","4","7130",".wingman-work\backups\20260811-125821\src\__tests__\wingmanEndToEndAvDesignScenarios.test.ts"
"D858627AE9D44405312432CD10332D50601435725C11D618B3DD00734F51ACA4","4","7130","src\__tests__\wingmanEndToEndAvDesignScenarios.test.ts"
"D9297B8315DD4BAABA797A5CE4EDA5B248C4D462062901F9F88473C0E3B1F3FA","3","22724","archive\_src_inline_backups\src\wingman2\pages\TemplatesPage.tsx.bak-close-template-function-20260627-080212"
"D9297B8315DD4BAABA797A5CE4EDA5B248C4D462062901F9F88473C0E3B1F3FA","3","22724","archive\_src_inline_backups\src\wingman2\pages\TemplatesPage.tsx.bak-force-close-template-function-20260627-080435"
"D9297B8315DD4BAABA797A5CE4EDA5B248C4D462062901F9F88473C0E3B1F3FA","3","22724","archive\_src_inline_backups\src\wingman2\pages\TemplatesPage.tsx.bak-template-seed-final-repair-20260627-080035"
"D990FAF6867C3A2A99A3A98AF83A6BAFD210354CC7E047642822D593042CFF2A","4","1075",".wingman-work\backups\20260811-125215\src\wingman2\lib\buildInfo.ts"
"D990FAF6867C3A2A99A3A98AF83A6BAFD210354CC7E047642822D593042CFF2A","4","1075",".wingman-work\backups\20260811-125346\src\wingman2\lib\buildInfo.ts"
"D990FAF6867C3A2A99A3A98AF83A6BAFD210354CC7E047642822D593042CFF2A","4","1075",".wingman-work\backups\20260811-125821\src\wingman2\lib\buildInfo.ts"
"D990FAF6867C3A2A99A3A98AF83A6BAFD210354CC7E047642822D593042CFF2A","4","1075","src\wingman2\lib\buildInfo.ts"
"DA124EE770066A16C643DC441E1452C17AFD8AE64E69153AB9EF00BA94C43397","4","6933",".wingman-work\backups\20260811-125215\src\wingman2\lib\productRoleResolution.test.ts"
"DA124EE770066A16C643DC441E1452C17AFD8AE64E69153AB9EF00BA94C43397","4","6933",".wingman-work\backups\20260811-125346\src\wingman2\lib\productRoleResolution.test.ts"
"DA124EE770066A16C643DC441E1452C17AFD8AE64E69153AB9EF00BA94C43397","4","6933",".wingman-work\backups\20260811-125821\src\wingman2\lib\productRoleResolution.test.ts"
"DA124EE770066A16C643DC441E1452C17AFD8AE64E69153AB9EF00BA94C43397","4","6933","src\wingman2\lib\productRoleResolution.test.ts"
"DA2EF0FB11CDAC7D67C84878766CB0734B5E29D6CE02C3C31EE5BD25FBCD2BE6","4","46994",".wingman-work\backups\20260811-125215\src\wingman2\components\ProposalCompletionWizard.tsx"
"DA2EF0FB11CDAC7D67C84878766CB0734B5E29D6CE02C3C31EE5BD25FBCD2BE6","4","46994",".wingman-work\backups\20260811-125346\src\wingman2\components\ProposalCompletionWizard.tsx"
"DA2EF0FB11CDAC7D67C84878766CB0734B5E29D6CE02C3C31EE5BD25FBCD2BE6","4","46994",".wingman-work\backups\20260811-125821\src\wingman2\components\ProposalCompletionWizard.tsx"
"DA2EF0FB11CDAC7D67C84878766CB0734B5E29D6CE02C3C31EE5BD25FBCD2BE6","4","46994","src\wingman2\components\ProposalCompletionWizard.tsx"
"DA4204E1A9746591FF58410F7232F7D8C165E546DD60919C24C1A16710E49022","4","1518",".wingman-work\backups\20260811-125215\src\main.tsx.20260720-103614.bak"
"DA4204E1A9746591FF58410F7232F7D8C165E546DD60919C24C1A16710E49022","4","1518",".wingman-work\backups\20260811-125346\src\main.tsx.20260720-103614.bak"
"DA4204E1A9746591FF58410F7232F7D8C165E546DD60919C24C1A16710E49022","4","1518",".wingman-work\backups\20260811-125821\src\main.tsx.20260720-103614.bak"
"DA4204E1A9746591FF58410F7232F7D8C165E546DD60919C24C1A16710E49022","4","1518","src\main.tsx.20260720-103614.bak"
"DA908CF6C8CB07769DBFC30613764EAB967813C415503D7AB529FFF6ECF77D78","2","779061","archive\_wingman_backup_compare_more_button_20260615-203726\wingman-style-stack.css"
"DA908CF6C8CB07769DBFC30613764EAB967813C415503D7AB529FFF6ECF77D78","2","779061","archive\_wingman_backup_compare_native_ui_20260615-211613\wingman-style-stack.css"
"DABD79923FE233850185C655D08A7BB569FF8F6A573034C4BF3D4AE30C23C528","4","4050",".wingman-work\backups\20260811-125215\src\__tests__\templateWorkflowRendered.test.tsx"
"DABD79923FE233850185C655D08A7BB569FF8F6A573034C4BF3D4AE30C23C528","4","4050",".wingman-work\backups\20260811-125346\src\__tests__\templateWorkflowRendered.test.tsx"
"DABD79923FE233850185C655D08A7BB569FF8F6A573034C4BF3D4AE30C23C528","4","4050",".wingman-work\backups\20260811-125821\src\__tests__\templateWorkflowRendered.test.tsx"
"DABD79923FE233850185C655D08A7BB569FF8F6A573034C4BF3D4AE30C23C528","4","4050","src\__tests__\templateWorkflowRendered.test.tsx"
"DAF52783143AE12B395B66FE9146308074CA607FE415D7428C4F173CFF24539C","2","24149","archive\_src_inline_backups\src\wingman2\pages\TemplatesPage.tsx.bak-remove-discovery-flow-and-unanswered-20260627-090110"
"DAF52783143AE12B395B66FE9146308074CA607FE415D7428C4F173CFF24539C","2","24149","archive\_src_inline_backups\src\wingman2\pages\TemplatesPage.tsx.bak-template-stage-highlight-20260627-095008"
"DC5B53D64B5A62814EA0BB27498C440293A9D5034AED34D9F8ED74AE410CA967","4","2365",".wingman-work\backups\20260811-125215\src\wingman2\lib\competitorSpecRegistry.inferSpecFormFields.test.ts"
"DC5B53D64B5A62814EA0BB27498C440293A9D5034AED34D9F8ED74AE410CA967","4","2365",".wingman-work\backups\20260811-125346\src\wingman2\lib\competitorSpecRegistry.inferSpecFormFields.test.ts"
"DC5B53D64B5A62814EA0BB27498C440293A9D5034AED34D9F8ED74AE410CA967","4","2365",".wingman-work\backups\20260811-125821\src\wingman2\lib\competitorSpecRegistry.inferSpecFormFields.test.ts"
"DC5B53D64B5A62814EA0BB27498C440293A9D5034AED34D9F8ED74AE410CA967","4","2365","src\wingman2\lib\competitorSpecRegistry.inferSpecFormFields.test.ts"
"DD02764EE52CA8CC6A449CF552B1F0AA34913EF08E8B5101C989B424A6CA5AD5","3","39696","_backups\retire-finder-feature-sweep-v3-20260720-084642\files\src\wingman2\components\ProposalCompletionWizard.tsx"
"DD02764EE52CA8CC6A449CF552B1F0AA34913EF08E8B5101C989B424A6CA5AD5","3","39696","_backups\retire-finder-feature-sweep-v4-20260720-085242\files\src\wingman2\components\ProposalCompletionWizard.tsx"
"DD02764EE52CA8CC6A449CF552B1F0AA34913EF08E8B5101C989B424A6CA5AD5","3","39696","_backups\retire-finder-feature-sweep-v5-20260720-085648\files\src\wingman2\components\ProposalCompletionWizard.tsx"
"DD635A47D51ABBBCC7E6603297D285A957FDF0BEAA02B76D826B7F7A29470FD4","2","10913","_backups\retire-finder-feature-sweep-v4-20260720-085242\files\src\wingman2\content\feature-audit.json"
"DD635A47D51ABBBCC7E6603297D285A957FDF0BEAA02B76D826B7F7A29470FD4","2","10913","_backups\retire-finder-feature-sweep-v5-20260720-085648\files\src\wingman2\content\feature-audit.json"
"DD6FE24BA2B0D7A8F010B9B88BC71E5760A8F8356FA571F46D9EF88EF4C07B8B","4","63409",".wingman-work\backups\20260811-125215\src\wingman2\pages\DiscoveryPage.tsx.20260806-154059.bak"
"DD6FE24BA2B0D7A8F010B9B88BC71E5760A8F8356FA571F46D9EF88EF4C07B8B","4","63409",".wingman-work\backups\20260811-125346\src\wingman2\pages\DiscoveryPage.tsx.20260806-154059.bak"
"DD6FE24BA2B0D7A8F010B9B88BC71E5760A8F8356FA571F46D9EF88EF4C07B8B","4","63409",".wingman-work\backups\20260811-125821\src\wingman2\pages\DiscoveryPage.tsx.20260806-154059.bak"
"DD6FE24BA2B0D7A8F010B9B88BC71E5760A8F8356FA571F46D9EF88EF4C07B8B","4","63409","src\wingman2\pages\DiscoveryPage.tsx.20260806-154059.bak"
"DE28F7C50ABAEEC3C58188DA7EF04B4CC3D4F7CD9FBE252888E863FC36B8888D","10","81508",".wingman-backups\discovery-unified-comms-20260717-110358\src\wingman2\pages\DiscoveryPage.tsx"
"DE28F7C50ABAEEC3C58188DA7EF04B4CC3D4F7CD9FBE252888E863FC36B8888D","10","81508",".wingman-backups\discovery-unified-comms-20260717-110557\src\wingman2\pages\DiscoveryPage.tsx"
"DE28F7C50ABAEEC3C58188DA7EF04B4CC3D4F7CD9FBE252888E863FC36B8888D","10","81508",".wingman-backups\discovery-unified-comms-20260717-110839\src\wingman2\pages\DiscoveryPage.tsx"
"DE28F7C50ABAEEC3C58188DA7EF04B4CC3D4F7CD9FBE252888E863FC36B8888D","10","81508",".wingman-backups\discovery-unified-comms-20260717-111425\src\wingman2\pages\DiscoveryPage.tsx"
"DE28F7C50ABAEEC3C58188DA7EF04B4CC3D4F7CD9FBE252888E863FC36B8888D","10","81508",".wingman-backups\discovery-unified-comms-20260717-112358\src\wingman2\pages\DiscoveryPage.tsx"
"DE28F7C50ABAEEC3C58188DA7EF04B4CC3D4F7CD9FBE252888E863FC36B8888D","10","81508",".wingman-backups\discovery-unified-comms-20260717-114353\src\wingman2\pages\DiscoveryPage.tsx"
"DE28F7C50ABAEEC3C58188DA7EF04B4CC3D4F7CD9FBE252888E863FC36B8888D","10","81508",".wingman-backups\discovery-unified-comms-20260717-115102\src\wingman2\pages\DiscoveryPage.tsx"
"DE28F7C50ABAEEC3C58188DA7EF04B4CC3D4F7CD9FBE252888E863FC36B8888D","10","81508",".wingman-backups\discovery-unified-comms-20260717-115522\src\wingman2\pages\DiscoveryPage.tsx"
"DE28F7C50ABAEEC3C58188DA7EF04B4CC3D4F7CD9FBE252888E863FC36B8888D","10","81508",".wingman-backups\discovery-unified-comms-20260717-115545\src\wingman2\pages\DiscoveryPage.tsx"
"DE28F7C50ABAEEC3C58188DA7EF04B4CC3D4F7CD9FBE252888E863FC36B8888D","10","81508",".wingman-backups\discovery-unified-comms-20260717-115842\src\wingman2\pages\DiscoveryPage.tsx"
"DF552A80F4D0FDBB7E22056319AE67FBF2AEAAA1F6A183AF2D30260AE2A5A0A6","4","20676",".wingman-work\backups\20260811-125215\src\wingman2\pages\CatalogBrowserPage.tsx"
"DF552A80F4D0FDBB7E22056319AE67FBF2AEAAA1F6A183AF2D30260AE2A5A0A6","4","20676",".wingman-work\backups\20260811-125346\src\wingman2\pages\CatalogBrowserPage.tsx"
"DF552A80F4D0FDBB7E22056319AE67FBF2AEAAA1F6A183AF2D30260AE2A5A0A6","4","20676",".wingman-work\backups\20260811-125821\src\wingman2\pages\CatalogBrowserPage.tsx"
"DF552A80F4D0FDBB7E22056319AE67FBF2AEAAA1F6A183AF2D30260AE2A5A0A6","4","20676","src\wingman2\pages\CatalogBrowserPage.tsx"
"DF987F7C5951C13C90190D51089262273F6596B7925388F74629F846BA6398EB","4","7086",".wingman-work\backups\20260811-125215\src\__tests__\discoveryWorkflowRendered.test.tsx"
"DF987F7C5951C13C90190D51089262273F6596B7925388F74629F846BA6398EB","4","7086",".wingman-work\backups\20260811-125346\src\__tests__\discoveryWorkflowRendered.test.tsx"
"DF987F7C5951C13C90190D51089262273F6596B7925388F74629F846BA6398EB","4","7086",".wingman-work\backups\20260811-125821\src\__tests__\discoveryWorkflowRendered.test.tsx"
"DF987F7C5951C13C90190D51089262273F6596B7925388F74629F846BA6398EB","4","7086","src\__tests__\discoveryWorkflowRendered.test.tsx"
"E01A07313517B068C0B8CEF6EFDFD6E2FD6D91DBA49A82E30C88D99C4E48111F","4","11526",".wingman-work\backups\20260811-125215\src\wingman2\lib\productRoleResolution.ts"
"E01A07313517B068C0B8CEF6EFDFD6E2FD6D91DBA49A82E30C88D99C4E48111F","4","11526",".wingman-work\backups\20260811-125346\src\wingman2\lib\productRoleResolution.ts"
"E01A07313517B068C0B8CEF6EFDFD6E2FD6D91DBA49A82E30C88D99C4E48111F","4","11526",".wingman-work\backups\20260811-125821\src\wingman2\lib\productRoleResolution.ts"
"E01A07313517B068C0B8CEF6EFDFD6E2FD6D91DBA49A82E30C88D99C4E48111F","4","11526","src\wingman2\lib\productRoleResolution.ts"
"E07437B73F211F06C5B55B3ACAAB82A58D7A2E1697C267E260826A471718EE48","4","17757",".wingman-work\backups\20260811-125215\src\wingman2\styles\wingman-navigation-hub-cascade-lock.css.20260718-193044.bak"
"E07437B73F211F06C5B55B3ACAAB82A58D7A2E1697C267E260826A471718EE48","4","17757",".wingman-work\backups\20260811-125346\src\wingman2\styles\wingman-navigation-hub-cascade-lock.css.20260718-193044.bak"
"E07437B73F211F06C5B55B3ACAAB82A58D7A2E1697C267E260826A471718EE48","4","17757",".wingman-work\backups\20260811-125821\src\wingman2\styles\wingman-navigation-hub-cascade-lock.css.20260718-193044.bak"
"E07437B73F211F06C5B55B3ACAAB82A58D7A2E1697C267E260826A471718EE48","4","17757","src\wingman2\styles\wingman-navigation-hub-cascade-lock.css.20260718-193044.bak"
"E0AE49314F77C58394F8E1B86E4598956B7C43CF91BD4344F205AD5F19E2DAAB","4","4400",".wingman-work\backups\20260811-125215\src\wingman2\lib\diagramMermaid.ts"
"E0AE49314F77C58394F8E1B86E4598956B7C43CF91BD4344F205AD5F19E2DAAB","4","4400",".wingman-work\backups\20260811-125346\src\wingman2\lib\diagramMermaid.ts"
"E0AE49314F77C58394F8E1B86E4598956B7C43CF91BD4344F205AD5F19E2DAAB","4","4400",".wingman-work\backups\20260811-125821\src\wingman2\lib\diagramMermaid.ts"
"E0AE49314F77C58394F8E1B86E4598956B7C43CF91BD4344F205AD5F19E2DAAB","4","4400","src\wingman2\lib\diagramMermaid.ts"
"E0AE5581132141147653345CA204F905567C5244E7627F0D855BCF71B4D5751B","2","1012694","archive\_src_inline_backups\src\wingman2\styles\wingman-style-stack.css.bak-before-real-compact-20260627-181521"
"E0AE5581132141147653345CA204F905567C5244E7627F0D855BCF71B4D5751B","2","1012694","archive\_src_inline_backups\src\wingman2\styles\wingman-style-stack.css.bak-real-compact-template-jsx-20260627-182649"
"E0C17E4B2508298A7B4388C3FEDB6EDFCE437CCCE84A47440F95194FB353E212","4","41122",".wingman-work\backups\20260811-125215\src\__tests__\recommendationEvidence.test.ts"
"E0C17E4B2508298A7B4388C3FEDB6EDFCE437CCCE84A47440F95194FB353E212","4","41122",".wingman-work\backups\20260811-125346\src\__tests__\recommendationEvidence.test.ts"
"E0C17E4B2508298A7B4388C3FEDB6EDFCE437CCCE84A47440F95194FB353E212","4","41122",".wingman-work\backups\20260811-125821\src\__tests__\recommendationEvidence.test.ts"
"E0C17E4B2508298A7B4388C3FEDB6EDFCE437CCCE84A47440F95194FB353E212","4","41122","src\__tests__\recommendationEvidence.test.ts"
"E0E5C3BB67EAC53224AEF2F6C4334DE34B8E7B38B4FA2AEB788B50C9DF7B0920","4","32189",".wingman-work\backups\20260811-125215\src\wingman2\lib\competitorCompareDecision.ts"
"E0E5C3BB67EAC53224AEF2F6C4334DE34B8E7B38B4FA2AEB788B50C9DF7B0920","4","32189",".wingman-work\backups\20260811-125346\src\wingman2\lib\competitorCompareDecision.ts"
"E0E5C3BB67EAC53224AEF2F6C4334DE34B8E7B38B4FA2AEB788B50C9DF7B0920","4","32189",".wingman-work\backups\20260811-125821\src\wingman2\lib\competitorCompareDecision.ts"
"E0E5C3BB67EAC53224AEF2F6C4334DE34B8E7B38B4FA2AEB788B50C9DF7B0920","4","32189","src\wingman2\lib\competitorCompareDecision.ts"
"E16A041A0EEAA12F114E6AF0FAA46BE45675D567FB30DBFEDB08365C81012287","4","12953",".wingman-work\backups\20260811-125215\src\wingman2\pages\ProjectsPage.tsx"
"E16A041A0EEAA12F114E6AF0FAA46BE45675D567FB30DBFEDB08365C81012287","4","12953",".wingman-work\backups\20260811-125346\src\wingman2\pages\ProjectsPage.tsx"
"E16A041A0EEAA12F114E6AF0FAA46BE45675D567FB30DBFEDB08365C81012287","4","12953",".wingman-work\backups\20260811-125821\src\wingman2\pages\ProjectsPage.tsx"
"E16A041A0EEAA12F114E6AF0FAA46BE45675D567FB30DBFEDB08365C81012287","4","12953","src\wingman2\pages\ProjectsPage.tsx"
"E19842ADB70D5E2BD04D4077EC462DC5D18616ECE392634CB34EF3093DE44DDB","4","1323",".wingman-work\backups\20260811-125215\src\wingman2\components\SectionCard.tsx"
"E19842ADB70D5E2BD04D4077EC462DC5D18616ECE392634CB34EF3093DE44DDB","4","1323",".wingman-work\backups\20260811-125346\src\wingman2\components\SectionCard.tsx"
"E19842ADB70D5E2BD04D4077EC462DC5D18616ECE392634CB34EF3093DE44DDB","4","1323",".wingman-work\backups\20260811-125821\src\wingman2\components\SectionCard.tsx"
"E19842ADB70D5E2BD04D4077EC462DC5D18616ECE392634CB34EF3093DE44DDB","4","1323","src\wingman2\components\SectionCard.tsx"
"E198547C985D672B6D76D8BE2D5F3A55D5A2564ECDF0D3A77055B32CAA7038D9","4","13113",".wingman-work\backups\20260811-125215\src\wingman2\components\compare\CompareShowdown.tsx.20260722-090142.bak"
"E198547C985D672B6D76D8BE2D5F3A55D5A2564ECDF0D3A77055B32CAA7038D9","4","13113",".wingman-work\backups\20260811-125346\src\wingman2\components\compare\CompareShowdown.tsx.20260722-090142.bak"
"E198547C985D672B6D76D8BE2D5F3A55D5A2564ECDF0D3A77055B32CAA7038D9","4","13113",".wingman-work\backups\20260811-125821\src\wingman2\components\compare\CompareShowdown.tsx.20260722-090142.bak"
"E198547C985D672B6D76D8BE2D5F3A55D5A2564ECDF0D3A77055B32CAA7038D9","4","13113","src\wingman2\components\compare\CompareShowdown.tsx.20260722-090142.bak"
"E2887F05983628BDB6B139689F757660D605B566DB6E33B08A833412452F2CC8","2","9192","archive\repo-cleanup-20260709-050830\src-snapshots\src\wingman2\pages\TemplatesPage.tsx.remove-template-library-band-20260707-194956.bak"
"E2887F05983628BDB6B139689F757660D605B566DB6E33B08A833412452F2CC8","2","9192","archive\repo-cleanup-20260709-050830\src-snapshots\src\wingman2\pages\TemplatesPage.tsx.remove-template-library-band-20260707-195213.bak"
"E2A303825FCAFB83DC80AAC26F2DEEA4D4AA3FCC71DF804F56F390289FEDE490","2","23192","archive\_src_inline_backups\src\wingman2\pages\TemplatesPage.tsx.bak-blank-template-route-repair-20260627-081602"
"E2A303825FCAFB83DC80AAC26F2DEEA4D4AA3FCC71DF804F56F390289FEDE490","2","23192","archive\_src_inline_backups\src\wingman2\pages\TemplatesPage.tsx.bak-full-template-page-recovery-20260627-084020"
"E3BC9CB51DAC987E63C5D2F7A04DDA75B6EDBEE13307192DB0112D10A3FE9C53","4","665667",".wingman-work\backups\20260811-125215\src\wingman2\styles\wingman-style-stack.css.20260719-132507.bak"
"E3BC9CB51DAC987E63C5D2F7A04DDA75B6EDBEE13307192DB0112D10A3FE9C53","4","665667",".wingman-work\backups\20260811-125346\src\wingman2\styles\wingman-style-stack.css.20260719-132507.bak"
"E3BC9CB51DAC987E63C5D2F7A04DDA75B6EDBEE13307192DB0112D10A3FE9C53","4","665667",".wingman-work\backups\20260811-125821\src\wingman2\styles\wingman-style-stack.css.20260719-132507.bak"
"E3BC9CB51DAC987E63C5D2F7A04DDA75B6EDBEE13307192DB0112D10A3FE9C53","4","665667","src\wingman2\styles\wingman-style-stack.css.20260719-132507.bak"
"E4E2EE705EB8806501C6C33B62CA4F7ACA875381D680B036A54D2EE57034C812","4","861",".wingman-work\backups\20260811-125215\src\wingman2\lib\wyrestormCompareProfile.sharedData.test.ts"
"E4E2EE705EB8806501C6C33B62CA4F7ACA875381D680B036A54D2EE57034C812","4","861",".wingman-work\backups\20260811-125346\src\wingman2\lib\wyrestormCompareProfile.sharedData.test.ts"
"E4E2EE705EB8806501C6C33B62CA4F7ACA875381D680B036A54D2EE57034C812","4","861",".wingman-work\backups\20260811-125821\src\wingman2\lib\wyrestormCompareProfile.sharedData.test.ts"
"E4E2EE705EB8806501C6C33B62CA4F7ACA875381D680B036A54D2EE57034C812","4","861","src\wingman2\lib\wyrestormCompareProfile.sharedData.test.ts"
"E553C2BCBAA630E3B344DF188F9BA25D65971786E98A9E2067FF3C4C061DE712","3","5195","_backups\retire-finder-feature-sweep-v3-20260720-084642\files\tools\normalize-wingman-page-visual-classes.mjs"
"E553C2BCBAA630E3B344DF188F9BA25D65971786E98A9E2067FF3C4C061DE712","3","5195","_backups\retire-finder-feature-sweep-v4-20260720-085242\files\tools\normalize-wingman-page-visual-classes.mjs"
"E553C2BCBAA630E3B344DF188F9BA25D65971786E98A9E2067FF3C4C061DE712","3","5195","_backups\retire-finder-feature-sweep-v5-20260720-085648\files\tools\normalize-wingman-page-visual-classes.mjs"
"E55D926E6A2A81C36951C1C32DBF2DFAF8A7DD22DE3DE1B428B85CA932AE369E","4","10879","archive\_wingman_backup_compare_role_gate_repair_20260615-192817\package.json"
"E55D926E6A2A81C36951C1C32DBF2DFAF8A7DD22DE3DE1B428B85CA932AE369E","4","10879","archive\_wingman_backup_package_sanitizer_wire_fix_20260615-135201\package.json"
"E55D926E6A2A81C36951C1C32DBF2DFAF8A7DD22DE3DE1B428B85CA932AE369E","4","10879","archive\_wingman_backup_product_suppression_fix_20260615-135005\package.json"
"E55D926E6A2A81C36951C1C32DBF2DFAF8A7DD22DE3DE1B428B85CA932AE369E","4","10879","archive\_wingman_backup_suppressed_discontinued_products_20260615-134506\package.json"
"E5F483E55BB14EAB4E73A98A6E8091834234FD64D8FDC2B1655C2AFBB5B4D85F","2","10653","archive\repo-cleanup-20260709-050830\root-backups\_wingman_backup_compare_auto_identify_overconfidence_20260701-163802\compareAutoIdentify.ts"
"E5F483E55BB14EAB4E73A98A6E8091834234FD64D8FDC2B1655C2AFBB5B4D85F","2","10653","archive\repo-cleanup-20260709-050830\root-backups\_wingman_backup_compare_auto_identify_overconfidence_20260701-163910\compareAutoIdentify.ts"
"E60CA96DA75509DCA93271468ED4E9B18A227D68802B06CB69DD9D46BC4902EC","4","34538",".wingman-work\backups\20260811-125215\src\wingman2\lib\governedProductTechnicalData.ts"
"E60CA96DA75509DCA93271468ED4E9B18A227D68802B06CB69DD9D46BC4902EC","4","34538",".wingman-work\backups\20260811-125346\src\wingman2\lib\governedProductTechnicalData.ts"
"E60CA96DA75509DCA93271468ED4E9B18A227D68802B06CB69DD9D46BC4902EC","4","34538",".wingman-work\backups\20260811-125821\src\wingman2\lib\governedProductTechnicalData.ts"
"E60CA96DA75509DCA93271468ED4E9B18A227D68802B06CB69DD9D46BC4902EC","4","34538","src\wingman2\lib\governedProductTechnicalData.ts"
"E62829216BDF610BA308D3D06CD21787AE260861A445657394F3F95BD3B2899A","4","1573",".wingman-work\backups\20260811-125215\src\wingman2\data\schematicWorkspaceHandoff.ts"
"E62829216BDF610BA308D3D06CD21787AE260861A445657394F3F95BD3B2899A","4","1573",".wingman-work\backups\20260811-125346\src\wingman2\data\schematicWorkspaceHandoff.ts"
"E62829216BDF610BA308D3D06CD21787AE260861A445657394F3F95BD3B2899A","4","1573",".wingman-work\backups\20260811-125821\src\wingman2\data\schematicWorkspaceHandoff.ts"
"E62829216BDF610BA308D3D06CD21787AE260861A445657394F3F95BD3B2899A","4","1573","src\wingman2\data\schematicWorkspaceHandoff.ts"
"E6A859FA7FBB04C7C27D462D7C896D91AA1250188CF99D0A92DB0C3D55AA2617","4","6986",".wingman-work\backups\20260811-125215\src\wingman2\pages\IngestPage.multiSku.test.tsx"
"E6A859FA7FBB04C7C27D462D7C896D91AA1250188CF99D0A92DB0C3D55AA2617","4","6986",".wingman-work\backups\20260811-125346\src\wingman2\pages\IngestPage.multiSku.test.tsx"
"E6A859FA7FBB04C7C27D462D7C896D91AA1250188CF99D0A92DB0C3D55AA2617","4","6986",".wingman-work\backups\20260811-125821\src\wingman2\pages\IngestPage.multiSku.test.tsx"
"E6A859FA7FBB04C7C27D462D7C896D91AA1250188CF99D0A92DB0C3D55AA2617","4","6986","src\wingman2\pages\IngestPage.multiSku.test.tsx"
"E70D8A15704461150F3DC97A4D5C86DCAAC1F5DDADB850610D29F75F8017AE72","2","522305","archive\_src_inline_backups\src\wingman2\styles\wingman-style-stack.css.backup-20260710-053448"
"E70D8A15704461150F3DC97A4D5C86DCAAC1F5DDADB850610D29F75F8017AE72","2","522305","archive\_src_inline_backups\src\wingman2\styles\wingman-style-stack.css.backup-20260710-053542"
"E712DB30E9FCA8D9A438C02E19C29A75B08E55470FEED7E33065090C5AB59AD8","4","2734",".wingman-work\backups\20260811-125215\src\wingman2\lib\productFeatureBenefits.test.ts"
"E712DB30E9FCA8D9A438C02E19C29A75B08E55470FEED7E33065090C5AB59AD8","4","2734",".wingman-work\backups\20260811-125346\src\wingman2\lib\productFeatureBenefits.test.ts"
"E712DB30E9FCA8D9A438C02E19C29A75B08E55470FEED7E33065090C5AB59AD8","4","2734",".wingman-work\backups\20260811-125821\src\wingman2\lib\productFeatureBenefits.test.ts"
"E712DB30E9FCA8D9A438C02E19C29A75B08E55470FEED7E33065090C5AB59AD8","4","2734","src\wingman2\lib\productFeatureBenefits.test.ts"
"E766E19FE0D3A1693B64BF4035DC261C5CE46651C1C02C470422EA85BE56C23D","5","1235",".wingman-work\backups\20260811-125215\src\__tests__\finderProductFamilyRanking.test.ts"
"E766E19FE0D3A1693B64BF4035DC261C5CE46651C1C02C470422EA85BE56C23D","5","1235",".wingman-work\backups\20260811-125346\src\__tests__\finderProductFamilyRanking.test.ts"
"E766E19FE0D3A1693B64BF4035DC261C5CE46651C1C02C470422EA85BE56C23D","5","1235",".wingman-work\backups\20260811-125821\src\__tests__\finderProductFamilyRanking.test.ts"
"E766E19FE0D3A1693B64BF4035DC261C5CE46651C1C02C470422EA85BE56C23D","5","1235","archive\repo-cleanup-20260709-050830\root-backups\_wingman_backup_apo_dg2_dependency_rule_20260706-112917\src\__tests__\finderProductFamilyRanking.test.ts"
"E766E19FE0D3A1693B64BF4035DC261C5CE46651C1C02C470422EA85BE56C23D","5","1235","src\__tests__\finderProductFamilyRanking.test.ts"
"E76A36704D2BAD387CBFC58710EEA622689A9AFF51D22A81400C1BA2D518F614","2","961545","archive\_src_inline_backups\src\wingman2\styles\wingman-style-stack.css.bak-template-seed-repair-20260627-075833"
"E76A36704D2BAD387CBFC58710EEA622689A9AFF51D22A81400C1BA2D518F614","2","961545","archive\_src_inline_backups\src\wingman2\styles\wingman-style-stack.css.bak-template-solution-builder-20260627-085516"
"E7700DC92885C262B45AD439842788B2154001DCB73175AD7572C6D7B5171FCA","4","3499",".wingman-work\backups\20260811-125215\src\wingman2\lib\knownWyrestormMatrixProfiles.ts"
"E7700DC92885C262B45AD439842788B2154001DCB73175AD7572C6D7B5171FCA","4","3499",".wingman-work\backups\20260811-125346\src\wingman2\lib\knownWyrestormMatrixProfiles.ts"
"E7700DC92885C262B45AD439842788B2154001DCB73175AD7572C6D7B5171FCA","4","3499",".wingman-work\backups\20260811-125821\src\wingman2\lib\knownWyrestormMatrixProfiles.ts"
"E7700DC92885C262B45AD439842788B2154001DCB73175AD7572C6D7B5171FCA","4","3499","src\wingman2\lib\knownWyrestormMatrixProfiles.ts"
"E8542AC4E99BC172B0AD95B5FB5387142CD6DB29A1D155AFB63229C1D33FFA89","4","4775",".wingman-work\backups\20260811-125215\src\__tests__\productStoryLayer.test.ts"
"E8542AC4E99BC172B0AD95B5FB5387142CD6DB29A1D155AFB63229C1D33FFA89","4","4775",".wingman-work\backups\20260811-125346\src\__tests__\productStoryLayer.test.ts"
"E8542AC4E99BC172B0AD95B5FB5387142CD6DB29A1D155AFB63229C1D33FFA89","4","4775",".wingman-work\backups\20260811-125821\src\__tests__\productStoryLayer.test.ts"
"E8542AC4E99BC172B0AD95B5FB5387142CD6DB29A1D155AFB63229C1D33FFA89","4","4775","src\__tests__\productStoryLayer.test.ts"
"E8A90E00EC4E76CC712B347FD02AB345C088404B88B1882283FBBEC8D763BD90","3","911164","archive\_src_inline_backups\src\wingman2\styles\wingman-style-stack.css.bak-guru-clean-final-20260622-161750"
"E8A90E00EC4E76CC712B347FD02AB345C088404B88B1882283FBBEC8D763BD90","3","911164","archive\_src_inline_backups\src\wingman2\styles\wingman-style-stack.css.bak-guru-clean-final-20260622-161818"
"E8A90E00EC4E76CC712B347FD02AB345C088404B88B1882283FBBEC8D763BD90","3","911164","archive\_src_inline_backups\src\wingman2\styles\wingman-style-stack.css.bak-guru-compact-20260622-162317"
"E962DC709CD177F5DCA6466B638C42557CF59D1D3C9F80AFB9FC8E2B3550BBB1","4","9537",".wingman-work\backups\20260811-125215\src\wingman2\components\GuruCallNotesInterpreter.tsx"
"E962DC709CD177F5DCA6466B638C42557CF59D1D3C9F80AFB9FC8E2B3550BBB1","4","9537",".wingman-work\backups\20260811-125346\src\wingman2\components\GuruCallNotesInterpreter.tsx"
"E962DC709CD177F5DCA6466B638C42557CF59D1D3C9F80AFB9FC8E2B3550BBB1","4","9537",".wingman-work\backups\20260811-125821\src\wingman2\components\GuruCallNotesInterpreter.tsx"
"E962DC709CD177F5DCA6466B638C42557CF59D1D3C9F80AFB9FC8E2B3550BBB1","4","9537","src\wingman2\components\GuruCallNotesInterpreter.tsx"
"EA8DD2EA6DC3C932649235F5A15CB0529C0F325D8E77C20E341565B0CD9C3728","12","1252",".wingman-work\backups\20260811-125215\src\main.tsx.20260712-143240.bak"
"EA8DD2EA6DC3C932649235F5A15CB0529C0F325D8E77C20E341565B0CD9C3728","12","1252",".wingman-work\backups\20260811-125215\src\main.tsx.20260712-143533.bak"
"EA8DD2EA6DC3C932649235F5A15CB0529C0F325D8E77C20E341565B0CD9C3728","12","1252",".wingman-work\backups\20260811-125215\src\main.tsx.20260712-145428.bak"
"EA8DD2EA6DC3C932649235F5A15CB0529C0F325D8E77C20E341565B0CD9C3728","12","1252",".wingman-work\backups\20260811-125346\src\main.tsx.20260712-143240.bak"
"EA8DD2EA6DC3C932649235F5A15CB0529C0F325D8E77C20E341565B0CD9C3728","12","1252",".wingman-work\backups\20260811-125346\src\main.tsx.20260712-143533.bak"
"EA8DD2EA6DC3C932649235F5A15CB0529C0F325D8E77C20E341565B0CD9C3728","12","1252",".wingman-work\backups\20260811-125346\src\main.tsx.20260712-145428.bak"
"EA8DD2EA6DC3C932649235F5A15CB0529C0F325D8E77C20E341565B0CD9C3728","12","1252",".wingman-work\backups\20260811-125821\src\main.tsx.20260712-143240.bak"
"EA8DD2EA6DC3C932649235F5A15CB0529C0F325D8E77C20E341565B0CD9C3728","12","1252",".wingman-work\backups\20260811-125821\src\main.tsx.20260712-143533.bak"
"EA8DD2EA6DC3C932649235F5A15CB0529C0F325D8E77C20E341565B0CD9C3728","12","1252",".wingman-work\backups\20260811-125821\src\main.tsx.20260712-145428.bak"
"EA8DD2EA6DC3C932649235F5A15CB0529C0F325D8E77C20E341565B0CD9C3728","12","1252","src\main.tsx.20260712-143240.bak"
"EA8DD2EA6DC3C932649235F5A15CB0529C0F325D8E77C20E341565B0CD9C3728","12","1252","src\main.tsx.20260712-143533.bak"
"EA8DD2EA6DC3C932649235F5A15CB0529C0F325D8E77C20E341565B0CD9C3728","12","1252","src\main.tsx.20260712-145428.bak"
"EB0E0F2F0C99F757B1DE8EFA85629E46A2312F4C740C7D522D110D945F221780","2","748923","archive\_wingman_backup_compare_route_lock_20260614-102158\src\wingman2\styles\wingman-style-stack.css"
"EB0E0F2F0C99F757B1DE8EFA85629E46A2312F4C740C7D522D110D945F221780","2","748923","archive\_wingman_backup_compare_v5_20260614-102800\src\wingman2\styles\wingman-style-stack.css"
"EB1663AD8EE4BBEFD402571BCDA57B96CF6350CA99E68CBDDC8EE3EFFA7FA59A","4","756678","archive\_wingman_backup_compare_brand_sku_dropdown_20260614-113339\wingman-style-stack.css"
"EB1663AD8EE4BBEFD402571BCDA57B96CF6350CA99E68CBDDC8EE3EFFA7FA59A","4","756678","archive\_wingman_backup_compare_typeahead_full_replace_20260614-114456\wingman-style-stack.css"
"EB1663AD8EE4BBEFD402571BCDA57B96CF6350CA99E68CBDDC8EE3EFFA7FA59A","4","756678","archive\_wingman_backup_compare_typeahead_guard_20260614-113741\wingman-style-stack.css"
"EB1663AD8EE4BBEFD402571BCDA57B96CF6350CA99E68CBDDC8EE3EFFA7FA59A","4","756678","archive\_wingman_backup_compare_typeahead_guard_v2_20260614-114108\wingman-style-stack.css"
"EB25958BD3E1E04CF68807145D7A209415AC6EF467065073C78DD787875BFE7C","3","7885","_backups\retire-finder-feature-sweep-v3-20260720-084642\files\tools\wingman-stress-check.mjs"
"EB25958BD3E1E04CF68807145D7A209415AC6EF467065073C78DD787875BFE7C","3","7885","_backups\retire-finder-feature-sweep-v4-20260720-085242\files\tools\wingman-stress-check.mjs"
"EB25958BD3E1E04CF68807145D7A209415AC6EF467065073C78DD787875BFE7C","3","7885","_backups\retire-finder-feature-sweep-v5-20260720-085648\files\tools\wingman-stress-check.mjs"
"EB4517A96DCA9E4876FCA8F345EF15C83EDFA928894E8AAAAC08EA88D62090A5","4","2509",".wingman-work\backups\20260811-125215\src\__tests__\ErrorBoundary.test.tsx"
"EB4517A96DCA9E4876FCA8F345EF15C83EDFA928894E8AAAAC08EA88D62090A5","4","2509",".wingman-work\backups\20260811-125346\src\__tests__\ErrorBoundary.test.tsx"
"EB4517A96DCA9E4876FCA8F345EF15C83EDFA928894E8AAAAC08EA88D62090A5","4","2509",".wingman-work\backups\20260811-125821\src\__tests__\ErrorBoundary.test.tsx"
"EB4517A96DCA9E4876FCA8F345EF15C83EDFA928894E8AAAAC08EA88D62090A5","4","2509","src\__tests__\ErrorBoundary.test.tsx"
"EB6E111BC93875E2AEF75D421F19C41A077C146CE36D3EE1669E389FEB7CA622","2","1171","archive\_wingman_backup_compare_ui_polish_20260613-204505\src\wingman2\components\compare\CompareBackToListButton.tsx"
"EB6E111BC93875E2AEF75D421F19C41A077C146CE36D3EE1669E389FEB7CA622","2","1171","archive\_wingman_backup_guru_single_instance_20260614-063825\src\wingman2\components\compare\CompareBackToListButton.tsx"
"EC7A4DDDCEF928CFF2D9A422F582DAA4F676ED8BDC2E0C4E772C38F1D566341D","2","96921","_RECOVERY\discovery-source-uc-final-20260717-125926\DiscoveryPage.tsx"
"EC7A4DDDCEF928CFF2D9A422F582DAA4F676ED8BDC2E0C4E772C38F1D566341D","2","96921","_RECOVERY\discovery-source-uc-final-20260717-130119\DiscoveryPage.tsx"
"ECE5414C7C68F19132B9CB2891BCBD2302977321D7D3C1B9A7B2B1BC64B19308","4","4073",".wingman-work\backups\20260811-125215\src\components\ErrorBoundary.tsx"
"ECE5414C7C68F19132B9CB2891BCBD2302977321D7D3C1B9A7B2B1BC64B19308","4","4073",".wingman-work\backups\20260811-125346\src\components\ErrorBoundary.tsx"
"ECE5414C7C68F19132B9CB2891BCBD2302977321D7D3C1B9A7B2B1BC64B19308","4","4073",".wingman-work\backups\20260811-125821\src\components\ErrorBoundary.tsx"
"ECE5414C7C68F19132B9CB2891BCBD2302977321D7D3C1B9A7B2B1BC64B19308","4","4073","src\components\ErrorBoundary.tsx"
"ED4EDBE273D2703420AC043FF0AEA08FADE836AA9A2802D3CD8F9D31A052BDFD","4","42830",".wingman-work\backups\20260811-125215\src\wingman2\lib\compareSpecEngine.ts.20260722-090142.bak"
"ED4EDBE273D2703420AC043FF0AEA08FADE836AA9A2802D3CD8F9D31A052BDFD","4","42830",".wingman-work\backups\20260811-125346\src\wingman2\lib\compareSpecEngine.ts.20260722-090142.bak"
"ED4EDBE273D2703420AC043FF0AEA08FADE836AA9A2802D3CD8F9D31A052BDFD","4","42830",".wingman-work\backups\20260811-125821\src\wingman2\lib\compareSpecEngine.ts.20260722-090142.bak"
"ED4EDBE273D2703420AC043FF0AEA08FADE836AA9A2802D3CD8F9D31A052BDFD","4","42830","src\wingman2\lib\compareSpecEngine.ts.20260722-090142.bak"
"ED750577D0C32DCA46C695BDF5EB187EB80F9519CF717EE71C5223BC9B876552","4","3560",".wingman-work\backups\20260811-125215\src\__tests__\compareSavedSpecIsolation.test.ts"
"ED750577D0C32DCA46C695BDF5EB187EB80F9519CF717EE71C5223BC9B876552","4","3560",".wingman-work\backups\20260811-125346\src\__tests__\compareSavedSpecIsolation.test.ts"
"ED750577D0C32DCA46C695BDF5EB187EB80F9519CF717EE71C5223BC9B876552","4","3560",".wingman-work\backups\20260811-125821\src\__tests__\compareSavedSpecIsolation.test.ts"
"ED750577D0C32DCA46C695BDF5EB187EB80F9519CF717EE71C5223BC9B876552","4","3560","src\__tests__\compareSavedSpecIsolation.test.ts"
"EDA0C26A53F55B09B666CF1DE875B292E7DAEC8177DF67C33383F4480FDF3237","4","1381",".wingman-work\backups\20260811-125215\src\wingman2\lib\proposalCompiler.test.ts"
"EDA0C26A53F55B09B666CF1DE875B292E7DAEC8177DF67C33383F4480FDF3237","4","1381",".wingman-work\backups\20260811-125346\src\wingman2\lib\proposalCompiler.test.ts"
"EDA0C26A53F55B09B666CF1DE875B292E7DAEC8177DF67C33383F4480FDF3237","4","1381",".wingman-work\backups\20260811-125821\src\wingman2\lib\proposalCompiler.test.ts"
"EDA0C26A53F55B09B666CF1DE875B292E7DAEC8177DF67C33383F4480FDF3237","4","1381","src\wingman2\lib\proposalCompiler.test.ts"
"EE9AC3C46103806B93D71851DBBBC59F83CA52FD29950FB1A9C1794384DC5929","4","60585",".wingman-work\backups\20260811-125215\src\wingman2\pages\DiscoveryPage.tsx"
"EE9AC3C46103806B93D71851DBBBC59F83CA52FD29950FB1A9C1794384DC5929","4","60585",".wingman-work\backups\20260811-125346\src\wingman2\pages\DiscoveryPage.tsx"
"EE9AC3C46103806B93D71851DBBBC59F83CA52FD29950FB1A9C1794384DC5929","4","60585",".wingman-work\backups\20260811-125821\src\wingman2\pages\DiscoveryPage.tsx"
"EE9AC3C46103806B93D71851DBBBC59F83CA52FD29950FB1A9C1794384DC5929","4","60585","src\wingman2\pages\DiscoveryPage.tsx"
"EEBF23B7B0135C4482F5BB1E06C785F192401CF64E89D993075345F47B7EA29B","3","646306","archive\backups\real-canvas-viewport-scaling-2026-06-08_12-36-23\src\wingman2\styles\wingman-style-stack.css"
"EEBF23B7B0135C4482F5BB1E06C785F192401CF64E89D993075345F47B7EA29B","3","646306","archive\backups\wingman-single-screen-fit-2026-06-08_12-28-23\src\wingman2\styles\wingman-style-stack.css"
"EEBF23B7B0135C4482F5BB1E06C785F192401CF64E89D993075345F47B7EA29B","3","646306","archive\backups\wingman-single-screen-fit-2026-06-08_12-29-10\src\wingman2\styles\wingman-style-stack.css"
"EEC556EBAC9A29BB8E799DB3E8C0D49B6BCE16B5F91D9E1BE464D0B5E032C7DC","4","17007",".wingman-work\backups\20260811-125215\src\wingman2\pages\compare\CompetitorEvidencePanel.tsx"
"EEC556EBAC9A29BB8E799DB3E8C0D49B6BCE16B5F91D9E1BE464D0B5E032C7DC","4","17007",".wingman-work\backups\20260811-125346\src\wingman2\pages\compare\CompetitorEvidencePanel.tsx"
"EEC556EBAC9A29BB8E799DB3E8C0D49B6BCE16B5F91D9E1BE464D0B5E032C7DC","4","17007",".wingman-work\backups\20260811-125821\src\wingman2\pages\compare\CompetitorEvidencePanel.tsx"
"EEC556EBAC9A29BB8E799DB3E8C0D49B6BCE16B5F91D9E1BE464D0B5E032C7DC","4","17007","src\wingman2\pages\compare\CompetitorEvidencePanel.tsx"
"EED37641B5B279876916B35478AB477619771445C47E485CCEBDF17F54B672AB","4","2126",".wingman-work\backups\20260811-125215\src\wingman2\lib\documentExtract.xlsx.test.ts"
"EED37641B5B279876916B35478AB477619771445C47E485CCEBDF17F54B672AB","4","2126",".wingman-work\backups\20260811-125346\src\wingman2\lib\documentExtract.xlsx.test.ts"
"EED37641B5B279876916B35478AB477619771445C47E485CCEBDF17F54B672AB","4","2126",".wingman-work\backups\20260811-125821\src\wingman2\lib\documentExtract.xlsx.test.ts"
"EED37641B5B279876916B35478AB477619771445C47E485CCEBDF17F54B672AB","4","2126","src\wingman2\lib\documentExtract.xlsx.test.ts"
"EF13EB423040A8125E82DEE5794C892732DF02B0EBF66E385488BCF677CD7EB9","4","1723",".wingman-work\backups\20260811-125215\src\wingman2\lib\glossaryHighlightPreference.ts"
"EF13EB423040A8125E82DEE5794C892732DF02B0EBF66E385488BCF677CD7EB9","4","1723",".wingman-work\backups\20260811-125346\src\wingman2\lib\glossaryHighlightPreference.ts"
"EF13EB423040A8125E82DEE5794C892732DF02B0EBF66E385488BCF677CD7EB9","4","1723",".wingman-work\backups\20260811-125821\src\wingman2\lib\glossaryHighlightPreference.ts"
"EF13EB423040A8125E82DEE5794C892732DF02B0EBF66E385488BCF677CD7EB9","4","1723","src\wingman2\lib\glossaryHighlightPreference.ts"
"EF3F210F6540610A702E3D1EABDCC7CBC7F970BD4D40FD6F1C2ACEA8296FB7BB","4","1819",".wingman-work\backups\20260811-125215\src\wingman2\lib\governedCompareRuntime.ts"
"EF3F210F6540610A702E3D1EABDCC7CBC7F970BD4D40FD6F1C2ACEA8296FB7BB","4","1819",".wingman-work\backups\20260811-125346\src\wingman2\lib\governedCompareRuntime.ts"
"EF3F210F6540610A702E3D1EABDCC7CBC7F970BD4D40FD6F1C2ACEA8296FB7BB","4","1819",".wingman-work\backups\20260811-125821\src\wingman2\lib\governedCompareRuntime.ts"
"EF3F210F6540610A702E3D1EABDCC7CBC7F970BD4D40FD6F1C2ACEA8296FB7BB","4","1819","src\wingman2\lib\governedCompareRuntime.ts"
"EFA46E3B01977F9421F21C3C1BAAC0E5B10E290D29F6AAD23BE1B292A3658016","4","1872",".wingman-work\backups\20260811-125215\src\wingman2\lib\compareResolution.test.ts"
"EFA46E3B01977F9421F21C3C1BAAC0E5B10E290D29F6AAD23BE1B292A3658016","4","1872",".wingman-work\backups\20260811-125346\src\wingman2\lib\compareResolution.test.ts"
"EFA46E3B01977F9421F21C3C1BAAC0E5B10E290D29F6AAD23BE1B292A3658016","4","1872",".wingman-work\backups\20260811-125821\src\wingman2\lib\compareResolution.test.ts"
"EFA46E3B01977F9421F21C3C1BAAC0E5B10E290D29F6AAD23BE1B292A3658016","4","1872","src\wingman2\lib\compareResolution.test.ts"
"EFBFD79C3453D06F19DA884E94AC8AE31146EAD8CC090414C5B5B42F538B2CBB","3","1151","_backups\retire-finder-feature-sweep-v3-20260720-084642\files\src\__tests__\ingestNextStep.test.tsx"
"EFBFD79C3453D06F19DA884E94AC8AE31146EAD8CC090414C5B5B42F538B2CBB","3","1151","_backups\retire-finder-feature-sweep-v4-20260720-085242\files\src\__tests__\ingestNextStep.test.tsx"
"EFBFD79C3453D06F19DA884E94AC8AE31146EAD8CC090414C5B5B42F538B2CBB","3","1151","_backups\retire-finder-feature-sweep-v5-20260720-085648\files\src\__tests__\ingestNextStep.test.tsx"
"F03533D24408F39B8B6BE2798CB7816F0CE209D9A801BECC817FDE2357BA23B0","3","758919","archive\_wingman_backup_compare_full_visible_skus_20260614-121739\wingman-style-stack.css"
"F03533D24408F39B8B6BE2798CB7816F0CE209D9A801BECC817FDE2357BA23B0","3","758919","archive\_wingman_backup_compare_lookup_visible_skus_20260614-121232\wingman-style-stack.css"
"F03533D24408F39B8B6BE2798CB7816F0CE209D9A801BECC817FDE2357BA23B0","3","758919","archive\_wingman_backup_compare_visible_skus_direct_20260614-121400\wingman-style-stack.css"
"F0ABFD461E0B721D43B7A773C66844791D5FE36B9E0E97F0BB9BAA4ABB6C3F1D","4","15074",".wingman-work\backups\20260811-125215\src\wingman2\components\compare\CompareShowdown.tsx"
"F0ABFD461E0B721D43B7A773C66844791D5FE36B9E0E97F0BB9BAA4ABB6C3F1D","4","15074",".wingman-work\backups\20260811-125346\src\wingman2\components\compare\CompareShowdown.tsx"
"F0ABFD461E0B721D43B7A773C66844791D5FE36B9E0E97F0BB9BAA4ABB6C3F1D","4","15074",".wingman-work\backups\20260811-125821\src\wingman2\components\compare\CompareShowdown.tsx"
"F0ABFD461E0B721D43B7A773C66844791D5FE36B9E0E97F0BB9BAA4ABB6C3F1D","4","15074","src\wingman2\components\compare\CompareShowdown.tsx"
"F0BF1F2E657A9A54BB5DD3A0732266B9BB76F00CDB948112DA8536F57EE4DFC7","4","36157",".wingman-work\backups\20260811-125215\src\features\catalog\catalogIntelligence.ts"
"F0BF1F2E657A9A54BB5DD3A0732266B9BB76F00CDB948112DA8536F57EE4DFC7","4","36157",".wingman-work\backups\20260811-125346\src\features\catalog\catalogIntelligence.ts"
"F0BF1F2E657A9A54BB5DD3A0732266B9BB76F00CDB948112DA8536F57EE4DFC7","4","36157",".wingman-work\backups\20260811-125821\src\features\catalog\catalogIntelligence.ts"
"F0BF1F2E657A9A54BB5DD3A0732266B9BB76F00CDB948112DA8536F57EE4DFC7","4","36157","src\features\catalog\catalogIntelligence.ts"
"F155EFD39CE8C9EE6C8CB0B803B76D2DBC4CC61EBA248B7E2E68D0E48EA039ED","2","34549","archive\_wingman_backup_discovery_layout_20260614-194910\DiscoveryPage.tsx.bak"
"F155EFD39CE8C9EE6C8CB0B803B76D2DBC4CC61EBA248B7E2E68D0E48EA039ED","2","34549","archive\_wingman_backup_fix_discovery_classname_20260614-195026\DiscoveryPage.tsx.bak"
"F15A55762461A339DE8413DD5FAD29D05C5D4BA31208CD7669A52C18643C4A39","4","8420",".wingman-work\backups\20260811-125215\src\wingman2\lib\productCheatSheet.ts"
"F15A55762461A339DE8413DD5FAD29D05C5D4BA31208CD7669A52C18643C4A39","4","8420",".wingman-work\backups\20260811-125346\src\wingman2\lib\productCheatSheet.ts"
"F15A55762461A339DE8413DD5FAD29D05C5D4BA31208CD7669A52C18643C4A39","4","8420",".wingman-work\backups\20260811-125821\src\wingman2\lib\productCheatSheet.ts"
"F15A55762461A339DE8413DD5FAD29D05C5D4BA31208CD7669A52C18643C4A39","4","8420","src\wingman2\lib\productCheatSheet.ts"
"F237175476074B131F91ACF37184915133246DF3779C9F52E61C2DE360B456DA","2","22747","data-sources\competitors\blustream.csv.backup-before-blank-row-clean"
"F237175476074B131F91ACF37184915133246DF3779C9F52E61C2DE360B456DA","2","22747","data-sources\competitors\blustream.csv.backup-hard-clean-20260704-211421"
"F28817F653ED3CCB6D5B4565B51A1D51D1F8837DDA2AB4C875F435AFB94077B0","4","3514",".wingman-work\backups\20260811-125215\src\wingman2\lib\templatesCardExpansion.ts"
"F28817F653ED3CCB6D5B4565B51A1D51D1F8837DDA2AB4C875F435AFB94077B0","4","3514",".wingman-work\backups\20260811-125346\src\wingman2\lib\templatesCardExpansion.ts"
"F28817F653ED3CCB6D5B4565B51A1D51D1F8837DDA2AB4C875F435AFB94077B0","4","3514",".wingman-work\backups\20260811-125821\src\wingman2\lib\templatesCardExpansion.ts"
"F28817F653ED3CCB6D5B4565B51A1D51D1F8837DDA2AB4C875F435AFB94077B0","4","3514","src\wingman2\lib\templatesCardExpansion.ts"
"F3707B425BCD25B6A59C0A0FFBAC0053A443D2E6FC54DAB3602AF151B024AD0F","4","1042",".wingman-work\backups\20260811-125215\src\wingman2\README.md"
"F3707B425BCD25B6A59C0A0FFBAC0053A443D2E6FC54DAB3602AF151B024AD0F","4","1042",".wingman-work\backups\20260811-125346\src\wingman2\README.md"
"F3707B425BCD25B6A59C0A0FFBAC0053A443D2E6FC54DAB3602AF151B024AD0F","4","1042",".wingman-work\backups\20260811-125821\src\wingman2\README.md"
"F3707B425BCD25B6A59C0A0FFBAC0053A443D2E6FC54DAB3602AF151B024AD0F","4","1042","src\wingman2\README.md"
"F43614CC4CF225E0DDB29F8D7E2AB19753CB1E8185B7CA79A0BC944479925D1B","4","7045",".wingman-work\backups\20260811-125215\src\wingman2\components\AVSignalFlowDiagram.tsx"
"F43614CC4CF225E0DDB29F8D7E2AB19753CB1E8185B7CA79A0BC944479925D1B","4","7045",".wingman-work\backups\20260811-125346\src\wingman2\components\AVSignalFlowDiagram.tsx"
"F43614CC4CF225E0DDB29F8D7E2AB19753CB1E8185B7CA79A0BC944479925D1B","4","7045",".wingman-work\backups\20260811-125821\src\wingman2\components\AVSignalFlowDiagram.tsx"
"F43614CC4CF225E0DDB29F8D7E2AB19753CB1E8185B7CA79A0BC944479925D1B","4","7045","src\wingman2\components\AVSignalFlowDiagram.tsx"
"F4BCEA5DD37DE96702EAA2F2BD9A2C272925FE4345C10B16D83EEB8100204280","4","52885",".wingman-work\backups\20260811-125215\src\wingman2\pages\ProjectDetailPage.tsx"
"F4BCEA5DD37DE96702EAA2F2BD9A2C272925FE4345C10B16D83EEB8100204280","4","52885",".wingman-work\backups\20260811-125346\src\wingman2\pages\ProjectDetailPage.tsx"
"F4BCEA5DD37DE96702EAA2F2BD9A2C272925FE4345C10B16D83EEB8100204280","4","52885",".wingman-work\backups\20260811-125821\src\wingman2\pages\ProjectDetailPage.tsx"
"F4BCEA5DD37DE96702EAA2F2BD9A2C272925FE4345C10B16D83EEB8100204280","4","52885","src\wingman2\pages\ProjectDetailPage.tsx"
"F4D160B89019C2D03C0D12897F603766FC1CC0CC3E523DCB5F68BE735A9A68E2","2","30231","archive\repo-cleanup-20260709-050830\root-backups\_wingman_backup_lightware_csv_header_safe_20260706-112241\lightware.csv"
"F4D160B89019C2D03C0D12897F603766FC1CC0CC3E523DCB5F68BE735A9A68E2","2","30231","archive\repo-cleanup-20260709-050830\root-backups\_wingman_backup_lightware_mmx6x2_csv_and_test_20260706-112118\lightware.csv"
"F51C15D2022C517CBD0E8D4C339EE4C1095CB5E1A028BE85F272325F555C3318","4","50054",".wingman-work\backups\20260811-125215\src\wingman2\lib\__fixtures__\productIntelligenceIndexSample.json"
"F51C15D2022C517CBD0E8D4C339EE4C1095CB5E1A028BE85F272325F555C3318","4","50054",".wingman-work\backups\20260811-125346\src\wingman2\lib\__fixtures__\productIntelligenceIndexSample.json"
"F51C15D2022C517CBD0E8D4C339EE4C1095CB5E1A028BE85F272325F555C3318","4","50054",".wingman-work\backups\20260811-125821\src\wingman2\lib\__fixtures__\productIntelligenceIndexSample.json"
"F51C15D2022C517CBD0E8D4C339EE4C1095CB5E1A028BE85F272325F555C3318","4","50054","src\wingman2\lib\__fixtures__\productIntelligenceIndexSample.json"
"F5643DA3E99A291F0D035CD465FD69169C0CA3809BAE6DF938E8F4C0E79FC1D6","2","1364","backups\react-flow-foundation-20260714-054745\main.tsx.bak"
"F5643DA3E99A291F0D035CD465FD69169C0CA3809BAE6DF938E8F4C0E79FC1D6","2","1364","backups\react-flow-foundation-20260714-084703\main.tsx.bak"
"F5B4307A437C40A269A0E98654097A49B17EFACCCD658A2FE9A37004CFE37ED0","4","8729",".wingman-work\backups\20260811-125215\src\wingman2\pages\VisualStudioPage.tsx"
"F5B4307A437C40A269A0E98654097A49B17EFACCCD658A2FE9A37004CFE37ED0","4","8729",".wingman-work\backups\20260811-125346\src\wingman2\pages\VisualStudioPage.tsx"
"F5B4307A437C40A269A0E98654097A49B17EFACCCD658A2FE9A37004CFE37ED0","4","8729",".wingman-work\backups\20260811-125821\src\wingman2\pages\VisualStudioPage.tsx"
"F5B4307A437C40A269A0E98654097A49B17EFACCCD658A2FE9A37004CFE37ED0","4","8729","src\wingman2\pages\VisualStudioPage.tsx"
"F5ECBF5AE3F009DB6DD0E4D9A96BD709B14138D32956713813531263B70E41D5","2","68657","archive\_src_inline_backups\src\wingman2\pages\DiscoveryPage.tsx.bak-template-discovery-seed-20260627-075622"
"F5ECBF5AE3F009DB6DD0E4D9A96BD709B14138D32956713813531263B70E41D5","2","68657","archive\_src_inline_backups\src\wingman2\pages\DiscoveryPage.tsx.bak-template-seed-repair-20260627-075833"
"F6C42046D43858DADF1F672D2D577D0317EA0129A5C3F3C82B1E6982417F94DA","3","1899","archive\_wingman_backup_discovery_context_rules_20260616-075050\main.tsx.bak"
"F6C42046D43858DADF1F672D2D577D0317EA0129A5C3F3C82B1E6982417F94DA","3","1899","archive\_wingman_backup_discovery_multi_select_io_20260616-073542\main.tsx.bak"
"F6C42046D43858DADF1F672D2D577D0317EA0129A5C3F3C82B1E6982417F94DA","3","1899","archive\_wingman_backup_replace_discovery_multi_inputs_20260616-074600\main.tsx.bak"
"F714250661427F05C46175312C6ECBDA04815F9AA0BD5FA900D5FE98EC3961D4","4","3095",".wingman-work\backups\20260811-125215\src\wingman2\data\wingmanProfile.ts"
"F714250661427F05C46175312C6ECBDA04815F9AA0BD5FA900D5FE98EC3961D4","4","3095",".wingman-work\backups\20260811-125346\src\wingman2\data\wingmanProfile.ts"
"F714250661427F05C46175312C6ECBDA04815F9AA0BD5FA900D5FE98EC3961D4","4","3095",".wingman-work\backups\20260811-125821\src\wingman2\data\wingmanProfile.ts"
"F714250661427F05C46175312C6ECBDA04815F9AA0BD5FA900D5FE98EC3961D4","4","3095","src\wingman2\data\wingmanProfile.ts"
"F77D01E6A143E9F0C5C61D995E8079AEB281B19A60D5F89388340423546BCD88","4","1014",".wingman-work\backups\20260811-125215\src\wingman2\pages\CatalogBrowserPage.fetchError.test.tsx"
"F77D01E6A143E9F0C5C61D995E8079AEB281B19A60D5F89388340423546BCD88","4","1014",".wingman-work\backups\20260811-125346\src\wingman2\pages\CatalogBrowserPage.fetchError.test.tsx"
"F77D01E6A143E9F0C5C61D995E8079AEB281B19A60D5F89388340423546BCD88","4","1014",".wingman-work\backups\20260811-125821\src\wingman2\pages\CatalogBrowserPage.fetchError.test.tsx"
"F77D01E6A143E9F0C5C61D995E8079AEB281B19A60D5F89388340423546BCD88","4","1014","src\wingman2\pages\CatalogBrowserPage.fetchError.test.tsx"
"F7CF4E107BF50C0F30E5E6D77022043EC817C7574B5C3A19DEE9EEA9226204DC","4","10981",".wingman-work\backups\20260811-125215\src\wingman2\pages\DashboardPage.tsx"
"F7CF4E107BF50C0F30E5E6D77022043EC817C7574B5C3A19DEE9EEA9226204DC","4","10981",".wingman-work\backups\20260811-125346\src\wingman2\pages\DashboardPage.tsx"
"F7CF4E107BF50C0F30E5E6D77022043EC817C7574B5C3A19DEE9EEA9226204DC","4","10981",".wingman-work\backups\20260811-125821\src\wingman2\pages\DashboardPage.tsx"
"F7CF4E107BF50C0F30E5E6D77022043EC817C7574B5C3A19DEE9EEA9226204DC","4","10981","src\wingman2\pages\DashboardPage.tsx"
"F7D9318A3247BD7252F2E006013DE92220CEB95DA42BD8A5B7EC95706CCE86F6","4","1664",".wingman-work\backups\20260811-125215\src\__tests__\discoveryStageStates.test.tsx"
"F7D9318A3247BD7252F2E006013DE92220CEB95DA42BD8A5B7EC95706CCE86F6","4","1664",".wingman-work\backups\20260811-125346\src\__tests__\discoveryStageStates.test.tsx"
"F7D9318A3247BD7252F2E006013DE92220CEB95DA42BD8A5B7EC95706CCE86F6","4","1664",".wingman-work\backups\20260811-125821\src\__tests__\discoveryStageStates.test.tsx"
"F7D9318A3247BD7252F2E006013DE92220CEB95DA42BD8A5B7EC95706CCE86F6","4","1664","src\__tests__\discoveryStageStates.test.tsx"
"F8C3921929E25E543E130284E73D880914D19DC940146C611161A3A792A69E21","3","29820","archive\_wingman_backup_compare_sku_auto_advance_20260615-185550\ComparePageNew.tsx"
"F8C3921929E25E543E130284E73D880914D19DC940146C611161A3A792A69E21","3","29820","archive\_wingman_backup_compare_visual_regex_fix_20260615-184847\ComparePageNew.tsx"
"F8C3921929E25E543E130284E73D880914D19DC940146C611161A3A792A69E21","3","29820","archive\_wingman_backup_compare_visual_repair_20260615-184740\ComparePageNew.tsx"
"F996B0AF8244BC7B2D2EECA7E0B6AEEBA7DD7CF317665F641DED4A6125D96FFD","4","13553",".wingman-work\backups\20260811-125215\src\wingman2\lib\compareSpecEngine.test.ts"
"F996B0AF8244BC7B2D2EECA7E0B6AEEBA7DD7CF317665F641DED4A6125D96FFD","4","13553",".wingman-work\backups\20260811-125346\src\wingman2\lib\compareSpecEngine.test.ts"
"F996B0AF8244BC7B2D2EECA7E0B6AEEBA7DD7CF317665F641DED4A6125D96FFD","4","13553",".wingman-work\backups\20260811-125821\src\wingman2\lib\compareSpecEngine.test.ts"
"F996B0AF8244BC7B2D2EECA7E0B6AEEBA7DD7CF317665F641DED4A6125D96FFD","4","13553","src\wingman2\lib\compareSpecEngine.test.ts"
"F9BF3D1AC575C1701FA3355F5E1D22D796F2CF8FB108853D3AC82F28CCA310D6","2","597621","archive\_src_inline_backups\src\wingman2\styles\wingman-style-stack.css.backup-20260710-081932"
"F9BF3D1AC575C1701FA3355F5E1D22D796F2CF8FB108853D3AC82F28CCA310D6","2","597621","archive\_src_inline_backups\src\wingman2\styles\wingman-style-stack.css.backup-20260710-094314"
"FAD32BEDC7799EBC9A2D2EFC860FD504275ED5B013A6024FF94383A5D0A82082","4","49659",".wingman-work\backups\20260811-125215\src\wingman2\lib\projectTopology.ts"
"FAD32BEDC7799EBC9A2D2EFC860FD504275ED5B013A6024FF94383A5D0A82082","4","49659",".wingman-work\backups\20260811-125346\src\wingman2\lib\projectTopology.ts"
"FAD32BEDC7799EBC9A2D2EFC860FD504275ED5B013A6024FF94383A5D0A82082","4","49659",".wingman-work\backups\20260811-125821\src\wingman2\lib\projectTopology.ts"
"FAD32BEDC7799EBC9A2D2EFC860FD504275ED5B013A6024FF94383A5D0A82082","4","49659","src\wingman2\lib\projectTopology.ts"
"FB02BD929559E6472B83465643EDED50851970DB4A0255BAE7A7851F506B98DF","4","138983",".wingman-work\backups\20260811-125215\src\wingman2\data\productPositioningCards.ts"
"FB02BD929559E6472B83465643EDED50851970DB4A0255BAE7A7851F506B98DF","4","138983",".wingman-work\backups\20260811-125346\src\wingman2\data\productPositioningCards.ts"
"FB02BD929559E6472B83465643EDED50851970DB4A0255BAE7A7851F506B98DF","4","138983",".wingman-work\backups\20260811-125821\src\wingman2\data\productPositioningCards.ts"
"FB02BD929559E6472B83465643EDED50851970DB4A0255BAE7A7851F506B98DF","4","138983","src\wingman2\data\productPositioningCards.ts"
"FB881821252EA68E925A14635155A448C2F3AB91A1C931D18AA649737FC4F7F0","2","61875","backups\visual-studio-canvas-layout-20260714-052453\wingman-workflow-theme.css.bak"
"FB881821252EA68E925A14635155A448C2F3AB91A1C931D18AA649737FC4F7F0","2","61875","backups\visual-studio-canvas-layout-v2-20260714-052759\wingman-workflow-theme.css.bak"
"FBA85D6E2D240B8F1459784C2825D1A3EC6BD101899FFAE2E4AFADC48364F68A","2","15297","archive\repo-cleanup-20260709-050830\root-backups\_wingman_backup_dashboard_drift_repair_20260630-083220\src\wingman2\pages\DashboardPage.tsx"
"FBA85D6E2D240B8F1459784C2825D1A3EC6BD101899FFAE2E4AFADC48364F68A","2","15297","archive\repo-cleanup-20260709-050830\root-backups\_wingman_backup_visual_utility_migration_20260630-082229\src\wingman2\pages\DashboardPage.tsx"
"FC14AB81D9D4B30688B2CB2E21203EFC74B8F6B878C937942B98C3DAE621DCC6","3","5865",".wingman-work\backups\20260811-125215\src\wingman2\data\productIntelligenceRepository.ts"
"FC14AB81D9D4B30688B2CB2E21203EFC74B8F6B878C937942B98C3DAE621DCC6","3","5865",".wingman-work\backups\20260811-125346\src\wingman2\data\productIntelligenceRepository.ts"
"FC14AB81D9D4B30688B2CB2E21203EFC74B8F6B878C937942B98C3DAE621DCC6","3","5865",".wingman-work\backups\20260811-125821\src\wingman2\data\productIntelligenceRepository.ts"
"FC17F621E581DA42DF285F455A6C2909B802EC8720DD5920767F7DB270AFB537","2","26626","archive\_src_inline_backups\src\wingman2\pages\ComparePageNew.tsx.backup-candidate-gate-hard-fix-20260615-114949"
"FC17F621E581DA42DF285F455A6C2909B802EC8720DD5920767F7DB270AFB537","2","26626","archive\_src_inline_backups\src\wingman2\pages\ComparePageNew.tsx.backup-candidate-gate-markers-20260615-114729"
"FC525F8D030E7FD787E157FAB1213EFFA340F1DE1E70E62463C9FB6A6F77C2D2","2","536037","archive\_wingman_backup_before_compare_restore_20260614-052137\public_wingman-guru-icon.png"
"FC525F8D030E7FD787E157FAB1213EFFA340F1DE1E70E62463C9FB6A6F77C2D2","2","536037","public\wingman-guru-icon.png"
"FD283B96645962B4A3CB8D889E3E6A05482D88723BEDDBC1C4B302DA434DD583","4","10882",".wingman-work\backups\20260811-125215\src\wingman2\pages\GlossaryPage.tsx"
"FD283B96645962B4A3CB8D889E3E6A05482D88723BEDDBC1C4B302DA434DD583","4","10882",".wingman-work\backups\20260811-125346\src\wingman2\pages\GlossaryPage.tsx"
"FD283B96645962B4A3CB8D889E3E6A05482D88723BEDDBC1C4B302DA434DD583","4","10882",".wingman-work\backups\20260811-125821\src\wingman2\pages\GlossaryPage.tsx"
"FD283B96645962B4A3CB8D889E3E6A05482D88723BEDDBC1C4B302DA434DD583","4","10882","src\wingman2\pages\GlossaryPage.tsx"
"FD607833F2F4229DDEC5883FD43299B6C8CD2F0DAF25B61B14D16E925A1DE971","3","45021","_backups\retire-finder-feature-sweep-v3-20260720-084642\files\src\wingman2\pages\ProjectDetailPage.tsx"
"FD607833F2F4229DDEC5883FD43299B6C8CD2F0DAF25B61B14D16E925A1DE971","3","45021","_backups\retire-finder-feature-sweep-v4-20260720-085242\files\src\wingman2\pages\ProjectDetailPage.tsx"
"FD607833F2F4229DDEC5883FD43299B6C8CD2F0DAF25B61B14D16E925A1DE971","3","45021","_backups\retire-finder-feature-sweep-v5-20260720-085648\files\src\wingman2\pages\ProjectDetailPage.tsx"
"FD8BFFE21B242B0342639FBF1B7023528456459BDBB7F3C003D852863003E2E0","3","21428","src\wingman2\pages\DataManagerPage.tsx.20260811-163450.bak"
"FD8BFFE21B242B0342639FBF1B7023528456459BDBB7F3C003D852863003E2E0","3","21428","src\wingman2\pages\DataManagerPage.tsx.20260811-164042.bak"
"FD8BFFE21B242B0342639FBF1B7023528456459BDBB7F3C003D852863003E2E0","3","21428","src\wingman2\pages\DataManagerPage.tsx.20260811-164409.bak"
"FDDE934ABD1D363F076FCF6E28950ABE32A310E29F6EFCE3C05A37248FD301EC","5","15046","archive\repo-cleanup-20260709-050830\root-backups\_wingman_backup_dashboard_drift_repair_20260630-083220\package.json"
"FDDE934ABD1D363F076FCF6E28950ABE32A310E29F6EFCE3C05A37248FD301EC","5","15046","archive\repo-cleanup-20260709-050830\root-backups\_wingman_backup_home_navhub_header_20260630-133036\package.json"
"FDDE934ABD1D363F076FCF6E28950ABE32A310E29F6EFCE3C05A37248FD301EC","5","15046","archive\repo-cleanup-20260709-050830\root-backups\_wingman_backup_home_navhub_reset_20260630-134236\package.json"
"FDDE934ABD1D363F076FCF6E28950ABE32A310E29F6EFCE3C05A37248FD301EC","5","15046","archive\repo-cleanup-20260709-050830\root-backups\_wingman_backup_home_navhub_reset_20260630-134327\package.json"
"FDDE934ABD1D363F076FCF6E28950ABE32A310E29F6EFCE3C05A37248FD301EC","5","15046","archive\repo-cleanup-20260709-050830\root-backups\_wingman_backup_visual_contract_20260630-132122\package.json"
"FDEBB2410FA504DDC1FB62B9D2EA0982747C8173FD69B3925392F0889EB96112","4","13578",".wingman-work\backups\20260811-125215\src\wingman2\lib\discoverySystemDesign.ts"
"FDEBB2410FA504DDC1FB62B9D2EA0982747C8173FD69B3925392F0889EB96112","4","13578",".wingman-work\backups\20260811-125346\src\wingman2\lib\discoverySystemDesign.ts"
"FDEBB2410FA504DDC1FB62B9D2EA0982747C8173FD69B3925392F0889EB96112","4","13578",".wingman-work\backups\20260811-125821\src\wingman2\lib\discoverySystemDesign.ts"
"FDEBB2410FA504DDC1FB62B9D2EA0982747C8173FD69B3925392F0889EB96112","4","13578","src\wingman2\lib\discoverySystemDesign.ts"
"FF2934B403F7F3CAF4DD5C2AE5BAA3E6C7F8CD76D1E101B6B7706A153AA8C008","5","25422",".wingman-work\backups\20260811-125215\src\wingman2\styles\wingman-workflow-theme.css.20260713-173326.bak"
"FF2934B403F7F3CAF4DD5C2AE5BAA3E6C7F8CD76D1E101B6B7706A153AA8C008","5","25422",".wingman-work\backups\20260811-125346\src\wingman2\styles\wingman-workflow-theme.css.20260713-173326.bak"
"FF2934B403F7F3CAF4DD5C2AE5BAA3E6C7F8CD76D1E101B6B7706A153AA8C008","5","25422",".wingman-work\backups\20260811-125821\src\wingman2\styles\wingman-workflow-theme.css.20260713-173326.bak"
"FF2934B403F7F3CAF4DD5C2AE5BAA3E6C7F8CD76D1E101B6B7706A153AA8C008","5","25422","backups\proposal-wizard-20260713-175009\src_wingman2_styles_wingman-workflow-theme.css.bak"
"FF2934B403F7F3CAF4DD5C2AE5BAA3E6C7F8CD76D1E101B6B7706A153AA8C008","5","25422","src\wingman2\styles\wingman-workflow-theme.css.20260713-173326.bak"
