"Path","Extension","Lines","KB"
"reports\product-classification-audit-2026-06-18T20-12-54-931Z.json",".json","1067192","161824.61"
"archive\_wingman_backup_product_suppression_fix_20260615-135005\public\product-intelligence-index.json",".json","523677","26632.25"
"archive\_wingman_backup_suppressed_discontinued_products_20260615-134506\public\product-intelligence-index.json",".json","523677","26632.25"
"archive\_wingman_backup_package_sanitizer_wire_fix_20260615-135201\public\product-intelligence-index.json",".json","523677","26632.25"
"data\wingman-canonical-product-store.json",".json","294579","13967.58"
"backups\avoip-data-20260713-193257\data-sources\wyrestorm\enrichment.json",".json","283645","13132.13"
"data-sources\wyrestorm\enrichment.json",".json","274710","12688.91"
"archive\repo-cleanup-20260709-050830\root-backups\_wingman_backup_vite_blank_20260708-055744\src_wingman2_styles_wingman-style-stack.css",".css","37413","1578476.91"
"archive\repo-cleanup-20260709-050830\root-backups\_wingman_backup_css_rebuild_20260708-055954\wingman-style-stack.corrupt.20260708-055954.css",".css","37413","1578476.91"
"archive\repo-cleanup-20260709-050830\root-backups\_wingman_backup_compare_viewport_20260706-064746\wingman-style-stack.css",".css","36009","992.08"
"data\runtime\product-intelligence-state.json",".json","35325","1221.37"
"archive\repo-cleanup-20260709-050830\root-backups\_wingman_backup_compare_auto_identify_repair_20260701-164217\compareAutoIdentify.ts",".ts","34613","2385.17"
"archive\repo-cleanup-20260709-050830\root-backups\_wingman_backup_compare_auto_identify_20260701-163338\src\wingman2\styles\wingman-style-stack.css",".css","32218","990.82"
"src\wingman2\styles\wingman-style-stack.css",".css","25350","708.29"
".wingman-work\backups\20260811-125821\src\wingman2\styles\wingman-style-stack.css",".css","25350","708.29"
".wingman-work\backups\20260811-125346\src\wingman2\styles\wingman-style-stack.css",".css","25350","708.29"
".wingman-work\backups\20260811-125215\src\wingman2\styles\wingman-style-stack.css",".css","25350","708.29"
"archive\_wingman_backup_compare_native_cleanup_20260615-133847\src\wingman2\styles\wingman-style-stack.css",".css","25233","763.01"
"archive\_wingman_backup_compare_cleanup_20260615-181403\src\wingman2\styles\wingman-style-stack.css",".css","25224","762.63"
"archive\_wingman_backup_compare_decision_focus_20260615-132537\src\wingman2\styles\wingman-style-stack.css",".css","25183","761.7"
"archive\_wingman_backup_compare_sku_auto_run_20260615-131718\src\wingman2\styles\wingman-style-stack.css",".css","25146","760.47"
"archive\_wingman_backup_compare_invalid_sku_guard_20260615-131124\src\wingman2\styles\wingman-style-stack.css",".css","25100","759.41"
"archive\_wingman_backup_compare_match_detection_fix_20260615-125107\src\wingman2\styles\wingman-style-stack.css",".css","25100","759.41"
"archive\_wingman_backup_compare_match_presentation_20260615-124852\src\wingman2\styles\wingman-style-stack.css",".css","25070","758.46"
"archive\_wingman_backup_compare_start_reset_20260615-124430\src\wingman2\styles\wingman-style-stack.css",".css","25059","758.06"
"archive\_wingman_backup_compare_run_action_guard_20260615-123854\src\wingman2\styles\wingman-style-stack.css",".css","24967","755.7"
"archive\_wingman_backup_compare_filter_logic_guard_20260615-123108\src\wingman2\styles\wingman-style-stack.css",".css","24940","754.97"
"archive\_wingman_backup_compare_sku_filter_state_guard_20260615-122531\src\wingman2\styles\wingman-style-stack.css",".css","24930","754.7"
"archive\_wingman_backup_actual_sku_alpha_filter_20260615-122021\src\wingman2\styles\wingman-style-stack.css",".css","24919","754.32"
"archive\_wingman_backup_compare_layout_tighten_20260614-124836\wingman-style-stack.css",".css","24869","746.13"
"archive\_wingman_backup_compare_more_button_20260615-203726\wingman-style-stack.css",".css","24761","760.8"
"archive\_wingman_backup_compare_native_ui_20260615-211613\wingman-style-stack.css",".css","24761","760.8"
"archive\_wingman_backup_compare_workflow_split_20260615-120833\src\wingman2\styles\wingman-style-stack.css",".css","24750","749.37"
"archive\_wingman_backup_compare_more_button_20260615-203436\wingman-style-stack.css",".css","24717","759.35"
"archive\_wingman_backup_product_callcards_sticky_layout_20260615-113741\src\wingman2\styles\wingman-style-stack.css",".css","24677","747.2"
"archive\_wingman_backup_compare_lookup_visible_skus_20260614-121232\wingman-style-stack.css",".css","24625","741.13"
"archive\_wingman_backup_compare_full_visible_skus_20260614-121739\wingman-style-stack.css",".css","24625","741.13"
"archive\_wingman_backup_compare_visible_skus_direct_20260614-121400\wingman-style-stack.css",".css","24625","741.13"
"archive\_wingman_backup_compare_visual_route_bridge_20260615-202629\wingman-style-stack.css",".css","24608","755.54"
"archive\_wingman_backup_product_story_language_20260615-113106\src\wingman2\styles\wingman-style-stack.css",".css","24587","745.11"
"archive\_wingman_backup_compare_visible_brand_skus_20260614-121122\wingman-style-stack.css",".css","24576","739.94"
"archive\_wingman_backup_compare_typeahead_guard_v2_20260614-114108\wingman-style-stack.css",".css","24531","738.94"
"archive\_wingman_backup_compare_typeahead_full_replace_20260614-114456\wingman-style-stack.css",".css","24531","738.94"
"archive\_wingman_backup_compare_brand_sku_dropdown_20260614-113339\wingman-style-stack.css",".css","24531","738.94"
"archive\_wingman_backup_compare_typeahead_guard_20260614-113741\wingman-style-stack.css",".css","24531","738.94"
"archive\_wingman_backup_compare_ascii_cleanup_20260614-104525\wingman-style-stack.css",".css","24531","738.94"
"archive\_wingman_backup_alpha_numeric_filter_20260615-111554\src\wingman2\styles\wingman-style-stack.css",".css","24515","743.44"
"archive\_wingman_backup_compare_hard_reset_20260614-103527\src\wingman2\styles\wingman-style-stack.css",".css","24485","737.92"
"archive\_wingman_backup_compare_polished_results_20260615-202245\wingman-style-stack.css",".css","24403","746.93"
"archive\_wingman_backup_compare_simple_summary_20260615-195115\wingman-style-stack.css",".css","24309","743.49"
"archive\_wingman_backup_compare_minimal_results_20260615-201159\wingman-style-stack.css",".css","24309","743.49"
"archive\_wingman_backup_compare_simple_summary_20260615-194901\wingman-style-stack.css",".css","24288","742.76"
"archive\_wingman_backup_compare_text_card_repair_20260615-193859\wingman-style-stack.css",".css","24249","741.24"
"archive\_wingman_backup_compare_v5_20260614-102800\src\wingman2\styles\wingman-style-stack.css",".css","24169","731.37"
"archive\_wingman_backup_compare_route_lock_20260614-102158\src\wingman2\styles\wingman-style-stack.css",".css","24169","731.37"
"archive\_wingman_backup_compare_auto_scroll_20260615-221407\wingman-style-stack.css",".css","24067","731.99"
"archive\_wingman_backup_compare_result_layout_20260615-190524\wingman-style-stack.css",".css","24063","735.15"
"data\catalog\competitor-products.generated.json",".json","23989","751.31"
"archive\_wingman_backup_compare_result_styling_20260615-185918\wingman-style-stack.css",".css","23897","730.16"
"archive\_wingman_backup_discovery_density_20260614-205934\wingman-style-stack.css",".css","23761","725.13"
"archive\_wingman_backup_compare_visual_regex_fix_20260615-184847\wingman-style-stack.css",".css","23761","725.13"
"archive\_wingman_backup_discovery_strategy_fix_20260614-204612\wingman-style-stack.css",".css","23761","725.13"
"archive\_wingman_backup_compare_visual_repair_20260615-184740\wingman-style-stack.css",".css","23761","725.13"
"archive\_wingman_backup_discovery_guidance_commit_20260614-204418\wingman-style-stack.css",".css","23761","725.13"
"archive\_wingman_backup_discovery_guidance_fix_20260614-202337\wingman-style-stack.css",".css","23752","724.94"
"archive\_wingman_backup_sales_helper_direction_flow_20260614-095248\wingman-style-stack.css",".css","23738","723"
"archive\_wingman_backup_sales_helper_mic_capture_20260614-094542\wingman-style-stack.css",".css","23620","719.37"
"archive\_wingman_backup_sales_helper_wizard_20260614-094034\wingman-style-stack.css",".css","23459","714.68"
"archive\_wingman_backup_discovery_capture_20260614-201732\wingman-style-stack.css",".css","23321","715.19"
"archive\_wingman_backup_before_compare_restore_20260614-052137\src_wingman2_styles_wingman-style-stack.css",".css","23286","707.31"
"archive\_wingman_backup_guru_movable_20260614-050939\src\wingman2\styles\wingman-style-stack.css",".css","23240","705.83"
"archive\_wingman_backup_guru_icon_fix_20260614-051319\wingman-style-stack.css",".css","23192","704.82"
"archive\_wingman_backup_compare_workflow_cleanup_20260613-214444\src\wingman2\styles\wingman-style-stack.css",".css","23172","709.52"
"archive\_wingman_backup_sales_helper_layout_20260614-093841\wingman-style-stack.css",".css","23162","708.98"
"archive\_wingman_backup_clean_guru_compare_20260614-063638\wingman-style-stack.css",".css","23146","708.33"
"archive\_wingman_backup_compare_start_cleanup_20260613-214227\src\wingman2\styles\wingman-style-stack.css",".css","23123","707.49"
"archive\_wingman_backup_remove_compare_matrix_stage_20260613-214049\src\wingman2\styles\wingman-style-stack.css",".css","23104","706.79"
"archive\_wingman_backup_compare_badge_contrast_20260614-074744\wingman-style-stack.css",".css","23092","706.22"
"archive\_wingman_backup_compare_direct_results_20260613-213828\src\wingman2\styles\wingman-style-stack.css",".css","23085","706.11"
"archive\_wingman_backup_fix_compare_reset_blank_page_20260613-212847\src\wingman2\styles\wingman-style-stack.css",".css","23080","706.6"
"archive\_wingman_backup_fix_compare_reset_suppression_20260613-213320\src\wingman2\styles\wingman-style-stack.css",".css","23063","705.46"
"archive\_wingman_backup_restore_sweeping_guru_20260614-064242\src\wingman2\styles\wingman-style-stack.css",".css","23057","704.97"
"archive\_wingman_backup_fix_compare_reset_20260613-212257\src\wingman2\styles\wingman-style-stack.css",".css","23052","705.18"
"archive\_wingman_backup_remove_duplicate_guru_20260614-064058\wingman-style-stack.css",".css","23051","704.99"
"archive\_wingman_backup_compare_guru_mic_repair_20260614-062500\wingman-style-stack.css",".css","23046","704.58"
"archive\_wingman_backup_restore_global_guru_20260614-064442\src\wingman2\styles\wingman-style-stack.css",".css","23044","704.72"
"archive\_wingman_backup_restore_guru_compare_20260614-062659\wingman-style-stack.css",".css","23043","705.23"
"archive\_wingman_backup_guru_single_instance_20260614-063825\src\wingman2\styles\wingman-style-stack.css",".css","23039","704.97"
"archive\_wingman_backup_mic_scope_20260614-061410\wingman-style-stack.css",".css","23000","702.85"
"archive\_wingman_backup_guru_20260614-050537\src\wingman2\styles\wingman-style-stack.css",".css","22935","699.64"
"archive\_wingman_backup_clean_wireless_compare_result_20260613-211951\src\wingman2\styles\wingman-style-stack.css",".css","22918","701.19"
"archive\_wingman_backup_before_reversing_compare_ui_polish_20260613-204652\src\wingman2\styles\wingman-style-stack.css",".css","22910","701.04"
".wingman-backups\templates-products-header-20260710-221048\wingman-style-stack.css",".css","22879","643.31"
".wingman-backups\templates-products-header-v2-20260710-221218\wingman-style-stack.css",".css","22879","643.31"
".wingman-backups\templates-products-header-20260710-221014\wingman-style-stack.css",".css","22879","643.31"
"archive\_wingman_backup_compare_direct_workflow_refine_20260613-215256\src\wingman2\styles\wingman-style-stack.css",".css","22870","698.27"
"archive\_wingman_backup_compare_layout_reset_20260613-211633\src\wingman2\styles\wingman-style-stack.css",".css","22831","698.98"
".wingman-backups\templates-products-header-20260710-220858\wingman-style-stack.css",".css","22781","640.42"
".wingman-backups\templates-products-header-v2-20260710-221252\wingman-style-stack.css",".css","22772","640.02"
"archive\_wingman_backup_wireless_compare_intelligence_20260613-211150\src\wingman2\styles\wingman-style-stack.css",".css","22699","695.87"
"archive\_wingman_backup_replace_compare_page_20260613-214821\src\wingman2\styles\wingman-style-stack.css",".css","22677","694.18"
".wingman-backups\guidance-card-encoding-v2-20260710-215919\wingman-style-stack.css",".css","22673","637.1"
".wingman-backups\guidance-card-encoding-v2-20260710-215719\wingman-style-stack.css",".css","22673","684.95"
".wingman-backups\templates-hero-compact-20260710-220534\wingman-style-stack.css",".css","22673","637.1"
".wingman-backups\guidance-card-encoding-v2-20260710-215834\wingman-style-stack.css",".css","22673","637.1"
"archive\_wingman_backup_remove_compare_matrix_clean_20260613-214621\src\wingman2\styles\wingman-style-stack.css",".css","22672","693.98"
"archive\_wingman_backup_simplify_compare_results_20260613-210000\src\wingman2\styles\wingman-style-stack.css",".css","22647","694.04"
"archive\_wingman_backup_compare_ui_polish_20260613-204505\src\wingman2\styles\wingman-style-stack.css",".css","22647","694.04"
"archive\_wingman_backup_hide_legacy_compare_matrix_20260613-203206\src\wingman2\styles\wingman-style-stack.css",".css","22619","692.73"
".wingman-backups\templates-action-placement-20260710-215328\wingman-style-stack.css",".css","22615","683.67"
".wingman-backups\templates-page-refocus-20260710-214915\wingman-style-stack.css",".css","22615","683.67"
".wingman-backups\templates-page-refocus-20260710-214845\wingman-style-stack.css",".css","22495","681.06"
"reports\product-classification-audit-v2-2026-06-18T20-17-06-901Z.json",".json","22065","1851.01"
".wingman-backups\app-style-consistency-20260710-213625\wingman-style-stack.css",".css","21981","670.21"
"public\product-call-card-products.json",".json","21723","1003.8"
"archive\backups\dpr-aware-viewport-scaling-2026-06-08_12-41-13\src\wingman2\styles\wingman-style-stack.css",".css","20672","633.5"
"archive\backups\wingman-single-screen-fit-2026-06-08_12-28-23\src\wingman2\styles\wingman-style-stack.css",".css","20595","631.16"
"archive\backups\real-canvas-viewport-scaling-2026-06-08_12-36-23\src\wingman2\styles\wingman-style-stack.css",".css","20595","631.16"
"archive\backups\wingman-single-screen-fit-2026-06-08_12-29-10\src\wingman2\styles\wingman-style-stack.css",".css","20595","631.16"
"archive\backups\wingman-single-screen-fit-2026-06-08_12-12-34\src\wingman2\styles\wingman-style-stack.css",".css","20203","621.08"
"archive\backups\product-call-cards-phase1d-language-level-2026-06-07-20-45-47\src\wingman2\styles\wingman-style-stack.css",".css","20138","617.94"
"archive\backups\product-call-cards-phase1c-product-dashboard-2026-06-07-20-22-17\src\wingman2\styles\wingman-style-stack.css",".css","19992","614.88"
"archive\backups\product-call-cards-phase1b-2026-06-07-20-15-24\src\wingman2\styles\wingman-style-stack.css",".css","19945","613.87"
"archive\backups\product-call-cards-phase1a-2026-06-07-20-08-19\src\wingman2\styles\wingman-style-stack.css",".css","19902","613.02"
"archive\backups\product-call-cards-phase1-2026-06-07-19-46-38\src\wingman2\styles\wingman-style-stack.css",".css","19601","607.26"
"backups\product-pitch-workspace-flow-20260711-071314\wingman-style-stack.css",".css","18037","543.29"
"backups\product-pitch-viewport-final-20260711-065855\wingman-style-stack.css",".css","17986","541.62"
"backups\product-pitch-viewport-balance-20260711-065406\wingman-style-stack.css",".css","17952","540.71"
"backups\product-pitch-bottom-layout-20260711-064913\wingman-style-stack.css",".css","17948","540.65"
"backups\product-pitch-viewport-20260711-064326\wingman-style-stack.css",".css","17858","538.1"
"backups\product-pitch-overflow-20260711-063831\wingman-style-stack.css",".css","17823","536.09"
"backups\product-pitch-selector-20260711-061121\wingman-style-stack.css",".css","17697","532.75"
"backups\product-call-cards-layout-20260711-063325\wingman-style-stack.css",".css","17697","532.75"
"backups\visual-studio-connectivity-layout-fix-20260712-130000\src\wingman2\styles\wingman-style-stack.css",".css","16233","1131.36"
"backups\visual-studio-viewport-fix-20260712-124259\src\wingman2\styles\wingman-style-stack.css",".css","16147","1128.86"
"backups\visual-studio-fit-header-fix-20260712-124959\src\wingman2\styles\wingman-style-stack.css",".css","16147","1128.86"
"backups\visual-studio-viewport-fix-20260712-123926\src\wingman2\styles\wingman-style-stack.css",".css","16044","1125.86"
"backups\visual-studio-viewport-fix-20260712-123722\src\wingman2\styles\wingman-style-stack.css",".css","16044","1125.86"
".wingman-backups\visual-studio-background-20260712-112955\wingman-style-stack.css",".css","16008","1124.78"
".wingman-backups\dashboard-guru-20260712-092537\src\wingman2\styles\wingman-style-stack.css",".css","15996","461.7"
".wingman-backups\visual-studio-edges-20260712-111550\wingman-style-stack.css",".css","15967","1123.61"
".wingman-backups\dashboard-guru-20260712-092949\src\wingman2\styles\wingman-style-stack.css",".css","15800","489.64"
"public\product-media-index.json",".json","13959","628.35"
"data\governance\wyrestorm-technical-profiles.json",".json","13365","453.86"
"data\wingman-source-pdf-intelligence.json",".json","12731","260.4"
"archive\_wingman_backup_pre_compare_cleanup_20260614-083913\package-lock.json",".json","12167","355.5"
"archive\repo-cleanup-20260709-050830\root-backups\_wingman_backup_compare_class_gate_20260704-205242\data\catalog\competitor-products.generated.json",".json","11495","291.87"
"package-lock.json",".json","11225","387.55"
".wingman-work\backups\20260811-125821\package-lock.json",".json","11225","387.55"
".wingman-work\backups\20260811-125346\package-lock.json",".json","11225","387.55"
".wingman-work\backups\20260811-125215\package-lock.json",".json","11225","387.55"
"reports\wingman-data-source-audit.json",".json","9466","285.33"
"public\product-call-card-practical-copy-audit.json",".json","8063","654.38"
"data\product-intelligence-db.json",".json","7674","210.13"
"reports\wingman-product-intelligence-audit.json",".json","6208","216.84"
".wingman-work\backups\20260811-125215\src\wingman2\pages\ComparePageNew.advanced.tsx",".tsx","6047","254.66"
".wingman-work\backups\20260811-125346\src\wingman2\pages\ComparePageNew.advanced.tsx",".tsx","6047","254.66"
".wingman-work\backups\20260811-125821\src\wingman2\pages\ComparePageNew.advanced.tsx",".tsx","6047","254.66"
"src\wingman2\pages\ComparePageNew.advanced.tsx",".tsx","6047","254.66"
"src\wingman2\styles\wingman-workflow-theme.css",".css","5858","245.48"
"reports\wingman-product-technical-spec-completeness-audit.json",".json","5299","154.48"
"reports\wingman-competitor-technical-spec-completeness-audit.json",".json","5079","133.51"
"archive\repo-cleanup-20260709-050830\root-backups\_wingman_backup_apo_dg2_dependency_rule_20260706-112917\src\wingman2\pages\ComparePageNew.advanced.tsx",".tsx","4966","218.48"
"archive\repo-cleanup-20260709-050830\root-backups\_wingman_backup_compare_class_gate_20260704-205242\data\catalog\competitor-catalog.phase4.json",".json","4560","133.14"
"data\catalog\competitor-catalog.phase4.json",".json","4560","151.56"
".wingman-work\backups\20260811-125821\src\wingman2\styles\wingman-workflow-theme.css",".css","4535","168.25"
".wingman-work\backups\20260811-125215\src\wingman2\styles\wingman-workflow-theme.css",".css","4535","168.25"
".wingman-work\backups\20260811-125346\src\wingman2\styles\wingman-workflow-theme.css",".css","4535","168.25"
"archive\repo-cleanup-20260709-050830\root-backups\_wingman_backup_apo_dg2_dependency_rule_20260706-112917\src\wingman2\pages\FinderPage.tsx",".tsx","3973","152.62"
"_backups\retire-finder-feature-sweep-v5-20260720-085648\files\src\wingman2\pages\FinderPage.tsx",".tsx","3919","151.37"
"_backups\retire-finder-feature-sweep-v4-20260720-085242\files\src\wingman2\pages\FinderPage.tsx",".tsx","3919","151.37"
".wingman-work\backups\20260811-125346\src\wingman2\data\productStories.ts",".ts","3918","437.13"
".wingman-work\backups\20260811-125821\src\wingman2\data\productStories.ts",".ts","3918","437.13"
".wingman-work\backups\20260811-125215\src\wingman2\data\productStories.ts",".ts","3918","437.13"
"src\wingman2\data\productStories.ts",".ts","3918","437.13"
"_backups\discovery-finder-handoff-v2-20260720-075526\FinderPage.tsx",".tsx","3892","150.6"
"_backups\discovery-finder-handoff-v3-20260720-080002\FinderPage.tsx",".tsx","3892","150.6"
"archive\repo-cleanup-20260709-050830\root-backups\_wingman_backup_apo_dg2_dependency_rule_20260706-112917\src\wingman2\data\productStories.ts",".ts","3750","414.21"
"public\product-call-card-targeted-questions-audit.json",".json","3684","174.63"
"archive\repo-cleanup-20260709-050830\root-backups\_wingman_backup_visual_utility_migration_20260630-082229\src\wingman2\pages\ComparePageNew.tsx",".tsx","3674","170.51"
"archive\repo-cleanup-20260709-050830\root-backups\_wingman_backup_compare_auto_identify_20260701-163338\src\wingman2\pages\ComparePageNew.tsx",".tsx","3674","170.51"
"archive\repo-cleanup-20260709-050830\root-backups\_wingman_backup_page_markup_migration_20260630-074900\src\wingman2\pages\ComparePageNew.tsx",".tsx","3674","168.32"
"archive\repo-cleanup-20260709-050830\root-backups\_wingman_backup_visual_utility_migration_20260630-082229\src\wingman2\pages\FinderPage.tsx",".tsx","3386","137.26"
"archive\repo-cleanup-20260709-050830\root-backups\_wingman_backup_page_markup_migration_20260630-074900\src\wingman2\pages\FinderPage.tsx",".tsx","3386","135.24"
".wingman-work\backups\20260811-125215\src\wingman2\lib\roomTemplates.ts",".ts","3283","178.8"
".wingman-work\backups\20260811-125346\src\wingman2\lib\roomTemplates.ts",".ts","3283","178.8"
".wingman-work\backups\20260811-125821\src\wingman2\lib\roomTemplates.ts",".ts","3283","178.8"
"src\wingman2\lib\roomTemplates.ts",".ts","3283","178.8"
"data\wingman-data-maintenance-queue.json",".json","3142","103.67"
".wingman-work\backups\20260811-125346\src\wingman2\styles\wingman-polish-navigation.css",".css","3056","98.32"
"src\wingman2\styles\wingman-polish-navigation.css",".css","3056","98.32"
".wingman-work\backups\20260811-125821\src\wingman2\styles\wingman-polish-navigation.css",".css","3056","98.32"
".wingman-work\backups\20260811-125215\src\wingman2\styles\wingman-polish-navigation.css",".css","3056","98.32"
"archive\_wingman_backup_guru_single_instance_20260614-063825\src\wingman2\pages\FinderPage.tsx",".tsx","3047","120.27"
"archive\backups\presales-priority-1-5-2026-06-08_10-20-58\src\wingman2\pages\FinderPage.tsx",".tsx","3047","120.21"
"_backups\remove-discovery-trail-20260720-065201\DiscoveryPage.tsx",".tsx","2706","104.77"
"_backups\retire-finder-feature-sweep-v4-20260720-085242\files\src\wingman2\pages\DiscoveryPage.tsx",".tsx","2673","103.05"
"_backups\retire-finder-feature-sweep-v3-20260720-084642\files\src\wingman2\pages\DiscoveryPage.tsx",".tsx","2673","103.05"
"_backups\retire-finder-feature-sweep-v5-20260720-085648\files\src\wingman2\pages\DiscoveryPage.tsx",".tsx","2673","103.05"
"_backups\simplify-discovery-distance-20260720-072413\DiscoveryPage.tsx",".tsx","2670","103.03"
"_backups\discovery-finder-handoff-v3-20260720-080002\DiscoveryPage.tsx",".tsx","2665","102.95"
"_backups\discovery-finder-handoff-v2-20260720-075526\DiscoveryPage.tsx",".tsx","2665","102.95"
"server\competitor-lookup-server.mjs",".mjs","2578","78.85"
"_backups\simplify-discovery-distance-20260720-072413\wingman-workflow-theme.css",".css","2458","74.48"
"_RECOVERY\discovery-source-uc-final-20260717-130119\DiscoveryPage.tsx",".tsx","2443","94.65"
"_RECOVERY\discovery-source-uc-final-20260717-125926\DiscoveryPage.tsx",".tsx","2443","94.65"
"_backups\remove-discovery-trail-20260720-065201\wingman-workflow-theme.css",".css","2392","72.37"
"server\wingman-app-store.mjs",".mjs","2368","81.59"
"tools\enrich-wyrestorm-product-intelligence.mjs",".mjs","2220","105.73"
"archive\repo-cleanup-20260709-050830\root-backups\_wingman_backup_page_markup_migration_20260630-074900\src\wingman2\pages\ProductCallCardsPage.tsx",".tsx","2179","62.89"
"archive\repo-cleanup-20260709-050830\root-backups\_wingman_backup_visual_utility_migration_20260630-082229\src\wingman2\pages\ProductCallCardsPage.tsx",".tsx","2179","63.93"
"server\competitor\compare-intelligence.mjs",".mjs","2145","65.45"
"reports\compare-candidate-gate-audit.json",".json","2122","102.67"
"archive\_wingman_backup_guru_single_instance_20260614-063825\src\wingman2\components\discovery\SourceDeviceCollator.tsx",".tsx","2118","78.53"
".wingman-backups\discovery-unified-comms-20260717-115522\src\wingman2\pages\DiscoveryPage.tsx",".tsx","2066","79.6"
".wingman-backups\discovery-unified-comms-20260717-114353\src\wingman2\pages\DiscoveryPage.tsx",".tsx","2066","79.6"
".wingman-backups\discovery-unified-comms-20260717-111425\src\wingman2\pages\DiscoveryPage.tsx",".tsx","2066","79.6"
".wingman-backups\discovery-unified-comms-20260717-115102\src\wingman2\pages\DiscoveryPage.tsx",".tsx","2066","79.6"
".wingman-backups\discovery-unified-comms-20260717-110358\src\wingman2\pages\DiscoveryPage.tsx",".tsx","2066","79.6"
".wingman-backups\discovery-unified-comms-20260717-110839\src\wingman2\pages\DiscoveryPage.tsx",".tsx","2066","79.6"
".wingman-backups\discovery-unified-comms-20260717-115842\src\wingman2\pages\DiscoveryPage.tsx",".tsx","2066","79.6"
".wingman-backups\discovery-unified-comms-20260717-115545\src\wingman2\pages\DiscoveryPage.tsx",".tsx","2066","79.6"
".wingman-backups\discovery-unified-comms-20260717-112358\src\wingman2\pages\DiscoveryPage.tsx",".tsx","2066","79.6"
".wingman-backups\discovery-unified-comms-20260717-110557\src\wingman2\pages\DiscoveryPage.tsx",".tsx","2066","79.6"
"src\wingman2\data\projectStore.ts",".ts","2051","65.26"
".wingman-work\backups\20260811-125821\src\wingman2\data\projectStore.ts",".ts","2048","65.08"
".wingman-work\backups\20260811-125215\src\wingman2\data\projectStore.ts",".ts","2048","65.08"
".wingman-work\backups\20260811-125346\src\wingman2\data\projectStore.ts",".ts","2048","65.08"
"archive\_wingman_backup_guru_single_instance_20260614-063825\src\wingman2\pages\ProductCallCardsPage.tsx",".tsx","2025","56.18"
"_backups\retire-finder-feature-sweep-v5-20260720-085648\files\src\wingman2\data\projectStore.ts",".ts","2006","63.37"
"_backups\retire-finder-feature-sweep-v4-20260720-085242\files\src\wingman2\data\projectStore.ts",".ts","2006","63.37"
"_backups\retire-finder-feature-sweep-v3-20260720-084642\files\src\wingman2\data\projectStore.ts",".ts","2006","63.37"
"archive\_wingman_backup_guru_single_instance_20260614-063825\src\wingman2\pages\CallCardsPage.tsx",".tsx","2004","59.76"
"tools\refactor-room-templates-advisor.mjs",".mjs","1974","67.58"
".wingman-work\backups\20260811-125215\src\wingman2\components\WingmanGuruDrawer.tsx",".tsx","1966","68.48"
"src\wingman2\components\WingmanGuruDrawer.tsx",".tsx","1966","68.48"
".wingman-work\backups\20260811-125346\src\wingman2\components\WingmanGuruDrawer.tsx",".tsx","1966","68.48"
".wingman-work\backups\20260811-125821\src\wingman2\components\WingmanGuruDrawer.tsx",".tsx","1966","68.48"
"_backups\products-lighter-card-art-20260720-090650\src\wingman2\styles\wingman-polish-navigation.css",".css","1964","68.65"
"server\competitor\resolve-match.mjs",".mjs","1923","66.66"
"backups\product-call-cards-layout-20260711-063325\ProductCallCardsPage.tsx",".tsx","1885","66.56"
".wingman-backups\verified-proposal-templates-20260710-200928\files\src\wingman2\data\projectStore.ts",".ts","1871","59.29"
"src\wingman2\pages\ProductCallCardsPage.tsx",".tsx","1863","68.31"
".wingman-work\backups\20260811-125215\src\wingman2\pages\ProductCallCardsPage.tsx",".tsx","1863","68.31"
".wingman-work\backups\20260811-125821\src\wingman2\pages\ProductCallCardsPage.tsx",".tsx","1863","68.31"
".wingman-work\backups\20260811-125346\src\wingman2\pages\ProductCallCardsPage.tsx",".tsx","1863","68.31"
"archive\_wingman_backup_guru_single_instance_20260614-063825\src\wingman2\lib\roomTemplates.ts",".ts","1863","83.78"
".wingman-backups\verified-proposal-templates-20260710-200928\files\src\wingman2\lib\roomTemplates.ts",".ts","1858","93.93"
"archive\repo-cleanup-20260709-050830\root-backups\_wingman_backup_apo_dg2_dependency_rule_20260706-112917\src\wingman2\lib\roomTemplates.ts",".ts","1858","93.93"
".wingman-work\backups\20260811-125821\src\__tests__\projectStore.test.ts",".ts","1808","53.76"
"_backups\retire-finder-feature-sweep-v3-20260720-084642\files\src\__tests__\projectStore.test.ts",".ts","1808","53.66"
"src\__tests__\projectStore.test.ts",".ts","1808","53.76"
"_backups\retire-finder-feature-sweep-v5-20260720-085648\files\src\__tests__\projectStore.test.ts",".ts","1808","53.66"
"_backups\retire-finder-feature-sweep-v4-20260720-085242\files\src\__tests__\projectStore.test.ts",".ts","1808","53.66"
".wingman-work\backups\20260811-125346\src\__tests__\projectStore.test.ts",".ts","1808","53.76"
".wingman-work\backups\20260811-125215\src\__tests__\projectStore.test.ts",".ts","1808","53.76"
"public\product-call-card-products.official-audit.json",".json","1736","92.03"
".wingman-backups\camera-schematic-encoding-20260710-211343\TechnicalConnectivitySchematic.tsx",".tsx","1718","33.54"
"_backups\retire-finder-feature-sweep-v4-20260720-085242\apply-retire-finder-feature-sweep.mjs",".mjs","1658","55.99"
"_backups\retire-finder-feature-sweep-v5-20260720-085648\apply-retire-finder-feature-sweep.mjs",".mjs","1658","56"
"archive\repo-cleanup-20260709-050830\root-backups\_wingman_backup_visual_utility_migration_20260630-082229\src\wingman2\pages\DiscoveryPage.tsx",".tsx","1644","61.63"
"archive\repo-cleanup-20260709-050830\root-backups\_wingman_backup_page_markup_migration_20260630-074900\src\wingman2\pages\DiscoveryPage.tsx",".tsx","1644","60.34"
"archive\repo-cleanup-20260709-050830\root-backups\_wingman_backup_style_audit_fix_20260630-073901\src\wingman2\styles\wingman-redesign-theme.css",".css","1617","58.74"
".wingman-work\backups\20260811-125215\src\wingman2\lib\__fixtures__\productIntelligenceIndexSample.json",".json","1590","48.88"
".wingman-work\backups\20260811-125821\src\wingman2\lib\__fixtures__\productIntelligenceIndexSample.json",".json","1590","48.88"
".wingman-work\backups\20260811-125346\src\wingman2\lib\__fixtures__\productIntelligenceIndexSample.json",".json","1590","48.88"
"src\wingman2\lib\__fixtures__\productIntelligenceIndexSample.json",".json","1590","48.88"
"archive\_wingman_backup_pre_compare_cleanup_20260614-083913\src\wingman2\data\projectStore.ts",".ts","1555","50.66"
"archive\_wingman_backup_projectstore_timer_fix_20260614-084550\projectStore.ts",".ts","1555","50.69"
"archive\_wingman_backup_compare_pre_commit_cleanup_20260614-084236\src\wingman2\data\projectStore.ts",".ts","1555","50.66"
"archive\_wingman_backup_guru_single_instance_20260614-063825\src\wingman2\data\projectStore.ts",".ts","1555","50.69"
"src\wingman2\pages\DiscoveryPage.tsx",".tsx","1545","59.17"
".wingman-work\backups\20260811-125821\src\wingman2\pages\DiscoveryPage.tsx",".tsx","1545","59.17"
".wingman-work\backups\20260811-125215\src\wingman2\pages\DiscoveryPage.tsx",".tsx","1545","59.17"
".wingman-work\backups\20260811-125346\src\wingman2\pages\DiscoveryPage.tsx",".tsx","1545","59.17"
"archive\_wingman_backup_guru_single_instance_20260614-063825\src\__tests__\projectStore.test.ts",".ts","1538","44.42"
"_backups\retire-finder-feature-sweep-v3-20260720-084642\apply-retire-finder-feature-sweep.mjs",".mjs","1531","53.68"
"public\product-call-card-copy-repair-audit.json",".json","1488","45.86"
".wingman-work\backups\20260811-125821\src\wingman2\data\productPositioningCards.ts",".ts","1467","135.73"
".wingman-work\backups\20260811-125215\src\wingman2\data\productPositioningCards.ts",".ts","1467","135.73"
"archive\repo-cleanup-20260709-050830\root-backups\_wingman_backup_apo_dg2_dependency_rule_20260706-112917\src\wingman2\data\productPositioningCards.ts",".ts","1467","135.72"
".wingman-work\backups\20260811-125346\src\wingman2\data\productPositioningCards.ts",".ts","1467","135.73"
"src\wingman2\data\productPositioningCards.ts",".ts","1467","135.73"
".wingman-work\backups\20260811-125821\src\wingman2\components\ProposalCompletionWizard.tsx",".tsx","1444","45.89"
"src\wingman2\components\ProposalCompletionWizard.tsx",".tsx","1444","45.89"
".wingman-work\backups\20260811-125346\src\wingman2\components\ProposalCompletionWizard.tsx",".tsx","1444","45.89"
".wingman-work\backups\20260811-125215\src\wingman2\components\ProposalCompletionWizard.tsx",".tsx","1444","45.89"
"tools\rewrite-product-pitch-sales-desk.mjs",".mjs","1442","41.52"
".wingman-backups\camera-schematic-encoding-20260710-211343\visualStudioProductConnection.ts",".ts","1435","52.03"
"backups\product-pitch-workspace-flow-20260711-071314\ProductPitchPage.tsx",".tsx","1413","53.62"
"backups\product-pitch-selector-20260711-061121\ProductPitchPage.tsx",".tsx","1413","53.62"
"backups\product-pitch-bottom-layout-20260711-064913\ProductPitchPage.tsx",".tsx","1413","53.62"
"backups\product-pitch-overflow-20260711-063831\ProductPitchPage.tsx",".tsx","1413","53.62"
"server\product-intelligence-store.mjs",".mjs","1381","45.56"
"archive\_wingman_backup_guru_single_instance_20260614-063825\src\wingman2\data\productPositioningCards.ts",".ts","1370","112.02"
".wingman-work\backups\20260811-125215\src\wingman2\lib\compareEligibilityEngine.ts",".ts","1346","53.08"
"src\wingman2\lib\compareEligibilityEngine.ts",".ts","1346","53.08"
".wingman-work\backups\20260811-125821\src\wingman2\lib\compareEligibilityEngine.ts",".ts","1346","53.08"
".wingman-work\backups\20260811-125346\src\wingman2\lib\compareEligibilityEngine.ts",".ts","1346","53.08"
"archive\_wingman_backup_abandoned_hardcoded_topology_planner_20260710-104121\src\wingman2\components\TopologyAwareTechnicalSchematic.tsx",".tsx","1334","26.24"
".wingman-work\backups\20260811-125215\src\wingman2\lib\projectTopology.ts",".ts","1320","48.5"
"src\wingman2\lib\projectTopology.ts",".ts","1320","48.5"
".wingman-work\backups\20260811-125821\src\wingman2\lib\projectTopology.ts",".ts","1320","48.5"
".wingman-work\backups\20260811-125346\src\wingman2\lib\projectTopology.ts",".ts","1320","48.5"
".wingman-work\backups\20260811-125215\src\wingman2\pages\ProductPitchPage.tsx",".tsx","1308","53.25"
".wingman-work\backups\20260811-125821\src\wingman2\pages\ProductPitchPage.tsx",".tsx","1308","53.25"
"src\wingman2\pages\ProductPitchPage.tsx",".tsx","1308","53.25"
".wingman-work\backups\20260811-125346\src\wingman2\pages\ProductPitchPage.tsx",".tsx","1308","53.25"
".wingman-backups\remove-product-pitch-room-visual-20260710-212457\ProductPitchPage.tsx",".tsx","1301","45.71"
".wingman-backups\remove-product-pitch-room-visual-v2-20260710-212645\ProductPitchPage.tsx",".tsx","1301","45.71"
".wingman-work\backups\20260811-125215\src\wingman2\lib\compareSpecEngine.ts",".ts","1293","47.99"
"src\wingman2\lib\compareSpecEngine.ts",".ts","1293","47.99"
".wingman-work\backups\20260811-125346\src\wingman2\lib\compareSpecEngine.ts",".ts","1293","47.99"
".wingman-work\backups\20260811-125821\src\wingman2\lib\compareSpecEngine.ts",".ts","1293","47.99"
"_backups\retire-finder-feature-sweep-v5-20260720-085648\files\src\wingman2\components\ProposalCompletionWizard.tsx",".tsx","1287","38.77"
"_backups\retire-finder-feature-sweep-v3-20260720-084642\files\src\wingman2\components\ProposalCompletionWizard.tsx",".tsx","1287","38.77"
"_backups\retire-finder-feature-sweep-v4-20260720-085242\files\src\wingman2\components\ProposalCompletionWizard.tsx",".tsx","1287","38.77"
"archive\_wingman_backup_guru_single_instance_20260614-063825\src\wingman2\components\WingmanGuruDrawer.tsx",".tsx","1271","48.2"
".wingman-work\backups\20260811-125215\src\wingman2\pages\discovery\discoveryQuestions.ts",".ts","1266","55.87"
".wingman-work\backups\20260811-125821\src\wingman2\pages\discovery\discoveryQuestions.ts",".ts","1266","55.87"
"src\wingman2\pages\discovery\discoveryQuestions.ts",".ts","1266","55.87"
".wingman-work\backups\20260811-125346\src\wingman2\pages\discovery\discoveryQuestions.ts",".ts","1266","55.87"
"archive\_wingman_backup_guru_single_instance_20260614-063825\src\wingman2\pages\TemplatesPage.tsx",".tsx","1257","46.98"
"_backups\retire-finder-feature-sweep-v5-20260720-085648\files\src\__tests__\recommendationEvidence.test.ts",".ts","1239","40.16"
"src\__tests__\recommendationEvidence.test.ts",".ts","1239","40.16"
".wingman-work\backups\20260811-125821\src\__tests__\recommendationEvidence.test.ts",".ts","1239","40.16"
"_backups\retire-finder-feature-sweep-v4-20260720-085242\files\src\__tests__\recommendationEvidence.test.ts",".ts","1239","40.16"
".wingman-work\backups\20260811-125346\src\__tests__\recommendationEvidence.test.ts",".ts","1239","40.16"
"_backups\retire-finder-feature-sweep-v3-20260720-084642\files\src\__tests__\recommendationEvidence.test.ts",".ts","1239","40.16"
".wingman-work\backups\20260811-125215\src\__tests__\recommendationEvidence.test.ts",".ts","1239","40.16"
"src\wingman2\lib\productStoryEngine.ts",".ts","1235","70.25"
".wingman-work\backups\20260811-125346\src\wingman2\lib\productStoryEngine.ts",".ts","1235","70.25"
".wingman-work\backups\20260811-125215\src\wingman2\lib\productStoryEngine.ts",".ts","1235","70.25"
".wingman-work\backups\20260811-125821\src\wingman2\lib\productStoryEngine.ts",".ts","1235","70.25"
"src\wingman2\styles\wingman-reference-theme.css",".css","1222","32.56"
".wingman-work\backups\20260811-125346\src\wingman2\styles\wingman-reference-theme.css",".css","1222","32.56"
".wingman-work\backups\20260811-125215\src\wingman2\styles\wingman-reference-theme.css",".css","1222","32.56"
".wingman-work\backups\20260811-125821\src\wingman2\styles\wingman-reference-theme.css",".css","1222","32.56"
"archive\_wingman_backup_pre_commit_20260614-053254\src_wingman2_pages_ComparePageNew.tsx",".tsx","1190","51.82"
".wingman-work\backups\20260811-125215\src\wingman2\lib\productTopology.ts",".ts","1171","37.54"
".wingman-work\backups\20260811-125821\src\wingman2\lib\productTopology.ts",".ts","1171","37.54"
".wingman-work\backups\20260811-125346\src\wingman2\lib\productTopology.ts",".ts","1171","37.54"
"src\wingman2\lib\productTopology.ts",".ts","1171","37.54"
"archive\_wingman_backup_compare_full_visible_skus_20260614-121739\ComparePageNew.tsx",".tsx","1160","39.55"
"archive\_wingman_backup_compare_visible_brand_skus_20260614-121122\ComparePageNew.tsx",".tsx","1160","39.55"
"archive\_wingman_backup_compare_visible_skus_direct_20260614-121400\ComparePageNew.tsx",".tsx","1160","39.55"
"archive\_wingman_backup_compare_lookup_visible_skus_20260614-121232\ComparePageNew.tsx",".tsx","1160","39.55"
"archive\_wingman_backup_compare_candidate_gate_retry_20260614-120831\ComparePageNew.tsx",".tsx","1159","39.53"
"archive\_wingman_backup_guru_single_instance_20260614-063825\src\__tests__\recommendationEvidence.test.ts",".ts","1159","34.56"
"archive\repo-cleanup-20260709-050830\root-artifacts\install.DISCARDED\wingman-redesign-theme.css",".css","1152","36.39"
"archive\repo-cleanup-20260709-050830\root-backups\_wingman_backup_apo_dg2_dependency_rule_20260706-112917\src\wingman2\lib\compareEligibilityEngine.ts",".ts","1142","43.36"
"archive\_wingman_backup_guru_single_instance_20260614-063825\src\wingman2\lib\competitorSpecRegistry.ts",".ts","1139","37.26"
".wingman-work\backups\20260811-125821\src\wingman2\pages\ProjectDetailPage.tsx",".tsx","1132","51.65"
".wingman-work\backups\20260811-125346\src\wingman2\pages\ProjectDetailPage.tsx",".tsx","1132","51.65"
".wingman-work\backups\20260811-125215\src\wingman2\pages\ProjectDetailPage.tsx",".tsx","1132","51.65"
"src\wingman2\pages\ProjectDetailPage.tsx",".tsx","1132","51.65"
"archive\repo-cleanup-20260709-050830\root-backups\_wingman_backup_css_sidebar_fix_20260708-060426\wingman-style-stack.before-sidebar-fix.css",".css","1123","23.01"
"archive\repo-cleanup-20260709-050830\root-backups\_wingman_backup_css_shell_fix_20260708-060626\wingman-style-stack.before-shell-fix.css",".css","1123","23.01"
".wingman-work\backups\20260811-125215\src\wingman2\pages\IngestPage.tsx",".tsx","1122","44.76"
"src\wingman2\pages\IngestPage.tsx",".tsx","1122","44.76"
".wingman-work\backups\20260811-125821\src\wingman2\pages\IngestPage.tsx",".tsx","1122","44.76"
".wingman-work\backups\20260811-125346\src\wingman2\pages\IngestPage.tsx",".tsx","1122","44.76"
"archive\_wingman_backup_compare_remove_datalist_20260614-115320\ComparePageNew.tsx",".tsx","1120","38.25"
"archive\_wingman_backup_compare_datalist_line_cleanup_20260614-115428\ComparePageNew.tsx",".tsx","1120","38.25"
"archive\_wingman_backup_remove_datalist_exact_20260614-115903\ComparePageNew.tsx",".tsx","1120","38.25"
"archive\_wingman_backup_compare_marker_fix_20260614-114645\ComparePageNew.tsx",".tsx","1119","38.17"
".wingman-work\backups\20260811-125821\src\wingman2\lib\competitorProductIntelligence.ts",".ts","1109","45.22"
".wingman-work\backups\20260811-125346\src\wingman2\lib\competitorProductIntelligence.ts",".ts","1109","45.22"
".wingman-work\backups\20260811-125215\src\wingman2\lib\competitorProductIntelligence.ts",".ts","1109","45.22"
"src\wingman2\lib\competitorProductIntelligence.ts",".ts","1109","45.22"
"archive\_wingman_backup_compare_candidate_gate_20260614-120253\ComparePageNew.tsx",".tsx","1108","37.89"
"archive\_wingman_backup_compare_v5_20260614-102800\src\wingman2\pages\ComparePageNew.tsx",".tsx","1103","44.38"
"archive\_wingman_backup_compare_route_lock_20260614-102158\src\wingman2\pages\ComparePageNew.tsx",".tsx","1103","44.38"
"archive\backups\presales-priority-1-5-2026-06-08_10-20-58\src\wingman2\pages\ProductPitchPage.tsx",".tsx","1094","35.07"
".wingman-work\backups\20260811-125215\src\wingman2\pages\VideowallBuilderPage.tsx",".tsx","1093","48.68"
".wingman-work\backups\20260811-125821\src\wingman2\pages\VideowallBuilderPage.tsx",".tsx","1093","48.68"
".wingman-work\backups\20260811-125346\src\wingman2\pages\VideowallBuilderPage.tsx",".tsx","1093","48.68"
"src\wingman2\pages\VideowallBuilderPage.tsx",".tsx","1093","48.68"
".wingman-backups\discovery-unified-comms-20260717-115545\wingman-discovery-uc-patcher.cjs",".cjs","1087","45"
".wingman-backups\discovery-unified-comms-20260717-115522\wingman-discovery-uc-patcher.cjs",".cjs","1087","45"
"archive\_wingman_backup_pre_compare_cleanup_20260614-083913\src\wingman2\pages\ComparePageNew.tsx",".tsx","1081","43.29"
"archive\_wingman_backup_compare_marker_fix_20260614-085133\ComparePageNew.tsx",".tsx","1081","43.29"
"archive\_wingman_backup_compare_pre_commit_cleanup_20260614-084236\src\wingman2\pages\ComparePageNew.tsx",".tsx","1081","43.29"
"archive\_wingman_backup_compare_direct_map_20260614-083546\src\wingman2\pages\ComparePageNew.tsx",".tsx","1080","43.17"
"archive\repo-cleanup-20260709-050830\root-backups\_wingman_backup_css_sidebar_fix_20260708-060333\wingman-style-stack.before-sidebar-fix.css",".css","1067","21.6"
".wingman-work\backups\20260811-125346\src\wingman2\pages\ProductFamilyPage.tsx",".tsx","1053","48.93"
"src\wingman2\pages\ProductFamilyPage.tsx",".tsx","1053","48.93"
".wingman-work\backups\20260811-125215\src\wingman2\pages\ProductFamilyPage.tsx",".tsx","1053","48.93"
"archive\_wingman_backup_compare_workflow_cleanup_20260613-214444\src\wingman2\pages\ComparePageNew.tsx",".tsx","1053","45.73"
".wingman-work\backups\20260811-125821\src\wingman2\pages\ProductFamilyPage.tsx",".tsx","1053","48.93"
"archive\_wingman_backup_compare_start_cleanup_20260613-214227\src\wingman2\pages\ComparePageNew.tsx",".tsx","1051","45.61"
"archive\_wingman_backup_remove_compare_matrix_stage_20260613-214049\src\wingman2\pages\ComparePageNew.tsx",".tsx","1049","45.49"
"archive\_wingman_backup_compare_direct_results_20260613-213828\src\wingman2\pages\ComparePageNew.tsx",".tsx","1047","45.36"
".wingman-backups\discovery-unified-comms-20260717-115102\wingman-discovery-uc-patcher.cjs",".cjs","1047","43.07"
"server\routes\agents.mjs",".mjs","1046","32.37"
"archive\_wingman_backup_replace_compare_page_20260613-214821\src\wingman2\pages\ComparePageNew.tsx",".tsx","1045","45.21"
"archive\_wingman_backup_compare_layout_reset_20260613-211633\src\wingman2\pages\ComparePageNew.tsx",".tsx","1045","45.26"
"archive\repo-cleanup-20260709-050830\root-backups\_wingman_backup_apo_dg2_dependency_rule_20260706-112917\src\wingman2\lib\productStoryEngine.ts",".ts","1044","62.04"
"archive\_wingman_backup_wireless_compare_intelligence_20260613-211150\src\wingman2\pages\ComparePageNew.tsx",".tsx","1043","45.11"
"archive\_wingman_backup_remove_compare_matrix_clean_20260613-214621\src\wingman2\pages\ComparePageNew.tsx",".tsx","1043","45.09"
"archive\_wingman_backup_simplify_compare_results_20260613-210000\src\wingman2\pages\ComparePageNew.tsx",".tsx","1041","44.99"
"archive\_wingman_backup_compare_shortlist_20260613-202323\src\wingman2\pages\ComparePageNew.tsx",".tsx","1032","44.49"
"archive\_wingman_backup_compare_marker_compat_20260613-203747\src\wingman2\pages\ComparePageNew.tsx",".tsx","1032","44.51"
"archive\_wingman_backup_guru_single_instance_20260614-063825\src\wingman2\pages\ComparePageNew.tsx",".tsx","1026","41.39"
".wingman-backups\discovery-unified-comms-20260717-114353\wingman-discovery-uc-patcher.cjs",".cjs","1025","42.18"
".wingman-backups\discovery-unified-comms-20260717-111425\wingman-discovery-uc-patcher.cjs",".cjs","1024","42.1"
"archive\_wingman_backup_compare_page_shortlist_runtime_20260614-080323\src\wingman2\pages\ComparePageNew.tsx",".tsx","1023","41.36"
"archive\_wingman_backup_wire_compare_page_shortlist_20260614-075644\src\wingman2\pages\ComparePageNew.tsx",".tsx","1023","41.36"
".wingman-backups\discovery-unified-comms-20260717-112358\wingman-discovery-uc-patcher.cjs",".cjs","1023","42.04"
".wingman-work\backups\20260811-125215\src\wingman2\lib\competitorSpecRegistry.ts",".ts","1015","42.76"
".wingman-work\backups\20260811-125821\src\wingman2\lib\competitorSpecRegistry.ts",".ts","1015","42.76"
"src\wingman2\lib\competitorSpecRegistry.ts",".ts","1015","42.76"
".wingman-work\backups\20260811-125346\src\wingman2\lib\competitorSpecRegistry.ts",".ts","1015","42.76"
"archive\_wingman_backup_guru_single_instance_20260614-063825\src\wingman2\data\avGlossary.ts",".ts","1013","45.08"
"archive\_wingman_backup_guru_single_instance_20260614-063825\src\wingman2\lib\roomTemplatesExtra.ts",".ts","1010","44.77"
".wingman-backups\discovery-unified-comms-20260717-115842\wingman-discovery-uc-patcher.cjs",".cjs","1010","41.53"
"archive\repo-cleanup-20260709-050830\root-backups\_wingman_backup_apo_dg2_dependency_rule_20260706-112917\src\wingman2\pages\ProductPitchPage.tsx",".tsx","1004","37.11"
"src\wingman2\lib\recommendationEvidence.ts",".ts","999","43.4"
".wingman-work\backups\20260811-125346\src\wingman2\lib\recommendationEvidence.ts",".ts","999","43.4"
".wingman-work\backups\20260811-125821\src\wingman2\lib\recommendationEvidence.ts",".ts","999","43.4"
".wingman-work\backups\20260811-125215\src\wingman2\lib\recommendationEvidence.ts",".ts","999","43.4"
".wingman-work\backups\20260811-125215\src\wingman2\lib\governedProductTechnicalData.ts",".ts","985","33.73"
".wingman-work\backups\20260811-125821\src\wingman2\lib\governedProductTechnicalData.ts",".ts","985","33.73"
"src\wingman2\lib\governedProductTechnicalData.ts",".ts","985","33.73"
".wingman-work\backups\20260811-125346\src\wingman2\lib\governedProductTechnicalData.ts",".ts","985","33.73"
"_backups\retire-finder-feature-sweep-v5-20260720-085648\files\src\wingman2\pages\ProjectDetailPage.tsx",".tsx","978","43.97"
"_backups\retire-finder-feature-sweep-v4-20260720-085242\files\src\wingman2\pages\ProjectDetailPage.tsx",".tsx","978","43.97"
"_backups\retire-finder-feature-sweep-v3-20260720-084642\files\src\wingman2\pages\ProjectDetailPage.tsx",".tsx","978","43.97"
"archive\_wingman_backup_compare_text_card_repair_20260615-193859\ComparePageNew.tsx",".tsx","976","34.57"
"archive\_wingman_backup_compare_simple_summary_20260615-194901\ComparePageNew.tsx",".tsx","976","34.65"
"archive\_wingman_backup_encoding_repair_20260615-193640\ComparePageNew.tsx",".tsx","976","34.57"
"archive\_wingman_backup_compare_native_ui_20260615-211613\ComparePageNew.tsx",".tsx","975","33.93"
"archive\repo-cleanup-20260709-050830\root-backups\_wingman_backup_page_markup_migration_20260630-074900\src\wingman2\pages\VideowallBuilderPage.tsx",".tsx","973","41.82"
"archive\repo-cleanup-20260709-050830\root-backups\_wingman_backup_visual_utility_migration_20260630-082229\src\wingman2\pages\VideowallBuilderPage.tsx",".tsx","973","43.3"
"archive\_wingman_backup_compare_polished_results_20260615-202245\ComparePageNew.tsx",".tsx","971","33.84"
".wingman-work\backups\20260811-125821\src\wingman2\lib\roomTemplatesExtra.ts",".ts","967","49.83"
".wingman-work\backups\20260811-125215\src\wingman2\lib\roomTemplatesExtra.ts",".ts","967","49.83"
".wingman-work\backups\20260811-125346\src\wingman2\lib\roomTemplatesExtra.ts",".ts","967","49.83"
"src\wingman2\lib\roomTemplatesExtra.ts",".ts","967","49.83"
"archive\_wingman_backup_compare_viable_marker_20260615-201807\ComparePageNew.tsx",".tsx","965","33.67"
"archive\_wingman_backup_compare_simple_summary_20260615-195115\ComparePageNew.tsx",".tsx","965","33.71"
"archive\_wingman_backup_compare_minimal_results_20260615-201159\ComparePageNew.tsx",".tsx","965","33.71"
".wingman-backups\discovery-unified-comms-20260717-114353\src\wingman2\lib\recommendationEvidence.ts",".ts","963","41.31"
".wingman-backups\discovery-unified-comms-20260717-115102\src\wingman2\lib\recommendationEvidence.ts",".ts","963","41.31"
".wingman-backups\discovery-unified-comms-20260717-115522\src\wingman2\lib\recommendationEvidence.ts",".ts","963","41.31"
".wingman-backups\discovery-unified-comms-20260717-112358\src\wingman2\lib\recommendationEvidence.ts",".ts","963","41.31"
".wingman-backups\discovery-unified-comms-20260717-110839\src\wingman2\lib\recommendationEvidence.ts",".ts","963","41.31"
".wingman-backups\discovery-unified-comms-20260717-110557\src\wingman2\lib\recommendationEvidence.ts",".ts","963","41.31"
".wingman-backups\discovery-unified-comms-20260717-110358\src\wingman2\lib\recommendationEvidence.ts",".ts","963","41.31"
".wingman-backups\discovery-unified-comms-20260717-115842\src\wingman2\lib\recommendationEvidence.ts",".ts","963","41.31"
".wingman-backups\discovery-unified-comms-20260717-111425\src\wingman2\lib\recommendationEvidence.ts",".ts","963","41.31"
".wingman-backups\discovery-unified-comms-20260717-115545\src\wingman2\lib\recommendationEvidence.ts",".ts","963","41.31"
"archive\_wingman_backup_compare_pre_commit_cleanup_20260614-084236\src\wingman2\lib\competitorProductIntelligence.ts",".ts","955","32.55"
"archive\_wingman_backup_pre_compare_cleanup_20260614-083913\src\wingman2\lib\competitorProductIntelligence.ts",".ts","955","32.55"
".wingman-work\backups\20260811-125346\src\features\catalog\catalogIntelligence.ts",".ts","947","35.31"
".wingman-work\backups\20260811-125215\src\features\catalog\catalogIntelligence.ts",".ts","947","35.31"
".wingman-work\backups\20260811-125821\src\features\catalog\catalogIntelligence.ts",".ts","947","35.31"
"src\features\catalog\catalogIntelligence.ts",".ts","947","35.31"
"server\package-lock.json",".json","940","32.76"
".wingman-backups\template-readiness-markers-20260710-204132\TemplateReviewPage.tsx",".tsx","927","33.08"
".wingman-backups\template-review-nullability-v3-20260710-201353\TemplateReviewPage.tsx",".tsx","926","32.92"
"_backups\retire-finder-feature-sweep-v3-20260720-084642\files\src\wingman2\pages\VisualDesignStudioPage.tsx",".tsx","925","34.83"
"_backups\retire-finder-feature-sweep-v4-20260720-085242\files\src\wingman2\pages\VisualDesignStudioPage.tsx",".tsx","925","34.83"
".wingman-work\backups\20260811-125821\src\wingman2\pages\VisualDesignStudioPage.tsx",".tsx","925","34.83"
"_backups\retire-finder-feature-sweep-v5-20260720-085648\files\src\wingman2\pages\VisualDesignStudioPage.tsx",".tsx","925","34.83"
".wingman-work\backups\20260811-125346\src\wingman2\pages\VisualDesignStudioPage.tsx",".tsx","925","34.83"
"src\wingman2\pages\VisualDesignStudioPage.tsx",".tsx","925","34.83"
".wingman-work\backups\20260811-125215\src\wingman2\pages\VisualDesignStudioPage.tsx",".tsx","925","34.83"
"archive\_wingman_backup_known_compare_markers_20260615-183739\ComparePageNew.tsx",".tsx","924","28.8"
"docs\product-story-cleanup\remaining-active-backlog-index-records-20260628.json",".json","922","28.09"
"src\wingman2\components\DiscoveryLocationsConnections.tsx",".tsx","920","36.74"
".wingman-work\backups\20260811-125821\src\wingman2\components\DiscoveryLocationsConnections.tsx",".tsx","920","36.74"
".wingman-work\backups\20260811-125346\src\wingman2\components\DiscoveryLocationsConnections.tsx",".tsx","920","36.74"
".wingman-work\backups\20260811-125215\src\wingman2\components\DiscoveryLocationsConnections.tsx",".tsx","920","36.74"
"archive\_wingman_backup_compare_engine_markers_20260615-183052\src\wingman2\pages\ComparePageNew.tsx",".tsx","916","28.43"
"archive\_wingman_backup_compare_marker_20260615-183651\ComparePageNew.tsx",".tsx","916","28.43"
"archive\_wingman_backup_compare_engine_markers_20260615-182821\src\wingman2\pages\ComparePageNew.tsx",".tsx","911","28.18"
"archive\_wingman_backup_compare_marker_restore_20260615-182611\src\wingman2\pages\ComparePageNew.tsx",".tsx","904","27.99"
"archive\_wingman_backup_abandoned_hardcoded_topology_planner_20260710-104121\src\wingman2\lib\visualStudioTopologyPlanner.ts",".ts","902","17.26"
"_RECOVERY\discovery-source-uc-final-20260717-130119\projectTopology.ts",".ts","894","36.13"
"archive\_wingman_backup_guru_single_instance_20260614-063825\src\wingman2\pages\DiscoveryPage.tsx",".tsx","894","29.02"
"_RECOVERY\discovery-source-uc-final-20260717-125926\projectTopology.ts",".ts","894","36.13"
"archive\_wingman_backup_discovery_capture_20260614-201732\DiscoveryPage.tsx",".tsx","892","29.06"
".wingman-work\backups\20260811-125821\src\wingman2\data\avGlossary.ts",".ts","890","44.6"
".wingman-work\backups\20260811-125215\src\wingman2\data\avGlossary.ts",".ts","890","44.6"
".wingman-work\backups\20260811-125346\src\wingman2\data\avGlossary.ts",".ts","890","44.6"
"src\wingman2\data\avGlossary.ts",".ts","890","44.6"
"archive\_wingman_backup_pre_compare_cleanup_20260614-083913\src\wingman2\lib\compareEngineScoring.ts",".ts","884","31.56"
"archive\repo-cleanup-20260709-050830\root-backups\_wingman_backup_apo_dg2_typecheck_repair_20260706-113211\catalogIntelligence.ts",".ts","884","33.64"
"archive\repo-cleanup-20260709-050830\root-backups\_wingman_backup_apo_dg2_dependency_rule_20260706-112917\src\features\catalog\catalogIntelligence.ts",".ts","884","33.63"
"archive\_wingman_backup_guru_single_instance_20260614-063825\src\wingman2\data\productSalesKnowledge.ts",".ts","882","57.91"
"archive\repo-cleanup-20260709-050830\root-backups\_wingman_backup_visual_utility_migration_20260630-082229\src\wingman2\pages\ProductFamilyPage.tsx",".tsx","880","42.99"
"archive\repo-cleanup-20260709-050830\root-backups\_wingman_backup_page_markup_migration_20260630-074900\src\wingman2\pages\ProductFamilyPage.tsx",".tsx","880","42.38"
"archive\_wingman_backup_compare_summary_copy_update_20260615-193518\ComparePageNew.tsx",".tsx","871","29.34"
".wingman-work\backups\20260811-125346\src\wingman2\lib\diagramTemplates.ts",".ts","867","39.97"
".wingman-work\backups\20260811-125821\src\wingman2\lib\diagramTemplates.ts",".ts","867","39.97"
".wingman-work\backups\20260811-125215\src\wingman2\lib\diagramTemplates.ts",".ts","867","39.97"
"src\wingman2\lib\diagramTemplates.ts",".ts","867","39.97"
"archive\_wingman_backup_compare_visual_repair_20260615-184740\ComparePageNew.tsx",".tsx","865","29.12"
"archive\_wingman_backup_compare_visual_regex_fix_20260615-184847\ComparePageNew.tsx",".tsx","865","29.12"
"archive\_wingman_backup_compare_sku_auto_advance_20260615-185550\ComparePageNew.tsx",".tsx","865","29.12"
"_backups\retire-finder-feature-sweep-v3-20260720-084642\files\src\wingman2\lib\diagramTemplates.ts",".ts","858","39.58"
"_backups\retire-finder-feature-sweep-v4-20260720-085242\files\src\wingman2\lib\diagramTemplates.ts",".ts","858","39.58"
"_backups\retire-finder-feature-sweep-v5-20260720-085648\files\src\wingman2\lib\diagramTemplates.ts",".ts","858","39.58"
"archive\_wingman_backup_guru_single_instance_20260614-063825\src\wingman2\pages\ProductFamilyPage.tsx",".tsx","854","39.87"
".wingman-work\backups\20260811-125346\src\wingman2\lib\competitorMatchEngine.ts",".ts","852","28.87"
"src\wingman2\lib\dependencyGovernance.ts",".ts","852","33.18"
".wingman-work\backups\20260811-125346\src\wingman2\lib\dependencyGovernance.ts",".ts","852","33.18"
"src\wingman2\lib\competitorMatchEngine.ts",".ts","852","28.87"
".wingman-work\backups\20260811-125215\src\wingman2\lib\competitorMatchEngine.ts",".ts","852","28.87"
".wingman-work\backups\20260811-125821\src\wingman2\lib\dependencyGovernance.ts",".ts","852","33.18"
".wingman-work\backups\20260811-125215\src\wingman2\lib\dependencyGovernance.ts",".ts","852","33.18"
".wingman-work\backups\20260811-125821\src\wingman2\lib\competitorMatchEngine.ts",".ts","852","28.87"
"archive\_wingman_backup_compare_autoscroll_direct_fix_20260615-221707\ComparePageNew.tsx",".tsx","849","33.5"
"tools\build-product-data-sources.mjs",".mjs","846","36.92"
"server\competitor\live-lookup.mjs",".mjs","844","25.24"
"archive\repo-cleanup-20260709-050830\root-backups\_wingman_backup_apo_dg2_dependency_rule_20260706-112917\src\wingman2\lib\competitorSpecRegistry.ts",".ts","844","36.56"
"src\wingman2\lib\competitorCompareDecision.ts",".ts","838","31.43"
".wingman-work\backups\20260811-125215\src\wingman2\lib\competitorCompareDecision.ts",".ts","838","31.43"
".wingman-work\backups\20260811-125821\src\wingman2\lib\competitorCompareDecision.ts",".ts","838","31.43"
".wingman-work\backups\20260811-125346\src\wingman2\lib\competitorCompareDecision.ts",".ts","838","31.43"
"archive\_wingman_backup_unreferenced_src_modules_20260710-104753\src\wingman2\components\compare\CompareCandidateShortlist.tsx",".tsx","832","21.1"
"archive\repo-cleanup-20260709-050830\root-backups\_wingman_backup_page_markup_migration_20260630-074900\src\wingman2\pages\ProductPitchPage.tsx",".tsx","832","31.01"
"archive\repo-cleanup-20260709-050830\root-backups\_wingman_backup_visual_utility_migration_20260630-082229\src\wingman2\pages\ProductPitchPage.tsx",".tsx","832","31.94"
"archive\repo-cleanup-20260709-050830\root-backups\_wingman_backup_visual_contract_20260630-132122\src\wingman2\styles\wingman-redesign-theme.css",".css","832","29.7"
"archive\_wingman_backup_call_notes_markers_20260614-205506\DiscoveryPage.tsx",".tsx","829","26.75"
".wingman-backups\discovery-unified-comms-20260717-110358\src\wingman2\lib\projectTopology.ts",".ts","827","33.06"
".wingman-backups\discovery-unified-comms-20260717-110839\src\wingman2\lib\projectTopology.ts",".ts","827","33.06"
".wingman-backups\discovery-unified-comms-20260717-112358\src\wingman2\lib\projectTopology.ts",".ts","827","33.06"
".wingman-backups\discovery-unified-comms-20260717-110557\src\wingman2\lib\projectTopology.ts",".ts","827","33.06"
".wingman-backups\discovery-unified-comms-20260717-111425\src\wingman2\lib\projectTopology.ts",".ts","827","33.06"
".wingman-backups\discovery-unified-comms-20260717-115545\src\wingman2\lib\projectTopology.ts",".ts","827","33.06"
".wingman-backups\discovery-unified-comms-20260717-115842\src\wingman2\lib\projectTopology.ts",".ts","827","33.06"
".wingman-backups\discovery-unified-comms-20260717-115522\src\wingman2\lib\projectTopology.ts",".ts","827","33.06"
".wingman-backups\discovery-unified-comms-20260717-114353\src\wingman2\lib\projectTopology.ts",".ts","827","33.06"
".wingman-backups\discovery-unified-comms-20260717-115102\src\wingman2\lib\projectTopology.ts",".ts","827","33.06"
"archive\_wingman_backup_live_call_marker_20260614-205338\DiscoveryPage.tsx",".tsx","824","26.5"
"archive\_wingman_backup_compare_exact_competitor_product_marker_20260615-220136\ComparePageNew.tsx",".tsx","824","32.9"
"archive\_wingman_backup_compare_auto_scroll_20260615-221407\ComparePageNew.tsx",".tsx","824","32.9"
"archive\_wingman_backup_compare_competitor_product_marker_20260615-213922\ComparePageNew.tsx",".tsx","823","32.88"
"archive\_wingman_backup_compare_submit_fallback_20260615-212624\ComparePageNew.tsx",".tsx","823","32.88"
"archive\_wingman_backup_compare_exact_competitor_product_marker_20260615-214052\ComparePageNew.tsx",".tsx","823","32.88"
"archive\_wingman_backup_discovery_workflow_markers_20260614-205138\DiscoveryPage.tsx",".tsx","822","26.47"
"archive\repo-cleanup-20260709-050830\root-backups\_wingman_backup_home_navhub_header_20260630-133036\src\wingman2\styles\wingman-redesign-theme.css",".css","821","28.56"
"archive\_wingman_backup_compare_submit_fallback_20260615-212507\ComparePageNew.tsx",".tsx","820","32.8"
"archive\repo-cleanup-20260709-050830\root-backups\_wingman_backup_dashboard_compact_shell_20260630-094748\src\wingman2\styles\wingman-redesign-theme.css",".css","820","25.66"
"archive\_wingman_backup_guru_single_instance_20260614-063825\src\wingman2\lib\competitorProductIntelligence.ts",".ts","817","27.4"
"archive\_wingman_backup_pre_compare_cleanup_20260614-083913\src\wingman2\lib\compareFeatureMatrix.ts",".ts","814","27.93"
"archive\_wingman_backup_compare_pre_commit_cleanup_20260614-084236\src\wingman2\lib\compareFeatureMatrix.ts",".ts","814","27.93"
"archive\repo-cleanup-20260709-050830\root-backups\_wingman_backup_visual_utility_migration_20260630-082229\src\wingman2\pages\ProjectDetailPage.tsx",".tsx","813","34.04"
"archive\repo-cleanup-20260709-050830\root-backups\_wingman_backup_page_markup_migration_20260630-074900\src\wingman2\pages\ProjectDetailPage.tsx",".tsx","813","32.15"
"archive\_wingman_backup_compare_cleanup_20260615-181403\src\wingman2\pages\ComparePageNew.tsx",".tsx","811","25.66"
"archive\_wingman_backup_compare_typeahead_guard_v2_20260614-114108\ComparePageNew.tsx",".tsx","805","28.39"
"archive\_wingman_backup_compare_typeahead_full_replace_20260614-114456\ComparePageNew.tsx",".tsx","805","28.39"
"archive\_wingman_backup_compare_typeahead_guard_20260614-113741\ComparePageNew.tsx",".tsx","805","28.39"
"archive\_wingman_backup_compare_video_spec_20260614-105333\ComparePageNew.tsx",".tsx","805","28.39"
"archive\_wingman_backup_compare_ascii_cleanup_20260614-104525\ComparePageNew.tsx",".tsx","805","28.43"
"archive\_wingman_backup_compare_brand_sku_dropdown_20260614-113339\ComparePageNew.tsx",".tsx","805","28.39"
"archive\_wingman_backup_shortlist_stabilise_20260614-075216\src\wingman2\lib\compareEngineScoring.ts",".ts","804","27.6"
"archive\_wingman_backup_compare_native_cleanup_20260615-133847\src\wingman2\lib\compareEligibilityEngine.ts",".ts","800","33.86"
"archive\backups\product-story-engine-and-handoff-2026-06-08_11-06-34\src\wingman2\pages\ProductPitchPage.tsx",".tsx","800","39.16"
"archive\_wingman_backup_suppressed_discontinued_products_20260615-134506\src\wingman2\lib\compareEligibilityEngine.ts",".ts","799","33.71"
"archive\_wingman_backup_product_suppression_fix_20260615-135005\src\wingman2\lib\compareEligibilityEngine.ts",".ts","799","33.71"
"archive\_wingman_backup_guru_single_instance_20260614-063825\src\features\catalog\catalogIntelligence.ts",".ts","798","31.5"
"archive\_wingman_backup_before_compare_restore_20260614-052137\src_wingman2_pages_ComparePageNew.tsx",".tsx","797","26.53"
"tools\generate-product-intelligence-index.mjs",".mjs","792","26.26"
"archive\_wingman_backup_guru_single_instance_20260614-063825\src\wingman2\pages\VisualDesignStudioPage.tsx",".tsx","785","28.09"
"archive\_wingman_backup_guru_single_instance_20260614-063825\src\wingman2\lib\dependencyGovernance.ts",".ts","785","30.71"
"archive\_wingman_backup_compare_candidate_gate_marker_20260615-140407\ComparePageNew.tsx",".tsx","784","24.3"
".wingman-backups\verified-proposal-templates-20260710-200928\files\src\wingman2\pages\ProposalPage.tsx",".tsx","783","37.03"
"archive\_wingman_backup_guru_single_instance_20260614-063825\src\wingman2\lib\compareFeatureMatrix.ts",".ts","781","25.23"
"tools\import-wyrestorm-product-guide.mjs",".mjs","779","33.21"
"archive\_wingman_backup_fix_shortlist_type_fields_20260613-203003\src\wingman2\lib\compareFeatureMatrix.ts",".ts","779","25.18"
"archive\_wingman_backup_fix_malformed_wyrestorm_value_20260613-202907\src\wingman2\lib\compareFeatureMatrix.ts",".ts","779","25.18"
"archive\_wingman_backup_fix_compare_shortlist_row_shape_20260613-202728\src\wingman2\lib\compareFeatureMatrix.ts",".ts","777","25.08"
"archive\_wingman_backup_compare_runtime_fix_20260614-073525\compareEngineScoring.ts",".ts","773","26.23"
"archive\_wingman_backup_guru_single_instance_20260614-063825\src\wingman2\lib\diagramTemplates.ts",".ts","770","37.97"
"archive\_wingman_backup_known_compare_profile_override_20260614-142640\ComparePageNew.tsx",".tsx","759","24.64"
"archive\repo-cleanup-20260709-050830\root-backups\_wingman_backup_home_body_reset_20260630-133647\src\wingman2\styles\wingman-redesign-theme.css",".css","756","23.6"
"archive\repo-cleanup-20260709-050830\root-backups\_wingman_backup_visual_utility_migration_20260630-082229\src\wingman2\pages\ProposalPage.tsx",".tsx","756","32.43"
"archive\repo-cleanup-20260709-050830\root-backups\_wingman_backup_page_markup_migration_20260630-074900\src\wingman2\pages\ProposalPage.tsx",".tsx","756","30.74"
"archive\_wingman_backup_known_compare_profiles_20260614-132943\ComparePageNew.tsx",".tsx","755","24.56"
"archive\_wingman_backup_compare_v5_ranking_fix_20260614-103952\ComparePageNew.tsx",".tsx","755","26.8"
"archive\_wingman_backup_guru_single_instance_20260614-063825\src\wingman2\pages\ComparePage.tsx",".tsx","750","22.42"
"archive\_wingman_backup_compare_engine_eligibility_20260614-132236\ComparePageNew.tsx",".tsx","749","24.33"
"archive\_wingman_backup_compare_workflow_markers_20260614-124559\ComparePageNew.tsx",".tsx","742","24.2"
"archive\repo-cleanup-20260709-050830\src-legacy\src\_legacy-unused\SourceDeviceCollator.css",".css","741","15.49"
"tools\repair-product-call-card-practical-copy.mjs",".mjs","738","52.42"
"archive\_wingman_backup_discovery_guidance_commit_20260614-204418\DiscoveryPage.tsx",".tsx","737","23.03"
"archive\_wingman_backup_discovery_readiness_marker_20260614-204208\DiscoveryPage.tsx",".tsx","737","23.03"
"archive\_wingman_backup_discovery_strategy_fix_20260614-204612\DiscoveryPage.tsx",".tsx","737","23.03"
"archive\_wingman_backup_guru_single_instance_20260614-063825\src\wingman2\lib\competitorMatchEngine.ts",".ts","736","26.4"
".wingman-work\backups\20260811-125346\src\wingman2\lib\productClassification.ts",".ts","736","35.1"
".wingman-work\backups\20260811-125215\src\wingman2\lib\productClassification.ts",".ts","736","35.1"
"src\wingman2\lib\productClassification.ts",".ts","736","35.1"
"archive\_wingman_backup_pre_compare_cleanup_20260614-083913\src\wingman2\lib\compareEligibilityEngine.ts",".ts","736","30.67"
".wingman-work\backups\20260811-125821\src\wingman2\lib\productClassification.ts",".ts","736","35.1"
"archive\_wingman_backup_compare_usecallback_handlers_20260614-123454\ComparePageNew.tsx",".tsx","734","24.01"
"archive\_wingman_backup_pre_compare_cleanup_20260614-083913\src\wingman2\lib\compareEngineModel.ts",".ts","729","18.2"
"archive\_wingman_backup_compare_decision_workflow_20260614-124400\ComparePageNew.tsx",".tsx","728","23.79"
".wingman-work\backups\20260811-125215\src\wingman2\lib\avDecisionEvidence.ts",".ts","725","30.29"
".wingman-work\backups\20260811-125346\src\wingman2\lib\avDecisionEvidence.ts",".ts","725","30.29"
".wingman-work\backups\20260811-125821\src\wingman2\lib\avDecisionEvidence.ts",".ts","725","30.29"
"src\wingman2\lib\avDecisionEvidence.ts",".ts","725","30.29"
"tools\repair-routed-io-evidence.mjs",".mjs","723","18.46"
".wingman-work\backups\20260811-125215\src\wingman2\pages\RecommendationsPage.tsx",".tsx","721","26.04"
".wingman-work\backups\20260811-125821\src\wingman2\pages\RecommendationsPage.tsx",".tsx","721","26.04"
".wingman-work\backups\20260811-125346\src\wingman2\pages\RecommendationsPage.tsx",".tsx","721","26.04"
"archive\repo-cleanup-20260709-050830\root-backups\_wingman_backup_ingest_arbitrary_tailwind_20260706-104203\IngestPage.tsx",".tsx","721","37.68"
"src\wingman2\pages\RecommendationsPage.tsx",".tsx","721","26.04"
"archive\repo-cleanup-20260709-050830\root-backups\_wingman_backup_ingest_arbitrary_tailwind_20260706-104535\IngestPage.tsx",".tsx","721","37.68"
"archive\_wingman_backup_wire_local_competitor_lookup_20260613-215715\src\wingman2\pages\ComparePageNew.tsx",".tsx","714","24.6"
"archive\_wingman_backup_wire_existing_live_lookup_20260613-215549\src\wingman2\pages\ComparePageNew.tsx",".tsx","714","24.59"
"archive\repo-cleanup-20260709-050830\root-backups\_wingman_backup_no_equivalent_submit_20260704-205931\src\wingman2\components\compare\CompareCandidateShortlist.tsx",".tsx","711","18.69"
"archive\repo-cleanup-20260709-050830\root-backups\_wingman_backup_no_equivalent_submit_20260704-205847\src\wingman2\components\compare\CompareCandidateShortlist.tsx",".tsx","709","18.53"
"tools\audit-wingman-routing-pages.mjs",".mjs","708","19.21"
"archive\repo-cleanup-20260709-050830\root-backups\_wingman_backup_no_equivalent_ui_20260704T202143\src\wingman2\components\compare\CompareCandidateShortlist.tsx",".tsx","705","18.42"
"archive\_wingman_backup_compare_candidate_gate_handlers_20260614-122857\ComparePageNew.tsx",".tsx","704","22.83"
"archive\_wingman_backup_compare_usecallback_handlers_20260614-123354\ComparePageNew.tsx",".tsx","704","22.83"
"archive\_wingman_backup_compare_handler_isolation_20260614-122454\ComparePageNew.tsx",".tsx","704","22.81"
"archive\repo-cleanup-20260709-050830\root-backups\_wingman_backup_home_navhub_reset_20260630-134236\src\wingman2\styles\wingman-redesign-theme.css",".css","703","21.97"
"src\wingman2\lib\productSalesHelperCopy.ts",".ts","701","30.62"
".wingman-work\backups\20260811-125346\src\wingman2\lib\productSalesHelperCopy.ts",".ts","701","30.62"
".wingman-work\backups\20260811-125215\src\wingman2\lib\productSalesHelperCopy.ts",".ts","701","30.62"
".wingman-work\backups\20260811-125821\src\wingman2\lib\productSalesHelperCopy.ts",".ts","701","30.62"
"archive\_wingman_backup_compare_hard_reset_20260614-103527\src\wingman2\pages\ComparePageNew.tsx",".tsx","694","25.39"
"tools\build-wingman-canonical-data.mjs",".mjs","694","23.93"
"archive\_wingman_backup_before_reversing_compare_ui_polish_20260613-204652\src\wingman2\components\compare\CompareCandidateShortlist.tsx",".tsx","685","17.83"
"tools\enrich-product-call-cards-from-wyrestorm.mjs",".mjs","672","20.82"
"archive\repo-cleanup-20260709-050830\root-backups\_wingman_backup_dashboard_drift_repair_20260630-083220\src\wingman2\styles\wingman-redesign-theme.css",".css","672","23.09"
"archive\_wingman_backup_guru_single_instance_20260614-063825\src\wingman2\lib\compareEligibilityEngine.ts",".ts","656","27.18"
"archive\_wingman_backup_discovery_guidance_fix_20260614-202337\DiscoveryPage.tsx",".tsx","654","19.59"
"archive\_wingman_backup_speech_type_fix_20260614-201933\DiscoveryPage.tsx",".tsx","652","19.28"
"archive\_wingman_backup_guru_single_instance_20260614-063825\src\wingman2\components\discovery\SourceDeviceCollator.css",".css","648","14.94"
"tools\repair-product-call-card-copy-technology-conflicts.mjs",".mjs","648","23.58"
"archive\backups\product-pitch-interpreted-workspace-2026-06-08_11-03-31\src\wingman2\pages\ProductPitchPage.tsx",".tsx","644","21.85"
"archive\repo-cleanup-20260709-050830\root-backups\_wingman_backup_dashboard_component_rewrite_20260630-090504\src\wingman2\styles\wingman-redesign-theme.css",".css","642","21.17"
"archive\_wingman_backup_compare_ui_polish_20260613-204505\src\wingman2\components\compare\CompareCandidateShortlist.tsx",".tsx","629","15.88"
"archive\_wingman_backup_guru_single_instance_20260614-063825\src\wingman2\components\compare\CompareCandidateShortlist.tsx",".tsx","629","15.88"
"archive\_wingman_backup_compare_engine_phase2_20260614-072919\src\wingman2\lib\compareEngineModel.ts",".ts","621","16.43"
"archive\repo-cleanup-20260709-050830\root-backups\_wingman_backup_navhub_specificity_lock_20260630-141804\src\wingman2\styles\wingman-redesign-theme.css",".css","620","19.38"
"archive\repo-cleanup-20260709-050830\root-backups\_wingman_backup_navhub_density_20260630-141138\src\wingman2\styles\wingman-redesign-theme.css",".css","612","19.1"
"archive\repo-cleanup-20260709-050830\root-backups\_wingman_backup_navhub_tighter_density_20260630-141546\src\wingman2\styles\wingman-redesign-theme.css",".css","612","19.1"
".wingman-work\backups\20260811-125215\src\wingman2\lib\networkHdAvoipEquivalence.ts",".ts","608","22.54"
".wingman-work\backups\20260811-125821\src\wingman2\lib\networkHdAvoipEquivalence.ts",".ts","608","22.54"
"src\wingman2\lib\networkHdAvoipEquivalence.ts",".ts","608","22.54"
".wingman-work\backups\20260811-125346\src\wingman2\lib\networkHdAvoipEquivalence.ts",".ts","608","22.54"
"data\product-intelligence-drafts.json",".json","607","17.94"
"data\wyrestorm-product-update-candidates.json",".json","605","27.47"
"backups\avoip-data-20260713-193257\src\wingman2\lib\competitorCompareDecision.ts",".ts","604","21.89"
"archive\_backup_compare_eligibility_deterministic_20260613-182300\compareEligibilityEngine.ts",".ts","603","20.9"
".wingman-work\backups\20260811-125346\src\wingman2\lib\documentIngest\multiSkuCompetitorIngest.ts",".ts","601","25.65"
"src\wingman2\lib\documentIngest\multiSkuCompetitorIngest.ts",".ts","601","25.65"
".wingman-work\backups\20260811-125821\src\wingman2\lib\documentIngest\multiSkuCompetitorIngest.ts",".ts","601","25.65"
".wingman-work\backups\20260811-125215\src\wingman2\lib\documentIngest\multiSkuCompetitorIngest.ts",".ts","601","25.65"
"archive\repo-cleanup-20260709-050830\root-backups\_wingman_backup_apo_dg2_dependency_rule_20260706-112917\src\wingman2\domain\productMatching\featureFilters.ts",".ts","596","23.5"
"archive\repo-cleanup-20260709-050830\root-backups\_wingman_backup_apo_dg2_dependency_rule_20260706-112917\src\wingman2\productMatching\featureFilters.ts",".ts","596","23.5"
"archive\_wingman_backup_unreferenced_src_modules_20260710-104753\src\wingman2\domain\productMatching\featureFilters.ts",".ts","596","23.5"
"archive\_wingman_backup_unreferenced_src_modules_20260710-104753\src\wingman2\productMatching\featureFilters.ts",".ts","596","23.5"
"archive\_wingman_backup_guru_single_instance_20260614-063825\src\wingman2\app\discoveryAnswerMemory.ts",".ts","592","16.16"
"tools\import-wingman-source-pdfs.mjs",".mjs","588","23.1"
"archive\_wingman_backup_guru_single_instance_20260614-063825\src\wingman2\pages\productCallCards\store.ts",".ts","585","35.55"
"archive\_wingman_backup_guru_single_instance_20260614-063825\src\wingman2\pages\ProposalPage.tsx",".tsx","585","22.26"
"archive\_wingman_backup_guru_single_instance_20260614-063825\src\wingman2\components\ProductPositioningStatement.tsx",".tsx","584","15.91"
"archive\backups\response-pack-product-schematic-context-2026-06-08_11-23-41\src\wingman2\pages\ProposalPage.tsx",".tsx","583","22.15"
"archive\_wingman_backup_guru_single_instance_20260614-063825\src\wingman2\lib\productClassification.ts",".ts","582","31.47"
"tools\apply-avoip-data-governance.mjs",".mjs","575","22.01"
".wingman-work\backups\20260811-125346\src\wingman2\styles\wingman-reference-global.css",".css","574","15.01"
"src\wingman2\styles\wingman-reference-global.css",".css","574","15.01"
".wingman-work\backups\20260811-125215\src\wingman2\styles\wingman-reference-global.css",".css","574","15.01"
".wingman-work\backups\20260811-125821\src\wingman2\styles\wingman-reference-global.css",".css","574","15.01"
"public\product-call-card-accessory-language-audit.json",".json","572","35.5"
"archive\_wingman_backup_sales_helper_layout_20260614-093841\SalesHelperPage.tsx",".tsx","566","20.72"
"archive\_wingman_backup_guru_single_instance_20260614-063825\src\wingman2\pages\SalesHelperPage.tsx",".tsx","566","20.72"
"src\wingman2\lib\wingmanCoach.ts",".ts","566","23.02"
".wingman-work\backups\20260811-125821\src\wingman2\lib\wingmanCoach.ts",".ts","566","23.02"
".wingman-work\backups\20260811-125346\src\wingman2\lib\wingmanCoach.ts",".ts","566","23.02"
".wingman-work\backups\20260811-125215\src\wingman2\lib\wingmanCoach.ts",".ts","566","23.02"
"archive\repo-cleanup-20260709-050830\root-backups\_wingman_backup_home_shared_css_20260630-134642\src\wingman2\styles\wingman-redesign-theme.css",".css","561","18.03"
"archive\_wingman_backup_wire_shortlist_runtime_20260614-075018\src\wingman2\lib\compareEngineRuntimeAdapter.ts",".ts","560","23.75"
"reports\compare-technology-coverage-audit.json",".json","558","19.37"
"archive\backups\presales-priority-1-5-2026-06-08_10-20-58\src\wingman2\pages\ComparePageNew.tsx",".tsx","555","18.83"
".wingman-work\backups\20260811-125215\src\wingman2\lib\wyrestormCompareProfile.ts",".ts","554","23.77"
"archive\backups\product-call-cards-phase1-2026-06-07-19-46-38\src\wingman2\pages\ProductCallCardsPage.tsx",".tsx","554","16.78"
".wingman-work\backups\20260811-125821\src\wingman2\lib\wyrestormCompareProfile.ts",".ts","554","23.77"
".wingman-work\backups\20260811-125346\src\wingman2\lib\wyrestormCompareProfile.ts",".ts","554","23.77"
"src\wingman2\lib\wyrestormCompareProfile.ts",".ts","554","23.77"
"archive\_backup_compare_eligibility_blockers_alias_20260613-184342\compareEligibilityEngine.ts",".ts","545","20.76"
"tools\audit-product-database-quality.mjs",".mjs","542","19.65"
"archive\repo-cleanup-20260709-050830\root-backups\_wingman_backup_home_navhub_reset_20260630-134327\src\wingman2\styles\wingman-redesign-theme.css",".css","536","17.33"
".wingman-backups\verified-proposal-templates-20260710-200928\files\src\wingman2\pages\TemplateReviewPage.tsx",".tsx","533","24.29"
"archive\_backup_compare_eligibility_false_block_fix_20260613-182600\compareEligibilityEngine.ts",".ts","532","20.3"
".wingman-work\backups\20260811-125821\src\wingman2\lib\knownWyrestormCompareProfiles.ts",".ts","531","21.4"
".wingman-work\backups\20260811-125821\src\wingman2\pages\CatalogBrowserPage.tsx",".tsx","531","20.19"
".wingman-work\backups\20260811-125346\src\wingman2\lib\knownWyrestormCompareProfiles.ts",".ts","531","21.4"
"src\wingman2\pages\CatalogBrowserPage.tsx",".tsx","531","20.19"
".wingman-work\backups\20260811-125215\src\wingman2\lib\knownWyrestormCompareProfiles.ts",".ts","531","21.4"
".wingman-work\backups\20260811-125346\src\wingman2\pages\CatalogBrowserPage.tsx",".tsx","531","20.19"
"src\wingman2\lib\knownWyrestormCompareProfiles.ts",".ts","531","21.4"
".wingman-work\backups\20260811-125215\src\wingman2\pages\CatalogBrowserPage.tsx",".tsx","531","20.19"
"server\competitor\match-engine.mjs",".mjs","530","16.17"
"archive\repo-cleanup-20260709-050830\root-backups\_wingman_backup_visual_utility_migration_20260630-082229\src\wingman2\pages\DashboardPage.tsx",".tsx","529","14.94"
"archive\repo-cleanup-20260709-050830\root-backups\_wingman_backup_dashboard_component_rewrite_20260630-090504\src\wingman2\pages\DashboardPage.tsx",".tsx","529","14.96"
"archive\repo-cleanup-20260709-050830\root-backups\_wingman_backup_page_markup_migration_20260630-074900\src\wingman2\pages\DashboardPage.tsx",".tsx","529","14.69"
"archive\repo-cleanup-20260709-050830\root-backups\_wingman_backup_dashboard_drift_repair_20260630-083220\src\wingman2\pages\DashboardPage.tsx",".tsx","529","14.94"
"archive\_wingman_backup_guru_single_instance_20260614-063825\src\wingman2\lib\avDecisionEvidence.ts",".ts","523","23.75"
"archive\_wingman_backup_product_suppression_fix_20260615-135005\tools\audit-compare-workflow-integrity.mjs",".mjs","522","16.86"
"src\wingman2\pages\ProfilePage.tsx",".tsx","518","18.08"
".wingman-work\backups\20260811-125821\src\wingman2\pages\ProfilePage.tsx",".tsx","518","18.08"
".wingman-work\backups\20260811-125346\src\wingman2\pages\ProfilePage.tsx",".tsx","518","18.08"
".wingman-work\backups\20260811-125215\src\wingman2\pages\ProfilePage.tsx",".tsx","518","18.08"
"data\wingman-real-av-scenarios.json",".json","516","35.34"
"archive\repo-cleanup-20260709-050830\root-backups\_wingman_backup_dashboard_visual_pass_20260630-082939\src\wingman2\styles\wingman-redesign-theme.css",".css","511","16.63"
"archive\repo-cleanup-20260709-050830\root-backups\_wingman_backup_navhub_density_20260630-140851\src\wingman2\styles\wingman-redesign-theme.css",".css","511","16.64"
".wingman-work\backups\20260811-125821\src\wingman2\lib\visualStudioProductConnection.ts",".ts","507","17.67"
".wingman-work\backups\20260811-125346\src\wingman2\lib\visualStudioProductConnection.ts",".ts","507","17.67"
"src\wingman2\lib\visualStudioProductConnection.ts",".ts","507","17.67"
".wingman-work\backups\20260811-125215\src\wingman2\lib\visualStudioProductConnection.ts",".ts","507","17.67"
"src\wingman2\lib\schematic\wingmanSchematicEngine.ts",".ts","505","15.99"
".wingman-work\backups\20260811-125821\src\wingman2\lib\schematic\wingmanSchematicEngine.ts",".ts","505","15.99"
".wingman-work\backups\20260811-125346\src\wingman2\lib\schematic\wingmanSchematicEngine.ts",".ts","505","15.99"
".wingman-work\backups\20260811-125215\src\wingman2\lib\schematic\wingmanSchematicEngine.ts",".ts","505","15.99"
".wingman-work\backups\20260811-125346\src\wingman2\lib\knownCompareProfiles.ts",".ts","503","21.67"
"src\wingman2\lib\knownCompareProfiles.ts",".ts","503","21.67"
".wingman-work\backups\20260811-125215\src\wingman2\lib\knownCompareProfiles.ts",".ts","503","21.67"
".wingman-work\backups\20260811-125821\src\wingman2\lib\knownCompareProfiles.ts",".ts","503","21.67"
"archive\_wingman_backup_guru_single_instance_20260614-063825\src\styles\wingman-discovery-builder-layout.css",".css","500","16.3"
"archive\_wingman_backup_guru_single_instance_20260614-063825\src\wingman2\pages\ProductPitchPage.tsx",".tsx","499","19.67"
"archive\_wingman_backup_fix_product_pitch_import_20260613-202431\src\wingman2\pages\ProductPitchPage.tsx",".tsx","499","19.66"
"archive\_wingman_backup_compare_shortlist_20260613-202323\src\wingman2\pages\ProductPitchPage.tsx",".tsx","497","19.53"
"archive\_wingman_backup_guru_single_instance_20260614-063825\src\wingman2\lib\wingmanCoach.ts",".ts","496","21.23"
"archive\repo-cleanup-20260709-050830\root-backups\_wingman_backup_page_markup_migration_20260630-074900\src\wingman2\pages\TemplatesPage.tsx",".tsx","495","21.77"
"archive\repo-cleanup-20260709-050830\root-backups\_wingman_backup_visual_utility_migration_20260630-082229\src\wingman2\pages\TemplatesPage.tsx",".tsx","495","21.94"
"tools\draft-technical-profiles-batch4.mjs",".mjs","495","27.32"
".wingman-work\backups\20260811-125346\src\wingman2\lib\productSelectorEngine.ts",".ts","493","17.29"
".wingman-work\backups\20260811-125821\src\wingman2\lib\productSelectorEngine.ts",".ts","493","17.29"
".wingman-work\backups\20260811-125215\src\wingman2\lib\productSelectorEngine.ts",".ts","493","17.29"
"archive\_wingman_backup_guru_single_instance_20260614-063825\src\wingman2\productMatching\featureFilters.ts",".ts","493","22.53"
"src\wingman2\lib\productSelectorEngine.ts",".ts","493","17.29"
"archive\_wingman_backup_guru_single_instance_20260614-063825\src\wingman2\domain\productMatching\featureFilters.ts",".ts","493","22.53"
"archive\_wingman_backup_guru_single_instance_20260614-063825\src\wingman2\lib\knownWyrestormCompareProfiles.ts",".ts","487","18.46"
"archive\backups\product-pitch-two-stage-spec-2026-06-08_10-34-52\src\wingman2\pages\ProductPitchPage.tsx",".tsx","485","22.46"
"archive\_wingman_backup_guru_single_instance_20260614-063825\src\wingman2\components\compare\CompactCompareMatrix.tsx",".tsx","484","20.64"
"archive\backups\product-call-cards-multistep-workflow-2026-06-08_11-33-38\src\wingman2\pages\productCallCards\ProductCallCardsProductPage.tsx",".tsx","478","15.09"
"archive\_wingman_backup_compare_simple_summary_20260615-194901\networkHdAvoipEquivalence.ts",".ts","472","19.7"
"archive\_wingman_backup_compare_simple_summary_20260615-195115\networkHdAvoipEquivalence.ts",".ts","472","19.38"
"archive\_wingman_backup_compare_text_card_repair_20260615-193859\networkHdAvoipEquivalence.ts",".ts","472","19.56"
"archive\_wingman_backup_encoding_repair_20260615-193640\networkHdAvoipEquivalence.ts",".ts","472","19.54"
"archive\_wingman_backup_guru_single_instance_20260614-063825\src\wingman2\lib\knownCompareProfiles.ts",".ts","470","20.45"
".wingman-work\backups\20260811-125346\src\wingman2\data\workflowHandoff.ts",".ts","468","18.76"
".wingman-work\backups\20260811-125821\src\wingman2\data\workflowHandoff.ts",".ts","468","18.76"
"src\wingman2\data\workflowHandoff.ts",".ts","468","18.76"
"archive\_wingman_backup_guru_single_instance_20260614-063825\src\wingman2\pages\TemplateReviewPage.tsx",".tsx","468","19.14"
".wingman-work\backups\20260811-125215\src\wingman2\data\workflowHandoff.ts",".ts","468","18.76"
"archive\_wingman_backup_sales_helper_direction_flow_20260614-095248\SalesHelperPage.tsx",".tsx","467","13.48"
".wingman-work\backups\20260811-125346\src\wingman2\logic\matrixOutputModel.ts",".ts","465","12.29"
"archive\_wingman_backup_unreferenced_src_modules_20260710-104753\src\wingman2\logic\matrixOutputModel.ts",".ts","465","12.29"
"src\wingman2\logic\matrixOutputModel.ts",".ts","465","12.29"
".wingman-work\backups\20260811-125215\src\wingman2\logic\matrixOutputModel.ts",".ts","465","12.29"
".wingman-work\backups\20260811-125821\src\wingman2\logic\matrixOutputModel.ts",".ts","465","12.29"
"_backups\retire-finder-feature-sweep-v4-20260720-085242\files\src\wingman2\lib\productSelectorEngine.ts",".ts","463","15.5"
"_backups\retire-finder-feature-sweep-v5-20260720-085648\files\src\wingman2\lib\productSelectorEngine.ts",".ts","463","15.5"
"archive\_wingman_backup_guru_single_instance_20260614-063825\src\__tests__\competitorMatchEngine.test.ts",".ts","462","16.44"
"archive\_wingman_backup_compare_summary_copy_update_20260615-193518\networkHdAvoipEquivalence.ts",".ts","462","19.26"
".wingman-work\backups\20260811-125215\src\wingman2\lib\customRoomTemplates.ts",".ts","460","17.63"
"src\wingman2\lib\customRoomTemplates.ts",".ts","460","17.63"
".wingman-work\backups\20260811-125821\src\wingman2\lib\customRoomTemplates.ts",".ts","460","17.63"
".wingman-work\backups\20260811-125346\src\wingman2\lib\customRoomTemplates.ts",".ts","460","17.63"
"_backups\retire-finder-feature-sweep-v5-20260720-085648\files\src\wingman2\lib\proposalExport.ts",".ts","458","23.35"
"archive\_wingman_backup_compare_role_gate_repair_20260615-192817\networkHdAvoipEquivalence.ts",".ts","458","19.17"
"src\wingman2\lib\proposalExport.ts",".ts","458","23.35"
"_backups\retire-finder-feature-sweep-v4-20260720-085242\files\src\wingman2\lib\proposalExport.ts",".ts","458","23.35"
".wingman-work\backups\20260811-125821\src\wingman2\lib\proposalExport.ts",".ts","458","23.35"
".wingman-work\backups\20260811-125215\src\wingman2\lib\proposalExport.ts",".ts","458","23.35"
".wingman-work\backups\20260811-125346\src\wingman2\lib\proposalExport.ts",".ts","458","23.35"
"_backups\retire-finder-feature-sweep-v3-20260720-084642\files\src\wingman2\lib\proposalExport.ts",".ts","458","23.35"
"archive\_wingman_backup_compare_direct_workflow_refine_20260613-215256\src\wingman2\pages\ComparePageNew.tsx",".tsx","456","14.88"
"tools\generate-product-call-card-products.mjs",".mjs","455","9.65"
"reports\competitor-intelligence-audit.json",".json","454","8.63"
".wingman-backups\proposal-safety-sections-20260710-203309\proposalExport.ts",".ts","453","14.65"
".wingman-work\backups\20260811-125821\src\__tests__\documentExtract.test.ts",".ts","451","15.05"
".wingman-work\backups\20260811-125215\src\__tests__\documentExtract.test.ts",".ts","451","15.05"
".wingman-work\backups\20260811-125346\src\__tests__\documentExtract.test.ts",".ts","451","15.05"
"src\__tests__\documentExtract.test.ts",".ts","451","15.05"
".wingman-work\backups\20260811-125821\src\__tests__\productPitchWorkflowRendered.test.tsx",".tsx","449","18.26"
".wingman-work\backups\20260811-125215\src\__tests__\productPitchWorkflowRendered.test.tsx",".tsx","449","18.26"
"src\__tests__\productPitchWorkflowRendered.test.tsx",".tsx","449","18.26"
".wingman-work\backups\20260811-125346\src\__tests__\productPitchWorkflowRendered.test.tsx",".tsx","449","18.26"
"archive\_wingman_backup_guru_single_instance_20260614-063825\src\wingman2\lib\recommendationEvidence.ts",".ts","443","20.53"
"archive\repo-cleanup-20260709-050830\root-backups\_wingman_backup_apo_dg2_dependency_rule_20260706-112917\src\wingman2\lib\productCallCommercialOverrides.ts",".ts","443","38.8"
".wingman-work\backups\20260811-125346\src\wingman2\lib\productCallCommercialOverrides.ts",".ts","443","38.8"
".wingman-work\backups\20260811-125821\src\wingman2\lib\productCallCommercialOverrides.ts",".ts","443","38.8"
".wingman-work\backups\20260811-125215\src\wingman2\lib\productCallCommercialOverrides.ts",".ts","443","38.8"
"src\wingman2\lib\productCallCommercialOverrides.ts",".ts","443","38.8"
".wingman-work\backups\20260811-125821\src\wingman2\lib\productPitchGuidance.ts",".ts","441","20.25"
"src\wingman2\lib\productPitchGuidance.ts",".ts","441","20.25"
".wingman-work\backups\20260811-125346\src\wingman2\lib\productPitchGuidance.ts",".ts","441","20.25"
".wingman-work\backups\20260811-125215\src\wingman2\lib\productPitchGuidance.ts",".ts","441","20.25"
".wingman-work\backups\20260811-125215\src\wingman2\data\usbTierRules.ts",".ts","439","14.47"
".wingman-work\backups\20260811-125821\src\wingman2\data\usbTierRules.ts",".ts","439","14.47"
".wingman-work\backups\20260811-125346\src\wingman2\data\usbTierRules.ts",".ts","439","14.47"
"src\wingman2\data\usbTierRules.ts",".ts","439","14.47"
"src\wingman2\layout\AppShell.tsx",".tsx","437","15.49"
"archive\backups\product-call-cards-phase1d-language-level-2026-06-07-20-45-47\src\wingman2\pages\productCallCards\store.ts",".ts","437","27.6"
"archive\_wingman_backup_guru_single_instance_20260614-063825\src\wingman2\data\productIntelligenceAdmin.ts",".ts","436","16.09"
"archive\backups\product-call-cards-phase1b-2026-06-07-20-15-24\src\wingman2\pages\productCallCards\store.ts",".ts","435","27.45"
".wingman-work\backups\20260811-125215\src\__tests__\compareWorkflowRendered.test.tsx",".tsx","434","17.03"
".wingman-work\backups\20260811-125821\src\__tests__\compareWorkflowRendered.test.tsx",".tsx","434","17.03"
"src\__tests__\compareWorkflowRendered.test.tsx",".tsx","434","17.03"
".wingman-work\backups\20260811-125346\src\__tests__\compareWorkflowRendered.test.tsx",".tsx","434","17.03"
"tools\check-wingman-recommendation-scenarios.mjs",".mjs","432","10.61"
"archive\_wingman_backup_guru_single_instance_20260614-063825\src\wingman2\data\usbTierRules.ts",".ts","432","13.41"
"archive\backups\product-pitch-tabbed-workspace-2026-06-08_10-49-57\src\wingman2\pages\ProductPitchPage.tsx",".tsx","431","17.49"
"data\catalog\wyrestorm-catalog.phase1.json",".json","430","9.19"
"archive\_wingman_backup_compare_role_gate_20260615-192600\networkHdAvoipEquivalence.ts",".ts","430","18.54"
"reports\product-database-quality-audit.json",".json","429","11.12"
".wingman-work\backups\20260811-125215\src\__tests__\competitorMatchEngine.test.ts",".ts","426","14.85"
".wingman-work\backups\20260811-125346\src\__tests__\competitorMatchEngine.test.ts",".ts","426","14.85"
"src\__tests__\competitorMatchEngine.test.ts",".ts","426","14.85"
"archive\_wingman_backup_compare_pre_commit_cleanup_20260614-084236\src\wingman2\lib\competitorCompareDecision.ts",".ts","426","17.22"
".wingman-work\backups\20260811-125821\src\__tests__\competitorMatchEngine.test.ts",".ts","426","14.85"
"archive\_wingman_backup_pre_compare_cleanup_20260614-083913\src\wingman2\lib\competitorCompareDecision.ts",".ts","426","17.22"
"archive\_wingman_backup_guru_single_instance_20260614-063825\src\wingman2\pages\productCallCards\ProductCallCardsSelectPage.tsx",".tsx","425","12.49"
"archive\_wingman_backup_compare_match_presentation_20260615-124852\src\wingman2\components\workflow\CompareRunActionGuard.tsx",".tsx","423","13.37"
"server\server\agents\lib\mockDerivations.mjs",".mjs","422","17.95"
".wingman-work\backups\20260811-125821\src\wingman2\lib\proposalWizard.ts",".ts","420","13.74"
".wingman-work\backups\20260811-125346\src\wingman2\lib\proposalWizard.ts",".ts","420","13.74"
"src\wingman2\lib\proposalWizard.ts",".ts","420","13.74"
".wingman-work\backups\20260811-125215\src\wingman2\lib\proposalWizard.ts",".ts","420","13.74"
".wingman-work\backups\20260811-125215\src\wingman2\lib\compareCandidateGate.ts",".ts","418","16.11"
".wingman-work\backups\20260811-125821\src\wingman2\lib\compareCandidateGate.ts",".ts","418","16.11"
".wingman-work\backups\20260811-125346\src\wingman2\lib\compareCandidateGate.ts",".ts","418","16.11"
"_backups\retire-finder-feature-sweep-v5-20260720-085648\files\src\wingman2\pages\NavigationHubPages.tsx",".tsx","418","12.88"
"src\wingman2\lib\compareCandidateGate.ts",".ts","418","16.11"
"_backups\retire-finder-feature-sweep-v4-20260720-085242\files\src\wingman2\pages\NavigationHubPages.tsx",".tsx","418","12.88"
"archive\_wingman_backup_guru_single_instance_20260614-063825\src\wingman2\lib\competitorCompareDecision.ts",".ts","417","17"
"archive\backups\product-call-cards-phase1d-language-level-2026-06-07-20-45-47\src\wingman2\pages\productCallCards\ProductCallCardsProductPage.tsx",".tsx","416","12.89"
".wingman-work\backups\20260811-125215\src\wingman2\layout\AppShell.tsx",".tsx","415","14.82"
".wingman-work\backups\20260811-125346\src\wingman2\layout\AppShell.tsx",".tsx","415","14.82"
".wingman-work\backups\20260811-125215\src\wingman2\pages\NavigationHubPages.tsx",".tsx","415","12.83"
".wingman-work\backups\20260811-125346\src\wingman2\pages\NavigationHubPages.tsx",".tsx","415","12.83"
".wingman-work\backups\20260811-125821\src\wingman2\pages\NavigationHubPages.tsx",".tsx","415","12.83"
".wingman-work\backups\20260811-125821\src\wingman2\layout\AppShell.tsx",".tsx","415","14.82"
"src\wingman2\pages\NavigationHubPages.tsx",".tsx","415","12.83"
".wingman-work\backups\20260811-125346\src\wingman2\lib\documentIngest\skuTriage.ts",".ts","414","17.46"
"src\wingman2\lib\documentIngest\skuTriage.ts",".ts","414","17.46"
".wingman-work\backups\20260811-125215\src\wingman2\lib\documentIngest\skuTriage.ts",".ts","414","17.46"
".wingman-work\backups\20260811-125821\src\wingman2\lib\documentIngest\skuTriage.ts",".ts","414","17.46"
".wingman-work\backups\20260811-125215\src\wingman2\components\WingmanGuruFab.tsx",".tsx","405","11.99"
"src\wingman2\components\WingmanGuruFab.tsx",".tsx","405","11.99"
".wingman-work\backups\20260811-125821\src\wingman2\components\WingmanGuruFab.tsx",".tsx","405","11.99"
".wingman-work\backups\20260811-125346\src\wingman2\components\WingmanGuruFab.tsx",".tsx","405","11.99"
"src\wingman2\components\compare\CompareShowdown.tsx",".tsx","402","14.72"
".wingman-work\backups\20260811-125215\src\wingman2\components\compare\CompareShowdown.tsx",".tsx","402","14.72"
".wingman-work\backups\20260811-125346\src\wingman2\components\compare\CompareShowdown.tsx",".tsx","402","14.72"
".wingman-work\backups\20260811-125821\src\wingman2\components\compare\CompareShowdown.tsx",".tsx","402","14.72"
".wingman-backups\dashboard-guru-20260712-092537\src\wingman2\components\WingmanGuruFab.tsx",".tsx","398","10.36"
".wingman-work\backups\20260811-125215\src\wingman2\logic\productClassifier.ts",".ts","397","14.57"
".wingman-work\backups\20260811-125346\src\wingman2\logic\productClassifier.ts",".ts","397","14.57"
".wingman-work\backups\20260811-125821\src\wingman2\logic\productClassifier.ts",".ts","397","14.57"
"src\wingman2\logic\productClassifier.ts",".ts","397","14.57"
"archive\_wingman_backup_add_compare_shortlist_exports_20260613-202605\src\wingman2\lib\compareFeatureMatrix.ts",".ts","395","15.11"
"tools\audit-matrix-output-topology.mjs",".mjs","395","12.57"
"tools\enrich-product-technical-summary.mjs",".mjs","395","16.07"
".wingman-work\backups\20260811-125215\src\wingman2\lib\roomSchematic.ts",".ts","392","12.55"
"_backups\simplify-discovery-distance-20260720-072413\DiscoveryLocationsConnections.tsx",".tsx","392","17.88"
"src\wingman2\lib\roomSchematic.ts",".ts","392","12.55"
".wingman-work\backups\20260811-125346\src\wingman2\lib\roomSchematic.ts",".ts","392","12.55"
".wingman-work\backups\20260811-125821\src\wingman2\lib\roomSchematic.ts",".ts","392","12.55"
"data\admin\wingman-product-admin-db.json",".json","385","14.26"
"archive\_wingman_backup_guru_single_instance_20260614-063825\src\wingman2\logic\matrixOutputModel.ts",".ts","385","11.38"
"tools\audit-wingman-data-sources.mjs",".mjs","385","12.89"
"src\wingman2\components\VisualStudioCanvas.tsx",".tsx","380","12.04"
".wingman-work\backups\20260811-125346\src\wingman2\components\VisualStudioCanvas.tsx",".tsx","380","12.04"
"archive\_wingman_backup_guru_single_instance_20260614-063825\src\wingman2\lib\audienceProfiles.ts",".ts","380","14.1"
".wingman-work\backups\20260811-125821\src\wingman2\components\VisualStudioCanvas.tsx",".tsx","380","12.04"
".wingman-work\backups\20260811-125215\src\wingman2\components\VisualStudioCanvas.tsx",".tsx","380","12.04"
".wingman-work\backups\20260811-125215\src\wingman2\lib\visualStudioDiagramFactory.ts",".ts","378","9.67"
".wingman-work\backups\20260811-125346\src\wingman2\lib\visualStudioDiagramFactory.ts",".ts","378","9.67"
".wingman-work\backups\20260811-125821\src\wingman2\lib\visualStudioDiagramFactory.ts",".ts","378","9.67"
"src\wingman2\lib\visualStudioDiagramFactory.ts",".ts","378","9.67"
".wingman-work\backups\20260811-125346\src\wingman2\pages\compare\CompetitorEvidencePanel.tsx",".tsx","367","16.61"
"src\wingman2\pages\compare\CompetitorEvidencePanel.tsx",".tsx","367","16.61"
".wingman-work\backups\20260811-125215\src\wingman2\pages\compare\CompetitorEvidencePanel.tsx",".tsx","367","16.61"
".wingman-work\backups\20260811-125821\src\wingman2\pages\compare\CompetitorEvidencePanel.tsx",".tsx","367","16.61"
"archive\_wingman_backup_guru_single_instance_20260614-063825\src\wingman2\lib\wyrestormCompareProfile.ts",".ts","366","17.25"
"archive\_wingman_backup_compare_text_card_repair_20260615-193859\compareSkuAutoAdvanceBridge.ts",".ts","366","10.16"
"archive\_wingman_backup_compare_bridge_timer_fix_20260615-191216\compareSkuAutoAdvanceBridge.ts",".ts","366","10.18"
".wingman-work\backups\20260811-125346\src\wingman2\lib\discoverySystemDesign.ts",".ts","364","13.26"
"src\wingman2\lib\discoverySystemDesign.ts",".ts","364","13.26"
".wingman-work\backups\20260811-125215\src\wingman2\lib\discoverySystemDesign.ts",".ts","364","13.26"
".wingman-work\backups\20260811-125821\src\wingman2\lib\discoverySystemDesign.ts",".ts","364","13.26"
".wingman-backups\discovery-unified-comms-20260717-112358\src\wingman2\lib\situationalConstraints.ts",".ts","363","17.33"
"_backups\retire-finder-feature-sweep-v5-20260720-085648\files\src\wingman2\layout\AppShell.tsx",".tsx","363","12.07"
".wingman-backups\discovery-unified-comms-20260717-115842\src\wingman2\lib\situationalConstraints.ts",".ts","363","17.33"
".wingman-backups\discovery-unified-comms-20260717-115545\src\wingman2\lib\situationalConstraints.ts",".ts","363","17.33"
".wingman-backups\discovery-unified-comms-20260717-114353\src\wingman2\lib\situationalConstraints.ts",".ts","363","17.33"
".wingman-backups\discovery-unified-comms-20260717-110557\src\wingman2\lib\situationalConstraints.ts",".ts","363","17.33"
".wingman-backups\discovery-unified-comms-20260717-111425\src\wingman2\lib\situationalConstraints.ts",".ts","363","17.33"
".wingman-backups\discovery-unified-comms-20260717-115102\src\wingman2\lib\situationalConstraints.ts",".ts","363","17.33"
"_backups\retire-finder-feature-sweep-v4-20260720-085242\files\src\wingman2\layout\AppShell.tsx",".tsx","363","12.07"
".wingman-backups\discovery-unified-comms-20260717-110358\src\wingman2\lib\situationalConstraints.ts",".ts","363","17.33"
".wingman-backups\discovery-unified-comms-20260717-115522\src\wingman2\lib\situationalConstraints.ts",".ts","363","17.33"
".wingman-backups\discovery-unified-comms-20260717-110839\src\wingman2\lib\situationalConstraints.ts",".ts","363","17.33"
"src\wingman2\logic\usbPathValidator.ts",".ts","361","9.71"
".wingman-work\backups\20260811-125215\src\wingman2\logic\usbPathValidator.ts",".ts","361","9.71"
"src\wingman2\components\VoiceAnswerCaptureOverlay.tsx",".tsx","361","10.73"
".wingman-work\backups\20260811-125346\src\wingman2\logic\usbPathValidator.ts",".ts","361","9.71"
".wingman-work\backups\20260811-125821\src\wingman2\logic\usbPathValidator.ts",".ts","361","9.71"
"tools\audit-product-classifications-v2.mjs",".mjs","361","12.64"
".wingman-work\backups\20260811-125821\src\wingman2\components\VoiceAnswerCaptureOverlay.tsx",".tsx","361","10.73"
".wingman-work\backups\20260811-125346\src\wingman2\components\VoiceAnswerCaptureOverlay.tsx",".tsx","361","10.73"
".wingman-work\backups\20260811-125215\src\wingman2\components\VoiceAnswerCaptureOverlay.tsx",".tsx","361","10.73"
".wingman-work\backups\20260811-125821\src\wingman2\components\HubCardArt.tsx",".tsx","359","16.79"
".wingman-work\backups\20260811-125215\src\wingman2\components\HubCardArt.tsx",".tsx","359","16.79"
".wingman-work\backups\20260811-125346\src\wingman2\components\HubCardArt.tsx",".tsx","359","16.79"
"src\wingman2\components\HubCardArt.tsx",".tsx","359","16.79"
"archive\_wingman_backup_compare_filter_logic_guard_20260615-123108\src\wingman2\components\workflow\WorkflowAlphaNumericFilter.tsx",".tsx","357","10.17"
"archive\_wingman_backup_restore_sweeping_guru_20260614-064242\src\wingman2\components\guru\GuruHelper.tsx",".tsx","355","9.55"
"archive\_wingman_backup_guru_icon_fix_20260614-051319\GuruHelper.tsx",".tsx","355","9.55"
".wingman-backups\dashboard-guru-20260712-092949\src\wingman2\components\WingmanGuruFab.tsx",".tsx","355","8.79"
"archive\_wingman_backup_before_compare_restore_20260614-052137\src_wingman2_components_guru_GuruHelper.tsx",".tsx","355","9.56"
"archive\_wingman_backup_compare_native_cleanup_20260615-133847\src\wingman2\components\workflow\WorkflowAlphaNumericFilter.tsx",".tsx","355","10.14"
"archive\_wingman_backup_restore_global_guru_20260614-064442\src\wingman2\components\guru\GuruHelper.tsx",".tsx","355","9.55"
"archive\_wingman_backup_mic_scope_20260614-061410\GuruHelper.tsx",".tsx","355","9.55"
"archive\_wingman_backup_guru_single_instance_20260614-063825\src\wingman2\components\guru\GuruHelper.tsx",".tsx","355","9.55"
".wingman-backups\app-style-consistency-20260710-213625\AppShell.tsx",".tsx","354","11.74"
"archive\repo-cleanup-20260709-050830\root-backups\_wingman_backup_dashboard_compact_shell_20260630-094748\src\wingman2\pages\DashboardPage.tsx",".tsx","352","11.65"
"archive\_wingman_backup_guru_repair_20260614-051054\src\wingman2\components\guru\GuruHelper.tsx",".tsx","349","9.37"
"archive\backups\compare-page-gate-fix-2026-06-08_10-56-21\src\wingman2\pages\ComparePageNew.tsx",".tsx","349","13.63"
"archive\_wingman_backup_ip300_compare_fix_20260614-093023\wyrestormCompareDirectCandidateMap.ts",".ts","348","11.92"
"archive\_wingman_backup_pre_compare_cleanup_20260614-083913\src\wingman2\lib\wyrestormCompareDirectCandidateMap.ts",".ts","348","11.92"
"archive\_wingman_backup_guru_single_instance_20260614-063825\src\wingman2\lib\productStoryEngine.ts",".ts","347","20.52"
".wingman-backups\verified-proposal-templates-20260710-200928\files\src\wingman2\lib\customRoomTemplates.ts",".ts","346","13.47"
"archive\_wingman_backup_guru_single_instance_20260614-063825\src\__tests__\documentExtract.test.ts",".ts","345","13.83"
"archive\_wingman_backup_actual_sku_alpha_filter_20260615-122021\src\wingman2\components\workflow\WorkflowAlphaNumericFilter.tsx",".tsx","344","9.42"
"src\wingman2\pages\DashboardPage.tsx",".tsx","342","10.72"
".wingman-work\backups\20260811-125346\src\wingman2\pages\DashboardPage.tsx",".tsx","342","10.72"
".wingman-work\backups\20260811-125215\src\wingman2\pages\DashboardPage.tsx",".tsx","342","10.72"
".wingman-work\backups\20260811-125821\src\wingman2\pages\DashboardPage.tsx",".tsx","342","10.72"
"archive\_wingman_backup_guru_single_instance_20260614-063825\src\wingman2\data\competitorSourceFeeds.ts",".ts","341","10.36"
"_backups\retire-finder-feature-sweep-v4-20260720-085242\files\tools\audit-wingman-engine-routing.mjs",".mjs","341","11.09"
"tools\audit-wingman-engine-routing.mjs",".mjs","341","11.13"
"_backups\retire-finder-feature-sweep-v5-20260720-085648\files\tools\audit-wingman-engine-routing.mjs",".mjs","341","11.09"
"_backups\retire-finder-feature-sweep-v3-20260720-084642\files\tools\audit-wingman-engine-routing.mjs",".mjs","341","11.09"
"src\wingman2\lib\competitorMatchDecisionLedger.ts",".ts","340","9.22"
".wingman-work\backups\20260811-125215\src\wingman2\lib\competitorMatchDecisionLedger.ts",".ts","340","9.22"
".wingman-work\backups\20260811-125346\src\wingman2\lib\competitorMatchDecisionLedger.ts",".ts","340","9.22"
".wingman-work\backups\20260811-125821\src\wingman2\lib\competitorMatchDecisionLedger.ts",".ts","340","9.22"
"_backups\retire-finder-feature-sweep-v5-20260720-085648\files\src\wingman2\pages\DashboardPage.tsx",".tsx","339","10.68"
"_backups\retire-finder-feature-sweep-v4-20260720-085242\files\src\wingman2\pages\DashboardPage.tsx",".tsx","339","10.68"
"archive\_wingman_backup_guru_single_instance_20260614-063825\src\wingman2\logic\productClassifier.ts",".ts","338","13.09"
".wingman-work\backups\20260811-125346\src\wingman2\lib\compareSpecEngine.test.ts",".ts","336","13.24"
".wingman-work\backups\20260811-125215\src\wingman2\lib\compareSpecEngine.test.ts",".ts","336","13.24"
".wingman-work\backups\20260811-125821\src\wingman2\lib\compareSpecEngine.test.ts",".ts","336","13.24"
"src\wingman2\lib\compareSpecEngine.test.ts",".ts","336","13.24"
"_backups\retire-finder-feature-sweep-v3-20260720-084642\files\tools\check-product-matching-scenarios.mjs",".mjs","335","13.16"
"_backups\retire-finder-feature-sweep-v5-20260720-085648\files\tools\check-product-matching-scenarios.mjs",".mjs","335","13.16"
"_backups\retire-finder-feature-sweep-v4-20260720-085242\files\tools\check-product-matching-scenarios.mjs",".mjs","335","13.16"
"server\shared\product-classification.mjs",".mjs","333","11.94"
".wingman-work\backups\20260811-125821\src\wingman2\lib\productCallCardClassification.test.ts",".ts","333","9.85"
"tools\stabilise-product-call-cards-gallery-examples.mjs",".mjs","333","9.74"
".wingman-work\backups\20260811-125215\src\wingman2\lib\productCallCardClassification.test.ts",".ts","333","9.85"
".wingman-work\backups\20260811-125346\src\wingman2\lib\productCallCardClassification.test.ts",".ts","333","9.85"
"src\wingman2\lib\productCallCardClassification.test.ts",".ts","333","9.85"
"archive\_wingman_backup_guru_single_instance_20260614-063825\src\wingman2\components\WingmanGuruFab.tsx",".tsx","331","8.66"
"tools\repair-product-call-card-accessory-language.mjs",".mjs","331","11.2"
"tools\load-test.mjs",".mjs","331","9.5"
"tools\draft-technical-profiles-batch1.mjs",".mjs","329","18.6"
"src\wingman2\data\wingmanLanguage.ts",".ts","327","7.66"
".wingman-work\backups\20260811-125215\src\wingman2\data\wingmanLanguage.ts",".ts","327","7.66"
".wingman-work\backups\20260811-125346\src\wingman2\data\wingmanLanguage.ts",".ts","327","7.66"
".wingman-work\backups\20260811-125821\src\wingman2\data\wingmanLanguage.ts",".ts","327","7.66"
"src\wingman2\lib\recommendationEvidence.priority3.test.ts",".ts","326","13.76"
".wingman-work\backups\20260811-125215\src\wingman2\lib\recommendationEvidence.priority3.test.ts",".ts","326","13.76"
".wingman-work\backups\20260811-125346\src\wingman2\lib\recommendationEvidence.priority3.test.ts",".ts","326","13.76"
".wingman-work\backups\20260811-125821\src\wingman2\lib\recommendationEvidence.priority3.test.ts",".ts","326","13.76"
"tools\check-product-matching-scenarios.mjs",".mjs","326","12.92"
"archive\_wingman_backup_compare_workflow_cleanup_20260613-214444\src\wingman2\components\compare\CompareWirelessPresentationOverride.tsx",".tsx","324","10.07"
"data\governance\avoip-technology-registry.json",".json","324","8.9"
".wingman-work\backups\20260811-125346\src\wingman2\pages\TemplateReviewPage.tsx",".tsx","322","24.4"
".wingman-work\backups\20260811-125821\src\wingman2\pages\TemplateReviewPage.tsx",".tsx","322","24.4"
"src\wingman2\pages\TemplateReviewPage.tsx",".tsx","322","24.4"
"archive\_wingman_backup_guru_single_instance_20260614-063825\src\wingman2\pages\VideowallBuilderPage.tsx",".tsx","322","12.37"
".wingman-work\backups\20260811-125215\src\wingman2\pages\TemplateReviewPage.tsx",".tsx","322","24.4"
"archive\_wingman_backup_guru_single_instance_20260614-063825\src\wingman2\data\workflowHandoff.ts",".ts","321","13.08"
"archive\repo-cleanup-20260709-050830\root-backups\_wingman_backup_apo_dg2_dependency_rule_20260706-112917\src\__tests__\compareWorkflowRendered.test.tsx",".tsx","321","13.57"
"archive\repo-cleanup-20260709-050830\root-backups\_wingman_backup_lightware_mmx6x2_csv_and_test_20260706-112118\compareWorkflowRendered.test.tsx",".tsx","320","13.5"
"archive\repo-cleanup-20260709-050830\root-backups\_wingman_backup_compare_render_test_20260706-105419\compareWorkflowRendered.test.tsx",".tsx","320","13.49"
"archive\_wingman_backup_sales_helper_mic_capture_20260614-094542\SalesHelperPage.tsx",".tsx","318","9.29"
"tools\draft-technical-profiles-batch3.mjs",".mjs","315","19.05"
"archive\repo-cleanup-20260709-050830\root-backups\_wingman_backup_apo_dg2_remaining_refs_20260706-113037\compareCandidateGate.ts",".ts","315","10.9"
"archive\repo-cleanup-20260709-050830\root-backups\_wingman_backup_apo_dg2_dependency_rule_20260706-112917\src\wingman2\lib\compareCandidateGate.ts",".ts","315","10.9"
"archive\repo-cleanup-20260709-050830\root-backups\_wingman_backup_apo_dg2_typecheck_repair_20260706-113211\compareCandidateGate.ts",".ts","315","10.9"
"src\wingman2\lib\competitorCompareBehaviour.test.ts",".ts","314","14.43"
"archive\repo-cleanup-20260709-050830\root-backups\_wingman_backup_compare_auto_identify_overconfidence_20260701-163802\compareAutoIdentify.ts",".ts","314","10.4"
".wingman-work\backups\20260811-125346\src\wingman2\lib\competitorCompareBehaviour.test.ts",".ts","314","14.43"
"archive\repo-cleanup-20260709-050830\root-backups\_wingman_backup_compare_auto_identify_overconfidence_20260701-163910\compareAutoIdentify.ts",".ts","314","10.4"
".wingman-work\backups\20260811-125215\src\wingman2\lib\competitorCompareBehaviour.test.ts",".ts","314","14.43"
".wingman-work\backups\20260811-125821\src\wingman2\lib\competitorCompareBehaviour.test.ts",".ts","314","14.43"
"archive\_wingman_backup_guru_single_instance_20260614-063825\src\wingman2\pages\ProfilePage.tsx",".tsx","313","8.96"
"archive\repo-cleanup-20260709-050830\root-backups\_wingman_backup_home_navhub_header_20260630-133036\src\wingman2\pages\DashboardPage.tsx",".tsx","311","10.38"
".wingman-work\backups\20260811-125215\src\wingman2\pages\discovery\discoveryAnswerUtils.ts",".ts","310","10.28"
".wingman-work\backups\20260811-125346\src\wingman2\pages\discovery\discoveryAnswerUtils.ts",".ts","310","10.28"
"src\wingman2\pages\GlossaryPage.tsx",".tsx","310","10.63"
"src\wingman2\pages\discovery\discoveryAnswerUtils.ts",".ts","310","10.28"
".wingman-work\backups\20260811-125821\src\wingman2\pages\discovery\discoveryAnswerUtils.ts",".ts","310","10.28"
"archive\_wingman_backup_unreferenced_src_modules_20260710-104753\src\wingman2\pages\compareTemplates.ts",".ts","310","18.11"
".wingman-work\backups\20260811-125346\src\wingman2\pages\GlossaryPage.tsx",".tsx","310","10.63"
".wingman-work\backups\20260811-125215\src\wingman2\pages\GlossaryPage.tsx",".tsx","310","10.63"
".wingman-work\backups\20260811-125821\src\wingman2\pages\GlossaryPage.tsx",".tsx","310","10.63"
"archive\repo-cleanup-20260709-050830\root-backups\_wingman_backup_home_body_reset_20260630-133647\src\wingman2\pages\DashboardPage.tsx",".tsx","309","10.35"
"archive\_wingman_backup_guru_single_instance_20260614-063825\src\wingman2\pages\ProjectDetailPage.tsx",".tsx","308","12.06"
"archive\_wingman_backup_guru_single_instance_20260614-063825\src\wingman2\components\GuruRovingIcon.tsx",".tsx","308","9.72"
".wingman-work\backups\20260811-125821\src\wingman2\lib\salesReadiness.ts",".ts","307","11.98"
"src\wingman2\lib\salesReadiness.ts",".ts","307","11.98"
".wingman-work\backups\20260811-125346\src\wingman2\lib\salesReadiness.ts",".ts","307","11.98"
"archive\backups\fix-visual-design-pagehero-import-2026-06-08_11-25-13\src\wingman2\pages\VisualDesignStudioPage.tsx",".tsx","307","11.58"
"server\intelligence\auto-draft-builder.mjs",".mjs","307","17.91"
".wingman-work\backups\20260811-125215\src\wingman2\lib\salesReadiness.ts",".ts","307","11.98"
".wingman-backups\visual-studio-background-20260712-112955\VisualStudioCanvas.tsx",".tsx","307","9.61"
".wingman-backups\visual-studio-edges-20260712-111550\VisualStudioCanvas.tsx",".tsx","306","9.57"
"backups\visual-studio-viewport-fix-20260712-123722\src\wingman2\components\VisualStudioCanvas.tsx",".tsx","305","9.55"
"backups\visual-studio-viewport-fix-20260712-124259\src\wingman2\components\VisualStudioCanvas.tsx",".tsx","305","9.55"
"backups\visual-studio-viewport-fix-20260712-123926\src\wingman2\components\VisualStudioCanvas.tsx",".tsx","305","9.55"
"backups\visual-studio-fit-header-fix-20260712-124959\src\wingman2\components\VisualStudioCanvas.tsx",".tsx","305","9.55"
"backups\visual-studio-connectivity-layout-fix-20260712-130000\src\wingman2\components\VisualStudioCanvas.tsx",".tsx","305","9.56"
".wingman-work\backups\20260811-125346\src\wingman2\lib\schematic\wholeProjectVisualDiagram.ts",".ts","303","9.86"
".wingman-work\backups\20260811-125821\src\wingman2\lib\schematic\wholeProjectVisualDiagram.ts",".ts","303","9.86"
".wingman-work\backups\20260811-125215\src\wingman2\lib\schematic\wholeProjectVisualDiagram.ts",".ts","303","9.86"
"src\wingman2\lib\schematic\wholeProjectVisualDiagram.ts",".ts","303","9.86"
".wingman-work\backups\20260811-125821\src\wingman2\lib\proposalDocxExport.ts",".ts","302","20.55"
".wingman-work\backups\20260811-125215\src\wingman2\lib\proposalDocxExport.ts",".ts","302","20.55"
"src\wingman2\lib\proposalDocxExport.ts",".ts","302","20.55"
".wingman-work\backups\20260811-125346\src\wingman2\lib\proposalDocxExport.ts",".ts","302","20.55"
"archive\_wingman_backup_guru_single_instance_20260614-063825\src\wingman2\components\TemplateSchematic.tsx",".tsx","301","12.31"
"src\wingman2\lib\visioExport.ts",".ts","299","12.48"
"archive\_wingman_backup_guru_single_instance_20260614-063825\src\wingman2\data\wingmanLanguage.ts",".ts","299","7.04"
".wingman-work\backups\20260811-125821\src\wingman2\lib\visioExport.ts",".ts","299","12.48"
".wingman-work\backups\20260811-125215\src\wingman2\lib\visioExport.ts",".ts","299","12.48"
".wingman-work\backups\20260811-125346\src\wingman2\lib\visioExport.ts",".ts","299","12.48"
".wingman-backups\templates-products-header-20260710-221014\TemplatesPage.tsx",".tsx","298","10.66"
".wingman-backups\templates-products-header-v2-20260710-221218\TemplatesPage.tsx",".tsx","298","10.66"
".wingman-backups\templates-products-header-v2-20260710-221252\TemplatesPage.tsx",".tsx","298","10.64"
".wingman-backups\templates-products-header-20260710-221048\TemplatesPage.tsx",".tsx","298","10.66"
".wingman-backups\templates-page-refocus-20260710-214915\TemplatesPage.tsx",".tsx","297","10.61"
"archive\_wingman_backup_guru_single_instance_20260614-063825\src\wingman2\components\VoiceAnswerCaptureOverlay.tsx",".tsx","297","9.59"
".wingman-backups\templates-action-placement-20260710-215328\TemplatesPage.tsx",".tsx","297","10.61"
"archive\_wingman_backup_speech_type_fix_20260614-201933\VoiceAnswerCaptureOverlay.tsx",".tsx","297","9.59"
".wingman-backups\templates-products-header-20260710-220858\TemplatesPage.tsx",".tsx","297","10.61"
"archive\_wingman_backup_guru_single_instance_20260614-063825\src\wingman2\app\resultsClearUntilAction.ts",".ts","296","7.97"
"tools\check-wyrestorm-product-updates.mjs",".mjs","295","9.22"
"archive\backups\product-call-cards-phase1a-2026-06-07-20-08-19\src\wingman2\pages\productCallCards\store.ts",".ts","295","19.06"
"archive\_wingman_backup_guru_single_instance_20260614-063825\src\wingman2\logic\usbPathValidator.ts",".ts","294","8.98"
".wingman-work\backups\20260811-125821\src\wingman2\lib\productRoleResolution.ts",".ts","293","11.26"
"src\wingman2\lib\productRoleResolution.ts",".ts","293","11.26"
".wingman-work\backups\20260811-125215\src\wingman2\lib\productRoleResolution.ts",".ts","293","11.26"
".wingman-work\backups\20260811-125346\src\wingman2\lib\productRoleResolution.ts",".ts","293","11.26"
"archive\backups\response-pack-product-schematic-context-2026-06-08_11-23-41\src\wingman2\pages\VisualDesignStudioPage.tsx",".tsx","293","11.13"
"archive\repo-cleanup-20260709-050830\root-backups\_wingman_backup_dashboard_title_guard_20260706-095232\DashboardPage.tsx",".tsx","292","9.97"
"archive\repo-cleanup-20260709-050830\root-backups\_wingman_backup_dashboard_second_title_20260706-095419\DashboardPage.tsx",".tsx","292","9.99"
"archive\_wingman_backup_guru_single_instance_20260614-063825\src\wingman2\pages\compareTemplates.ts",".ts","292","17.49"
"archive\repo-cleanup-20260709-050830\root-backups\_wingman_backup_dashboard_markup_guard_20260706-095120\DashboardPage.tsx",".tsx","292","9.91"
"archive\repo-cleanup-20260709-050830\root-artifacts\install.DISCARDED\DashboardPage.tsx",".tsx","292","9.91"
"archive\repo-cleanup-20260709-050830\root-backups\_wingman_backup_home_navhub_reset_20260630-134236\src\wingman2\pages\DashboardPage.tsx",".tsx","292","9.67"
"backups\visual-studio-connectivity-layout-fix-20260712-130000\src\wingman2\lib\visualStudioProductConnection.ts",".ts","292","10.53"
"archive\repo-cleanup-20260709-050830\root-artifacts\DashboardPage.tsx",".tsx","292","9.91"
"archive\repo-cleanup-20260709-050830\root-backups\_wingman_backup_dashboard_markup_guard_20260706-095040\DashboardPage.tsx",".tsx","292","9.91"
"tools\repair-product-call-cards-invalid-hooks.mjs",".mjs","292","7.5"
"tools\draft-technical-profiles-batch2.mjs",".mjs","291","17.15"
"src\wingman2\lib\productAssurance.ts",".ts","290","10.15"
".wingman-work\backups\20260811-125821\src\wingman2\lib\productAssurance.ts",".ts","290","10.15"
"archive\_wingman_backup_sales_helper_wizard_20260614-094034\SalesHelperPage.tsx",".tsx","290","8.75"
".wingman-work\backups\20260811-125215\src\wingman2\lib\productAssurance.ts",".ts","290","10.15"
".wingman-work\backups\20260811-125346\src\wingman2\lib\visualStudioSamples.ts",".ts","290","17.09"
".wingman-work\backups\20260811-125215\src\wingman2\lib\visualStudioSamples.ts",".ts","290","17.09"
"src\wingman2\lib\visualStudioSamples.ts",".ts","290","17.09"
".wingman-work\backups\20260811-125821\src\wingman2\lib\visualStudioSamples.ts",".ts","290","17.09"
".wingman-work\backups\20260811-125346\src\wingman2\lib\productAssurance.ts",".ts","290","10.15"
"_backups\retire-finder-feature-sweep-v5-20260720-085648\files\src\wingman2\pages\GlossaryPage.tsx",".tsx","289","9.99"
"_backups\retire-finder-feature-sweep-v3-20260720-084642\files\src\wingman2\pages\GlossaryPage.tsx",".tsx","289","9.99"
"_backups\retire-finder-feature-sweep-v4-20260720-085242\files\src\wingman2\pages\GlossaryPage.tsx",".tsx","289","9.99"
".wingman-work\backups\20260811-125215\src\__tests__\templateMarketFiltersAndCustomTemplates.test.tsx",".tsx","288","11.44"
".wingman-work\backups\20260811-125346\src\__tests__\templateMarketFiltersAndCustomTemplates.test.tsx",".tsx","288","11.44"
"reports\wingman-product-technical-profile-summary.json",".json","288","7.58"
".wingman-work\backups\20260811-125821\src\__tests__\templateMarketFiltersAndCustomTemplates.test.tsx",".tsx","288","11.44"
"src\__tests__\templateMarketFiltersAndCustomTemplates.test.tsx",".tsx","288","11.44"
"_backups\retire-finder-feature-sweep-v5-20260720-085648\files\tools\migrate-wingman-page-markup.mjs",".mjs","287","7.73"
"_backups\retire-finder-feature-sweep-v4-20260720-085242\files\tools\migrate-wingman-page-markup.mjs",".mjs","287","7.73"
"tools\migrate-wingman-page-markup.mjs",".mjs","287","7.74"
"_backups\retire-finder-feature-sweep-v3-20260720-084642\files\tools\migrate-wingman-page-markup.mjs",".mjs","287","7.73"
"archive\_wingman_backup_guru_single_instance_20260614-063825\src\wingman2\lib\visualStudioSamples.ts",".ts","286","15.99"
"src\__tests__\singleGuruEntryPoint.test.ts",".ts","286","7.45"
".wingman-work\backups\20260811-125821\src\__tests__\singleGuruEntryPoint.test.ts",".ts","286","7.45"
".wingman-work\backups\20260811-125215\src\__tests__\singleGuruEntryPoint.test.ts",".ts","286","7.45"
".wingman-work\backups\20260811-125346\src\__tests__\singleGuruEntryPoint.test.ts",".ts","286","7.45"
"tools\production-readiness-check.mjs",".mjs","283","9.78"
".wingman-work\backups\20260811-125346\src\wingman2\lib\roomSchematicEngine.ts",".ts","282","11.5"
"src\wingman2\lib\roomSchematicEngine.ts",".ts","282","11.5"
".wingman-work\backups\20260811-125821\src\wingman2\lib\roomSchematicEngine.ts",".ts","282","11.5"
"archive\_wingman_backup_compare_match_detection_fix_20260615-125107\src\wingman2\components\workflow\CompareMatchPresentationGuard.tsx",".tsx","282","8.44"
".wingman-work\backups\20260811-125215\src\wingman2\lib\roomSchematicEngine.ts",".ts","282","11.5"
"tools\repair-template-market-filters.cjs",".cjs","278","9.98"
"_backups\retire-finder-feature-sweep-v5-20260720-085648\files\src\wingman2\lib\schematic\projectToSchematicBrief.ts",".ts","276","10.4"
".wingman-work\backups\20260811-125821\src\wingman2\lib\schematic\projectToSchematicBrief.ts",".ts","276","10.44"
".wingman-work\backups\20260811-125215\src\wingman2\lib\schematic\projectToSchematicBrief.ts",".ts","276","10.44"
".wingman-work\backups\20260811-125346\src\wingman2\lib\schematic\projectToSchematicBrief.ts",".ts","276","10.44"
"src\wingman2\lib\schematic\projectToSchematicBrief.ts",".ts","276","10.44"
"_backups\retire-finder-feature-sweep-v3-20260720-084642\files\src\wingman2\lib\schematic\projectToSchematicBrief.ts",".ts","276","10.4"
"_backups\retire-finder-feature-sweep-v4-20260720-085242\files\src\wingman2\lib\schematic\projectToSchematicBrief.ts",".ts","276","10.4"
".wingman-work\backups\20260811-125346\src\wingman2\pages\ProjectsPage.tsx",".tsx","275","12.65"
"src\wingman2\pages\ProjectsPage.tsx",".tsx","275","12.65"
".wingman-work\backups\20260811-125821\src\wingman2\pages\ProjectsPage.tsx",".tsx","275","12.65"
".wingman-work\backups\20260811-125215\src\wingman2\pages\ProjectsPage.tsx",".tsx","275","12.65"
"archive\_wingman_backup_guru_single_instance_20260614-063825\src\wingman2\pages\IngestPage.tsx",".tsx","273","12.21"
"archive\repo-cleanup-20260709-050830\root-backups\_wingman_backup_compare_class_gate_20260704-205242\src\wingman2\lib\compareCandidateGate.ts",".ts","270","10.49"
"archive\_wingman_backup_guru_single_instance_20260614-063825\src\wingman2\components\ProductSalesKnowledgePanel.tsx",".tsx","270","8.41"
"archive\repo-cleanup-20260709-050830\root-backups\_wingman_backup_apo_dg2_dependency_rule_20260706-112917\src\wingman2\lib\competitorCompareBehaviour.test.ts",".ts","269","12.32"
"archive\repo-cleanup-20260709-050830\root-backups\_wingman_backup_home_navhub_shared_ui_20260630-141354\src\wingman2\pages\DashboardPage.tsx",".tsx","268","8.87"
".wingman-backups\visual-studio-edges-20260712-111550\visualStudioDiagramFactory.ts",".ts","268","6.99"
".wingman-backups\dashboard-guru-20260712-092949\src\wingman2\pages\DashboardPage.tsx",".tsx","266","9.47"
"archive\repo-cleanup-20260709-050830\root-backups\_wingman_backup_home_navhub_reset_20260630-134327\src\wingman2\pages\DashboardPage.tsx",".tsx","266","8.86"
"archive\repo-cleanup-20260709-050830\root-backups\_wingman_backup_home_shared_css_20260630-134642\src\wingman2\pages\DashboardPage.tsx",".tsx","266","8.86"
"tools\check-wyrestorm-technical-data.mjs",".mjs","266","10.24"
"backups\visual-studio-viewport-fix-20260712-124259\src\wingman2\lib\visualStudioDiagramFactory.ts",".ts","265","6.88"
".wingman-backups\dashboard-guru-20260712-092537\src\wingman2\pages\DashboardPage.tsx",".tsx","265","9.33"
"backups\visual-studio-viewport-fix-20260712-123926\src\wingman2\lib\visualStudioDiagramFactory.ts",".ts","265","6.88"
"backups\visual-studio-viewport-fix-20260712-123722\src\wingman2\lib\visualStudioDiagramFactory.ts",".ts","265","6.88"
"backups\visual-studio-connectivity-layout-fix-20260712-130000\src\wingman2\lib\visualStudioDiagramFactory.ts",".ts","265","6.88"
"backups\visual-studio-fit-header-fix-20260712-124959\src\wingman2\lib\visualStudioDiagramFactory.ts",".ts","265","6.88"
"tools\draft-missing-technical-profiles.mjs",".mjs","264","12.28"
".wingman-work\backups\20260811-125346\src\wingman2\components\ReportProblemButton.tsx",".tsx","262","9.48"
"src\wingman2\components\ReportProblemButton.tsx",".tsx","262","9.48"
".wingman-work\backups\20260811-125821\src\wingman2\components\ReportProblemButton.tsx",".tsx","262","9.48"
".wingman-work\backups\20260811-125215\src\wingman2\components\ReportProblemButton.tsx",".tsx","262","9.48"
"archive\_wingman_backup_compare_native_cleanup_20260615-133847\src\wingman2\components\workflow\ProductStoryLanguageEnhancer.tsx",".tsx","261","8.03"
"archive\_wingman_backup_guru_single_instance_20260614-063825\src\wingman2\lib\compareCandidateGate.ts",".ts","261","10.18"
"archive\_wingman_backup_guru_single_instance_20260614-063825\src\wingman2\pages\GlossaryPage.tsx",".tsx","261","7.78"
"src\wingman2\lib\engineRobustness.test.ts",".ts","260","9.13"
".wingman-work\backups\20260811-125821\src\wingman2\lib\microphoneSafety.ts",".ts","260","6.56"
".wingman-work\backups\20260811-125346\src\wingman2\lib\engineRobustness.test.ts",".ts","260","9.13"
"src\wingman2\lib\microphoneSafety.ts",".ts","260","6.56"
".wingman-work\backups\20260811-125346\src\wingman2\lib\microphoneSafety.ts",".ts","260","6.56"
".wingman-work\backups\20260811-125821\src\wingman2\lib\engineRobustness.test.ts",".ts","260","9.13"
".wingman-work\backups\20260811-125215\src\wingman2\lib\microphoneSafety.ts",".ts","260","6.56"
".wingman-work\backups\20260811-125215\src\wingman2\lib\engineRobustness.test.ts",".ts","260","9.13"
"src\wingman2\lib\compareRuntimePipeline.ts",".ts","259","7.54"
".wingman-work\backups\20260811-125821\src\wingman2\lib\compareRuntimePipeline.ts",".ts","259","7.54"
".wingman-work\backups\20260811-125215\src\wingman2\lib\compareRuntimePipeline.ts",".ts","259","7.54"
".wingman-work\backups\20260811-125346\src\wingman2\lib\compareRuntimePipeline.ts",".ts","259","7.54"
"tools\audit-text-hygiene.mjs",".mjs","258","7.09"
".wingman-backups\templates-page-refocus-20260710-214845\TemplatesPage.tsx",".tsx","257","9.15"
".wingman-backups\verified-proposal-templates-20260710-200928\files\src\wingman2\pages\TemplatesPage.tsx",".tsx","256","9.03"
"public\wyrestorm-product-update-check.json",".json","256","15.98"
"src\wingman2\components\guruGlossaryLinks.tsx",".tsx","256","8.38"
"server\wingman-app-store.test.mjs",".mjs","256","7.97"
".wingman-work\backups\20260811-125215\src\wingman2\components\guruGlossaryLinks.tsx",".tsx","256","8.38"
".wingman-work\backups\20260811-125821\src\wingman2\components\guruGlossaryLinks.tsx",".tsx","256","8.38"
".wingman-work\backups\20260811-125346\src\wingman2\components\guruGlossaryLinks.tsx",".tsx","256","8.38"
".wingman-work\backups\20260811-125346\src\wingman2\lib\productCallCardClassification.ts",".ts","255","7.04"
".wingman-work\backups\20260811-125821\src\wingman2\lib\productCallCardClassification.ts",".ts","255","7.04"
"src\wingman2\lib\productCallCardClassification.ts",".ts","255","7.04"
".wingman-work\backups\20260811-125346\src\wingman2\components\GuruCallNotesInterpreter.tsx",".tsx","255","9.31"
"tools\generate-product-media-index.mjs",".mjs","255","7.97"
".wingman-work\backups\20260811-125215\src\wingman2\lib\productCallCardClassification.ts",".ts","255","7.04"
".wingman-work\backups\20260811-125821\src\wingman2\components\GuruCallNotesInterpreter.tsx",".tsx","255","9.31"
"src\wingman2\components\GuruCallNotesInterpreter.tsx",".tsx","255","9.31"
".wingman-work\backups\20260811-125215\src\wingman2\components\GuruCallNotesInterpreter.tsx",".tsx","255","9.31"
".wingman-work\backups\20260811-125821\src\wingman2\lib\competitorCompareDecision.test.ts",".ts","254","8.2"
".wingman-work\backups\20260811-125346\src\wingman2\lib\competitorCompareDecision.test.ts",".ts","254","8.2"
"src\wingman2\lib\competitorCompareDecision.test.ts",".ts","254","8.2"
".wingman-work\backups\20260811-125215\src\wingman2\lib\competitorCompareDecision.test.ts",".ts","254","8.2"
"_backups\retire-finder-feature-sweep-v3-20260720-084642\files\tools\audit-recommendation-accuracy-priority3.mjs",".mjs","252","7.74"
"_backups\retire-finder-feature-sweep-v4-20260720-085242\files\tools\audit-recommendation-accuracy-priority3.mjs",".mjs","252","7.74"
"tools\audit-recommendation-accuracy-priority3.mjs",".mjs","252","7.75"
"_backups\retire-finder-feature-sweep-v5-20260720-085648\files\tools\audit-recommendation-accuracy-priority3.mjs",".mjs","252","7.74"
"archive\_wingman_backup_guru_single_instance_20260614-063825\src\wingman2\utils\installWingmanLocalProjectApiFallback.ts",".ts","252","6.3"
"reports\wingman-page-density-report.json",".json","248","5.82"
"_backups\retire-finder-feature-sweep-v5-20260720-085648\files\tools\migrate-wingman-page-frames.mjs",".mjs","247","5.84"
"_backups\retire-finder-feature-sweep-v4-20260720-085242\files\tools\migrate-wingman-page-frames.mjs",".mjs","247","5.84"
"_backups\retire-finder-feature-sweep-v3-20260720-084642\files\tools\migrate-wingman-page-frames.mjs",".mjs","247","5.84"
"tools\migrate-wingman-page-frames.mjs",".mjs","247","5.85"
"archive\_wingman_backup_fix_compare_reset_suppression_20260613-213320\src\wingman2\components\compare\CompareWirelessPresentationOverride.tsx",".tsx","245","7.52"
"archive\_wingman_backup_compare_result_layout_20260615-190524\compareSkuAutoAdvanceBridge.ts",".ts","245","6.55"
"_backups\retire-finder-feature-sweep-v3-20260720-084642\files\src\wingman2\lib\salesReadiness.ts",".ts","242","9.66"
"_backups\retire-finder-feature-sweep-v5-20260720-085648\files\src\wingman2\lib\salesReadiness.ts",".ts","242","9.66"
"_backups\retire-finder-feature-sweep-v4-20260720-085242\files\src\wingman2\lib\salesReadiness.ts",".ts","242","9.66"
"tools\enforce-wingman-vertical-only-layout.mjs",".mjs","241","7.16"
".wingman-work\backups\20260811-125821\src\wingman2\lib\compareManufacturerAssist.ts",".ts","240","5.41"
".wingman-work\backups\20260811-125215\src\wingman2\lib\compareManufacturerAssist.ts",".ts","240","5.41"
".wingman-work\backups\20260811-125346\src\wingman2\lib\compareManufacturerAssist.ts",".ts","240","5.41"
"src\wingman2\lib\compareManufacturerAssist.ts",".ts","240","5.41"
"archive\_wingman_backup_guru_single_instance_20260614-063825\src\wingman2\app\pageHeroDensity.ts",".ts","238","6.54"
"archive\_wingman_backup_clean_wireless_compare_result_20260613-211951\src\wingman2\components\compare\CompareWirelessPresentationOverride.tsx",".tsx","238","7.38"
"tools\audit-product-story-coverage.mjs",".mjs","237","11.95"
"src\wingman2\lib\schematic\wingmanSchematicEngine.test.ts",".ts","236","10.81"
".wingman-work\backups\20260811-125821\src\wingman2\lib\schematic\wingmanSchematicEngine.test.ts",".ts","236","10.81"
".wingman-work\backups\20260811-125215\src\wingman2\lib\schematic\wingmanSchematicEngine.test.ts",".ts","236","10.81"
".wingman-work\backups\20260811-125346\src\wingman2\lib\schematic\wingmanSchematicEngine.test.ts",".ts","236","10.81"
"tools\lib\wingman-size-budgets.mjs",".mjs","233","8.23"
"archive\_wingman_backup_guru_single_instance_20260614-063825\src\wingman2\utils\installDiscoveryDensityTuning.ts",".ts","232","8.08"
"data\schemas\wyrestorm-technical-profile.schema.json",".json","232","5.27"
".wingman-work\backups\20260811-125821\src\wingman2\pages\VisualStudioPage.tsx",".tsx","231","8.52"
".wingman-work\backups\20260811-125346\src\wingman2\pages\VisualStudioPage.tsx",".tsx","231","8.52"
"src\wingman2\pages\VisualStudioPage.tsx",".tsx","231","8.52"
".wingman-work\backups\20260811-125215\src\wingman2\pages\VisualStudioPage.tsx",".tsx","231","8.52"
".wingman-work\backups\20260811-125215\src\wingman2\components\visualDesign\WingmanGeneratedSchematicPanel.tsx",".tsx","229","7.69"
"src\wingman2\components\visualDesign\WingmanGeneratedSchematicPanel.tsx",".tsx","229","7.69"
".wingman-work\backups\20260811-125821\src\wingman2\components\visualDesign\WingmanGeneratedSchematicPanel.tsx",".tsx","229","7.69"
".wingman-work\backups\20260811-125346\src\wingman2\components\visualDesign\WingmanGeneratedSchematicPanel.tsx",".tsx","229","7.69"
"archive\repo-cleanup-20260709-050830\root-artifacts\install.DISCARDED\NavigationHubPages.tsx",".tsx","228","10.03"
".wingman-work\backups\20260811-125821\src\wingman2\app\route-manifest.json",".json","227","6.71"
".wingman-work\backups\20260811-125346\src\wingman2\app\route-manifest.json",".json","227","6.71"
"_backups\retire-finder-feature-sweep-v3-20260720-084642\files\src\wingman2\app\route-manifest.json",".json","227","6.63"
"_backups\retire-finder-feature-sweep-v5-20260720-085648\files\src\wingman2\app\route-manifest.json",".json","227","6.63"
"archive\_wingman_backup_guru_single_instance_20260614-063825\src\wingman2\utils\installWingmanSalesMode.ts",".ts","227","6.97"
"_backups\retire-finder-feature-sweep-v4-20260720-085242\files\src\wingman2\app\route-manifest.json",".json","227","6.63"
"archive\_wingman_backup_compare_route_lock_20260614-102158\src\wingman2\app\route-manifest.json",".json","227","6"
"src\wingman2\app\route-manifest.json",".json","227","6.71"
".wingman-work\backups\20260811-125215\src\wingman2\app\route-manifest.json",".json","227","6.71"
"archive\repo-cleanup-20260709-050830\root-artifacts\_review\audit-text-hygiene.mjs",".mjs","226","5.91"
"archive\_wingman_backup_discovery_readiness_marker_20260614-204208\production-readiness-check.mjs",".mjs","226","8.82"
"data\wingman-product-role-overrides.json",".json","226","6.08"
".wingman-work\backups\20260811-125215\package.json",".json","225","17.79"
".wingman-work\backups\20260811-125346\package.json",".json","225","17.79"
"package.json",".json","225","17.79"
"tools\remove-room-template-blank-discovery-header.mjs",".mjs","225","6.48"
".wingman-work\backups\20260811-125821\package.json",".json","225","17.79"
"src\wingman2\pages\SalesHelperPage.tsx",".tsx","225","8.89"
".wingman-work\backups\20260811-125346\src\wingman2\pages\SalesHelperPage.tsx",".tsx","225","8.89"
"tools\check-app-page-style-consistency.mjs",".mjs","225","7.15"
".wingman-work\backups\20260811-125215\src\wingman2\pages\SalesHelperPage.tsx",".tsx","225","8.89"
".wingman-work\backups\20260811-125821\src\wingman2\pages\SalesHelperPage.tsx",".tsx","225","8.89"
".wingman-work\backups\20260811-125215\src\wingman2\api\wingmanApi.ts",".ts","223","5.7"
"src\wingman2\api\wingmanApi.ts",".ts","223","5.7"
".wingman-work\backups\20260811-125346\src\wingman2\api\wingmanApi.ts",".ts","223","5.7"
".wingman-work\backups\20260811-125821\src\wingman2\api\wingmanApi.ts",".ts","223","5.7"
"archive\_wingman_backup_guru_single_instance_20260614-063825\src\wingman2\lib\salesReadiness.ts",".ts","222","9.11"
"archive\repo-cleanup-20260709-050830\root-backups\_wingman_backup_page_markup_migration_20260630-074900\src\wingman2\pages\CatalogBrowserPage.tsx",".tsx","222","8.83"
"tools\audit-wingman-feature-surface.mjs",".mjs","222","7.73"
"archive\repo-cleanup-20260709-050830\root-backups\_wingman_backup_visual_utility_migration_20260630-082229\src\wingman2\pages\CatalogBrowserPage.tsx",".tsx","222","9.05"
"tools\repair-template-detail-horizontal-scroll.mjs",".mjs","221","7.98"
"archive\_wingman_backup_guru_single_instance_20260614-063825\src\wingman2\components\WingmanSalesIntelligence.tsx",".tsx","220","5.57"
"archive\_wingman_backup_guru_single_instance_20260614-063825\src\wingman2\layout\AppShell.tsx",".tsx","218","7.22"
"_backups\retire-finder-feature-sweep-v5-20260720-085648\files\src\wingman2\content\feature-audit.json",".json","218","10.66"
"archive\backups\presales-priority-1-5-2026-06-08_10-20-58\src\wingman2\app\route-manifest.json",".json","218","6.31"
"archive\backups\wingman-single-screen-fit-2026-06-08_12-28-23\src\wingman2\layout\AppShell.tsx",".tsx","218","7.22"
"archive\backups\wingman-single-screen-fit-2026-06-08_12-29-10\src\wingman2\layout\AppShell.tsx",".tsx","218","7.22"
"_backups\retire-finder-feature-sweep-v4-20260720-085242\files\src\wingman2\content\feature-audit.json",".json","218","10.66"
".wingman-work\backups\20260811-125346\src\wingman2\content\feature-audit.json",".json","217","10.6"
".wingman-work\backups\20260811-125215\src\wingman2\content\feature-audit.json",".json","217","10.6"
"src\wingman2\content\feature-audit.json",".json","217","10.6"
".wingman-work\backups\20260811-125821\src\wingman2\content\feature-audit.json",".json","217","10.6"
"tools\infer-hdmi-hdbaset-versions.mjs",".mjs","216","9.83"
"archive\backups\wingman-single-screen-fit-2026-06-08_12-12-34\src\wingman2\layout\AppShell.tsx",".tsx","216","7.11"
"archive\_wingman_backup_speech_type_fix_20260614-201933\GuruCallNotesInterpreter.tsx",".tsx","214","8.53"
"archive\_wingman_backup_guru_single_instance_20260614-063825\src\wingman2\components\GuruCallNotesInterpreter.tsx",".tsx","214","8.53"
"tools\repair-product-call-card-targeted-questions.mjs",".mjs","212","7.74"
"tools\audit-legacy-override-retirement.mjs",".mjs","211","7.01"
"archive\_wingman_backup_compare_result_styling_20260615-185918\compareSkuAutoAdvanceBridge.ts",".ts","210","5.45"
"tools\repair-wingman-page-scrolling.mjs",".mjs","210","6.13"
"archive\repo-cleanup-20260709-050830\root-backups\_wingman_backup_apo_dg2_dependency_rule_20260706-112917\src\wingman2\components\visualDesign\WingmanGeneratedSchematicPanel.tsx",".tsx","210","6.91"
"tools\product-intelligence-audit.mjs",".mjs","208","8.48"
"tools\infer-chroma-detail.mjs",".mjs","208","8.67"
".wingman-work\backups\20260811-125346\src\wingman2\lib\compareEquivalenceGuard.ts",".ts","207","6.88"
".wingman-work\backups\20260811-125215\src\wingman2\lib\compareEquivalenceGuard.ts",".ts","207","6.88"
"src\wingman2\lib\compareEquivalenceGuard.ts",".ts","207","6.88"
"tools\check-size-budgets.mjs",".mjs","207","6.94"
".wingman-work\backups\20260811-125215\src\wingman2\lib\schematic\schematicProductRules.ts",".ts","207","6.21"
".wingman-work\backups\20260811-125821\src\wingman2\lib\schematic\schematicProductRules.ts",".ts","207","6.21"
"src\wingman2\lib\schematic\schematicProductRules.ts",".ts","207","6.21"
".wingman-work\backups\20260811-125821\src\wingman2\lib\compareEquivalenceGuard.ts",".ts","207","6.88"
"archive\_wingman_backup_guru_single_instance_20260614-063825\src\wingman2\pages\productCallCards\ProductCallCardsProductPage.tsx",".tsx","207","7.52"
".wingman-work\backups\20260811-125346\src\wingman2\lib\schematic\schematicProductRules.ts",".ts","207","6.21"
"archive\repo-cleanup-20260709-050830\root-backups\_wingman_backup_page_markup_migration_20260630-074900\src\wingman2\pages\ProjectsPage.tsx",".tsx","205","6.96"
"archive\repo-cleanup-20260709-050830\root-backups\_wingman_backup_visual_utility_migration_20260630-082229\src\wingman2\pages\ProjectsPage.tsx",".tsx","205","7.25"
"archive\_wingman_backup_guru_single_instance_20260614-063825\src\wingman2\lib\productSalesPositioning.ts",".ts","204","10.04"
".wingman-work\backups\20260811-125346\src\wingman2\lib\networkHdAvoipEquivalence.test.ts",".ts","204","9.33"
".wingman-work\backups\20260811-125215\src\wingman2\lib\networkHdAvoipEquivalence.test.ts",".ts","204","9.33"
"src\wingman2\lib\networkHdAvoipEquivalence.test.ts",".ts","204","9.33"
".wingman-work\backups\20260811-125821\src\wingman2\lib\networkHdAvoipEquivalence.test.ts",".ts","204","9.33"
"archive\_wingman_backup_pre_compare_cleanup_20260614-083913\src\wingman2\lib\knownAVDomainProfiles.ts",".ts","203","7.21"
"_backups\retire-finder-feature-sweep-v5-20260720-085648\transaction.json",".json","202","4.14"
"_backups\retire-finder-feature-sweep-v4-20260720-085242\transaction.json",".json","202","4.14"
".wingman-work\backups\20260811-125821\src\wingman2\lib\rigorousCompare.ts",".ts","201","7.26"
".wingman-work\backups\20260811-125215\src\wingman2\lib\rigorousCompare.ts",".ts","201","7.26"
"_backups\retire-finder-feature-sweep-v4-20260720-085242\files\tools\wingman-stress-check.mjs",".mjs","201","7.7"
"src\wingman2\lib\rigorousCompare.ts",".ts","201","7.26"
"tools\wingman-stress-check.mjs",".mjs","201","7.71"
"_backups\retire-finder-feature-sweep-v3-20260720-084642\files\tools\wingman-stress-check.mjs",".mjs","201","7.7"
"_backups\retire-finder-feature-sweep-v5-20260720-085648\files\tools\wingman-stress-check.mjs",".mjs","201","7.7"
".wingman-work\backups\20260811-125346\src\wingman2\lib\rigorousCompare.ts",".ts","201","7.26"
".wingman-backups\verified-proposal-templates-20260710-200928\files\src\wingman2\lib\proposalExport.ts",".ts","200","10.44"
"backups\avoip-data-20260713-193257\package.json",".json","200","15.53"
"tools\audit-wingman-route-registry-direct.mjs",".mjs","199","5.99"
"archive\_wingman_backup_guru_single_instance_20260614-063825\src\wingman2\pages\ProjectsPage.tsx",".tsx","199","7.08"
"archive\repo-cleanup-20260709-050830\root-backups\_wingman_backup_admin_db_bom_fix_20260706-143153\admin-product-db.mjs",".mjs","198","4.72"
"_backups\retire-finder-feature-sweep-v5-20260720-085648\files\package.json",".json","198","15.69"
"tools\admin-product-db.mjs",".mjs","198","4.74"
"_backups\retire-finder-feature-sweep-v4-20260720-085242\files\package.json",".json","198","15.69"
"data\catalog\competitor-compare.seed.json",".json","197","10.31"
"archive\_wingman_backup_product_callcards_sticky_layout_20260615-113741\src\wingman2\components\workflow\ProductStoryLanguageEnhancer.tsx",".tsx","196","6.14"
"tools\sanitize-product-intelligence-index.mjs",".mjs","195","4.67"
".wingman-work\backups\20260811-125821\src\wingman2\lib\productSelectorEngine.test.ts",".ts","195","6.49"
".wingman-work\backups\20260811-125215\src\wingman2\lib\productSelectorEngine.test.ts",".ts","195","6.49"
"src\wingman2\lib\productSelectorEngine.test.ts",".ts","195","6.49"
".wingman-work\backups\20260811-125346\src\wingman2\lib\productSelectorEngine.test.ts",".ts","195","6.49"
".wingman-backups\app-style-package-repair-20260710-214228\package.json",".json","195","14.99"
".wingman-backups\app-style-consistency-20260710-213625\package.json",".json","194","14.88"
".wingman-backups\app-style-package-repair-20260710-213752\package.json",".json","194","14.88"
".wingman-backups\windows-chunk-budget-20260710-201640\package.json",".json","194","14.88"
".wingman-backups\verified-proposal-templates-20260710-200928\files\package.json",".json","193","14.74"
"src\wingman2\lib\guruDetachedPanel.ts",".ts","192","4.81"
".wingman-work\backups\20260811-125346\src\wingman2\lib\guruDetachedPanel.ts",".ts","192","4.81"
"archive\_wingman_backup_guru_single_instance_20260614-063825\src\wingman2\pages\IntelligencePage.tsx",".tsx","192","7.21"
"archive\repo-cleanup-20260709-050830\root-backups\_wingman_backup_home_navhub_reset_20260630-134236\package.json",".json","192","14.69"
"archive\repo-cleanup-20260709-050830\root-backups\_wingman_backup_home_navhub_header_20260630-133036\package.json",".json","192","14.69"
"archive\repo-cleanup-20260709-050830\root-backups\_wingman_backup_visual_contract_20260630-132122\package.json",".json","192","14.69"
"archive\repo-cleanup-20260709-050830\root-backups\_wingman_backup_home_navhub_reset_20260630-134327\package.json",".json","192","14.69"
"archive\repo-cleanup-20260709-050830\root-backups\_wingman_backup_dashboard_drift_repair_20260630-083220\package.json",".json","192","14.69"
".wingman-work\backups\20260811-125821\src\wingman2\lib\guruDetachedPanel.ts",".ts","192","4.81"
".wingman-work\backups\20260811-125215\src\wingman2\lib\guruDetachedPanel.ts",".ts","192","4.81"
"archive\repo-cleanup-20260709-050830\root-backups\_wingman_backup_admin_db_bom_fix_20260706-143153\package.json",".json","191","18.71"
"tools\check-wingman-style-drift-baseline.mjs",".mjs","191","5.97"
"tools\compact-room-templates-page.mjs",".mjs","191","6.24"
"archive\repo-cleanup-20260709-050830\root-backups\_wingman_backup_dashboard_visual_pass_20260630-082939\package.json",".json","191","14.56"
"tools\workflow-integration-check.mjs",".mjs","190","5.84"
"src\wingman2\lib\projectRequirements.ts",".ts","189","6.42"
".wingman-backups\dashboard-guru-20260712-092537\src\__tests__\singleGuruEntryPoint.test.ts",".ts","189","6.56"
".wingman-work\backups\20260811-125215\src\wingman2\lib\projectRequirements.ts",".ts","189","6.42"
".wingman-work\backups\20260811-125821\src\wingman2\lib\projectRequirements.ts",".ts","189","6.42"
".wingman-work\backups\20260811-125346\src\wingman2\lib\projectRequirements.ts",".ts","189","6.42"
".wingman-work\backups\20260811-125346\src\wingman2\styles\wingman-products-light-graphics.css",".css","188","5.99"
"src\wingman2\styles\wingman-products-light-graphics.css",".css","188","5.99"
".wingman-work\backups\20260811-125821\src\wingman2\styles\wingman-products-light-graphics.css",".css","188","5.99"
".wingman-work\backups\20260811-125215\src\wingman2\styles\wingman-products-light-graphics.css",".css","188","5.99"
"archive\_wingman_backup_guru_single_instance_20260614-063825\src\wingman2\components\WingmanViewportFitControl.tsx",".tsx","187","6.4"
"archive\_wingman_backup_guru_single_instance_20260614-063825\src\wingman2\components\WingmanRuntimeDensityController.disabled.tsx",".tsx","187","6.34"
".wingman-work\backups\20260811-125215\src\wingman2\lib\visualStudioProductConnection.test.ts",".ts","186","7.45"
"src\wingman2\lib\visualStudioProductConnection.test.ts",".ts","186","7.45"
"tools\audit-wyrestorm-technical-data.mjs",".mjs","186","7.02"
"tools\product-update-utils.mjs",".mjs","186","4.66"
".wingman-work\backups\20260811-125346\src\wingman2\lib\visualStudioProductConnection.test.ts",".ts","186","7.45"
".wingman-work\backups\20260811-125821\src\wingman2\lib\visualStudioProductConnection.test.ts",".ts","186","7.45"
"archive\repo-cleanup-20260709-050830\root-backups\_wingman_backup_visual_utility_migration_20260630-082229\package.json",".json","185","13.97"
".wingman-work\backups\20260811-125821\src\wingman2\lib\productCheatSheet.ts",".ts","184","8.22"
".wingman-work\backups\20260811-125346\src\wingman2\lib\productCheatSheet.ts",".ts","184","8.22"
"src\wingman2\types\productPositioning.ts",".ts","184","4.58"
"src\wingman2\lib\productCheatSheet.ts",".ts","184","8.22"
".wingman-work\backups\20260811-125215\src\wingman2\types\productPositioning.ts",".ts","184","4.58"
".wingman-work\backups\20260811-125215\src\wingman2\lib\productCheatSheet.ts",".ts","184","8.22"
".wingman-work\backups\20260811-125346\src\wingman2\types\productPositioning.ts",".ts","184","4.58"
".wingman-work\backups\20260811-125821\src\wingman2\types\productPositioning.ts",".ts","184","4.58"
".wingman-work\backups\20260811-125346\src\wingman2\pages\ComparePageNew.advanced.realCatalog.test.ts",".ts","183","8.07"
".wingman-work\backups\20260811-125215\src\wingman2\pages\ComparePageNew.advanced.realCatalog.test.ts",".ts","183","8.07"
"archive\repo-cleanup-20260709-050830\root-backups\_wingman_backup_page_markup_migration_20260630-074900\package.json",".json","183","13.78"
"src\wingman2\pages\ComparePageNew.advanced.realCatalog.test.ts",".ts","183","8.07"
".wingman-work\backups\20260811-125821\src\wingman2\pages\ComparePageNew.advanced.realCatalog.test.ts",".ts","183","8.07"
"data\schemas\competitor-match-decision.schema.json",".json","182","5.34"
"tools\check-wingman-navigation-consolidation.mjs",".mjs","182","5.9"
".wingman-work\backups\20260811-125821\src\__tests__\productFamilyShortlistRanking.test.ts",".ts","181","5.62"
"src\wingman2\styles\wingman-product-tools-visual-weight.css",".css","181","5.42"
"archive\_wingman_backup_guru_movable_20260614-050939\src\wingman2\components\guru\GuruHelper.tsx",".tsx","181","4.2"
".wingman-work\backups\20260811-125821\src\wingman2\styles\wingman-product-tools-visual-weight.css",".css","181","5.42"
"src\__tests__\productFamilyShortlistRanking.test.ts",".ts","181","5.62"
".wingman-work\backups\20260811-125346\src\__tests__\productFamilyShortlistRanking.test.ts",".ts","181","5.62"
".wingman-work\backups\20260811-125215\src\wingman2\styles\wingman-product-tools-visual-weight.css",".css","181","5.42"
"server\competitor\resolve-match.classification.test.mjs",".mjs","181","7.47"
".wingman-work\backups\20260811-125346\src\wingman2\styles\wingman-product-tools-visual-weight.css",".css","181","5.42"
"tools\audit-room-template-advisor.mjs",".mjs","181","6.47"
"archive\repo-cleanup-20260709-050830\root-backups\_wingman_backup_style_audit_fix_20260630-073901\package.json",".json","181","14.18"
".wingman-work\backups\20260811-125215\src\__tests__\productFamilyShortlistRanking.test.ts",".ts","181","5.62"
".wingman-work\backups\20260811-125346\src\wingman2\components\AVSignalFlowDiagram.tsx",".tsx","180","6.88"
"tools\audit-competitor-technical-spec-completeness.mjs",".mjs","180","6.93"
".wingman-work\backups\20260811-125215\src\wingman2\components\AVSignalFlowDiagram.tsx",".tsx","180","6.88"
".wingman-work\backups\20260811-125821\src\wingman2\components\AVSignalFlowDiagram.tsx",".tsx","180","6.88"
"src\wingman2\components\AVSignalFlowDiagram.tsx",".tsx","180","6.88"
".wingman-work\backups\20260811-125215\src\wingman2\lib\productToolsVisualWeight.ts",".ts","179","4.61"
"src\wingman2\lib\productToolsVisualWeight.ts",".ts","179","4.61"
"archive\backups\product-call-cards-phase1b-2026-06-07-20-15-24\src\wingman2\pages\productCallCards\ProductCallCardsProductPage.tsx",".tsx","179","5.85"
".wingman-work\backups\20260811-125821\src\wingman2\lib\productToolsVisualWeight.ts",".ts","179","4.61"
".wingman-work\backups\20260811-125346\src\wingman2\lib\productToolsVisualWeight.ts",".ts","179","4.61"
"archive\_wingman_backup_compare_sku_filter_state_guard_20260615-122531\src\wingman2\components\workflow\CompareActualSkuAlphaFilterNormalizer.tsx",".tsx","179","4.98"
".wingman-work\backups\20260811-125821\src\wingman2\lib\roomTemplatePlaceholders.ts",".ts","178","9.4"
".wingman-work\backups\20260811-125215\src\wingman2\lib\roomTemplatePlaceholders.ts",".ts","178","9.4"
"src\wingman2\lib\roomTemplatePlaceholders.ts",".ts","178","9.4"
".wingman-work\backups\20260811-125346\src\wingman2\lib\roomTemplatePlaceholders.ts",".ts","178","9.4"
"archive\_wingman_backup_guru_single_instance_20260614-063825\src\wingman2\app\discoveryClearProjectGuard.ts",".ts","177","5.44"
".wingman-work\backups\20260811-125821\src\wingman2\lib\productTopology.test.ts",".ts","177","5.26"
".wingman-work\backups\20260811-125346\src\wingman2\lib\productTopology.test.ts",".ts","177","5.26"
"src\wingman2\lib\productTopology.test.ts",".ts","177","5.26"
".wingman-work\backups\20260811-125215\src\wingman2\lib\productTopology.test.ts",".ts","177","5.26"
"archive\_wingman_backup_guru_single_instance_20260614-063825\src\wingman2\lib\rigorousCompare.ts",".ts","176","6.59"
"archive\backups\product-call-cards-multistep-workflow-2026-06-08_11-33-38\src\wingman2\pages\productCallCards\ProductCallCardsSetupPage.tsx",".tsx","176","5.52"
"archive\_wingman_backup_guru_single_instance_20260614-063825\src\wingman2\components\compare\CompareSpecificationMatrix.tsx",".tsx","176","6.23"
"tools\check-template-signal-path.mjs",".mjs","176","7.29"
"archive\_wingman_backup_guru_single_instance_20260614-063825\src\wingman2\api\wingmanApi.ts",".ts","176","4.71"
".wingman-work\backups\20260811-125346\src\__tests__\discovery-source-uc-topology.test.ts",".ts","175","6.35"
"src\__tests__\discovery-source-uc-topology.test.ts",".ts","175","6.35"
"tools\fix-wingman-scroll-and-disabled-button-contrast.mjs",".mjs","175","5.2"
".wingman-work\backups\20260811-125821\src\wingman2\lib\productRoleResolution.test.ts",".ts","175","6.77"
".wingman-work\backups\20260811-125821\src\__tests__\discovery-source-uc-topology.test.ts",".ts","175","6.35"
".wingman-work\backups\20260811-125215\src\wingman2\lib\productRoleResolution.test.ts",".ts","175","6.77"
"src\wingman2\lib\productRoleResolution.test.ts",".ts","175","6.77"
".wingman-work\backups\20260811-125346\src\wingman2\lib\productRoleResolution.test.ts",".ts","175","6.77"
".wingman-work\backups\20260811-125215\src\__tests__\discovery-source-uc-topology.test.ts",".ts","175","6.35"
"archive\_wingman_backup_guru_single_instance_20260614-063825\src\wingman2\lib\projectRequirements.ts",".ts","174","5.88"
"archive\_wingman_backup_guru_single_instance_20260614-063825\src\wingman2\lib\compareEquivalenceGuard.ts",".ts","173","6.43"
"archive\_wingman_backup_compare_workflow_cleanup_20260613-214444\src\wingman2\components\compare\CompareSimpleResultsGuard.tsx",".tsx","173","5.35"
"tools\compact-room-templates-page-safe.mjs",".mjs","172","5.39"
".wingman-work\backups\20260811-125215\vite.config.ts",".ts","172","6.48"
"_backups\retire-finder-feature-sweep-v4-20260720-085242\files\tools\check-wingman-page-markup-migration.mjs",".mjs","172","5.25"
".wingman-work\backups\20260811-125346\src\wingman2\components\ProductMediaPanel.tsx",".tsx","172","5.16"
"src\wingman2\components\ProductMediaPanel.tsx",".tsx","172","5.16"
".wingman-work\backups\20260811-125821\vite.config.ts",".ts","172","6.48"
".wingman-work\backups\20260811-125215\src\wingman2\components\ProductMediaPanel.tsx",".tsx","172","5.16"
".wingman-work\backups\20260811-125821\src\wingman2\components\AdminProductRecordEditor.tsx",".tsx","172","6.9"
".wingman-work\backups\20260811-125215\src\wingman2\components\AdminProductRecordEditor.tsx",".tsx","172","6.9"
"_backups\retire-finder-feature-sweep-v3-20260720-084642\files\tools\check-wingman-page-markup-migration.mjs",".mjs","172","5.25"
".wingman-work\backups\20260811-125346\src\wingman2\components\AdminProductRecordEditor.tsx",".tsx","172","6.9"
".wingman-work\backups\20260811-125346\vite.config.ts",".ts","172","6.48"
"src\wingman2\components\AdminProductRecordEditor.tsx",".tsx","172","6.9"
"vite.config.ts",".ts","172","6.48"
"archive\_wingman_backup_compare_more_button_20260615-203726\productPositioningAutofillBridge.ts",".ts","172","5.3"
"tools\audit-product-technical-spec-completeness.mjs",".mjs","172","6.55"
".wingman-work\backups\20260811-125821\src\wingman2\components\ProductMediaPanel.tsx",".tsx","172","5.16"
"_backups\retire-finder-feature-sweep-v5-20260720-085648\files\tools\check-wingman-page-markup-migration.mjs",".mjs","172","5.25"
"tools\guard-wingman-css-imports.mjs",".mjs","172","4.9"
"archive\_wingman_backup_compare_workflow_cleanup_20260613-214444\src\wingman2\components\compare\CompareDirectResultsGuard.tsx",".tsx","171","4.99"
"tools\fix-product-intelligence-review-chip-contrast-hard.mjs",".mjs","170","7.2"
".wingman-backups\dashboard-guru-20260712-092949\src\__tests__\singleGuruEntryPoint.test.ts",".ts","168","4.36"
".wingman-work\backups\20260811-125215\src\wingman2\components\ProposalCompletionWizard.test.tsx",".tsx","168","6.04"
".wingman-work\backups\20260811-125346\src\wingman2\components\ProposalCompletionWizard.test.tsx",".tsx","168","6.04"
"src\wingman2\lib\documentExtract.ts",".ts","168","5.44"
"src\wingman2\components\ProposalCompletionWizard.test.tsx",".tsx","168","6.04"
"_backups\retire-finder-feature-sweep-v3-20260720-084642\files\src\wingman2\pages\SalesHelperPage.tsx",".tsx","168","6.18"
".wingman-work\backups\20260811-125346\src\wingman2\lib\documentExtract.ts",".ts","168","5.44"
".wingman-work\backups\20260811-125821\src\wingman2\components\ProposalCompletionWizard.test.tsx",".tsx","168","6.04"
"_backups\retire-finder-feature-sweep-v4-20260720-085242\files\src\wingman2\pages\SalesHelperPage.tsx",".tsx","168","6.18"
".wingman-work\backups\20260811-125821\src\wingman2\lib\documentExtract.ts",".ts","168","5.44"
".wingman-work\backups\20260811-125215\src\wingman2\lib\documentExtract.ts",".ts","168","5.44"
"_backups\retire-finder-feature-sweep-v5-20260720-085648\files\src\wingman2\pages\SalesHelperPage.tsx",".tsx","168","6.18"
"tools\infer-usb-standard.mjs",".mjs","167","7.06"
"archive\_wingman_backup_before_compare_restore_20260614-052137\src_wingman2_components_compare_CompareRemoveMatrixLayer.tsx",".tsx","167","5.47"
"archive\backups\dpr-aware-viewport-scaling-2026-06-08_12-41-13\src\wingman2\components\WingmanViewportFitControl.tsx",".tsx","167","5.3"
"archive\backups\product-call-cards-phase1c-product-dashboard-2026-06-07-20-22-17\src\wingman2\pages\productCallCards\ProductCallCardsProductPage.tsx",".tsx","167","5.48"
"tools\check-dependency-audit.mjs",".mjs","166","6.33"
"tools\force-product-intelligence-chip-dark-source.mjs",".mjs","165","5.99"
".wingman-work\backups\20260811-125821\src\wingman2\components\compare\BattleCard.tsx",".tsx","165","5.74"
".wingman-work\backups\20260811-125346\src\wingman2\components\compare\BattleCard.tsx",".tsx","165","5.74"
"src\wingman2\components\compare\BattleCard.tsx",".tsx","165","5.74"
".wingman-work\backups\20260811-125215\src\wingman2\components\compare\BattleCard.tsx",".tsx","165","5.74"
".wingman-work\backups\20260811-125215\src\wingman2\lib\discoverySystemDesign.test.ts",".ts","164","5.91"
"src\__tests__\discoveryWorkflowRendered.test.tsx",".tsx","164","6.92"
".wingman-work\backups\20260811-125821\src\__tests__\discoveryWorkflowRendered.test.tsx",".tsx","164","6.92"
".wingman-work\backups\20260811-125346\src\wingman2\lib\discoverySystemDesign.test.ts",".ts","164","5.91"
"_backups\retire-finder-feature-sweep-v4-20260720-085242\files\src\__tests__\discoveryWorkflowRendered.test.tsx",".tsx","164","6.86"
"src\wingman2\lib\discoverySystemDesign.test.ts",".ts","164","5.91"
"_backups\retire-finder-feature-sweep-v3-20260720-084642\files\src\__tests__\discoveryWorkflowRendered.test.tsx",".tsx","164","6.86"
"_backups\retire-finder-feature-sweep-v5-20260720-085648\files\src\__tests__\discoveryWorkflowRendered.test.tsx",".tsx","164","6.86"
"archive\_wingman_backup_compare_more_button_20260615-203726\compareMoreButtonBridge.ts",".ts","164","5.1"
".wingman-work\backups\20260811-125821\src\wingman2\lib\discoverySystemDesign.test.ts",".ts","164","5.91"
".wingman-work\backups\20260811-125346\src\__tests__\discoveryWorkflowRendered.test.tsx",".tsx","164","6.92"
".wingman-work\backups\20260811-125215\src\__tests__\discoveryWorkflowRendered.test.tsx",".tsx","164","6.92"
"tools\check-wingman-page-markup-migration.mjs",".mjs","163","4.91"
"archive\_wingman_backup_guru_single_instance_20260614-063825\src\wingman2\discovery\outputPreviewEnhancer.ts",".ts","163","5.34"
"archive\_wingman_backup_guru_single_instance_20260614-063825\src\wingman2\components\SalesToneQuickSetter.tsx",".tsx","163","4.97"
".wingman-work\backups\20260811-125346\src\__tests__\wingmanEndToEndAvDesignScenarios.test.ts",".ts","162","6.96"
".wingman-work\backups\20260811-125821\src\__tests__\finderProductFamilyRenderedFlow.test.tsx",".tsx","162","4.59"
"archive\_wingman_backup_guru_single_instance_20260614-063825\src\wingman2\pages\NavigationHubPages.tsx",".tsx","162","7.56"
"archive\backups\presales-priority-1-5-2026-06-08_10-20-58\src\wingman2\pages\NavigationHubPages.tsx",".tsx","162","7.5"
".wingman-work\backups\20260811-125821\src\__tests__\wingmanEndToEndAvDesignScenarios.test.ts",".ts","162","6.96"
".wingman-work\backups\20260811-125215\src\wingman2\lib\productFamilyShortlistRanking.ts",".ts","162","4.24"
".wingman-work\backups\20260811-125215\src\__tests__\wingmanEndToEndAvDesignScenarios.test.ts",".ts","162","6.96"
".wingman-work\backups\20260811-125346\src\wingman2\lib\productFamilyShortlistRanking.ts",".ts","162","4.24"
".wingman-work\backups\20260811-125215\src\__tests__\finderProductFamilyRenderedFlow.test.tsx",".tsx","162","4.59"
"src\__tests__\wingmanEndToEndAvDesignScenarios.test.ts",".ts","162","6.96"
"src\__tests__\finderProductFamilyRenderedFlow.test.tsx",".tsx","162","4.59"
".wingman-work\backups\20260811-125821\src\wingman2\lib\productFamilyShortlistRanking.ts",".ts","162","4.24"
".wingman-work\backups\20260811-125346\src\__tests__\finderProductFamilyRenderedFlow.test.tsx",".tsx","162","4.59"
"src\wingman2\lib\productFamilyShortlistRanking.ts",".ts","162","4.24"
".wingman-work\backups\20260811-125215\src\wingman2\lib\diagramMermaid.ts",".ts","161","4.3"
".wingman-work\backups\20260811-125821\src\wingman2\lib\diagramMermaid.ts",".ts","161","4.3"
"archive\_wingman_backup_guru_single_instance_20260614-063825\src\wingman2\types\productPositioning.ts",".ts","161","4.38"
"src\wingman2\lib\diagramMermaid.ts",".ts","161","4.3"
".wingman-work\backups\20260811-125346\src\wingman2\lib\diagramMermaid.ts",".ts","161","4.3"
"src\wingman2\pages\DataManagerPage.tsx",".tsx","161","21.02"
"archive\_wingman_backup_guru_single_instance_20260614-063825\src\wingman2\pages\DashboardPage.tsx",".tsx","160","5.21"
"archive\backups\product-call-cards-multistep-workflow-2026-06-08_11-33-38\src\wingman2\pages\productCallCards\ProductCallCardsShell.tsx",".tsx","159","4.49"
".wingman-work\backups\20260811-125346\src\wingman2\pages\SupportPage.tsx",".tsx","159","5.49"
".wingman-work\backups\20260811-125821\src\wingman2\pages\SupportPage.tsx",".tsx","159","5.49"
".wingman-work\backups\20260811-125215\src\wingman2\pages\SupportPage.tsx",".tsx","159","5.49"
"src\wingman2\pages\SupportPage.tsx",".tsx","159","5.49"
"archive\_wingman_backup_wire_shortlist_runtime_20260614-075018\src\wingman2\lib\compareEngineRuntimeScenarios.test.ts",".ts","158","4.09"
"archive\_wingman_backup_guru_single_instance_20260614-063825\src\wingman2\components\AVSignalFlowDiagram.tsx",".tsx","158","6.31"
"archive\_wingman_backup_shortlist_stabilise_20260614-075216\src\wingman2\lib\compareEngineRuntimeScenarios.test.ts",".ts","158","4.09"
".wingman-work\backups\20260811-125346\src\wingman2\lib\wyrestormSkuBusinessStatus.ts",".ts","156","5.51"
"src\wingman2\lib\wyrestormSkuBusinessStatus.ts",".ts","156","5.51"
".wingman-work\backups\20260811-125821\src\wingman2\lib\wyrestormSkuBusinessStatus.ts",".ts","156","5.51"
".wingman-work\backups\20260811-125215\src\wingman2\lib\wyrestormSkuBusinessStatus.ts",".ts","156","5.51"
"tools\reconcile-wyrestorm-lifecycle.mjs",".mjs","156","7.09"
"archive\_wingman_backup_guru_single_instance_20260614-063825\src\wingman2\lib\proposalExport.ts",".ts","154","8.57"
"archive\_wingman_backup_guru_single_instance_20260614-063825\src\wingman2\app\templatesLandingDensity.ts",".ts","153","4.94"
"archive\_wingman_backup_guru_single_instance_20260614-063825\src\wingman2\app\wingmanProductCallCardsCleanUi.ts",".ts","152","4.89"
".wingman-work\backups\20260811-125346\src\wingman2\lib\governedProductTechnicalData.test.ts",".ts","152","6.32"
"archive\backups\product-call-cards-phase1a-2026-06-07-20-08-19\src\wingman2\pages\productCallCards\ProductCallCardsProductPage.tsx",".tsx","152","4.92"
"src\wingman2\lib\governedProductTechnicalData.test.ts",".ts","152","6.32"
".wingman-work\backups\20260811-125215\src\wingman2\lib\governedProductTechnicalData.test.ts",".ts","152","6.32"
".wingman-work\backups\20260811-125821\src\wingman2\lib\governedProductTechnicalData.test.ts",".ts","152","6.32"
"archive\backups\product-call-cards-phase1d-language-level-2026-06-07-20-45-47\src\wingman2\pages\productCallCards\ProductCallCardsShell.tsx",".tsx","152","4.47"
"tools\import-wyrestorm-lifecycle-lists.mjs",".mjs","151","5.01"
".wingman-work\backups\20260811-125215\src\wingman2\lib\savedCompetitorSpecs.ts",".ts","150","4.65"
"src\wingman2\lib\competitorMatchDecisionLedger.test.ts",".ts","150","4.46"
".wingman-work\backups\20260811-125821\src\wingman2\lib\savedCompetitorSpecs.ts",".ts","150","4.65"
".wingman-work\backups\20260811-125346\src\wingman2\lib\competitorMatchDecisionLedger.test.ts",".ts","150","4.46"
".wingman-work\backups\20260811-125215\src\wingman2\lib\competitorMatchDecisionLedger.test.ts",".ts","150","4.46"
"archive\backups\schematic-builder-product-handoff-2026-06-08_11-21-02\src\wingman2\pages\VisualDesignStudioPage.tsx",".tsx","150","5.81"
".wingman-work\backups\20260811-125821\src\wingman2\lib\competitorMatchDecisionLedger.test.ts",".ts","150","4.46"
"tools\lib\wingman-size-budgets.test.mjs",".mjs","150","5.38"
"src\wingman2\lib\savedCompetitorSpecs.ts",".ts","150","4.65"
".wingman-work\backups\20260811-125346\src\wingman2\lib\savedCompetitorSpecs.ts",".ts","150","4.65"
"_backups\retire-finder-feature-sweep-v3-20260720-084642\transaction.json",".json","150","3.09"
"tools\fix-product-intelligence-review-status-chips.mjs",".mjs","149","5.93"
"src\wingman2\lib\governedCompareRuntime.test.ts",".ts","149","3.96"
"archive\_wingman_backup_pre_compare_cleanup_20260614-083913\package.json",".json","149","10.21"
".wingman-work\backups\20260811-125821\src\wingman2\lib\governedCompareRuntime.test.ts",".ts","149","3.96"
".wingman-work\backups\20260811-125215\src\wingman2\lib\governedCompareRuntime.test.ts",".ts","149","3.96"
".wingman-work\backups\20260811-125346\src\wingman2\lib\governedCompareRuntime.test.ts",".ts","149","3.96"
".wingman-work\backups\20260811-125821\src\__tests__\productStoryCoverage.test.ts",".ts","148","6.11"
".wingman-work\backups\20260811-125215\src\__tests__\productStoryCoverage.test.ts",".ts","148","6.11"
"src\__tests__\productStoryCoverage.test.ts",".ts","148","6.11"
".wingman-work\backups\20260811-125346\src\__tests__\productStoryCoverage.test.ts",".ts","148","6.11"
"_backups\retire-finder-feature-sweep-v3-20260720-084642\files\src\wingman2\app\routeCatalog.ts",".ts","147","3.42"
"_backups\retire-finder-feature-sweep-v5-20260720-085648\files\src\wingman2\app\routeCatalog.ts",".ts","147","3.42"
"_backups\retire-finder-feature-sweep-v4-20260720-085242\files\src\wingman2\app\routeCatalog.ts",".ts","147","3.42"
"archive\_wingman_backup_guru_single_instance_20260614-063825\src\wingman2\components\ResponsePackContextPanel.tsx",".tsx","146","6.19"
"src\__tests__\projectDetailRankingReasonRendered.test.tsx",".tsx","146","6.33"
".wingman-work\backups\20260811-125821\src\wingman2\app\routeCatalog.ts",".ts","146","3.41"
".wingman-work\backups\20260811-125821\src\wingman2\lib\salesConversationTone.ts",".ts","146","4.15"
".wingman-work\backups\20260811-125346\src\__tests__\projectDetailRankingReasonRendered.test.tsx",".tsx","146","6.33"
"archive\_wingman_backup_package_sanitizer_wire_fix_20260615-135201\package.json",".json","146","10.62"
".wingman-work\backups\20260811-125215\src\wingman2\lib\salesConversationTone.ts",".ts","146","4.15"
"archive\_wingman_backup_shortlist_stabilise_20260614-075216\src\wingman2\lib\compareEngineRuntimeAdapter.test.ts",".ts","146","3.69"
"src\wingman2\lib\salesConversationTone.ts",".ts","146","4.15"
".wingman-work\backups\20260811-125821\src\__tests__\projectDetailRankingReasonRendered.test.tsx",".tsx","146","6.33"
".wingman-work\backups\20260811-125215\src\__tests__\projectDetailRankingReasonRendered.test.tsx",".tsx","146","6.33"
".wingman-work\backups\20260811-125346\src\wingman2\lib\salesConversationTone.ts",".ts","146","4.15"
".wingman-work\backups\20260811-125346\src\wingman2\app\routeCatalog.ts",".ts","146","3.41"
"tools\check-vendor-refresh-sanity.mjs",".mjs","146","5.7"
"archive\_wingman_backup_compare_role_gate_repair_20260615-192817\package.json",".json","146","10.62"
"archive\_wingman_backup_product_suppression_fix_20260615-135005\package.json",".json","146","10.62"
"archive\_wingman_backup_suppressed_discontinued_products_20260615-134506\package.json",".json","146","10.62"
"src\wingman2\app\routeCatalog.ts",".ts","146","3.41"
".wingman-work\backups\20260811-125215\src\wingman2\app\routeCatalog.ts",".ts","146","3.41"
".wingman-work\backups\20260811-125821\src\wingman2\lib\wyrestormProductLifecycle.ts",".ts","145","5.62"
"data\backend\product-intelligence.json",".json","145","4.39"
".wingman-work\backups\20260811-125215\src\wingman2\lib\wyrestormProductLifecycle.ts",".ts","145","5.62"
"src\wingman2\lib\wyrestormProductLifecycle.ts",".ts","145","5.62"
".wingman-work\backups\20260811-125346\src\wingman2\lib\wyrestormProductLifecycle.ts",".ts","145","5.62"
"_backups\retire-finder-feature-sweep-v4-20260720-085242\files\tools\normalize-wingman-page-visual-classes.mjs",".mjs","144","5.07"
"tools\normalize-wingman-page-visual-classes.mjs",".mjs","144","5.08"
"_backups\retire-finder-feature-sweep-v5-20260720-085648\files\tools\normalize-wingman-page-visual-classes.mjs",".mjs","144","5.07"
"_backups\retire-finder-feature-sweep-v3-20260720-084642\files\tools\normalize-wingman-page-visual-classes.mjs",".mjs","144","5.07"
"tools\audit-wingman-style-drift.mjs",".mjs","144","4.93"
"src\wingman2\lib\proposalCompiler.ts",".ts","143","8.72"
".wingman-work\backups\20260811-125821\src\wingman2\lib\proposalCompiler.ts",".ts","143","8.72"
"archive\_wingman_backup_guru_single_instance_20260614-063825\src\wingman2\components\compare\CompareControls.tsx",".tsx","143","4.65"
".wingman-work\backups\20260811-125215\src\wingman2\lib\proposalCompiler.ts",".ts","143","8.72"
".wingman-work\backups\20260811-125346\src\wingman2\lib\proposalCompiler.ts",".ts","143","8.72"
"tools\verify-supabase-rls.mjs",".mjs","143","5.23"
"archive\_wingman_backup_guru_single_instance_20260614-063825\src\wingman2\components\WingmanCoachPanel.tsx",".tsx","141","3.4"
"server\server\agents\tools\productTools.mjs",".mjs","141","5.04"
"tools\repair-wingman-page-markup-migration.mjs",".mjs","141","4.18"
".wingman-work\backups\20260811-125821\src\wingman2\pages\IngestPage.multiSku.test.tsx",".tsx","140","6.82"
".wingman-work\backups\20260811-125215\src\wingman2\pages\IngestPage.multiSku.test.tsx",".tsx","140","6.82"
".wingman-work\backups\20260811-125821\src\wingman2\lib\discoveryTemplateHandoff.ts",".ts","140","4.84"
"src\wingman2\pages\IngestPage.multiSku.test.tsx",".tsx","140","6.82"
".wingman-work\backups\20260811-125215\src\wingman2\lib\discoveryTemplateHandoff.ts",".ts","140","4.84"
".wingman-work\backups\20260811-125346\src\wingman2\lib\discoveryTemplateHandoff.ts",".ts","140","4.84"
".wingman-work\backups\20260811-125346\src\wingman2\pages\IngestPage.multiSku.test.tsx",".tsx","140","6.82"
"src\wingman2\lib\discoveryTemplateHandoff.ts",".ts","140","4.84"
"tools\fix-intelligence-needs-review-pill-exact.mjs",".mjs","140","4.44"
"tools\normalize-wyrestorm-catalogue-source.mjs",".mjs","139","4.81"
".wingman-work\backups\20260811-125346\src\wingman2\pages\productCallCardSalesHelper.characterization.test.ts",".ts","138","5.84"
"src\wingman2\pages\productCallCardSalesHelper.characterization.test.ts",".ts","138","5.84"
".wingman-work\backups\20260811-125821\src\wingman2\pages\productCallCardSalesHelper.characterization.test.ts",".ts","138","5.84"
".wingman-work\backups\20260811-125215\src\wingman2\pages\productCallCardSalesHelper.characterization.test.ts",".ts","138","5.84"
"src\wingman2\lib\competitorLandscape.ts",".ts","137","4.94"
".wingman-work\backups\20260811-125215\src\wingman2\lib\competitorLandscape.ts",".ts","137","4.94"
".wingman-work\backups\20260811-125346\src\wingman2\lib\competitorLandscape.ts",".ts","137","4.94"
".wingman-work\backups\20260811-125821\src\wingman2\lib\competitorLandscape.ts",".ts","137","4.94"
"archive\backups\presales-priority-1-5-2026-06-08_10-20-58\src\wingman2\pages\IngestPage.tsx",".tsx","137","5.45"
"archive\repo-cleanup-20260709-050830\root-backups\_wingman_backup_ingest_arbitrary_tailwind_20260706-104203\IngestPage.multiSku.test.tsx",".tsx","136","6.5"
"archive\repo-cleanup-20260709-050830\root-backups\_wingman_backup_fixture_import_fix_20260706-120006\IngestPage.multiSku.test.tsx",".tsx","136","6.49"
"src\wingman2\lib\compareCandidateGateTaxonomy.test.ts",".ts","136","4.61"
"_backups\retire-finder-feature-sweep-v5-20260720-085648\files\src\wingman2\pages\IngestPage.multiSku.test.tsx",".tsx","136","6.51"
"src\wingman2\data\competitorSourceFeeds.ts",".ts","136","5.03"
"_backups\retire-finder-feature-sweep-v4-20260720-085242\files\src\wingman2\pages\IngestPage.multiSku.test.tsx",".tsx","136","6.51"
"_backups\retire-finder-feature-sweep-v3-20260720-084642\files\src\wingman2\pages\IngestPage.multiSku.test.tsx",".tsx","136","6.51"
".wingman-work\backups\20260811-125215\src\wingman2\lib\compareCandidateGateTaxonomy.test.ts",".ts","136","4.61"
".wingman-work\backups\20260811-125215\src\wingman2\data\competitorSourceFeeds.ts",".ts","136","5.03"
".wingman-work\backups\20260811-125821\src\wingman2\data\competitorSourceFeeds.ts",".ts","136","5.03"
".wingman-work\backups\20260811-125821\src\wingman2\lib\compareCandidateGateTaxonomy.test.ts",".ts","136","4.61"
"archive\repo-cleanup-20260709-050830\root-backups\_wingman_backup_ingest_arbitrary_tailwind_20260706-104535\IngestPage.multiSku.test.tsx",".tsx","136","6.5"
"tools\browser-smoke-check.mjs",".mjs","136","5.62"
".wingman-work\backups\20260811-125346\src\wingman2\data\competitorSourceFeeds.ts",".ts","136","5.03"
".wingman-work\backups\20260811-125346\src\wingman2\lib\compareCandidateGateTaxonomy.test.ts",".ts","136","4.61"
"archive\_wingman_backup_guru_single_instance_20260614-063825\src\wingman2\lib\diagramMermaid.ts",".ts","134","4.01"
"archive\_wingman_backup_guru_single_instance_20260614-063825\src\wingman2\pages\productCallCards\ProductCallCardsSetupPage.tsx",".tsx","134","3.93"
"archive\repo-cleanup-20260709-050830\root-artifacts\_review\repair-remaining-text-hygiene.mjs",".mjs","133","7.03"
"archive\_wingman_backup_guru_single_instance_20260614-063825\src\wingman2\utils\installDiscoveryProportionTuning.ts",".ts","133","4.53"
"_backups\retire-finder-feature-sweep-v3-20260720-084642\files\tools\repair-duplicate-jsx-classnames.mjs",".mjs","132","3.41"
"archive\_wingman_backup_guru_single_instance_20260614-063825\src\wingman2\lib\compareEligibilityEngine.test.ts",".ts","132","5.24"
"_backups\retire-finder-feature-sweep-v4-20260720-085242\files\tools\repair-duplicate-jsx-classnames.mjs",".mjs","132","3.41"
"tools\repair-duplicate-jsx-classnames.mjs",".mjs","132","3.42"
"archive\_wingman_backup_guru_single_instance_20260614-063825\src\wingman2\data\wingmanDayContext.ts",".ts","132","4.21"
"_backups\retire-finder-feature-sweep-v5-20260720-085648\files\tools\repair-duplicate-jsx-classnames.mjs",".mjs","132","3.41"
"archive\_wingman_backup_guru_single_instance_20260614-063825\src\wingman2\app\routeCatalog.ts",".ts","130","3.27"
"tools\check-orphaned-modules.mjs",".mjs","130","5.31"
"archive\_wingman_backup_compare_workflow_cleanup_20260613-214444\src\wingman2\components\compare\CompareStartWorkflowCleanup.tsx",".tsx","130","3.68"
"archive\_wingman_backup_guru_single_instance_20260614-063825\src\wingman2\components\ProductMediaPanel.tsx",".tsx","129","3.5"
"tools\check-retired-wingman-features.mjs",".mjs","128","4.9"
"src\wingman2\lib\templatesCardExpansion.ts",".ts","128","3.43"
".wingman-work\backups\20260811-125346\src\wingman2\lib\templatesCardExpansion.ts",".ts","128","3.43"
"archive\_wingman_backup_guru_single_instance_20260614-063825\src\wingman2\lib\salesConversationTone.ts",".ts","128","3.93"
".wingman-work\backups\20260811-125821\src\wingman2\lib\templatesCardExpansion.ts",".ts","128","3.43"
".wingman-work\backups\20260811-125215\src\wingman2\lib\templatesCardExpansion.ts",".ts","128","3.43"
"archive\backups\product-call-cards-phase1d-language-level-2026-06-07-20-45-47\src\wingman2\pages\productCallCards\ProductCallCardsSetupPage.tsx",".tsx","127","4.62"
".wingman-work\backups\20260811-125346\src\wingman2\lib\runtimeTelemetry.ts",".ts","127","4.49"
"src\wingman2\lib\runtimeTelemetry.ts",".ts","127","4.49"
"tools\check-hdbaset-avoip-classification.mjs",".mjs","127","3.68"
"tools\check-compare-trust-layer.mjs",".mjs","127","3.89"
"archive\repo-cleanup-20260709-050830\root-backups\_wingman_backup_style_audit_fix_20260630-073901\tools\audit-wingman-style-drift.mjs",".mjs","127","4.73"
"src\wingman2\lib\schematic\schematicTypes.ts",".ts","127","2.49"
".wingman-work\backups\20260811-125215\src\wingman2\lib\schematic\schematicTypes.ts",".ts","127","2.49"
".wingman-work\backups\20260811-125821\src\wingman2\lib\schematic\schematicTypes.ts",".ts","127","2.49"
".wingman-work\backups\20260811-125215\src\wingman2\lib\runtimeTelemetry.ts",".ts","127","4.49"
".wingman-work\backups\20260811-125821\src\wingman2\lib\runtimeTelemetry.ts",".ts","127","4.49"
".wingman-work\backups\20260811-125346\src\wingman2\lib\schematic\schematicTypes.ts",".ts","127","2.49"
"tools\check-compare-source-repair.mjs",".mjs","126","2.99"
"archive\backups\presales-priority-1-5-2026-06-08_10-20-58\src\wingman2\pages\VisualDesignStudioPage.tsx",".tsx","126","4.51"
".wingman-work\backups\20260811-125215\src\wingman2\data\avGlossary.test.ts",".ts","125","4.9"
"src\wingman2\data\avGlossary.test.ts",".ts","125","4.9"
".wingman-work\backups\20260811-125821\src\wingman2\data\avGlossary.test.ts",".ts","125","4.9"
".wingman-work\backups\20260811-125346\src\wingman2\data\avGlossary.test.ts",".ts","125","4.9"
"archive\_wingman_backup_guru_single_instance_20260614-063825\src\wingman2\components\SalesWorkflowBridge.tsx",".tsx","125","3.54"
"tools\check-compare-output-scenarios.mjs",".mjs","124","3.42"
".wingman-work\backups\20260811-125821\src\wingman2\api\csrf.ts",".ts","124","3.63"
".wingman-work\backups\20260811-125346\src\wingman2\api\csrf.ts",".ts","124","3.63"
".wingman-work\backups\20260811-125215\src\wingman2\api\csrf.ts",".ts","124","3.63"
"src\wingman2\api\csrf.ts",".ts","124","3.63"
"tools\check-sales-facing-language.mjs",".mjs","123","3"
".wingman-backups\dashboard-guru-20260712-092537\tools\repair-dashboard-style-drift.mjs",".mjs","123","4.46"
"tools\check-classification-consistency.mjs",".mjs","121","4.97"
"src\wingman2\components\RoomSchematicDiagram.tsx",".tsx","121","3.92"
".wingman-work\backups\20260811-125215\src\wingman2\components\RoomSchematicDiagram.tsx",".tsx","121","3.92"
".wingman-work\backups\20260811-125346\src\wingman2\components\RoomSchematicDiagram.tsx",".tsx","121","3.92"
"server\security\csrf.mjs",".mjs","121","3.94"
".wingman-work\backups\20260811-125821\src\wingman2\components\RoomSchematicDiagram.tsx",".tsx","121","3.92"
".wingman-work\backups\20260811-125215\src\components\ErrorBoundary.tsx",".tsx","120","3.98"
"src\components\ErrorBoundary.tsx",".tsx","120","3.98"
"src\wingman2\lib\documentIngest\multiSkuCompetitorIngest.test.ts",".ts","120","5.34"
".wingman-work\backups\20260811-125821\src\components\ErrorBoundary.tsx",".tsx","120","3.98"
".wingman-work\backups\20260811-125346\src\components\ErrorBoundary.tsx",".tsx","120","3.98"
"src\wingman2\lib\productCheatSheet.test.tsx",".tsx","120","4.97"
".wingman-work\backups\20260811-125215\src\wingman2\lib\productCheatSheet.test.tsx",".tsx","120","4.97"
"archive\_wingman_backup_unused_server_agent_pipeline_20260710-122026\server\server\routes\agents.mjs",".mjs","120","3.91"
".wingman-work\backups\20260811-125215\src\wingman2\lib\documentIngest\multiSkuCompetitorIngest.test.ts",".ts","120","5.34"
".wingman-work\backups\20260811-125821\src\wingman2\lib\documentIngest\multiSkuCompetitorIngest.test.ts",".ts","120","5.34"
".wingman-work\backups\20260811-125346\src\wingman2\lib\productCheatSheet.test.tsx",".tsx","120","4.97"
"archive\repo-cleanup-20260709-050830\root-backups\_wingman_backup_fixture_import_fix_20260706-120006\multiSkuCompetitorIngest.test.ts",".ts","120","5.3"
".wingman-work\backups\20260811-125346\src\wingman2\lib\documentIngest\multiSkuCompetitorIngest.test.ts",".ts","120","5.34"
".wingman-work\backups\20260811-125821\src\wingman2\lib\productCheatSheet.test.tsx",".tsx","120","4.97"
"src\wingman2\data\wingmanProfile.ts",".ts","119","3.02"
".wingman-work\backups\20260811-125215\src\wingman2\data\wingmanProfile.ts",".ts","119","3.02"
".wingman-work\backups\20260811-125821\src\wingman2\data\wingmanProfile.ts",".ts","119","3.02"
".wingman-work\backups\20260811-125346\src\wingman2\data\wingmanProfile.ts",".ts","119","3.02"
"tools\audit-compare-candidate-gate.mjs",".mjs","118","4.08"
".wingman-work\backups\20260811-125821\src\wingman2\components\compare\CompareProofTable.tsx",".tsx","116","3.86"
".wingman-work\backups\20260811-125346\src\wingman2\components\compare\CompareProofTable.tsx",".tsx","116","3.86"
"src\wingman2\components\compare\CompareProofTable.tsx",".tsx","116","3.86"
"tools\check-room-template-sku-lifecycle.mjs",".mjs","116","5.1"
".wingman-work\backups\20260811-125215\src\wingman2\pages\ComparePageNew.tsx",".tsx","116","3.22"
".wingman-work\backups\20260811-125821\src\wingman2\pages\ComparePageNew.tsx",".tsx","116","3.22"
".wingman-work\backups\20260811-125346\src\wingman2\pages\ComparePageNew.tsx",".tsx","116","3.22"
"archive\_wingman_backup_compare_workflow_cleanup_20260613-214444\src\wingman2\components\compare\CompareHeaderStageCleanup.tsx",".tsx","116","3.55"
".wingman-work\backups\20260811-125215\src\wingman2\components\compare\CompareProofTable.tsx",".tsx","116","3.86"
"src\wingman2\pages\ComparePageNew.tsx",".tsx","116","3.22"
"archive\backups\product-call-cards-multistep-workflow-2026-06-08_11-33-38\src\wingman2\pages\productCallCards\ProductCallCardsSelectPage.tsx",".tsx","116","3.85"
"tools\check-product-positioning-cards.mjs",".mjs","115","3.62"
".wingman-work\backups\20260811-125346\src\__tests__\productFamilyRangeLinks.test.tsx",".tsx","114","3.87"
".wingman-work\backups\20260811-125821\src\__tests__\productFamilyRangeLinks.test.tsx",".tsx","114","3.87"
"src\__tests__\productFamilyRangeLinks.test.tsx",".tsx","114","3.87"
".wingman-work\backups\20260811-125215\src\__tests__\productFamilyRangeLinks.test.tsx",".tsx","114","3.87"
"archive\_wingman_backup_guru_single_instance_20260614-063825\src\wingman2\components\VisualStudioCanvas.tsx",".tsx","113","3.12"
"archive\repo-cleanup-20260709-050830\root-backups\_wingman_backup_no_equivalent_submit_20260704-205931\src\wingman2\lib\compareNoEquivalentSubmission.ts",".ts","113","3.45"
"archive\_wingman_backup_guru_single_instance_20260614-063825\src\wingman2\pages\VisualStudioPage.tsx",".tsx","112","3.47"
"archive\_wingman_backup_guru_single_instance_20260614-063825\src\wingman2\utils\installWingmanFormFieldIdentityGuard.ts",".ts","112","3.47"
"archive\_wingman_backup_fix_compare_reset_blank_page_20260613-212847\src\wingman2\components\compare\CompareResetButton.tsx",".tsx","112","3.38"
"archive\_wingman_backup_guru_single_instance_20260614-063825\src\wingman2\pages\productCallCards\ProductCallCardsResponsePage.tsx",".tsx","111","3.37"
".wingman-work\backups\20260811-125821\src\wingman2\lib\visualStudioPrintLayout.ts",".ts","110","3.35"
".wingman-work\backups\20260811-125821\src\wingman2\components\TemplateSchematic.tsx",".tsx","110","4.96"
".wingman-work\backups\20260811-125215\src\wingman2\lib\visualStudioPrintLayout.ts",".ts","110","3.35"
"eslint.config.js",".js","110","2.8"
"src\wingman2\lib\visualStudioPrintLayout.ts",".ts","110","3.35"
"tools\check-compare-battle-card-alignment.mjs",".mjs","110","4.11"
".wingman-work\backups\20260811-125346\src\wingman2\lib\visualStudioPrintLayout.ts",".ts","110","3.35"
"src\wingman2\components\TemplateSchematic.tsx",".tsx","110","4.96"
".wingman-work\backups\20260811-125215\src\wingman2\components\TemplateSchematic.tsx",".tsx","110","4.96"
".wingman-work\backups\20260811-125346\src\wingman2\components\TemplateSchematic.tsx",".tsx","110","4.96"
"tools\promote-product-source-incoming.mjs",".mjs","109","4.18"
"tools\check-dashboard-reference-layout.mjs",".mjs","109","3.08"
"tools\check-compare-decision-workflow.mjs",".mjs","109","3.89"
"src\wingman2\pages\ProjectDetailPage.test.tsx",".tsx","108","4"
".wingman-work\backups\20260811-125346\src\wingman2\pages\ProjectDetailPage.test.tsx",".tsx","108","4"
".wingman-work\backups\20260811-125215\src\wingman2\pages\ProjectDetailPage.test.tsx",".tsx","108","4"
"archive\_wingman_backup_guru_single_instance_20260614-063825\src\wingman2\components\DiagramPreviewPanel.tsx",".tsx","108","2.6"
".wingman-work\backups\20260811-125821\src\wingman2\pages\ProjectDetailPage.test.tsx",".tsx","108","4"
".claude\settings.local.json",".json","108","8.02"
"tools\check-wingman-migration-parity.mjs",".mjs","108","3.76"
"archive\_wingman_backup_wire_shortlist_runtime_20260614-075018\src\wingman2\lib\compareEngineRuntimeAdapter.test.ts",".ts","107","2.72"
"archive\_wingman_backup_compare_test_expectation_20260614-073937\compareEngineRuntimeAdapter.test.ts",".ts","107","2.72"
"archive\_wingman_backup_guru_single_instance_20260614-063825\src\wingman2\api\csrf.ts",".ts","107","3.39"
"archive\_wingman_backup_guru_single_instance_20260614-063825\src\wingman2\app\videowallHeroDensity.ts",".ts","107","3.42"
"tools\archive-wingman-stale-data.mjs",".mjs","107","3.23"
".wingman-work\backups\20260811-125346\src\__tests__\productStoryLayer.test.ts",".ts","106","4.66"
".wingman-work\backups\20260811-125215\src\wingman2\pages\TemplatesPage.tsx",".tsx","106","14.45"
".wingman-work\backups\20260811-125346\src\wingman2\lib\systemDependencies.ts",".ts","106","4.58"
".wingman-work\backups\20260811-125215\src\__tests__\productStoryLayer.test.ts",".ts","106","4.66"
"src\wingman2\lib\systemDependencies.ts",".ts","106","4.58"
".wingman-work\backups\20260811-125346\src\wingman2\pages\TemplatesPage.tsx",".tsx","106","14.45"
".wingman-work\backups\20260811-125821\src\wingman2\pages\TemplatesPage.tsx",".tsx","106","14.45"
"src\wingman2\pages\TemplatesPage.tsx",".tsx","106","14.45"
"archive\_wingman_backup_compare_test_expectation_20260614-073839\compareEngineRuntimeAdapter.test.ts",".ts","106","2.65"
".wingman-work\backups\20260811-125821\src\wingman2\lib\systemDependencies.ts",".ts","106","4.58"
"src\__tests__\productStoryLayer.test.ts",".ts","106","4.66"
".wingman-work\backups\20260811-125821\src\__tests__\productStoryLayer.test.ts",".ts","106","4.66"
".wingman-work\backups\20260811-125215\src\wingman2\lib\systemDependencies.ts",".ts","106","4.58"
"_backups\retire-finder-feature-sweep-v4-20260720-085242\files\tools\check-finder-density.mjs",".mjs","105","2.39"
"_backups\retire-finder-feature-sweep-v5-20260720-085648\files\tools\check-finder-density.mjs",".mjs","105","2.39"
"_backups\retire-finder-feature-sweep-v3-20260720-084642\files\tools\check-finder-density.mjs",".mjs","105","2.39"
"archive\_wingman_backup_guru_single_instance_20260614-063825\src\wingman2\lib\visualStudioDiagramFactory.ts",".ts","104","2.46"
"tools\check-documentation-contract.mjs",".mjs","104","3.9"
"src\__tests__\finderDiscoveryResults.test.tsx",".tsx","103","4.4"
"src\wingman2\lib\solutionTemplates.ts",".ts","103","8.04"
".wingman-work\backups\20260811-125821\src\wingman2\components\ProductWorkspaceChrome.tsx",".tsx","103","2.74"
".wingman-work\backups\20260811-125346\src\__tests__\finderDiscoveryResults.test.tsx",".tsx","103","4.4"
"src\wingman2\components\ProductWorkspaceChrome.tsx",".tsx","103","2.74"
".wingman-work\backups\20260811-125346\src\wingman2\components\ProductWorkspaceChrome.tsx",".tsx","103","2.74"
".wingman-work\backups\20260811-125346\src\wingman2\lib\solutionTemplates.ts",".ts","103","8.04"
".wingman-work\backups\20260811-125215\src\wingman2\components\ProductWorkspaceChrome.tsx",".tsx","103","2.74"
".wingman-work\backups\20260811-125215\src\wingman2\lib\solutionTemplates.ts",".ts","103","8.04"
".wingman-work\backups\20260811-125821\src\wingman2\lib\solutionTemplates.ts",".ts","103","8.04"
".wingman-work\backups\20260811-125821\src\__tests__\finderDiscoveryResults.test.tsx",".tsx","103","4.4"
".wingman-work\backups\20260811-125215\src\__tests__\finderDiscoveryResults.test.tsx",".tsx","103","4.4"
"archive\backups\product-call-cards-phase1b-2026-06-07-20-15-24\src\wingman2\pages\productCallCards\ProductCallCardsResponsePage.tsx",".tsx","103","3.52"
"tools\check-compare-page-candidate-gate.mjs",".mjs","103","2.91"
"_backups\retire-finder-feature-sweep-v3-20260720-084642\files\src\__tests__\productFamilyScoreSurfacing.test.ts",".ts","102","3.51"
"archive\_wingman_backup_guru_single_instance_20260614-063825\src\wingman2\utils\installWingmanPerformanceGuards.ts",".ts","102","2.93"
".wingman-work\backups\20260811-125821\src\wingman2\pages\discovery\DiscoveryClientDetailsPanel.tsx",".tsx","102","3.37"
"_backups\retire-finder-feature-sweep-v4-20260720-085242\files\src\__tests__\productFamilyScoreSurfacing.test.ts",".ts","102","3.51"
".wingman-work\backups\20260811-125821\src\__tests__\productFamilyScoreSurfacing.test.ts",".ts","102","3.52"
"src\wingman2\pages\discovery\DiscoveryClientDetailsPanel.tsx",".tsx","102","3.37"
".wingman-work\backups\20260811-125215\src\wingman2\pages\discovery\DiscoveryClientDetailsPanel.tsx",".tsx","102","3.37"
"src\__tests__\productFamilyScoreSurfacing.test.ts",".ts","102","3.52"
".wingman-work\backups\20260811-125215\src\__tests__\productFamilyScoreSurfacing.test.ts",".ts","102","3.52"
"_backups\retire-finder-feature-sweep-v5-20260720-085648\files\src\__tests__\productFamilyScoreSurfacing.test.ts",".ts","102","3.51"
".wingman-work\backups\20260811-125346\src\__tests__\productFamilyScoreSurfacing.test.ts",".ts","102","3.52"
".wingman-work\backups\20260811-125346\src\wingman2\pages\discovery\DiscoveryClientDetailsPanel.tsx",".tsx","102","3.37"
"archive\_wingman_backup_unreferenced_src_modules_20260710-104753\src\wingman2\productMatching\text.ts",".ts","101","4.01"
"archive\_wingman_backup_unreferenced_src_modules_20260710-104753\src\wingman2\domain\productMatching\text.ts",".ts","101","4.01"
"archive\backups\product-call-cards-multistep-workflow-2026-06-08_11-33-38\src\wingman2\pages\productCallCards\ProductCallCardsResponsePage.tsx",".tsx","101","3.5"
".wingman-work\backups\20260811-125215\src\wingman2\lib\wyrestormCapabilityProfiles.ts",".ts","101","4.27"
".wingman-work\backups\20260811-125821\src\wingman2\lib\wyrestormCapabilityProfiles.ts",".ts","101","4.27"
".wingman-work\backups\20260811-125346\src\wingman2\lib\wyrestormCapabilityProfiles.ts",".ts","101","4.27"
"src\wingman2\lib\wyrestormCapabilityProfiles.ts",".ts","101","4.27"
"tools\check-short-workflow-pages.mjs",".mjs","101","3.27"
".wingman-work\backups\20260811-125821\src\wingman2\lib\productIntelligenceIndexCache.ts",".ts","100","3.87"
"archive\_wingman_backup_guru_single_instance_20260614-063825\src\wingman2\data\wingmanProfile.ts",".ts","100","2.85"
"src\wingman2\lib\productIntelligenceIndexCache.ts",".ts","100","3.87"
".wingman-work\backups\20260811-125346\src\wingman2\lib\productIntelligenceIndexCache.ts",".ts","100","3.87"
".wingman-work\backups\20260811-125215\src\wingman2\lib\productIntelligenceIndexCache.ts",".ts","100","3.87"
"tools\check-proposal-wizard.mjs",".mjs","99","2.57"
"tools\check-competitor-compare-decision.mjs",".mjs","99","2.71"
"_backups\retire-finder-feature-sweep-v3-20260720-084642\files\tools\check-proposal-wizard.mjs",".mjs","99","2.57"
"_backups\retire-finder-feature-sweep-v5-20260720-085648\files\tools\check-proposal-wizard.mjs",".mjs","99","2.57"
"tools\inspect-compare-workflow-shape.mjs",".mjs","99","2.6"
"_backups\retire-finder-feature-sweep-v4-20260720-085242\files\tools\check-proposal-wizard.mjs",".mjs","99","2.57"
"tools\check-competitor-intelligence.mjs",".mjs","99","2.7"
"archive\repo-cleanup-20260709-050830\root-backups\_wingman_backup_apo_dg2_dependency_rule_20260706-112917\src\__tests__\productStoryLayer.test.ts",".ts","98","4.1"
"archive\_wingman_backup_guru_single_instance_20260614-063825\src\wingman2\lib\compareIntelligenceClient.ts",".ts","98","2.34"
"archive\_wingman_backup_pre_compare_cleanup_20260614-083913\src\wingman2\lib\compareShortlistPageBridge.ts",".ts","97","2.72"
"reports\wingman-readiness-audit-20260613-085658\05-package-scripts.json",".json","97","8.78"
"archive\_wingman_backup_guru_single_instance_20260614-063825\src\wingman2\components\ui\WingmanSelectionCard.tsx",".tsx","96","2.92"
"src\wingman2\pages\compare\CompetitorEvidencePanel.test.tsx",".tsx","96","4.62"
".wingman-work\backups\20260811-125215\src\wingman2\pages\compare\CompetitorEvidencePanel.test.tsx",".tsx","96","4.62"
"tools\check-visual-studio-react-flow-foundation.mjs",".mjs","96","2.68"
"tools\check-vendor-enrichment-freshness.mjs",".mjs","96","4.02"
"server\product-intelligence-store.auth.test.mjs",".mjs","96","3.36"
".wingman-work\backups\20260811-125346\src\wingman2\pages\compare\CompetitorEvidencePanel.test.tsx",".tsx","96","4.62"
".wingman-work\backups\20260811-125821\src\wingman2\pages\compare\CompetitorEvidencePanel.test.tsx",".tsx","96","4.62"
".wingman-work\backups\20260811-125821\src\wingman2\lib\systemDependencies.test.ts",".ts","95","3.72"
"src\wingman2\lib\competitorCompareDecision.networkClass.test.ts",".ts","95","3.08"
"tools\check-focused-product-classifications.mjs",".mjs","95","3"
".wingman-work\backups\20260811-125821\src\wingman2\lib\competitorCompareDecision.networkClass.test.ts",".ts","95","3.08"
"data\wyrestorm-product-role-overrides.json",".json","95","9.59"
".wingman-work\backups\20260811-125346\src\wingman2\lib\systemDependencies.test.ts",".ts","95","3.72"
"archive\repo-cleanup-20260709-050830\root-backups\_wingman_backup_apo_dg2_dependency_rule_20260706-112917\src\wingman2\lib\wyrestormCapabilityProfiles.ts",".ts","95","4"
".wingman-work\backups\20260811-125215\src\wingman2\lib\systemDependencies.test.ts",".ts","95","3.72"
".wingman-work\backups\20260811-125346\src\wingman2\lib\competitorCompareDecision.networkClass.test.ts",".ts","95","3.08"
"tools\audit-wingman-single-screen.mjs",".mjs","95","2.69"
".wingman-work\backups\20260811-125215\src\wingman2\lib\competitorCompareDecision.networkClass.test.ts",".ts","95","3.08"
"src\wingman2\lib\systemDependencies.test.ts",".ts","95","3.72"
"archive\_wingman_backup_guru_single_instance_20260614-063825\src\wingman2\utils\installWingmanVisualIdentity.ts",".ts","94","3.34"
"archive\backups\product-call-cards-phase1a-2026-06-07-20-08-19\src\wingman2\pages\productCallCards\ProductCallCardsSetupPage.tsx",".tsx","94","2.78"
"tools\check-wingman-page-density.mjs",".mjs","93","2.89"
"archive\backups\real-canvas-viewport-scaling-2026-06-08_12-36-23\src\wingman2\components\WingmanViewportFitControl.tsx",".tsx","93","3.2"
"archive\repo-cleanup-20260709-050830\root-backups\_wingman_backup_apo_dg2_dependency_rule_20260706-112917\src\wingman2\lib\schematic\wingmanSchematicEngine.test.ts",".ts","93","3.57"
"archive\_wingman_backup_guru_single_instance_20260614-063825\src\components\ErrorBoundary.tsx",".tsx","93","2.79"
"tools\check-wingman-data-maintenance.mjs",".mjs","92","4.43"
"tools\check-mx0402-mst-resolution.mjs",".mjs","92","3.36"
"tools\check-usb-path-validator.mjs",".mjs","92","3.17"
"archive\backups\product-call-cards-phase1d-language-level-2026-06-07-20-45-47\src\wingman2\pages\productCallCards\ProductCallCardsResponsePage.tsx",".tsx","92","3.24"
"src\wingman2\lib\proposalExport.test.ts",".ts","91","2.89"
".wingman-work\backups\20260811-125215\src\wingman2\lib\compareEligibilityEngine.controllerIntent.test.ts",".ts","91","3.37"
"_backups\retire-finder-feature-sweep-v5-20260720-085648\files\tools\check-wingman-page-visual-classes.mjs",".mjs","91","3.12"
".wingman-work\backups\20260811-125215\src\wingman2\lib\proposalExport.test.ts",".ts","91","2.89"
".wingman-work\backups\20260811-125346\src\wingman2\lib\proposalExport.test.ts",".ts","91","2.89"
"_backups\retire-finder-feature-sweep-v3-20260720-084642\files\tools\check-wingman-page-visual-classes.mjs",".mjs","91","3.12"
"archive\backups\wingman-single-screen-fit-2026-06-08_12-29-10\src\wingman2\components\WingmanViewportFitControl.tsx",".tsx","91","3.05"
"archive\backups\wingman-single-screen-fit-2026-06-08_12-28-23\src\wingman2\components\WingmanViewportFitControl.tsx",".tsx","91","3.05"
"tools\check-wingman-page-visual-classes.mjs",".mjs","91","3.13"
".wingman-work\backups\20260811-125346\src\wingman2\lib\compareEligibilityEngine.controllerIntent.test.ts",".ts","91","3.37"
"archive\backups\fix-screen-fit-resolution-labels-2026-06-08_12-33-25\src\wingman2\components\WingmanViewportFitControl.tsx",".tsx","91","3.05"
".wingman-work\backups\20260811-125821\src\wingman2\lib\compareEligibilityEngine.controllerIntent.test.ts",".ts","91","3.37"
"src\wingman2\lib\compareEligibilityEngine.controllerIntent.test.ts",".ts","91","3.37"
"_backups\retire-finder-feature-sweep-v4-20260720-085242\files\tools\check-wingman-page-visual-classes.mjs",".mjs","91","3.12"
".wingman-work\backups\20260811-125821\src\wingman2\lib\proposalExport.test.ts",".ts","91","2.89"
".wingman-work\backups\20260811-125346\src\wingman2\pages\DataManagerPage.tsx",".tsx","90","18.16"
".wingman-work\backups\20260811-125821\src\__tests__\templateWorkflowRendered.test.tsx",".tsx","90","3.96"
".wingman-work\backups\20260811-125346\src\wingman2\lib\productStoryEngine.confidence.test.ts",".ts","90","3.91"
"src\wingman2\lib\productStoryEngine.confidence.test.ts",".ts","90","3.91"
".wingman-work\backups\20260811-125215\src\wingman2\pages\DataManagerPage.tsx",".tsx","90","18.16"
".wingman-work\backups\20260811-125215\src\wingman2\lib\productStoryEngine.confidence.test.ts",".ts","90","3.91"
"src\__tests__\templateWorkflowRendered.test.tsx",".tsx","90","3.96"
".wingman-work\backups\20260811-125821\src\wingman2\lib\productStoryEngine.confidence.test.ts",".ts","90","3.91"
"archive\_wingman_backup_guru_single_instance_20260614-063825\src\__tests__\compareFeatureMatrix.test.ts",".ts","90","2.98"
".wingman-work\backups\20260811-125215\src\__tests__\templateWorkflowRendered.test.tsx",".tsx","90","3.96"
".wingman-work\backups\20260811-125346\src\__tests__\templateWorkflowRendered.test.tsx",".tsx","90","3.96"
".wingman-work\backups\20260811-125821\src\wingman2\pages\DataManagerPage.tsx",".tsx","90","18.16"
"archive\_wingman_backup_guru_single_instance_20260614-063825\src\wingman2\pages\SupportPage.tsx",".tsx","89","3.09"
".wingman-work\backups\20260811-125215\src\__tests__\compareSavedSpecIsolation.test.ts",".ts","89","3.48"
"src\wingman2\data\productMedia.ts",".ts","89","2.29"
".wingman-work\backups\20260811-125821\src\wingman2\data\productMedia.ts",".ts","89","2.29"
".wingman-work\backups\20260811-125346\src\wingman2\data\productMedia.ts",".ts","89","2.29"
".wingman-work\backups\20260811-125346\src\__tests__\compareSavedSpecIsolation.test.ts",".ts","89","3.48"
".wingman-work\backups\20260811-125215\src\wingman2\data\productMedia.ts",".ts","89","2.29"
"archive\_wingman_backup_guru_single_instance_20260614-063825\src\wingman2\lib\compareRuntimePipeline.ts",".ts","89","2.73"
".wingman-work\backups\20260811-125821\src\__tests__\compareSavedSpecIsolation.test.ts",".ts","89","3.48"
"src\__tests__\compareSavedSpecIsolation.test.ts",".ts","89","3.48"
".wingman-work\backups\20260811-125821\src\wingman2\lib\visionAttachments.ts",".ts","88","2.97"
".wingman-work\backups\20260811-125215\src\wingman2\lib\visionAttachments.ts",".ts","88","2.97"
".wingman-work\backups\20260811-125215\src\wingman2\lib\skuAliasResolver.ts",".ts","88","3.21"
"src\wingman2\lib\competitorProductIntelligence.test.ts",".ts","88","3.11"
".wingman-work\backups\20260811-125821\src\wingman2\lib\skuAliasResolver.ts",".ts","88","3.21"
".wingman-work\backups\20260811-125346\src\wingman2\lib\visionAttachments.ts",".ts","88","2.97"
".wingman-work\backups\20260811-125346\src\wingman2\lib\competitorProductIntelligence.test.ts",".ts","88","3.11"
".wingman-work\backups\20260811-125215\src\wingman2\lib\competitorProductIntelligence.test.ts",".ts","88","3.11"
".wingman-work\backups\20260811-125346\src\wingman2\lib\skuAliasResolver.ts",".ts","88","3.21"
".wingman-work\backups\20260811-125821\src\wingman2\lib\competitorProductIntelligence.test.ts",".ts","88","3.11"
"src\wingman2\lib\skuAliasResolver.ts",".ts","88","3.21"
"src\wingman2\lib\visionAttachments.ts",".ts","88","2.97"
"src\wingman2\lib\competitorSpecRegistry.integrity.test.ts",".ts","87","3.27"
".wingman-work\backups\20260811-125346\src\wingman2\lib\competitorSpecRegistry.integrity.test.ts",".ts","87","3.27"
"src\wingman2\app\routes.tsx",".tsx","87","4.57"
".wingman-work\backups\20260811-125346\src\wingman2\app\routes.tsx",".tsx","87","4.57"
".wingman-work\backups\20260811-125215\src\wingman2\pages\DashboardPage.test.tsx",".tsx","87","2.92"
".wingman-work\backups\20260811-125821\src\wingman2\lib\competitorSpecRegistry.integrity.test.ts",".ts","87","3.27"
"src\wingman2\pages\DashboardPage.test.tsx",".tsx","87","2.92"
".wingman-work\backups\20260811-125821\src\wingman2\app\routes.tsx",".tsx","87","4.57"
".wingman-work\backups\20260811-125215\src\wingman2\app\routes.tsx",".tsx","87","4.57"
".wingman-work\backups\20260811-125346\src\wingman2\pages\DashboardPage.test.tsx",".tsx","87","2.92"
".wingman-work\backups\20260811-125215\src\wingman2\lib\competitorSpecRegistry.integrity.test.ts",".ts","87","3.27"
".wingman-work\backups\20260811-125821\src\wingman2\pages\DashboardPage.test.tsx",".tsx","87","2.92"
"src\wingman2\lib\wirelessCastingRecommendationRules.test.ts",".ts","86","2.92"
"archive\repo-cleanup-20260709-050830\root-backups\_wingman_backup_apo_dg2_typecheck_repair_20260706-113211\wirelessCastingRecommendationRules.test.ts",".ts","86","2.92"
".wingman-work\backups\20260811-125821\src\__tests__\wyrestormCapabilityDecision.test.ts",".ts","86","4.21"
".wingman-work\backups\20260811-125346\src\__tests__\wyrestormCapabilityDecision.test.ts",".ts","86","4.21"
"src\__tests__\wyrestormCapabilityDecision.test.ts",".ts","86","4.21"
".wingman-work\backups\20260811-125215\src\__tests__\wyrestormCapabilityDecision.test.ts",".ts","86","4.21"
".wingman-work\backups\20260811-125346\src\wingman2\lib\wirelessCastingRecommendationRules.test.ts",".ts","86","2.92"
".wingman-work\backups\20260811-125215\src\wingman2\lib\wirelessCastingRecommendationRules.test.ts",".ts","86","2.92"
".wingman-work\backups\20260811-125821\src\wingman2\lib\wirelessCastingRecommendationRules.test.ts",".ts","86","2.92"
"archive\repo-cleanup-20260709-050830\root-backups\_wingman_backup_apo_dg2_remaining_refs_20260706-113037\wirelessCastingRecommendationRules.test.ts",".ts","86","2.92"
"archive\_wingman_backup_guru_single_instance_20260614-063825\src\wingman2\utils\installWingmanAuthoritySystem.ts",".ts","86","2.88"
"tools\audit-product-pitch-tester-readiness.mjs",".mjs","85","2.24"
"src\wingman2\utils\installWingmanLocalSessionFallback.ts",".ts","85","2.04"
"tools\dedupe-schema-drift-columns.mjs",".mjs","85","3.77"
"archive\_wingman_backup_guru_single_instance_20260614-063825\src\wingman2\productMatching\text.ts",".ts","85","3.88"
"archive\_wingman_backup_guru_single_instance_20260614-063825\src\wingman2\domain\productMatching\text.ts",".ts","85","3.88"
"archive\backups\wingman-single-screen-fit-2026-06-08_12-29-10\src\wingman2\components\WingmanWorkflowPager.tsx",".tsx","84","2.24"
"_backups\retire-finder-feature-sweep-v5-20260720-085648\files\src\wingman2\app\routes.tsx",".tsx","84","4.28"
"archive\backups\wingman-single-screen-fit-2026-06-08_12-28-23\src\wingman2\components\WingmanWorkflowPager.tsx",".tsx","84","2.24"
"_backups\retire-finder-feature-sweep-v3-20260720-084642\files\src\wingman2\app\routes.tsx",".tsx","84","4.28"
"tools\audit-compare-output-quality.mjs",".mjs","84","2.59"
"_backups\retire-finder-feature-sweep-v4-20260720-085242\files\src\wingman2\app\routes.tsx",".tsx","84","4.28"
"archive\_wingman_backup_guru_single_instance_20260614-063825\src\wingman2\lib\competitorCompareBehaviour.test.ts",".ts","83","4.67"
"archive\_wingman_backup_guru_single_instance_20260614-063825\src\wingman2\lib\compareSkuNormalization.test.ts",".ts","82","2.96"
"archive\repo-cleanup-20260709-050830\root-backups\_wingman_backup_apo_dg2_dependency_rule_20260706-112917\src\wingman2\lib\wirelessCastingRecommendationRules.ts",".ts","81","2.72"
".wingman-work\backups\20260811-125346\src\wingman2\lib\wirelessCastingRecommendationRules.ts",".ts","81","2.72"
".wingman-work\backups\20260811-125346\src\__tests__\workflowHandoffFinder.test.ts",".ts","81","2.95"
"archive\_wingman_backup_before_compare_restore_20260614-052137\src_wingman2_components_compare_CompareResetButton.tsx",".tsx","81","2.47"
"src\wingman2\lib\wirelessCastingRecommendationRules.ts",".ts","81","2.72"
"src\__tests__\workflowHandoffFinder.test.ts",".ts","81","2.95"
".wingman-work\backups\20260811-125215\src\__tests__\workflowHandoffFinder.test.ts",".ts","81","2.95"
".wingman-work\backups\20260811-125821\src\wingman2\lib\wirelessCastingRecommendationRules.ts",".ts","81","2.72"
".wingman-work\backups\20260811-125215\src\wingman2\lib\wirelessCastingRecommendationRules.ts",".ts","81","2.72"
"_backups\retire-finder-feature-sweep-v5-20260720-085648\files\src\__tests__\workflowHandoffFinder.test.ts",".ts","81","2.94"
"_backups\retire-finder-feature-sweep-v4-20260720-085242\files\src\__tests__\workflowHandoffFinder.test.ts",".ts","81","2.94"
".wingman-work\backups\20260811-125821\src\__tests__\workflowHandoffFinder.test.ts",".ts","81","2.95"
"_backups\retire-finder-feature-sweep-v3-20260720-084642\files\src\__tests__\workflowHandoffFinder.test.ts",".ts","81","2.94"
"src\wingman2\data\ucCompetitorProducts.ts",".ts","80","4.52"
".wingman-work\backups\20260811-125215\src\wingman2\data\ucCompetitorProducts.ts",".ts","80","4.52"
".wingman-backups\dashboard-guru-20260712-092537\tools\check-dashboard-visual-correction.mjs",".mjs","80","2.73"
"archive\_wingman_backup_guru_single_instance_20260614-063825\src\wingman2\lib\documentExtract.ts",".ts","80","2.27"
"src\wingman2\lib\knownWyrestormMatrixProfiles.ts",".ts","80","3.42"
".wingman-work\backups\20260811-125215\src\wingman2\lib\knownWyrestormMatrixProfiles.ts",".ts","80","3.42"
".wingman-work\backups\20260811-125346\src\wingman2\lib\knownWyrestormMatrixProfiles.ts",".ts","80","3.42"
".wingman-work\backups\20260811-125346\src\wingman2\data\ucCompetitorProducts.ts",".ts","80","4.52"
".wingman-work\backups\20260811-125821\src\wingman2\data\ucCompetitorProducts.ts",".ts","80","4.52"
".wingman-work\backups\20260811-125346\src\wingman2\lib\runtimeTelemetry.test.ts",".ts","80","2.69"
"archive\_wingman_backup_guru_single_instance_20260614-063825\src\wingman2\utils\installWingmanCopyDiscipline.ts",".ts","80","2.61"
".wingman-work\backups\20260811-125215\src\wingman2\lib\runtimeTelemetry.test.ts",".ts","80","2.69"
"src\wingman2\lib\runtimeTelemetry.test.ts",".ts","80","2.69"
".wingman-work\backups\20260811-125821\src\wingman2\lib\knownWyrestormMatrixProfiles.ts",".ts","80","3.42"
"tools\check-project-sync-readiness.mjs",".mjs","80","2.2"
"tools\check-wyrestorm-lifecycle-manual-decisions.mjs",".mjs","80","2.73"
".wingman-work\backups\20260811-125821\src\wingman2\lib\runtimeTelemetry.test.ts",".ts","80","2.69"
"server\server\agents\tools\defaultData.mjs",".mjs","79","2.46"
".wingman-work\backups\20260811-125215\src\wingman2\lib\projectTopology.test.ts",".ts","79","2.7"
"archive\_wingman_backup_guru_single_instance_20260614-063825\src\wingman2\app\discoveryCalmMode.ts",".ts","79","2.79"
".wingman-work\backups\20260811-125346\src\wingman2\lib\projectTopology.test.ts",".ts","79","2.7"
"src\wingman2\data\productIntelligenceRepository.ts",".ts","79","5.96"
"src\wingman2\lib\projectTopology.test.ts",".ts","79","2.7"
"archive\_wingman_backup_fix_compare_reset_suppression_20260613-213320\src\wingman2\components\compare\CompareResetButton.tsx",".tsx","79","2.34"
".wingman-work\backups\20260811-125821\src\wingman2\lib\projectTopology.test.ts",".ts","79","2.7"
"archive\_wingman_backup_unreferenced_src_modules_20260710-104753\src\wingman2\productMatching\types.ts",".ts","79","1.82"
"archive\_wingman_backup_unreferenced_src_modules_20260710-104753\src\wingman2\domain\productMatching\types.ts",".ts","79","1.82"
"archive\backups\wingman-single-screen-fit-2026-06-08_12-29-10\tools\audit-wingman-single-screen.mjs",".mjs","78","2.56"
".wingman-work\backups\20260811-125346\src\wingman2\pages\discovery\DiscoveryCustomTemplatePanel.tsx",".tsx","78","2.48"
".wingman-work\backups\20260811-125821\src\wingman2\pages\discovery\DiscoveryCustomTemplatePanel.tsx",".tsx","78","2.48"
".wingman-work\backups\20260811-125215\src\wingman2\pages\discovery\DiscoveryCustomTemplatePanel.tsx",".tsx","78","2.48"
"archive\backups\wingman-single-screen-fit-2026-06-08_12-28-23\tools\audit-wingman-single-screen.mjs",".mjs","78","2.56"
"src\wingman2\pages\discovery\DiscoveryCustomTemplatePanel.tsx",".tsx","78","2.48"
"data\catalog\product-data-manifest.generated.json",".json","78","5.06"
"tools\revert-unauthorized-competitor-approvals.mjs",".mjs","78","2.59"
"archive\_wingman_backup_compare_v5_20260614-102800\src\wingman2\app\routes.tsx",".tsx","77","4.18"
"archive\backups\product-call-cards-phase1-2026-06-07-19-46-38\src\wingman2\app\routes.tsx",".tsx","77","4.09"
".wingman-work\backups\20260811-125215\src\__tests__\guruGlossaryLinks.test.tsx",".tsx","77","2.46"
"archive\_wingman_backup_compare_route_lock_20260614-102158\src\wingman2\app\routes.tsx",".tsx","77","4.18"
"src\__tests__\guruGlossaryLinks.test.tsx",".tsx","77","2.46"
".wingman-work\backups\20260811-125346\src\__tests__\guruGlossaryLinks.test.tsx",".tsx","77","2.46"
"tools\route-smoke-check.mjs",".mjs","77","2.27"
".wingman-work\backups\20260811-125821\src\__tests__\guruGlossaryLinks.test.tsx",".tsx","77","2.46"
"archive\_wingman_backup_guru_single_instance_20260614-063825\src\wingman2\app\routes.tsx",".tsx","77","4.18"
".wingman-work\backups\20260811-125215\src\wingman2\data\productIntelligenceRepository.ts",".ts","76","5.73"
".wingman-work\backups\20260811-125821\src\wingman2\data\productIntelligenceRepository.ts",".ts","76","5.73"
".wingman-work\backups\20260811-125346\src\wingman2\data\productIntelligenceRepository.ts",".ts","76","5.73"
"archive\_wingman_backup_unused_server_agent_pipeline_20260710-122026\server\server\agents\schemas\discovery.schema.mjs",".mjs","76","2.36"
"archive\_wingman_backup_unused_server_agent_pipeline_20260710-122026\server\server\agents\architectAgent.mjs",".mjs","75","2.07"
".wingman-work\backups\20260811-125346\src\wingman2\lib\proposalDocxExport.test.ts",".ts","75","4.26"
"archive\backups\product-call-cards-phase1a-2026-06-07-20-08-19\src\wingman2\pages\productCallCards\ProductCallCardsResponsePage.tsx",".tsx","75","2.66"
"src\wingman2\lib\proposalDocxExport.test.ts",".ts","75","4.26"
".wingman-work\backups\20260811-125215\src\wingman2\lib\proposalDocxExport.test.ts",".ts","75","4.26"
".wingman-work\backups\20260811-125821\src\wingman2\lib\proposalDocxExport.test.ts",".ts","75","4.26"
"tools\audit-competitor-intelligence.mjs",".mjs","74","2.83"
"src\wingman2\pages\discovery\operationalDiscoveryQuestions.test.ts",".ts","74","4.78"
"tools\check-discovery-reference-layout.mjs",".mjs","74","2.09"
".wingman-work\backups\20260811-125821\src\wingman2\pages\discovery\operationalDiscoveryQuestions.test.ts",".ts","74","4.78"
".wingman-work\backups\20260811-125215\src\wingman2\pages\discovery\operationalDiscoveryQuestions.test.ts",".ts","74","4.78"
".wingman-work\backups\20260811-125346\src\wingman2\pages\discovery\operationalDiscoveryQuestions.test.ts",".ts","74","4.78"
".wingman-work\backups\20260811-125215\src\wingman2\lib\productFeatureBenefits.test.ts",".ts","73","2.67"
".wingman-work\backups\20260811-125215\src\wingman2\data\productStoriesLifecycle.test.ts",".ts","73","3.23"
"src\wingman2\data\productStoriesLifecycle.test.ts",".ts","73","3.23"
".wingman-work\backups\20260811-125346\src\wingman2\data\productStoriesLifecycle.test.ts",".ts","73","3.23"
"archive\_wingman_backup_compare_native_cleanup_20260615-133847\src\main.tsx",".tsx","73","3.04"
"tools\check-optional-visual-support.mjs",".mjs","73","2.16"
".wingman-work\backups\20260811-125346\src\wingman2\lib\productFeatureBenefits.test.ts",".ts","73","2.67"
"tools\check-av-decision-evidence.mjs",".mjs","73","2.52"
".wingman-work\backups\20260811-125821\src\wingman2\data\productStoriesLifecycle.test.ts",".ts","73","3.23"
".wingman-work\backups\20260811-125821\src\wingman2\lib\productFeatureBenefits.test.ts",".ts","73","2.67"
"src\wingman2\lib\productFeatureBenefits.test.ts",".ts","73","2.67"
"archive\_wingman_backup_unreferenced_src_modules_20260710-104753\src\wingman2\theme\wingmanVisualRouteFlags.ts",".ts","73","2.36"
"data\runtime\wingman-app-db.json",".json","73","2.22"
"archive\_wingman_backup_fix_compare_reset_20260613-212257\src\wingman2\components\compare\CompareResetButton.tsx",".tsx","72","2.22"
"archive\_wingman_backup_guru_single_instance_20260614-063825\src\wingman2\productMatching\types.ts",".ts","72","1.76"
"archive\_wingman_backup_guru_single_instance_20260614-063825\src\wingman2\lib\knownWyrestormMatrixProfiles.ts",".ts","72","3.3"
"archive\_wingman_backup_guru_single_instance_20260614-063825\src\wingman2\domain\productMatching\types.ts",".ts","72","1.76"
"server\server\agents\lib\geminiStructuredGenerate.mjs",".mjs","72","1.78"
"archive\backups\product-call-cards-phase1b-2026-06-07-20-15-24\src\wingman2\pages\productCallCards\ProductCallCardsShell.tsx",".tsx","72","2.16"
".wingman-work\backups\20260811-125821\src\wingman2\data\productWorkspaceHandoff.ts",".ts","71","2.13"
"src\wingman2\data\productWorkspaceHandoff.ts",".ts","71","2.13"
".wingman-work\backups\20260811-125346\src\wingman2\data\productWorkspaceHandoff.ts",".ts","71","2.13"
".wingman-work\backups\20260811-125215\src\wingman2\data\productWorkspaceHandoff.ts",".ts","71","2.13"
"archive\_wingman_backup_compare_decision_focus_20260615-132537\src\main.tsx",".tsx","71","2.91"
"archive\_wingman_backup_guru_single_instance_20260614-063825\src\wingman2\data\productMedia.ts",".ts","70","2.15"
"archive\repo-cleanup-20260709-050830\root-backups\_wingman_backup_apo_dg2_dependency_rule_20260706-112917\src\wingman2\lib\productCallCardClassification.test.ts",".ts","69","2.68"
"tools\check-compare-sku-auto-advance.mjs",".mjs","69","2.18"
"archive\repo-cleanup-20260709-050830\root-backups\_wingman_backup_apo_dg2_dependency_rule_20260706-112917\src\wingman2\lib\wirelessCastingRecommendationRules.test.ts",".ts","69","2.38"
"archive\_wingman_backup_pre_compare_cleanup_20260614-083913\src\wingman2\lib\wyrestormCompareDirectCandidateMap.test.ts",".ts","69","3.14"
"archive\_wingman_backup_ip300_compare_fix_20260614-093023\wyrestormCompareDirectCandidateMap.test.ts",".ts","69","3.14"
"tools\check-compare-evidence-led-wording.mjs",".mjs","69","1.93"
".wingman-work\backups\20260811-125215\src\wingman2\pages\CatalogBrowserPage.adminEdit.test.tsx",".tsx","69","2.19"
"src\wingman2\pages\CatalogBrowserPage.adminEdit.test.tsx",".tsx","69","2.19"
"archive\repo-cleanup-20260709-050830\root-artifacts\_review\extract-text-hygiene-manual-review.mjs",".mjs","69","1.84"
".wingman-work\backups\20260811-125346\src\wingman2\pages\CatalogBrowserPage.adminEdit.test.tsx",".tsx","69","2.19"
"archive\_wingman_backup_unreferenced_src_modules_20260710-104753\src\__tests__\compareCandidateProductFamilyReason.test.tsx",".tsx","69","2.1"
".wingman-work\backups\20260811-125821\src\wingman2\pages\CatalogBrowserPage.adminEdit.test.tsx",".tsx","69","2.19"
"archive\repo-cleanup-20260709-050830\root-backups\_wingman_backup_apo_dg2_dependency_rule_20260706-112917\wirelessCastingRecommendationRules.test.ts",".ts","69","2.39"
"archive\_wingman_backup_compare_sku_auto_run_20260615-131718\src\main.tsx",".tsx","69","2.79"
".wingman-work\backups\20260811-125215\src\wingman2\components\PageHero.tsx",".tsx","68","1.95"
".wingman-work\backups\20260811-125346\src\wingman2\lib\governedCompareRuntime.ts",".ts","68","1.78"
".wingman-work\backups\20260811-125821\src\wingman2\lib\governedCompareRuntime.ts",".ts","68","1.78"
".wingman-work\backups\20260811-125821\src\wingman2\components\PageHero.tsx",".tsx","68","1.95"
"src\wingman2\components\PageHero.tsx",".tsx","68","1.95"
".wingman-work\backups\20260811-125215\src\wingman2\lib\governedCompareRuntime.ts",".ts","68","1.78"
"src\wingman2\lib\governedCompareRuntime.ts",".ts","68","1.78"
"archive\_backup_compare_runtime_product_normalise_20260613-181907\competitorCompareBehaviour.test.ts",".ts","68","3.84"
".wingman-work\backups\20260811-125346\src\wingman2\components\PageHero.tsx",".tsx","68","1.95"
"archive\_wingman_backup_guru_single_instance_20260614-063825\src\wingman2\components\RecommendationCard.tsx",".tsx","67","1.86"
".wingman-work\backups\20260811-125821\src\wingman2\lib\requirementsParser.ts",".ts","67","2.98"
".wingman-work\backups\20260811-125346\src\wingman2\lib\requirementsParser.ts",".ts","67","2.98"
"src\__tests__\sharedProductSelectorConsistency.test.tsx",".tsx","67","2.36"
"src\__tests__\productPitchActiveCatalogue.test.ts",".ts","67","2.69"
"archive\_wingman_backup_unused_server_agent_pipeline_20260710-122026\server\server\agents\schemas\architect.schema.mjs",".mjs","67","2.05"
"src\__tests__\dataManager.test.tsx",".tsx","67","4.59"
".wingman-work\backups\20260811-125215\src\wingman2\lib\requirementsParser.ts",".ts","67","2.98"
".wingman-work\backups\20260811-125821\src\__tests__\productPitchActiveCatalogue.test.ts",".ts","67","2.69"
"_backups\retire-finder-feature-sweep-v5-20260720-085648\files\src\__tests__\sharedProductSelectorConsistency.test.tsx",".tsx","67","2.33"
"_backups\retire-finder-feature-sweep-v4-20260720-085242\files\src\__tests__\sharedProductSelectorConsistency.test.tsx",".tsx","67","2.33"
".wingman-work\backups\20260811-125346\src\__tests__\sharedProductSelectorConsistency.test.tsx",".tsx","67","2.36"
"_backups\retire-finder-feature-sweep-v3-20260720-084642\files\src\__tests__\sharedProductSelectorConsistency.test.tsx",".tsx","67","2.33"
"archive\_wingman_backup_compare_invalid_sku_guard_20260615-131124\src\main.tsx",".tsx","67","2.67"
".wingman-work\backups\20260811-125215\src\__tests__\productPitchActiveCatalogue.test.ts",".ts","67","2.69"
".wingman-work\backups\20260811-125346\src\__tests__\productPitchActiveCatalogue.test.ts",".ts","67","2.69"
".wingman-work\backups\20260811-125215\src\__tests__\sharedProductSelectorConsistency.test.tsx",".tsx","67","2.36"
"archive\_wingman_backup_compare_match_detection_fix_20260615-125107\src\main.tsx",".tsx","67","2.67"
"src\wingman2\lib\requirementsParser.ts",".ts","67","2.98"
".wingman-work\backups\20260811-125821\src\__tests__\sharedProductSelectorConsistency.test.tsx",".tsx","67","2.36"
"_backups\retire-finder-feature-sweep-v4-20260720-085242\files\tools\check-duplicate-jsx-classnames.mjs",".mjs","66","2"
".wingman-work\backups\20260811-125821\src\wingman2\lib\visualStudioTypes.ts",".ts","66","1.33"
".wingman-work\backups\20260811-125346\src\wingman2\lib\visualStudioTypes.ts",".ts","66","1.33"
"src\wingman2\lib\visualStudioTypes.ts",".ts","66","1.33"
"_backups\retire-finder-feature-sweep-v3-20260720-084642\files\tools\check-duplicate-jsx-classnames.mjs",".mjs","66","2"
".wingman-work\backups\20260811-125346\src\__tests__\dataManager.test.tsx",".tsx","66","4.49"
".wingman-work\backups\20260811-125215\src\__tests__\dataManager.test.tsx",".tsx","66","4.49"
".wingman-work\backups\20260811-125821\src\__tests__\dataManager.test.tsx",".tsx","66","4.49"
".wingman-work\backups\20260811-125821\src\lib\middleware.ts",".ts","66","2.32"
".wingman-work\backups\20260811-125346\src\lib\middleware.ts",".ts","66","2.32"
"_backups\retire-finder-feature-sweep-v5-20260720-085648\files\tools\check-duplicate-jsx-classnames.mjs",".mjs","66","2"
".wingman-work\backups\20260811-125215\src\wingman2\lib\visualStudioTypes.ts",".ts","66","1.33"
"src\lib\middleware.ts",".ts","66","2.32"
"tools\check-duplicate-jsx-classnames.mjs",".mjs","66","2.01"
".wingman-work\backups\20260811-125215\src\lib\middleware.ts",".ts","66","2.32"
".wingman-work\backups\20260811-125215\src\__tests__\ErrorBoundary.test.tsx",".tsx","65","2.45"
".wingman-work\backups\20260811-125821\src\__tests__\ErrorBoundary.test.tsx",".tsx","65","2.45"
".wingman-work\backups\20260811-125346\src\__tests__\ErrorBoundary.test.tsx",".tsx","65","2.45"
"src\__tests__\ErrorBoundary.test.tsx",".tsx","65","2.45"
"archive\_wingman_backup_compare_match_presentation_20260615-124852\src\main.tsx",".tsx","65","2.54"
"tools\check-wingman-runtime-wiring.mjs",".mjs","64","4.21"
".claude\worktrees\lucid-curran-46f171\.claude\settings.local.json",".json","64","4.63"
"archive\_wingman_backup_unreferenced_src_modules_20260710-104753\src\wingman2\components\WingmanWorkspacePage.tsx",".tsx","64","1.69"
"tools\check-trusted-tester-pack.mjs",".mjs","64","2.31"
".wingman-work\backups\20260811-125821\src\wingman2\lib\schematic\schematicLayoutEngine.ts",".ts","63","1.51"
"archive\_wingman_backup_compare_filter_logic_guard_20260615-123108\src\main.tsx",".tsx","63","2.48"
".wingman-work\backups\20260811-125215\src\wingman2\lib\competitorCompareDecision.failClosed.test.ts",".ts","63","1.77"
".wingman-work\backups\20260811-125215\src\wingman2\lib\compareEligibilityEngine.splitterFanOut.test.ts",".ts","63","3.02"
"src\wingman2\lib\productStoryEngine.cameraCopy.test.ts",".ts","63","2.39"
".wingman-work\backups\20260811-125346\src\wingman2\lib\competitorCompareDecision.failClosed.test.ts",".ts","63","1.77"
".wingman-work\backups\20260811-125346\src\wingman2\lib\schematic\schematicLayoutEngine.ts",".ts","63","1.51"
"src\wingman2\lib\competitorCompareDecision.failClosed.test.ts",".ts","63","1.77"
".wingman-work\backups\20260811-125215\src\wingman2\lib\productStoryEngine.cameraCopy.test.ts",".ts","63","2.39"
"src\wingman2\lib\compareEligibilityEngine.splitterFanOut.test.ts",".ts","63","3.02"
".wingman-work\backups\20260811-125821\src\wingman2\lib\compareEligibilityEngine.splitterFanOut.test.ts",".ts","63","3.02"
"src\wingman2\lib\schematic\schematicLayoutEngine.ts",".ts","63","1.51"
".wingman-work\backups\20260811-125821\src\wingman2\lib\productStoryEngine.cameraCopy.test.ts",".ts","63","2.39"
".wingman-work\backups\20260811-125346\src\wingman2\lib\compareEligibilityEngine.splitterFanOut.test.ts",".ts","63","3.02"
".wingman-work\backups\20260811-125215\src\wingman2\lib\schematic\schematicLayoutEngine.ts",".ts","63","1.51"
"archive\_wingman_backup_compare_start_reset_20260615-124430\src\main.tsx",".tsx","63","2.42"
".wingman-work\backups\20260811-125821\src\wingman2\lib\competitorCompareDecision.failClosed.test.ts",".ts","63","1.77"
".wingman-work\backups\20260811-125346\src\wingman2\lib\productStoryEngine.cameraCopy.test.ts",".ts","63","2.39"
".wingman-work\backups\20260811-125821\src\wingman2\lib\wyrestormSkuBusinessStatus.test.ts",".ts","62","3.06"
".wingman-work\backups\20260811-125346\src\wingman2\lib\adminProductOverrides.ts",".ts","62","2.43"
".wingman-work\backups\20260811-125215\src\wingman2\lib\wyrestormSkuBusinessStatus.test.ts",".ts","62","3.06"
"src\wingman2\lib\adminProductOverrides.ts",".ts","62","2.43"
"server\server\agents\guruAgent.mjs",".mjs","62","2.16"
"src\wingman2\lib\wyrestormSkuBusinessStatus.test.ts",".ts","62","3.06"
".wingman-work\backups\20260811-125821\src\wingman2\lib\adminProductOverrides.ts",".ts","62","2.43"
".wingman-work\backups\20260811-125215\src\wingman2\lib\adminProductOverrides.ts",".ts","62","2.43"
".wingman-work\backups\20260811-125346\src\wingman2\lib\wyrestormSkuBusinessStatus.test.ts",".ts","62","3.06"
"tools\check-compare-atlona-extender-gate.mjs",".mjs","62","1.45"
"archive\_wingman_backup_compare_run_action_guard_20260615-123854\src\main.tsx",".tsx","61","2.31"
"archive\_wingman_backup_compare_sku_filter_state_guard_20260615-122531\src\main.tsx",".tsx","61","2.35"
".wingman-backups\windows-chunk-budget-20260710-201640\check-vite-chunk-budget.mjs",".mjs","61","1.77"
"archive\_wingman_backup_guru_single_instance_20260614-063825\src\wingman2\data\productWorkspaceHandoff.ts",".ts","61","2.04"
"archive\backups\response-pack-product-schematic-context-2026-06-08_11-23-41\src\wingman2\data\productWorkspaceHandoff.ts",".ts","61","2.04"
"archive\_wingman_backup_guru_single_instance_20260614-063825\src\wingman2\components\WingmanLanguageSelector.tsx",".tsx","61","1.84"
"archive\_wingman_backup_guru_single_instance_20260614-063825\src\wingman2\components\ComparisonMatrix.tsx",".tsx","60","1.71"
"archive\repo-cleanup-20260709-050830\root-backups\_wingman_backup_navhub_tighter_density_20260630-141546\tools\check-dashboard-visual-correction.mjs",".mjs","60","1.9"
"archive\repo-cleanup-20260709-050830\root-backups\_wingman_backup_navhub_specificity_lock_20260630-141804\tools\check-dashboard-visual-correction.mjs",".mjs","60","1.9"
"archive\repo-cleanup-20260709-050830\root-artifacts\_review\patch-final-text-hygiene-regexes.mjs",".mjs","60","1.89"
"archive\_wingman_backup_guru_single_instance_20260614-063825\src\wingman2\components\AudienceAwareCoachingPanel.tsx",".tsx","60","1.8"
"tools\check-visual-design-native-output.mjs",".mjs","59","1.82"
"archive\repo-cleanup-20260709-050830\root-backups\_wingman_backup_navhub_density_20260630-141138\tools\check-dashboard-visual-correction.mjs",".mjs","59","1.86"
"archive\_wingman_backup_actual_sku_alpha_filter_20260615-122021\src\main.tsx",".tsx","59","2.19"
"archive\repo-cleanup-20260709-050830\root-backups\_wingman_backup_home_navhub_shared_ui_20260630-141354\tools\check-dashboard-visual-correction.mjs",".mjs","59","1.86"
"archive\_wingman_backup_guru_single_instance_20260614-063825\src\wingman2\lib\skuAliasResolver.ts",".ts","59","2.1"
"archive\repo-cleanup-20260709-050830\root-backups\_wingman_backup_dashboard_compact_shell_20260630-094748\tools\check-dashboard-visual-correction.mjs",".mjs","58","2.26"
".wingman-backups\dashboard-guru-20260712-092537\tools\check-dashboard-single-screen-layout.mjs",".mjs","58","2.03"
"reports\wingman-data-maintenance-report.json",".json","57","1.7"
".wingman-work\backups\20260811-125821\src\wingman2\pages\discovery\ExistingDiscoveryWarning.tsx",".tsx","57","2.15"
".wingman-work\backups\20260811-125821\src\wingman2\lib\wyrestormProductLifecycle.test.ts",".ts","57","2.08"
"src\wingman2\lib\wyrestormProductLifecycle.test.ts",".ts","57","2.08"
".wingman-work\backups\20260811-125346\src\wingman2\lib\wyrestormProductLifecycle.test.ts",".ts","57","2.08"
".wingman-work\backups\20260811-125346\src\wingman2\pages\discovery\ExistingDiscoveryWarning.tsx",".tsx","57","2.15"
"archive\_wingman_backup_guru_single_instance_20260614-063825\src\wingman2\components\PageHero.tsx",".tsx","57","1.47"
"tools\check-wingman-data-sources.mjs",".mjs","57","1.84"
"src\wingman2\pages\discovery\ExistingDiscoveryWarning.tsx",".tsx","57","2.15"
".wingman-work\backups\20260811-125215\src\wingman2\pages\discovery\ExistingDiscoveryWarning.tsx",".tsx","57","2.15"
"archive\_wingman_backup_compare_workflow_split_20260615-120833\src\main.tsx",".tsx","57","2.05"
".wingman-work\backups\20260811-125215\src\wingman2\lib\wyrestormProductLifecycle.test.ts",".ts","57","2.08"
"archive\_wingman_backup_unreferenced_src_modules_20260710-104753\src\wingman2\components\layout\WingmanRouteTabs.tsx",".tsx","57","1.31"
"archive\_wingman_backup_guru_single_instance_20260614-063825\src\wingman2\theme\wingmanVisualRouteFlags.ts",".ts","56","2.27"
"tools\wingman-feature-surface-policy.json",".json","56","1.25"
".wingman-work\backups\20260811-125821\src\wingman2\components\compare\CompareBackToListButton.tsx",".tsx","56","1.31"
"src\wingman2\components\compare\CompareBackToListButton.tsx",".tsx","56","1.31"
".wingman-work\backups\20260811-125346\src\wingman2\components\compare\CompareBackToListButton.tsx",".tsx","56","1.31"
".wingman-work\backups\20260811-125215\src\wingman2\components\compare\CompareBackToListButton.tsx",".tsx","56","1.31"
"archive\_wingman_backup_compare_more_button_20260615-203726\main.tsx",".tsx","55","1.84"
"tools\check-sku-alias-resolver.mjs",".mjs","55","2.38"
"tools\start-wingman-dev.mjs",".mjs","55","1.62"
"archive\_wingman_backup_product_callcards_sticky_layout_20260615-113741\src\main.tsx",".tsx","55","1.9"
"archive\_wingman_backup_compare_native_ui_20260615-211613\main.tsx",".tsx","55","1.84"
"archive\repo-cleanup-20260709-050830\root-backups\_wingman_backup_home_navhub_header_20260630-133036\tools\check-dashboard-visual-correction.mjs",".mjs","55","1.69"
"archive\_wingman_backup_guru_single_instance_20260614-063825\src\wingman2\lib\visualStudioTypes.ts",".ts","55","1.14"
"archive\repo-cleanup-20260709-050830\root-backups\_wingman_backup_home_navhub_reset_20260630-134236\tools\check-dashboard-visual-correction.mjs",".mjs","54","1.71"
"archive\_wingman_backup_guru_single_instance_20260614-063825\src\wingman2\lib\requirementsParser.ts",".ts","54","2.91"
"archive\_wingman_backup_guru_single_instance_20260614-063825\src\wingman2\components\WingmanWorkspacePage.tsx",".tsx","54","1.41"
"archive\_wingman_backup_compare_more_button_20260615-203436\main.tsx",".tsx","53","1.73"
"archive\_wingman_backup_unused_server_agent_pipeline_20260710-122026\server\server\agents\validationAgent.mjs",".mjs","53","1.63"
"archive\_wingman_backup_product_story_language_20260615-113106\src\main.tsx",".tsx","53","1.76"
"tools\check-product-classification.mjs",".mjs","53","1.94"
"archive\repo-cleanup-20260709-050830\root-backups\_wingman_backup_navhub_density_20260630-140851\tools\check-dashboard-visual-correction.mjs",".mjs","53","1.53"
".wingman-backups\dashboard-guru-20260712-092949\tools\check-dashboard-visual-correction.mjs",".mjs","53","1.58"
"src\wingman2\data\schematicWorkspaceHandoff.ts",".ts","52","1.54"
"archive\repo-cleanup-20260709-050830\root-backups\_wingman_backup_home_body_reset_20260630-133647\tools\check-dashboard-visual-correction.mjs",".mjs","52","1.65"
"archive\_wingman_backup_compare_result_layout_20260615-190524\main.tsx",".tsx","52","1.68"
".wingman-work\backups\20260811-125215\src\wingman2\data\schematicWorkspaceHandoff.ts",".ts","52","1.54"
".wingman-work\backups\20260811-125215\src\wingman2\pages\catalogBrowserLifecycle.test.ts",".ts","52","2.93"
"archive\_wingman_backup_compare_visual_route_bridge_20260615-202629\main.tsx",".tsx","52","1.68"
"src\wingman2\lib\competitorSpecRegistry.inferSpecFormFields.test.ts",".ts","52","2.31"
"src\wingman2\types\productTruth.ts",".ts","52","3.59"
"src\wingman2\pages\catalogBrowserLifecycle.test.ts",".ts","52","2.93"
"tools\check-call-cards-focused-workflow.mjs",".mjs","52","1.69"
".wingman-work\backups\20260811-125821\src\wingman2\lib\competitorSpecRegistry.inferSpecFormFields.test.ts",".ts","52","2.31"
".wingman-work\backups\20260811-125346\src\wingman2\data\schematicWorkspaceHandoff.ts",".ts","52","1.54"
".wingman-work\backups\20260811-125821\src\wingman2\data\schematicWorkspaceHandoff.ts",".ts","52","1.54"
".wingman-work\backups\20260811-125346\src\wingman2\pages\discovery\DiscoverySummaryCard.tsx",".tsx","52","1.95"
".wingman-work\backups\20260811-125346\src\wingman2\lib\competitorSpecRegistry.inferSpecFormFields.test.ts",".ts","52","2.31"
".wingman-work\backups\20260811-125821\src\wingman2\pages\catalogBrowserLifecycle.test.ts",".ts","52","2.93"
".wingman-work\backups\20260811-125215\src\wingman2\lib\competitorSpecRegistry.inferSpecFormFields.test.ts",".ts","52","2.31"
"src\wingman2\pages\discovery\DiscoverySummaryCard.tsx",".tsx","52","1.95"
"src\main.tsx",".tsx","52","1.92"
".wingman-work\backups\20260811-125821\src\wingman2\pages\discovery\DiscoverySummaryCard.tsx",".tsx","52","1.95"
".wingman-work\backups\20260811-125215\src\wingman2\pages\discovery\DiscoverySummaryCard.tsx",".tsx","52","1.95"
".wingman-work\backups\20260811-125346\src\wingman2\pages\catalogBrowserLifecycle.test.ts",".ts","52","2.93"
"archive\_wingman_backup_compare_result_styling_20260615-185918\main.tsx",".tsx","52","1.68"
"archive\_wingman_backup_guru_movable_20260614-050939\src\main.tsx",".tsx","51","1.63"
"archive\_wingman_backup_restore_sweeping_guru_20260614-064242\src\main.tsx",".tsx","51","1.63"
"archive\_wingman_backup_alpha_numeric_filter_20260615-111554\src\main.tsx",".tsx","51","1.63"
"data\wingman-quote-safety-rules.json",".json","51","2.52"
"archive\repo-cleanup-20260709-050830\root-backups\_wingman_backup_home_navhub_reset_20260630-134327\tools\check-dashboard-visual-correction.mjs",".mjs","51","1.71"
".wingman-work\backups\20260811-125215\src\wingman2\lib\salesConversationTone.test.ts",".ts","51","1.67"
"archive\repo-cleanup-20260709-050830\root-backups\_wingman_backup_home_shared_css_20260630-134642\tools\check-dashboard-visual-correction.mjs",".mjs","51","1.71"
".wingman-work\backups\20260811-125346\src\wingman2\lib\salesConversationTone.test.ts",".ts","51","1.67"
"archive\_wingman_backup_compare_sku_auto_advance_20260615-185550\main.tsx",".tsx","51","1.63"
"archive\_wingman_backup_guru_single_instance_20260614-063825\src\wingman2\components\layout\WingmanRouteTabs.tsx",".tsx","51","0.99"
"src\wingman2\lib\salesConversationTone.test.ts",".ts","51","1.67"
"archive\_wingman_backup_guru_single_instance_20260614-063825\src\main.tsx",".tsx","51","1.63"
".wingman-work\backups\20260811-125821\src\wingman2\lib\salesConversationTone.test.ts",".ts","51","1.67"
"archive\_wingman_backup_guru_repair_20260614-051054\src\main.tsx",".tsx","51","1.63"
"archive\_wingman_backup_before_compare_restore_20260614-052137\src_main.tsx",".tsx","51","1.63"
".wingman-work\backups\20260811-125346\src\wingman2\lib\networkHdAvoipRoleGate.test.ts",".ts","50","2.24"
"archive\_wingman_backup_guru_single_instance_20260614-063825\src\wingman2\data\intelligenceDraftApi.ts",".ts","50","1.85"
"src\wingman2\lib\networkHdAvoipRoleGate.test.ts",".ts","50","2.24"
"archive\_wingman_backup_unused_server_agent_pipeline_20260710-122026\server\server\agents\discoveryAgent.mjs",".mjs","50","1.49"
"archive\_wingman_backup_guru_single_instance_20260614-063825\src\wingman2\data\proposalSafetyStandard.ts",".ts","50","1.91"
"archive\_wingman_backup_guru_single_instance_20260614-063825\src\wingman2\components\ProductInSituDiagram.tsx",".tsx","50","1.62"
".wingman-work\backups\20260811-125821\src\wingman2\lib\networkHdAvoipRoleGate.test.ts",".ts","50","2.24"
".wingman-work\backups\20260811-125215\src\wingman2\lib\networkHdAvoipRoleGate.test.ts",".ts","50","2.24"
".wingman-backups\verified-proposal-templates-20260710-200928\manifest.json",".json","50","1.8"
".wingman-work\backups\20260811-125821\src\wingman2\lib\productCallCardTypes.ts",".ts","49","1.12"
"src\wingman2\lib\productCallCardTypes.ts",".ts","49","1.12"
".wingman-work\backups\20260811-125821\src\main.tsx",".tsx","49","1.77"
"archive\_wingman_backup_restore_global_guru_20260614-064442\src\main.tsx",".tsx","49","1.55"
"tools\check-wingman-page-frames.mjs",".mjs","49","1.29"
"archive\_wingman_backup_guru_20260614-050537\src\main.tsx",".tsx","49","1.55"
".wingman-work\backups\20260811-125346\src\main.tsx",".tsx","49","1.77"
".wingman-work\backups\20260811-125215\src\wingman2\lib\productCallCardTypes.ts",".ts","49","1.12"
".wingman-work\backups\20260811-125346\src\wingman2\lib\productCallCardTypes.ts",".ts","49","1.12"
".wingman-work\backups\20260811-125215\src\main.tsx",".tsx","49","1.77"
".wingman-work\backups\20260811-125346\src\wingman2\components\StatusChip.tsx",".tsx","48","1.23"
"archive\_wingman_backup_guru_single_instance_20260614-063825\src\wingman2\app\templatesRectCards.ts",".ts","48","1.79"
".wingman-work\backups\20260811-125215\src\__tests__\guruDrawerUiContract.test.ts",".ts","48","2.03"
"archive\repo-cleanup-20260709-050830\root-backups\_wingman_backup_dashboard_component_rewrite_20260630-090504\tools\check-dashboard-visual-correction.mjs",".mjs","48","1.85"
".wingman-work\backups\20260811-125821\src\wingman2\pages\IngestPage.errorHandling.test.tsx",".tsx","48","1.87"
"src\__tests__\guruDrawerUiContract.test.ts",".ts","48","2.03"
"src\wingman2\components\StatusChip.tsx",".tsx","48","1.23"
".wingman-work\backups\20260811-125346\src\__tests__\guruDrawerUiContract.test.ts",".ts","48","2.03"
"tools\check-matrix-output-model.mjs",".mjs","48","1.75"
".wingman-work\backups\20260811-125215\src\wingman2\components\StatusChip.tsx",".tsx","48","1.23"
".wingman-work\backups\20260811-125346\src\wingman2\pages\IngestPage.errorHandling.test.tsx",".tsx","48","1.87"
".wingman-work\backups\20260811-125821\src\wingman2\components\StatusChip.tsx",".tsx","48","1.23"
".wingman-work\backups\20260811-125215\src\wingman2\pages\IngestPage.errorHandling.test.tsx",".tsx","48","1.87"
"src\wingman2\pages\IngestPage.errorHandling.test.tsx",".tsx","48","1.87"
".wingman-work\backups\20260811-125821\src\__tests__\guruDrawerUiContract.test.ts",".ts","48","2.03"
"archive\_wingman_backup_unused_server_agent_pipeline_20260710-122026\server\server\agents\schemas\validation.schema.mjs",".mjs","48","1.48"
".wingman-work\backups\20260811-125821\src\wingman2\lib\glossaryHighlightPreference.ts",".ts","47","1.68"
"src\wingman2\lib\glossaryHighlightPreference.ts",".ts","47","1.68"
".wingman-work\backups\20260811-125215\src\wingman2\lib\glossaryHighlightPreference.ts",".ts","47","1.68"
"tools\check-call-coach-no-call-cards-loop.mjs",".mjs","47","1.26"
".wingman-work\backups\20260811-125346\src\wingman2\lib\glossaryHighlightPreference.ts",".ts","47","1.68"
"tools\product-data-doctor.mjs",".mjs","47","2.27"
".wingman-work\backups\20260811-125215\src\wingman2\lib\documentExtract.xlsx.test.ts",".ts","46","2.08"
"src\wingman2\lib\documentExtract.xlsx.test.ts",".ts","46","2.08"
".wingman-work\backups\20260811-125346\src\wingman2\lib\documentExtract.xlsx.test.ts",".ts","46","2.08"
".wingman-work\backups\20260811-125821\src\wingman2\lib\documentExtract.xlsx.test.ts",".ts","46","2.08"
"archive\_wingman_backup_guru_single_instance_20260614-063825\src\wingman2\components\compare\CompareBackToListButton.tsx",".tsx","45","1.14"
"archive\_wingman_backup_guru_single_instance_20260614-063825\src\wingman2\pages\productCallCards\ProductCallCardsShell.tsx",".tsx","45","1.43"
".wingman-work\backups\20260811-125821\src\wingman2\lib\compareSpecEngine.mediaIndex.test.ts",".ts","45","1.79"
"src\wingman2\lib\compareSpecEngine.mediaIndex.test.ts",".ts","45","1.79"
"src\wingman2\app\wingmanDisplayScaleGuard.ts",".ts","45","1.18"
".wingman-work\backups\20260811-125215\src\wingman2\app\wingmanDisplayScaleGuard.ts",".ts","45","1.18"
"tools\check-product-media-index.mjs",".mjs","45","1.79"
".wingman-work\backups\20260811-125215\src\wingman2\lib\compareSpecEngine.mediaIndex.test.ts",".ts","45","1.79"
"archive\_wingman_backup_compare_ui_polish_20260613-204505\src\wingman2\components\compare\CompareBackToListButton.tsx",".tsx","45","1.14"
"archive\_wingman_backup_before_compare_restore_20260614-052137\src_wingman2_components_compare_CompareBackToListButton.tsx",".tsx","45","1.15"
".wingman-work\backups\20260811-125821\src\wingman2\app\wingmanDisplayScaleGuard.ts",".ts","45","1.18"
".wingman-work\backups\20260811-125346\src\wingman2\lib\compareSpecEngine.mediaIndex.test.ts",".ts","45","1.79"
"archive\_wingman_backup_unused_server_agent_pipeline_20260710-122026\server\server\agents\proposalAgent.mjs",".mjs","45","1.45"
".wingman-work\backups\20260811-125346\src\wingman2\app\wingmanDisplayScaleGuard.ts",".ts","45","1.18"
"src\__tests__\finderProductFamilyRanking.test.ts",".ts","44","1.21"
".wingman-work\backups\20260811-125821\src\__tests__\discoveryStageStates.test.tsx",".tsx","44","1.62"
".wingman-work\backups\20260811-125346\src\wingman2\lib\compareResolution.ts",".ts","44","2.25"
".wingman-work\backups\20260811-125821\src\__tests__\finderProductFamilyRanking.test.ts",".ts","44","1.21"
"archive\repo-cleanup-20260709-050830\root-backups\_wingman_backup_apo_dg2_dependency_rule_20260706-112917\src\__tests__\finderProductFamilyRanking.test.ts",".ts","44","1.21"
"archive\_wingman_backup_guru_single_instance_20260614-063825\src\wingman2\components\AudienceSelector.tsx",".tsx","44","1.46"
".wingman-work\backups\20260811-125821\src\wingman2\lib\compareResolution.ts",".ts","44","2.25"
".wingman-work\backups\20260811-125346\src\__tests__\finderProductFamilyRanking.test.ts",".ts","44","1.21"
".wingman-work\backups\20260811-125346\src\__tests__\discoveryStageStates.test.tsx",".tsx","44","1.62"
".wingman-work\backups\20260811-125215\src\__tests__\finderProductFamilyRanking.test.ts",".ts","44","1.21"
".wingman-work\backups\20260811-125215\src\wingman2\lib\compareResolution.ts",".ts","44","2.25"
"src\wingman2\lib\compareResolution.ts",".ts","44","2.25"
"reports\wyrestorm-port-count-repair.json",".json","44","1.1"
"src\__tests__\discoveryStageStates.test.tsx",".tsx","44","1.62"
".wingman-backups\app-style-package-repair-20260710-213752\update-package-style-check.cjs",".cjs","44","1.01"
".wingman-backups\app-style-package-repair-20260710-214228\update-package-style-check.cjs",".cjs","44","1.01"
".wingman-work\backups\20260811-125215\src\__tests__\discoveryStageStates.test.tsx",".tsx","44","1.62"
".wingman-backups\dashboard-guru-20260712-092537\tools\check-dashboard-original-card-layout.mjs",".mjs","43","1.51"
".wingman-backups\dashboard-guru-20260712-092949\tools\check-dashboard-original-card-layout.mjs",".mjs","43","1.27"
"src\wingman2\lib\productAssurance.test.ts",".ts","43","1.65"
".wingman-work\backups\20260811-125346\src\wingman2\lib\productAssurance.test.ts",".ts","43","1.65"
".wingman-work\backups\20260811-125821\src\wingman2\lib\productAssurance.test.ts",".ts","43","1.65"
"archive\_wingman_backup_unused_server_agent_pipeline_20260710-122026\server\server\agents\competitorMatchAgent.mjs",".mjs","43","1.41"
".wingman-work\backups\20260811-125215\src\wingman2\lib\productAssurance.test.ts",".ts","43","1.65"
"data\wyrestorm-lifecycle-manual-decisions.json",".json","43","1.06"
"archive\_wingman_backup_guru_single_instance_20260614-063825\src\wingman2\data\schematicWorkspaceHandoff.ts",".ts","43","1.48"
".wingman-work\backups\20260811-125346\src\wingman2\lib\templateMarkets.ts",".ts","42","1.26"
"src\wingman2\lib\roomTemplatePlaceholders.test.ts",".ts","42","2.12"
".wingman-work\backups\20260811-125215\src\wingman2\lib\templateMarkets.ts",".ts","42","1.26"
"tools\check-wingman-performance-guard.mjs",".mjs","42","1.8"
".wingman-work\backups\20260811-125821\src\wingman2\lib\templateMarkets.ts",".ts","42","1.26"
".wingman-work\backups\20260811-125821\src\wingman2\lib\roomTemplatePlaceholders.test.ts",".ts","42","2.12"
".wingman-work\backups\20260811-125215\src\wingman2\lib\roomTemplatePlaceholders.test.ts",".ts","42","2.12"
".wingman-work\backups\20260811-125346\src\wingman2\lib\roomTemplatePlaceholders.test.ts",".ts","42","2.12"
"src\wingman2\lib\templateMarkets.ts",".ts","42","1.26"
"server\server\agents\visionContextAgent.mjs",".mjs","42","1.49"
"tools\check-discovery-topology.mjs",".mjs","42","2.29"
"src\wingman2\components\WingmanGuruDrawer.compareContext.test.ts",".ts","41","2.03"
"src\wingman2\components\SectionCard.tsx",".tsx","41","1.29"
".wingman-work\backups\20260811-125215\src\wingman2\components\SectionCard.tsx",".tsx","41","1.29"
".wingman-work\backups\20260811-125821\src\wingman2\components\SectionCard.tsx",".tsx","41","1.29"
".wingman-work\backups\20260811-125346\src\wingman2\components\SectionCard.tsx",".tsx","41","1.29"
".wingman-work\backups\20260811-125821\src\wingman2\components\WingmanGuruDrawer.compareContext.test.ts",".ts","41","2.03"
".wingman-work\backups\20260811-125215\src\wingman2\components\WingmanGuruDrawer.compareContext.test.ts",".ts","41","2.03"
".wingman-work\backups\20260811-125346\src\wingman2\components\WingmanGuruDrawer.compareContext.test.ts",".ts","41","2.03"
"src\wingman2\lib\productDataQuality.ts",".ts","40","2.83"
"tsconfig.typecheck.json",".json","40","0.7"
".wingman-work\backups\20260811-125346\src\wingman2\lib\productCallCardText.ts",".ts","39","0.72"
".wingman-work\backups\20260811-125821\src\__tests__\fixtures\documentIngest\blustreamPacific.fixture.ts",".ts","39","1.18"
".wingman-work\backups\20260811-125821\src\wingman2\lib\productCallCardText.ts",".ts","39","0.72"
".wingman-work\backups\20260811-125215\src\wingman2\lib\productCallCardText.ts",".ts","39","0.72"
"src\wingman2\components\ProductWorkspaceChrome.test.tsx",".tsx","39","1.63"
"tools\check-known-wyrestorm-matrix-profiles.mjs",".mjs","39","1.99"
".wingman-work\backups\20260811-125215\src\wingman2\components\ProductWorkspaceChrome.test.tsx",".tsx","39","1.63"
"archive\repo-cleanup-20260709-050830\root-backups\_wingman_backup_orphan_fixture_move_20260706-115619\blustreamPacific.fixture.ts",".ts","39","1.18"
".wingman-work\backups\20260811-125346\src\wingman2\components\ProductWorkspaceChrome.test.tsx",".tsx","39","1.63"
".wingman-work\backups\20260811-125346\src\__tests__\fixtures\documentIngest\blustreamPacific.fixture.ts",".ts","39","1.18"
".wingman-work\backups\20260811-125215\src\__tests__\fixtures\documentIngest\blustreamPacific.fixture.ts",".ts","39","1.18"
".wingman-work\backups\20260811-125821\src\wingman2\components\ProductWorkspaceChrome.test.tsx",".tsx","39","1.63"
"src\wingman2\lib\productCallCardText.ts",".ts","39","0.72"
"src\__tests__\fixtures\documentIngest\blustreamPacific.fixture.ts",".ts","39","1.18"
"src\wingman2\pages\discovery\discoveryTypes.ts",".ts","38","0.97"
"vitest.config.ts",".ts","38","1.34"
".wingman-work\backups\20260811-125215\src\__tests__\productTopologyUiContract.test.ts",".ts","38","1.62"
".wingman-work\backups\20260811-125346\src\wingman2\pages\discovery\discoveryTypes.ts",".ts","38","0.97"
"src\__tests__\productTopologyUiContract.test.ts",".ts","38","1.62"
"tools\verify-chain.mjs",".mjs","38","1.29"
".wingman-work\backups\20260811-125821\src\__tests__\productTopologyUiContract.test.ts",".ts","38","1.62"
".wingman-work\backups\20260811-125821\src\wingman2\pages\discovery\discoveryTypes.ts",".ts","38","0.97"
"archive\_wingman_backup_unreferenced_src_modules_20260710-104753\src\wingman2\components\layout\WingmanPanel.tsx",".tsx","38","0.91"
".wingman-work\backups\20260811-125346\src\__tests__\productTopologyUiContract.test.ts",".ts","38","1.62"
".wingman-work\backups\20260811-125215\src\wingman2\pages\discovery\discoveryTypes.ts",".ts","38","0.97"
"archive\_wingman_backup_guru_single_instance_20260614-063825\src\wingman2\components\SectionCard.tsx",".tsx","37","1"
"archive\backups\product-call-cards-phase1b-2026-06-07-20-15-24\src\wingman2\pages\ProductCallCardsPage.tsx",".tsx","37","1.58"
".wingman-backups\dashboard-guru-20260712-092949\tools\repair-dashboard-style-drift.mjs",".mjs","36","1.13"
"tools\repair-dashboard-style-drift.mjs",".mjs","36","1.13"
"archive\_wingman_backup_unused_server_agent_pipeline_20260710-122026\server\server\agents\runPhase1Pipeline.mjs",".mjs","36","0.86"
"archive\_wingman_backup_guru_single_instance_20260614-063825\src\__tests__\ErrorBoundary.test.tsx",".tsx","36","1.4"
"archive\_wingman_backup_guru_single_instance_20260614-063825\src\wingman2\app\wingmanDisplayScaleGuard.ts",".ts","36","1.13"
"archive\repo-cleanup-20260709-050830\root-backups\_wingman_backup_no_equivalent_submit_20260704-205931\tools\check-compare-no-equivalent-submit.mjs",".mjs","36","1.79"
"archive\repo-cleanup-20260709-050830\root-backups\_wingman_backup_vite_blank_20260708-055744\src_main.tsx",".tsx","36","1.26"
"src\wingman2\lib\compareEligibilityEngine.presentationIntent.test.ts",".ts","35","1.46"
".wingman-work\backups\20260811-125215\src\wingman2\lib\compareEligibilityEngine.presentationIntent.test.ts",".ts","35","1.46"
"src\wingman2\lib\compareResolution.test.ts",".ts","35","1.83"
".wingman-work\backups\20260811-125821\src\wingman2\lib\compareEligibilityEngine.presentationIntent.test.ts",".ts","35","1.46"
".wingman-work\backups\20260811-125346\src\wingman2\lib\compareEligibilityEngine.presentationIntent.test.ts",".ts","35","1.46"
".wingman-work\backups\20260811-125821\src\wingman2\lib\compareResolution.test.ts",".ts","35","1.83"
".wingman-work\backups\20260811-125346\src\wingman2\lib\compareResolution.test.ts",".ts","35","1.83"
".wingman-work\backups\20260811-125215\src\wingman2\lib\compareResolution.test.ts",".ts","35","1.83"
"archive\_wingman_backup_guru_single_instance_20260614-063825\src\wingman2\components\layout\WingmanPanel.tsx",".tsx","34","0.81"
"tools\check-wingman-repair-guard.mjs",".mjs","34","1.5"
"archive\_wingman_backup_unreferenced_src_modules_20260710-104753\src\wingman2\components\layout\WingmanPageFrame.tsx",".tsx","34","0.74"
"archive\_wingman_backup_guru_single_instance_20260614-063825\src\wingman2\lib\compareDisplayText.ts",".ts","34","0.96"
"archive\_wingman_backup_unused_server_agent_pipeline_20260710-122026\server\server\agents\schemas\proposal.schema.mjs",".mjs","34","0.94"
"tools\check-wingman-hard-repair.mjs",".mjs","33","1.52"
".wingman-work\backups\20260811-125346\src\lib\server.ts",".ts","33","0.92"
"src\lib\server.ts",".ts","33","0.92"
".wingman-work\backups\20260811-125215\src\lib\server.ts",".ts","33","0.92"
"archive\_wingman_backup_unreferenced_src_modules_20260710-104753\src\wingman2\content\featureAudit.ts",".ts","33","0.86"
".wingman-work\backups\20260811-125821\src\lib\server.ts",".ts","33","0.92"
"archive\_wingman_backup_unreferenced_src_modules_20260710-104753\src\wingman2\components\layout\WingmanCard.tsx",".tsx","33","0.84"
"archive\_wingman_backup_before_reversing_compare_ui_polish_20260613-204652\src\wingman2\components\compare\CompareBackToListButton.tsx",".tsx","33","0.88"
"archive\_wingman_backup_guru_single_instance_20260614-063825\src\wingman2\components\TopBarAudienceSelector.tsx",".tsx","33","0.92"
"archive\_wingman_backup_unreferenced_src_modules_20260710-104753\src\wingman2\components\layout\WingmanPageHero.tsx",".tsx","33","0.85"
"src\vite-env.d.ts",".ts","32","0.93"
".wingman-work\backups\20260811-125821\src\wingman2\pages\ComparePageNew.bridge.test.tsx",".tsx","32","1.18"
".wingman-work\backups\20260811-125215\src\vite-env.d.ts",".ts","32","0.93"
".wingman-work\backups\20260811-125821\src\vite-env.d.ts",".ts","32","0.93"
"src\wingman2\pages\ComparePageNew.bridge.test.tsx",".tsx","32","1.18"
".wingman-work\backups\20260811-125215\src\wingman2\pages\ComparePageNew.bridge.test.tsx",".tsx","32","1.18"
".wingman-work\backups\20260811-125346\src\vite-env.d.ts",".ts","32","0.93"
".wingman-work\backups\20260811-125346\src\wingman2\pages\ComparePageNew.bridge.test.tsx",".tsx","32","1.18"
"server\server\agents\prompts\guruPrompt.mjs",".mjs","32","2.28"
".wingman-work\backups\20260811-125346\src\wingman2\lib\adminProductOverrides.test.ts",".ts","31","1.33"
".wingman-work\backups\20260811-125215\src\wingman2\lib\adminProductOverrides.test.ts",".ts","31","1.33"
".wingman-work\backups\20260811-125821\src\wingman2\lib\adminProductOverrides.test.ts",".ts","31","1.33"
".wingman-work\backups\20260811-125215\src\wingman2\lib\compareSkuNormalization.test.ts",".ts","31","1.52"
"public\wyrestorm-technical-data-audit.json",".json","31","1.24"
"src\wingman2\lib\compareSkuNormalization.test.ts",".ts","31","1.52"
"src\wingman2\pages\ComparePageNew.liveLookup.test.ts",".ts","31","1.05"
".wingman-work\backups\20260811-125346\src\wingman2\lib\compareSkuNormalization.test.ts",".ts","31","1.52"
".wingman-work\backups\20260811-125346\src\wingman2\pages\ComparePageNew.liveLookup.test.ts",".ts","31","1.05"
"src\wingman2\lib\adminProductOverrides.test.ts",".ts","31","1.33"
".wingman-work\backups\20260811-125821\src\wingman2\pages\ComparePageNew.liveLookup.test.ts",".ts","31","1.05"
".wingman-work\backups\20260811-125821\src\wingman2\lib\compareSkuNormalization.test.ts",".ts","31","1.52"
".wingman-work\backups\20260811-125215\src\wingman2\pages\ComparePageNew.liveLookup.test.ts",".ts","31","1.05"
"archive\_wingman_backup_compare_summary_copy_update_20260615-193518\networkHdAvoipRoleGate.test.ts",".ts","30","1.56"
"archive\_wingman_backup_compare_role_gate_repair_20260615-192817\networkHdAvoipRoleGate.test.ts",".ts","30","1.56"
"archive\_wingman_backup_guru_single_instance_20260614-063825\src\wingman2\components\layout\WingmanPageFrame.tsx",".tsx","30","0.69"
"archive\_wingman_backup_guru_single_instance_20260614-063825\src\wingman2\components\layout\WingmanCard.tsx",".tsx","30","0.79"
"archive\_wingman_backup_guru_single_instance_20260614-063825\src\wingman2\components\layout\WingmanPageHero.tsx",".tsx","30","0.79"
"data\product-story-coverage-policy.json",".json","30","1.06"
".wingman-work\backups\20260811-125215\src\__tests__\ingestNextStep.test.tsx",".tsx","29","1.12"
"tsconfig.json",".json","29","0.48"
"src\wingman2\lib\knownWyrestormCompareProfiles.test.ts",".ts","29","1.37"
".wingman-work\backups\20260811-125821\src\wingman2\lib\knownWyrestormCompareProfiles.test.ts",".ts","29","1.37"
".wingman-work\backups\20260811-125821\tsconfig.json",".json","29","0.48"
".wingman-work\backups\20260811-125346\src\__tests__\solutionTemplates.test.ts",".ts","29","1.77"
"src\__tests__\solutionTemplates.test.ts",".ts","29","1.77"
"_backups\retire-finder-feature-sweep-v3-20260720-084642\files\src\__tests__\ingestNextStep.test.tsx",".tsx","29","1.12"
"src\__tests__\ingestNextStep.test.tsx",".tsx","29","1.12"
".wingman-work\backups\20260811-125215\src\__tests__\solutionTemplates.test.ts",".ts","29","1.77"
".wingman-work\backups\20260811-125346\tsconfig.json",".json","29","0.48"
"server\server\agents\tools\projectTools.mjs",".mjs","29","1.02"
"_backups\retire-finder-feature-sweep-v4-20260720-085242\files\src\__tests__\ingestNextStep.test.tsx",".tsx","29","1.12"
".wingman-work\backups\20260811-125215\tsconfig.json",".json","29","0.48"
".wingman-work\backups\20260811-125215\src\wingman2\lib\knownWyrestormCompareProfiles.test.ts",".ts","29","1.37"
".wingman-work\backups\20260811-125821\src\__tests__\solutionTemplates.test.ts",".ts","29","1.77"
".wingman-work\backups\20260811-125346\src\__tests__\ingestNextStep.test.tsx",".tsx","29","1.12"
".wingman-work\backups\20260811-125346\src\wingman2\lib\knownWyrestormCompareProfiles.test.ts",".ts","29","1.37"
"data\governance\wingman-governance.json",".json","29","1.1"
"server\server\agents\lib\json.mjs",".mjs","29","0.76"
".wingman-work\backups\20260811-125821\src\__tests__\ingestNextStep.test.tsx",".tsx","29","1.12"
"_backups\retire-finder-feature-sweep-v5-20260720-085648\files\src\__tests__\ingestNextStep.test.tsx",".tsx","29","1.12"
"src\wingman2\lib\wyrestormPortCountRecovery.test.ts",".ts","28","1.09"
"archive\_wingman_backup_guru_single_instance_20260614-063825\src\wingman2\content\featureAudit.ts",".ts","28","0.83"
".wingman-work\backups\20260811-125346\src\wingman2\lib\wyrestormPortCountRecovery.test.ts",".ts","28","1.09"
".wingman-backups\dashboard-guru-20260712-092949\tools\check-dashboard-single-screen-layout.mjs",".mjs","28","0.93"
".wingman-work\backups\20260811-125821\src\wingman2\lib\wyrestormPortCountRecovery.test.ts",".ts","28","1.09"
"archive\_wingman_backup_guru_single_instance_20260614-063825\src\vite-env.d.ts",".ts","28","0.88"
".wingman-work\backups\20260811-125215\src\wingman2\lib\wyrestormPortCountRecovery.test.ts",".ts","28","1.09"
".wingman-work\backups\20260811-125215\src\__tests__\finderProductFamilyReason.test.ts",".ts","27","0.83"
".wingman-work\backups\20260811-125215\src\__tests__\productIntelligenceIndexCacheUsage.test.ts",".ts","27","1.3"
".wingman-work\backups\20260811-125346\src\__tests__\productIntelligenceIndexCacheUsage.test.ts",".ts","27","1.3"
"_backups\retire-finder-feature-sweep-v5-20260720-085648\files\src\__tests__\productIntelligenceIndexCacheUsage.test.ts",".ts","27","1.3"
"_backups\retire-finder-feature-sweep-v4-20260720-085242\files\src\__tests__\productIntelligenceIndexCacheUsage.test.ts",".ts","27","1.3"
".wingman-work\backups\20260811-125215\src\__tests__\wingmanCoach.test.ts",".ts","27","0.95"
"_backups\retire-finder-feature-sweep-v3-20260720-084642\files\src\__tests__\productIntelligenceIndexCacheUsage.test.ts",".ts","27","1.3"
".wingman-work\backups\20260811-125346\src\__tests__\finderProductFamilyReason.test.ts",".ts","27","0.83"
".wingman-work\backups\20260811-125346\src\__tests__\wingmanCoach.test.ts",".ts","27","0.95"
".wingman-work\backups\20260811-125821\src\__tests__\wingmanCoach.test.ts",".ts","27","0.95"
"archive\_wingman_backup_guru_single_instance_20260614-063825\src\wingman2\components\ui\WingmanSelectionGrid.tsx",".tsx","27","0.62"
"src\__tests__\finderProductFamilyReason.test.ts",".ts","27","0.83"
".wingman-work\backups\20260811-125821\src\__tests__\finderProductFamilyReason.test.ts",".ts","27","0.83"
"components.json",".json","27","0.61"
"archive\_wingman_backup_guru_single_instance_20260614-063825\src\wingman2\hooks\useWingmanAudience.ts",".ts","27","0.74"
"src\__tests__\wingmanCoach.test.ts",".ts","27","0.95"
".wingman-work\backups\20260811-125821\src\__tests__\productIntelligenceIndexCacheUsage.test.ts",".ts","27","1.3"
"archive\_wingman_backup_guru_single_instance_20260614-063825\src\wingman2\components\TopBarUtilityActions.tsx",".tsx","27","0.82"
"src\__tests__\productIntelligenceIndexCacheUsage.test.ts",".ts","27","1.3"
".wingman-work\backups\20260811-125215\src\wingman2\components\branding\GuruAssistantAvatar.tsx",".tsx","26","0.65"
".wingman-work\backups\20260811-125346\src\__tests__\pageHeroGuidance.test.tsx",".tsx","26","1.02"
".wingman-work\backups\20260811-125215\src\__tests__\pageHeroGuidance.test.tsx",".tsx","26","1.02"
".wingman-work\backups\20260811-125821\src\__tests__\pageHeroGuidance.test.tsx",".tsx","26","1.02"
"src\wingman2\components\branding\GuruAssistantAvatar.tsx",".tsx","26","0.65"
".wingman-work\backups\20260811-125346\src\wingman2\components\branding\GuruAssistantAvatar.tsx",".tsx","26","0.65"
".wingman-work\backups\20260811-125821\src\wingman2\components\branding\GuruAssistantAvatar.tsx",".tsx","26","0.65"
"src\__tests__\pageHeroGuidance.test.tsx",".tsx","26","1.02"
".wingman-work\backups\20260811-125215\src\wingman2\lib\productIntelligenceIndexCache.test.ts",".ts","25","0.99"
".wingman-work\backups\20260811-125215\src\wingman2\lib\proposalCompiler.test.ts",".ts","25","1.35"
"src\wingman2\pages\CatalogBrowserPage.fetchError.test.tsx",".tsx","25","0.99"
".wingman-work\backups\20260811-125346\src\wingman2\lib\productIntelligenceIndexCache.test.ts",".ts","25","0.99"
"archive\_wingman_backup_guru_single_instance_20260614-063825\src\wingman2\components\ConfidenceMeter.tsx",".tsx","25","0.66"
"src\wingman2\lib\productIntelligenceIndexCache.test.ts",".ts","25","0.99"
".wingman-work\backups\20260811-125215\src\wingman2\pages\CatalogBrowserPage.fetchError.test.tsx",".tsx","25","0.99"
".wingman-work\backups\20260811-125346\src\wingman2\pages\CatalogBrowserPage.fetchError.test.tsx",".tsx","25","0.99"
".wingman-work\backups\20260811-125346\src\wingman2\lib\proposalCompiler.test.ts",".ts","25","1.35"
".wingman-work\backups\20260811-125821\src\wingman2\pages\CatalogBrowserPage.fetchError.test.tsx",".tsx","25","0.99"
".wingman-work\backups\20260811-125821\src\wingman2\lib\proposalCompiler.test.ts",".ts","25","1.35"
".wingman-work\backups\20260811-125821\src\wingman2\lib\productIntelligenceIndexCache.test.ts",".ts","25","0.99"
"src\wingman2\lib\proposalCompiler.test.ts",".ts","25","1.35"
"archive\_wingman_backup_unused_server_agent_pipeline_20260710-122026\server\server\agents\prompts\discoveryPrompt.mjs",".mjs","24","1.31"
"archive\_wingman_backup_guru_single_instance_20260614-063825\src\wingman2\components\WorkflowActionCard.tsx",".tsx","24","0.75"
"reports\probe-product-index-shape.cjs",".cjs","24","0.9"
"archive\_wingman_backup_guru_single_instance_20260614-063825\src\wingman2\lib\productIntelligenceIndexCache.ts",".ts","23","0.7"
"server\catalog\files.mjs",".mjs","23","1.39"
"tools\check-wingman-scenario-validation.mjs",".mjs","23","0.64"
".wingman-work\backups\20260811-125821\src\wingman2\lib\buildInfo.ts",".ts","23","1.05"
"archive\_wingman_backup_guru_single_instance_20260614-063825\src\wingman2\components\branding\GuruAssistantAvatar.tsx",".tsx","23","0.62"
".wingman-work\backups\20260811-125215\src\wingman2\lib\buildInfo.ts",".ts","23","1.05"
"src\wingman2\lib\scenarioValidation.ts",".ts","23","3.07"
".wingman-work\backups\20260811-125346\src\wingman2\lib\buildInfo.ts",".ts","23","1.05"
"src\wingman2\lib\buildInfo.ts",".ts","23","1.05"
".wingman-work\backups\20260811-125346\src\wingman2\lib\wyrestormCompareProfile.sharedData.test.ts",".ts","22","0.84"
".wingman-work\backups\20260811-125821\src\wingman2\pages\ComparePageNew.noMatchFallback.test.tsx",".tsx","22","1.01"
"reports\npm-audit-report.json",".json","22","0.76"
".wingman-work\backups\20260811-125215\src\wingman2\lib\wyrestormCompareProfile.sharedData.test.ts",".ts","22","0.84"
"src\wingman2\lib\wyrestormCompareProfile.sharedData.test.ts",".ts","22","0.84"
"src\wingman2\pages\ComparePageNew.noMatchFallback.test.tsx",".tsx","22","1.01"
"archive\_wingman_backup_unused_server_agent_pipeline_20260710-122026\server\server\agents\schemas\competitor.schema.mjs",".mjs","22","0.67"
".wingman-work\backups\20260811-125346\src\wingman2\pages\ComparePageNew.noMatchFallback.test.tsx",".tsx","22","1.01"
"archive\_wingman_backup_unreferenced_src_modules_20260710-104753\src\wingman2\components\layout\WingmanFilterBar.tsx",".tsx","22","0.5"
".wingman-work\backups\20260811-125821\src\wingman2\lib\wyrestormCompareProfile.sharedData.test.ts",".ts","22","0.84"
".wingman-work\backups\20260811-125215\src\wingman2\pages\ComparePageNew.noMatchFallback.test.tsx",".tsx","22","1.01"
"server\server\agents\schemas\visionContext.schema.mjs",".mjs","21","0.63"
".wingman-work\backups\20260811-125821\src\wingman2\app\routeCatalog.test.ts",".ts","21","0.84"
"src\wingman2\app\routeCatalog.test.ts",".ts","21","0.84"
"tools\dependency-audit-exceptions.json",".json","21","2.12"
"archive\_wingman_backup_guru_single_instance_20260614-063825\src\wingman2\pages\productCallCards\ProductCallCardsModal.tsx",".tsx","21","0.59"
".wingman-work\backups\20260811-125215\src\wingman2\app\routeCatalog.test.ts",".ts","21","0.84"
".wingman-work\backups\20260811-125346\src\wingman2\app\routeCatalog.test.ts",".ts","21","0.84"
"archive\repo-cleanup-20260709-050830\root-backups\_wingman_backup_dashboard_drift_repair_20260630-083220\tools\check-dashboard-visual-correction.mjs",".mjs","21","0.81"
"_backups\retire-finder-feature-sweep-v4-20260720-085242\files\tools\wingman-page-visual-classes-baseline.json",".json","20","0.8"
"_backups\retire-finder-feature-sweep-v3-20260720-084642\files\tools\wingman-page-visual-classes-baseline.json",".json","20","0.8"
".wingman-work\backups\20260811-125215\src\__tests__\visualStudioLayoutGuard.test.ts",".ts","20","0.96"
"_backups\retire-finder-feature-sweep-v5-20260720-085648\files\tools\wingman-page-visual-classes-baseline.json",".json","20","0.8"
"server\server\agents\prompts\visionContextPrompt.mjs",".mjs","20","1.79"
"src\__tests__\visualStudioLayoutGuard.test.ts",".ts","20","0.96"
"tools\wingman-page-visual-classes-baseline.json",".json","20","0.81"
".wingman-work\backups\20260811-125346\src\__tests__\visualStudioLayoutGuard.test.ts",".ts","20","0.96"
".wingman-work\backups\20260811-125821\src\__tests__\visualStudioLayoutGuard.test.ts",".ts","20","0.96"
"archive\_wingman_backup_guru_single_instance_20260614-063825\src\wingman2\components\layout\WingmanFilterBar.tsx",".tsx","19","0.48"
".wingman-backups\app-style-package-repair-20260710-214228\validate-package-style-check.cjs",".cjs","19","0.73"
".wingman-backups\app-style-package-repair-20260710-213752\validate-package-style-check.cjs",".cjs","19","0.73"
".wingman-work\backups\20260811-125821\src\wingman2\app\WingmanApp.tsx",".tsx","19","0.43"
".wingman-work\backups\20260811-125821\src\__tests__\setup.ts",".ts","19","1.01"
".wingman-work\backups\20260811-125215\src\__tests__\setup.ts",".ts","19","1.01"
"archive\_backup_compare_runtime_product_normalise_20260613-181907\compareRuntimePipeline.ts",".ts","19","0.76"
"src\wingman2\app\WingmanApp.tsx",".tsx","19","0.43"
".wingman-work\backups\20260811-125215\src\wingman2\pages\ComparePageNew.ingestDrill.test.tsx",".tsx","19","0.85"
"src\__tests__\setup.ts",".ts","19","1.01"
"src\wingman2\lib\productDataQuality.test.ts",".ts","19","1.5"
".wingman-work\backups\20260811-125821\src\wingman2\pages\ComparePageNew.ingestDrill.test.tsx",".tsx","19","0.85"
".wingman-work\backups\20260811-125346\src\wingman2\pages\ComparePageNew.ingestDrill.test.tsx",".tsx","19","0.85"
".wingman-work\backups\20260811-125346\src\__tests__\setup.ts",".ts","19","1.01"
".wingman-work\backups\20260811-125346\src\wingman2\app\WingmanApp.tsx",".tsx","19","0.43"
"src\wingman2\pages\ComparePageNew.ingestDrill.test.tsx",".tsx","19","0.85"
".wingman-work\backups\20260811-125215\src\wingman2\app\WingmanApp.tsx",".tsx","19","0.43"
"tools\wingman-size-budgets.json",".json","18","0.72"
"archive\_wingman_backup_guru_single_instance_20260614-063825\src\wingman2\components\StatusChip.tsx",".tsx","17","0.55"
"archive\_wingman_backup_unreferenced_src_modules_20260710-104753\src\wingman2\components\layout\WingmanActionBar.tsx",".tsx","17","0.41"
".claude\launch.json",".json","17","0.37"
".wingman-work\backups\20260811-125821\src\wingman2\pages\ProposalPage.tsx",".tsx","16","0.4"
".wingman-work\backups\20260811-125215\src\wingman2\pages\ProposalPage.tsx",".tsx","16","0.4"
"reports\wingman-feature-surface-audit.json",".json","16","0.57"
"src\wingman2\pages\ProposalPage.tsx",".tsx","16","0.4"
".wingman-work\backups\20260811-125346\src\wingman2\pages\ProposalPage.tsx",".tsx","16","0.4"
".wingman-work\backups\20260811-125346\src\__tests__\visualDesignGeneratedSchematic.test.tsx",".tsx","15","0.86"
"src\wingman2\lib\useDebouncedValue.ts",".ts","15","0.57"
"archive\_wingman_backup_guru_single_instance_20260614-063825\src\wingman2\app\WingmanApp.tsx",".tsx","15","0.4"
".wingman-work\backups\20260811-125215\src\wingman2\lib\useDebouncedValue.ts",".ts","15","0.57"
"src\__tests__\visualStudioSeedAndCanvasGuard.test.ts",".ts","15","0.65"
"server\server\agents\config.mjs",".mjs","15","0.6"
".wingman-work\backups\20260811-125215\src\__tests__\visualStudioSeedAndCanvasGuard.test.ts",".ts","15","0.65"
".wingman-work\backups\20260811-125346\src\__tests__\visualStudioSeedAndCanvasGuard.test.ts",".ts","15","0.65"
".wingman-work\backups\20260811-125346\src\wingman2\lib\useDebouncedValue.ts",".ts","15","0.57"
".wingman-work\backups\20260811-125821\src\__tests__\visualStudioSeedAndCanvasGuard.test.ts",".ts","15","0.65"
".wingman-work\backups\20260811-125215\src\__tests__\visualDesignGeneratedSchematic.test.tsx",".tsx","15","0.86"
".wingman-work\backups\20260811-125821\src\__tests__\visualDesignGeneratedSchematic.test.tsx",".tsx","15","0.86"
".wingman-work\backups\20260811-125821\src\wingman2\lib\useDebouncedValue.ts",".ts","15","0.57"
"src\__tests__\visualDesignGeneratedSchematic.test.tsx",".tsx","15","0.86"
"archive\_wingman_backup_pre_commit_20260614-053254\server_catalog_files.mjs",".mjs","15","1.11"
"server\package.json",".json","15","0.32"
"archive\_wingman_backup_guru_single_instance_20260614-063825\src\wingman2\components\layout\WingmanActionBar.tsx",".tsx","14","0.4"
"archive\_wingman_backup_unused_server_agent_pipeline_20260710-122026\server\server\agents\prompts\architectPrompt.mjs",".mjs","14","0.6"
".wingman-work\backups\20260811-125821\src\wingman2\pages\DiscoveryPage.resume.test.ts",".ts","13","0.58"
".wingman-work\backups\20260811-125346\src\wingman2\pages\DiscoveryPage.resume.test.ts",".ts","13","0.58"
"src\wingman2\pages\DiscoveryPage.resume.test.ts",".ts","13","0.58"
".wingman-work\backups\20260811-125215\src\wingman2\pages\DiscoveryPage.resume.test.ts",".ts","13","0.58"
"archive\repo-cleanup-20260709-050830\root-backups\_wingman_backup_home_navhub_shared_ui_20260630-141354\tools\wingman-style-drift-baseline.json",".json","12","0.29"
"tools\wingman-style-drift-baseline.json",".json","12","0.31"
"data\wingman-product-suppression-list.json",".json","12","0.32"
"reports\wingman-product-technical-summary-enrichment.json",".json","12","0.3"
"data\backend\competitor-diagnostics.json",".json","12","0.17"
"reports\routed-io-repair-report.json",".json","12","0.24"
"archive\_wingman_backup_unused_server_agent_pipeline_20260710-122026\server\server\agents\prompts\validationPrompt.mjs",".mjs","12","0.51"
"data\catalog\product-classification-corrections.json",".json","11","1.24"
".claude\worktrees\beautiful-hypatia-f3b5c2\.claude\launch.json",".json","11","0.14"
"archive\_wingman_backup_unused_server_agent_pipeline_20260710-122026\server\server\agents\prompts\proposalPrompt.mjs",".mjs","11","0.35"
"tailwind.config.js",".js","11","0.18"
"archive\_wingman_backup_unused_server_agent_pipeline_20260710-122026\server\server\agents\prompts\competitorPrompt.mjs",".mjs","11","0.36"
"src\wingman2\lib\scenarioValidation.test.ts",".ts","11","0.91"
"server\server\agents\schemas\guru.schema.mjs",".mjs","11","0.38"
"tools\setup-git-hooks.mjs",".mjs","10","0.29"
"data-sources\wyrestorm\enrichment-status.json",".json","10","0.21"
"tools\wyrestorm-technical-data-coverage-baseline.json",".json","9","0.29"
".wingman-work\backups\20260811-125821\src\wingman2\types.ts",".ts","8","0.21"
"src\wingman2\types.ts",".ts","8","0.21"
".wingman-work\backups\20260811-125215\src\wingman2\types.ts",".ts","8","0.21"
"src\lib\client.ts",".ts","8","0.21"
".wingman-work\backups\20260811-125215\src\lib\client.ts",".ts","8","0.21"
"server\server\agents\tools\index.mjs",".mjs","8","0.24"
".wingman-work\backups\20260811-125346\src\wingman2\types.ts",".ts","8","0.21"
".wingman-work\backups\20260811-125821\src\lib\client.ts",".ts","8","0.21"
".wingman-work\backups\20260811-125346\src\lib\client.ts",".ts","8","0.21"
".wingman-work\backups\20260811-125346\src\wingman2\pages\CallCardsPage.tsx",".tsx","7","0.16"
"archive\_wingman_backup_unreferenced_src_modules_20260710-104753\src\wingman2\components\layout\index.ts",".ts","7","0.36"
".wingman-work\backups\20260811-125215\src\wingman2\pages\CallCardsPage.tsx",".tsx","7","0.16"
".wingman-work\backups\20260811-125821\src\wingman2\components\WingmanViewportFitControl.tsx",".tsx","7","0.21"
"archive\_wingman_backup_guru_single_instance_20260614-063825\src\wingman2\types.ts",".ts","7","0.21"
"src\wingman2\components\WingmanViewportFitControl.tsx",".tsx","7","0.21"
"archive\_wingman_backup_guru_single_instance_20260614-063825\src\wingman2\components\layout\index.ts",".ts","7","0.36"
"src\wingman2\pages\CallCardsPage.tsx",".tsx","7","0.16"
".wingman-work\backups\20260811-125215\src\wingman2\components\WingmanViewportFitControl.tsx",".tsx","7","0.21"
".wingman-work\backups\20260811-125821\src\wingman2\pages\CallCardsPage.tsx",".tsx","7","0.16"
".wingman-work\backups\20260811-125346\src\wingman2\components\WingmanViewportFitControl.tsx",".tsx","7","0.21"
".wingman-work\backups\20260811-125821\src\lib\utils.ts",".ts","6","0.16"
"src\lib\utils.ts",".ts","6","0.16"
".wingman-work\backups\20260811-125346\src\lib\utils.ts",".ts","6","0.16"
".wingman-work\backups\20260811-125215\src\lib\utils.ts",".ts","6","0.16"
"postcss.config.js",".js","6","0.08"
"data\governance\competitor-match-decisions.json",".json","5","0.06"
".wingman-work\backups\20260811-125346\src\wingman2\lib\schematic\index.ts",".ts","4","0.15"
"archive\repo-cleanup-20260709-050830\root-backups\_wingman_backup_admin_db_bom_fix_20260706-143153\wingman-product-admin-db.json",".json","4","0.04"
".wingman-work\backups\20260811-125215\src\wingman2\lib\schematic\index.ts",".ts","4","0.15"
"src\wingman2\lib\schematic\index.ts",".ts","4","0.15"
".wingman-work\backups\20260811-125821\src\wingman2\lib\schematic\index.ts",".ts","4","0.15"
"archive\_wingman_backup_unreferenced_src_modules_20260710-104753\src\wingman2\domain\productMatching\index.ts",".ts","3","0.08"
"archive\_wingman_backup_guru_single_instance_20260614-063825\src\wingman2\domain\productMatching\index.ts",".ts","3","0.08"
"archive\_wingman_backup_guru_single_instance_20260614-063825\src\wingman2\productMatching\index.ts",".ts","3","0.08"
"archive\_wingman_backup_unreferenced_src_modules_20260710-104753\src\wingman2\productMatching\index.ts",".ts","3","0.08"
"archive\_wingman_backup_guru_single_instance_20260614-063825\src\App.tsx",".tsx","1","0.05"
"archive\_wingman_backup_guru_single_instance_20260614-063825\src\components\index.ts",".ts","1","0.05"
".wingman-work\backups\20260811-125821\src\App.tsx",".tsx","1","0.05"
"public\product-intelligence-index.json",".json","1","10332.3"
"data\backend\competitor-approvals.json",".json","1","0"
"data\competitor-approvals.json",".json","1","0"
"data\backend\wingman-projects.json",".json","1","0"
"data\backend\wingman-users.json",".json","1","0"
"data\backend\wingman-sessions.json",".json","1","0"
"archive\_wingman_backup_unreferenced_src_modules_20260710-104753\src\components\index.ts",".ts","1","0.05"
"archive\_wingman_backup_guru_single_instance_20260614-063825\src\__tests__\setup.ts",".ts","1","0.04"
".wingman-work\backups\20260811-125346\src\App.tsx",".tsx","1","0.05"
"src\App.tsx",".tsx","1","0.05"
"archive\_wingman_backup_pre_commit_20260614-053254\data_catalog_competitor-custom.local.json",".json","1","0"
".wingman-work\backups\20260811-125215\src\App.tsx",".tsx","1","0.05"
