"Path","TopFolder","Extension","Bytes","KB"
"archive\repo-cleanup-20260709-050830\root-backups\_wingman_backup_css_rebuild_20260708-055954\wingman-style-stack.corrupt.20260708-055954.css","archive",".css","1616360356","1578476.91"
"archive\repo-cleanup-20260709-050830\root-backups\_wingman_backup_vite_blank_20260708-055744\src_wingman2_styles_wingman-style-stack.css","archive",".css","1616360356","1578476.91"
"archive\repo-cleanup-20260709-050830\src-snapshots\src\wingman2\styles\wingman-style-stack.css.pre-bloat-clean-20260707-203929.bak","archive",".bak","726675982","709644.51"
"archive\repo-cleanup-20260709-050830\src-snapshots\src\wingman2\styles\wingman-style-stack.css.pre-clean-20260707-202548.bak","archive",".bak","327036552","319371.63"
"archive\repo-cleanup-20260709-050830\src-snapshots\src\wingman2\styles\wingman-style-stack.css.remove-template-library-band-20260707-195213.bak","archive",".bak","147501345","144044.28"
"archive\repo-cleanup-20260709-050830\root-artifacts\_review\wide-text-hygiene-backup.patch","archive",".patch","133057390","129938.86"
"archive\repo-cleanup-20260709-050830\src-snapshots\src\wingman2\styles\wingman-style-stack.css.templates-click-expand-recovery-20260707-194541.bak","archive",".bak","66853093","65286.22"
"archive\repo-cleanup-20260709-050830\src-snapshots\src\wingman2\styles\wingman-style-stack.css.templates-click-expand-20260707-194235.bak","archive",".bak","30625884","29908.09"
"archive\_wingman_backup_product_suppression_fix_20260615-135005\public\product-intelligence-index.json","archive",".json","27271421","26632.25"
"archive\_wingman_backup_package_sanitizer_wire_fix_20260615-135201\public\product-intelligence-index.json","archive",".json","27271421","26632.25"
"archive\_wingman_backup_suppressed_discontinued_products_20260615-134506\public\product-intelligence-index.json","archive",".json","27271421","26632.25"
"backups\wyrestorm-port-count-recovery-20260714-051514\data_wingman-canonical-product-store.json.bak","backups",".bak","14826153","14478.67"
"backups\wyrestorm-port-count-repair-20260714-051033\data_wingman-canonical-product-store.json.bak","backups",".bak","14823116","14475.7"
"archive\repo-cleanup-20260709-050830\src-snapshots\src\wingman2\styles\wingman-style-stack.css.templates-micro-cards-20260707-193503.bak","archive",".bak","14347648","14011.38"
"archive\_wingman_backup_discovery_image_swap_20260616-092108\wingman-style-stack.css.bak","archive",".bak","13920114","13593.86"
"backups\wyrestorm-port-count-repair-20260714-051033\data-sources_wyrestorm_enrichment.json.bak","backups",".bak","13490770","13174.58"
"backups\wyrestorm-port-count-recovery-20260714-051514\data-sources_wyrestorm_enrichment.json.bak","backups",".bak","13489960","13173.79"
"backups\avoip-data-20260713-193257\data-sources\wyrestorm\enrichment.json","backups",".json","13447304","13132.13"
".wingman-backups\technical-summary-enrichment-20260711-231528\enrichment.json.bak",".wingman-backups",".bak","13288839","12977.38"
"backups\wyrestorm-port-count-recovery-20260714-051514\public_product-intelligence-index.json.bak","backups",".bak","11282316","11017.89"
"backups\wyrestorm-port-count-repair-20260714-051033\public_product-intelligence-index.json.bak","backups",".bak","11279998","11015.62"
"archive\repo-cleanup-20260709-050830\src-snapshots\src\wingman2\styles\wingman-style-stack.css.templates-compact-hover-20260707-192422.bak","archive",".bak","7036794","6871.87"
"archive\_wingman_backup_video_wall_bar_tile_20260616-091851\wingman-style-stack.css.bak","archive",".bak","6697644","6540.67"
"archive\repo-cleanup-20260709-050830\src-snapshots\src\wingman2\styles\wingman-style-stack.css.templates-compact-hover-20260707-192321.bak","archive",".bak","3752641","3664.69"
"archive\_wingman_backup_force_photo_context_cards_20260616-091625\wingman-style-stack.css.bak","archive",".bak","3455791","3374.8"
"archive\repo-cleanup-20260709-050830\root-artifacts\EasySchematic-master.zip","archive",".zip","3262449","3185.99"
"archive\repo-cleanup-20260709-050830\root-artifacts\docs.zip","archive",".zip","2883692","2816.11"
"archive\repo-cleanup-20260709-050830\root-backups\_wingman_backup_before_dashboard_redesign_revert_20260706-095756\staged.patch","archive",".patch","2877146","2809.71"
"archive\repo-cleanup-20260709-050830\root-artifacts\_review\focused-text-hygiene-and-build-fix.patch","archive",".patch","2623234","2561.75"
"archive\repo-cleanup-20260709-050830\root-backups\_wingman_backup_compare_auto_identify_repair_20260701-164217\compareAutoIdentify.ts","archive",".ts","2442415","2385.17"
"archive\repo-cleanup-20260709-050830\src-snapshots\src\wingman2\styles\wingman-style-stack.css.templates-compact-hover-20260707-190408.bak","archive",".bak","2269628","2216.43"
"archive\_wingman_backup_discovery_visual_cards_20260616-091351\wingman-style-stack.css.bak","archive",".bak","1998335","1951.5"
"archive\repo-cleanup-20260709-050830\root-artifacts\data.zip","archive",".zip","1703266","1663.35"
"archive\repo-cleanup-20260709-050830\src-snapshots\src\wingman2\styles\wingman-style-stack.css.templates-space-use-20260707-190115.bak","archive",".bak","1602673","1565.11"
"archive\repo-cleanup-20260709-050830\root-artifacts\data-sources.zip","archive",".zip","1394329","1361.65"
"archive\_wingman_backup_discovery_visual_cards_20260616-091054\wingman-style-stack.css.bak","archive",".bak","1336581","1305.25"
"archive\repo-cleanup-20260709-050830\root-artifacts\_review\focused-text-hygiene-and-build-fix.utf8.patch","archive",".patch","1312112","1281.36"
"archive\repo-cleanup-20260709-050830\src-snapshots\src\wingman2\styles\wingman-style-stack.css.dashboard-no-scroll-crop-20260707-185726.bak","archive",".bak","1304965","1274.38"
"archive\repo-cleanup-20260709-050830\src-snapshots\src\wingman2\styles\wingman-style-stack.css.dashboard-no-scroll-crop-20260707-185700.bak","archive",".bak","1167302","1139.94"
".wingman-work\backups\20260811-125346\src\wingman2\styles\wingman-style-stack.css.20260712-145428.bak",".wingman-work",".bak","1162012","1134.78"
".wingman-work\backups\20260811-125215\src\wingman2\styles\wingman-style-stack.css.20260712-145428.bak",".wingman-work",".bak","1162012","1134.78"
".wingman-work\backups\20260811-125821\src\wingman2\styles\wingman-style-stack.css.20260712-145428.bak",".wingman-work",".bak","1162012","1134.78"
"src\wingman2\styles\wingman-style-stack.css.20260712-145428.bak","src",".bak","1162012","1134.78"
".wingman-work\backups\20260811-125821\src\wingman2\styles\wingman-style-stack.css.20260712-143821.bak",".wingman-work",".bak","1161971","1134.74"
".wingman-work\backups\20260811-125215\src\wingman2\styles\wingman-style-stack.css.20260712-143821.bak",".wingman-work",".bak","1161971","1134.74"
"src\wingman2\styles\wingman-style-stack.css.20260712-143821.bak","src",".bak","1161971","1134.74"
".wingman-work\backups\20260811-125346\src\wingman2\styles\wingman-style-stack.css.20260712-143821.bak",".wingman-work",".bak","1161971","1134.74"
"backups\visual-studio-connectivity-layout-fix-20260712-130000\src\wingman2\styles\wingman-style-stack.css","backups",".css","1158510","1131.36"
"backups\visual-studio-viewport-fix-20260712-124259\src\wingman2\styles\wingman-style-stack.css","backups",".css","1155951","1128.86"
"backups\visual-studio-fit-header-fix-20260712-124959\src\wingman2\styles\wingman-style-stack.css","backups",".css","1155951","1128.86"
"backups\visual-studio-viewport-fix-20260712-123722\src\wingman2\styles\wingman-style-stack.css","backups",".css","1152884","1125.86"
"backups\visual-studio-viewport-fix-20260712-123926\src\wingman2\styles\wingman-style-stack.css","backups",".css","1152884","1125.86"
"src\wingman2\styles\wingman-style-stack.css.before-visual-tidy.bak","src",".bak","1148301","1121.39"
".wingman-work\backups\20260811-125821\src\wingman2\styles\wingman-style-stack.css.before-visual-tidy.bak",".wingman-work",".bak","1148301","1121.39"
".wingman-work\backups\20260811-125346\src\wingman2\styles\wingman-style-stack.css.before-visual-tidy.bak",".wingman-work",".bak","1148301","1121.39"
".wingman-work\backups\20260811-125215\src\wingman2\styles\wingman-style-stack.css.before-visual-tidy.bak",".wingman-work",".bak","1148301","1121.39"
"archive\_src_inline_backups\src\wingman2\styles\wingman-style-stack.css.bak-functional-compare-20260610-210328","archive",".bak-functional-compare-20260610-210328","1133118","1106.56"
"archive\_src_inline_backups\src\wingman2\styles\wingman-style-stack.css.bak-compare-no-stretch-20260610-205544","archive",".bak-compare-no-stretch-20260610-205544","1130285","1103.79"
"archive\_src_inline_backups\src\wingman2\styles\wingman-style-stack.css.bak-compare-right-rail-compact-20260610-205812","archive",".bak-compare-right-rail-compact-20260610-205812","1129436","1102.96"
"archive\_src_inline_backups\src\wingman2\styles\wingman-style-stack.css.bak-sales-helper-safe-scope-20260610-203906","archive",".bak-sales-helper-safe-scope-20260610-203906","1126226","1099.83"
"archive\_src_inline_backups\src\wingman2\styles\wingman-style-stack.css.bak-compare-density-20260610-205338","archive",".bak-compare-density-20260610-205338","1125203","1098.83"
"archive\_src_inline_backups\src\wingman2\styles\wingman-style-stack.css.bak-sales-helper-card-shape-fonts-20260610-205106","archive",".bak-sales-helper-card-shape-fonts-20260610-205106","1124087","1097.74"
"archive\_src_inline_backups\src\wingman2\styles\wingman-style-stack.css.bak-sales-helper-readable-fit-20260610-204247","archive",".bak-sales-helper-readable-fit-20260610-204247","1123139","1096.82"
"archive\_src_inline_backups\src\wingman2\styles\wingman-style-stack.css.bak-sales-helper-pages-20260610-204722","archive",".bak-sales-helper-pages-20260610-204722","1122147","1095.85"
"archive\_src_inline_backups\src\wingman2\styles\wingman-style-stack.css.bak-sales-helper-route-fit-20260610-203713","archive",".bak-sales-helper-route-fit-20260610-203713","1121862","1095.57"
"archive\_src_inline_backups\src\wingman2\styles\wingman-style-stack.css.bak-sales-helper-fit-viewport-20260610-203514","archive",".bak-sales-helper-fit-viewport-20260610-203514","1119341","1093.11"
"archive\_src_inline_backups\src\wingman2\styles\wingman-style-stack.css.bak-sales-helper-final-compact-20260610-204112","archive",".bak-sales-helper-final-compact-20260610-204112","1119276","1093.04"
"archive\_src_inline_backups\src\wingman2\styles\wingman-style-stack.css.bak-sales-helper-compact-20260610-203224","archive",".bak-sales-helper-compact-20260610-203224","1115428","1089.29"
"archive\repo-cleanup-20260709-050830\src-snapshots\src\wingman2\styles\wingman-style-stack.css.final-dashboard-bottom-crop-20260707-185426.bak","archive",".bak","1106972","1081.03"
"archive\repo-cleanup-20260709-050830\src-snapshots\src\wingman2\styles\wingman-style-stack.css.dashboard-route-crop-20260707-185107.bak","archive",".bak","1081430","1056.08"
"archive\repo-cleanup-20260709-050830\src-snapshots\src\wingman2\styles\wingman-style-stack.css.blank-space-fix-20260707-184203.bak","archive",".bak","1066585","1041.59"
"archive\repo-cleanup-20260709-050830\src-snapshots\src\wingman2\styles\wingman-style-stack.css.dashboard-scale-15-20260707-184655.bak","archive",".bak","1066408","1041.41"
"archive\repo-cleanup-20260709-050830\src-snapshots\src\wingman2\styles\wingman-style-stack.css.blank-space-fix-20260707-184434.bak","archive",".bak","1060961","1036.09"
"archive\repo-cleanup-20260709-050830\src-snapshots\src\wingman2\styles\wingman-style-stack.css.templates-hard-compact-20260707-184126.bak","archive",".bak","1060696","1035.84"
"archive\_src_inline_backups\src\wingman2\styles\wingman-style-stack.css.backup-status-contrast-20260707-065600","archive",".backup-status-contrast-20260707-065600","1060290","1035.44"
"archive\repo-cleanup-20260709-050830\src-snapshots\src\wingman2\styles\wingman-style-stack.css.blank-space-fix-20260707-184214.bak","archive",".bak","1058513","1033.7"
"archive\repo-cleanup-20260709-050830\src-snapshots\src\wingman2\styles\wingman-style-stack.css.compact-second-pass-20260707-184030.bak","archive",".bak","1054712","1029.99"
"archive\repo-cleanup-20260709-050830\src-snapshots\src\wingman2\styles\wingman-style-stack.css.compact-header-sweep-20260707-183751.bak","archive",".bak","1050655","1026.03"
"archive\repo-cleanup-20260709-050830\src-snapshots\src\wingman2\styles\wingman-style-stack.css.compact-page-header-backup-20260707-183543.bak","archive",".bak","1042763","1018.32"
"archive\_wingman_backup_discovery_rectangles_20260616-090701\wingman-style-stack.css.bak","archive",".bak","1041090","1016.69"
"archive\_src_inline_backups\src\wingman2\styles\wingman-style-stack.css.bak-remove-alpha-css-hacks-20260628-045857","archive",".bak-remove-alpha-css-hacks-20260628-045857","1020845","996.92"
"archive\_src_inline_backups\src\wingman2\styles\wingman-style-stack.css.bak-discovery-25pc-compact-20260627-201757","archive",".bak-discovery-25pc-compact-20260627-201757","1016148","992.33"
"archive\_src_inline_backups\src\wingman2\styles\wingman-style-stack.css.bak-template-picker-cleanup-20260627-200806","archive",".bak-template-picker-cleanup-20260627-200806","1016080","992.27"
"archive\repo-cleanup-20260709-050830\root-backups\_wingman_backup_compare_viewport_20260706-064746\wingman-style-stack.css","archive",".css","1015895","992.08"
"archive\_src_inline_backups\src\wingman2\styles\wingman-style-stack.css.bak-alpha-css-clean-20260628-050052","archive",".bak-alpha-css-clean-20260628-050052","1015700","991.89"
"archive\repo-cleanup-20260709-050830\root-backups\_wingman_backup_compare_auto_identify_20260701-163338\src\wingman2\styles\wingman-style-stack.css","archive",".css","1014601","990.82"
"archive\_src_inline_backups\src\wingman2\styles\wingman-style-stack.css.bak-hide-alpha-stray-text-20260627-194246","archive",".bak-hide-alpha-stray-text-20260627-194246","1014115","990.35"
"archive\_src_inline_backups\src\wingman2\styles\wingman-style-stack.css.bak-prune-alpha-readout-20260627-194017","archive",".bak-prune-alpha-readout-20260627-194017","1012713","988.98"
"archive\_src_inline_backups\src\wingman2\styles\wingman-style-stack.css.bak-before-real-compact-20260627-181521","archive",".bak-before-real-compact-20260627-181521","1012694","988.96"
"archive\_src_inline_backups\src\wingman2\styles\wingman-style-stack.css.bak-real-compact-template-jsx-20260627-182649","archive",".bak-real-compact-template-jsx-20260627-182649","1012694","988.96"
"archive\_src_inline_backups\src\wingman2\styles\wingman-style-stack.css.bak-repair-current-diff-20260627-191539","archive",".bak-repair-current-diff-20260627-191539","1011206","987.51"
"archive\_src_inline_backups\src\wingman2\styles\wingman-style-stack.css.bak-disable-alpha-readout-dom-20260627-191207","archive",".bak-disable-alpha-readout-dom-20260627-191207","1011115","987.42"
"archive\_src_inline_backups\src\wingman2\styles\wingman-style-stack.css.bak-collapse-product-call-card-gap-20260627-193650","archive",".bak-collapse-product-call-card-gap-20260627-193650","1011048","987.35"
"archive\_src_inline_backups\src\wingman2\styles\wingman-style-stack.css.bak-disable-alpha-readout-dom-20260627-191018","archive",".bak-disable-alpha-readout-dom-20260627-191018","1010956","987.26"
"archive\_src_inline_backups\src\wingman2\styles\wingman-style-stack.css.bak-compact-template-cards-20260627-180256","archive",".bak-compact-template-cards-20260627-180256","1009565","985.9"
"archive\_src_inline_backups\src\wingman2\styles\wingman-style-stack.css.bak-consolidate-live-call-cards-20260627-142107","archive",".bak-consolidate-live-call-cards-20260627-142107","1006146","982.56"
"archive\_src_inline_backups\src\wingman2\styles\wingman-style-stack.css.bak-style-drift-sweep-20260627-111512","archive",".bak-style-drift-sweep-20260627-111512","990992","967.77"
"archive\_src_inline_backups\src\wingman2\styles\wingman-style-stack.css.bak-compare-manufacturer-auto-advance-20260627-110806","archive",".bak-compare-manufacturer-auto-advance-20260627-110806","989056","965.88"
"archive\_src_inline_backups\src\wingman2\styles\wingman-style-stack.css.bak-compare-manufacturer-assist-20260627-110542","archive",".bak-compare-manufacturer-assist-20260627-110542","986439","963.32"
"archive\_src_inline_backups\src\wingman2\styles\wingman-style-stack.css.bak-template-decision-flow-20260627-110027","archive",".bak-template-decision-flow-20260627-110027","981814","958.8"
"archive\_src_inline_backups\src\wingman2\styles\wingman-style-stack.css.bak-template-staged-button-state-20260627-105338","archive",".bak-template-staged-button-state-20260627-105338","979757","956.79"
"archive\_src_inline_backups\src\wingman2\styles\wingman-style-stack.css.bak-staged-whole-card-glow-20260627-105108","archive",".bak-staged-whole-card-glow-20260627-105108","976965","954.07"
"archive\_src_inline_backups\src\wingman2\styles\wingman-style-stack.css.bak-staged-action-container-glow-20260627-095437","archive",".bak-staged-action-container-glow-20260627-095437","975410","952.55"
"archive\_src_inline_backups\src\wingman2\styles\wingman-style-stack.css.bak-template-proposal-handoff-20260627-094536","archive",".bak-template-proposal-handoff-20260627-094536","973492","950.68"
"archive\_src_inline_backups\src\wingman2\styles\wingman-style-stack.css.bak-template-stage-highlight-20260627-095008","archive",".bak-template-stage-highlight-20260627-095008","973492","950.68"
"archive\_src_inline_backups\src\wingman2\styles\wingman-style-stack.css.bak-template-proposal-handoff-20260627-094422","archive",".bak-template-proposal-handoff-20260627-094422","969574","946.85"
"archive\_src_inline_backups\src\wingman2\styles\wingman-style-stack.css.bak-client-safe-complete-template-builder-20260627-091822","archive",".bak-client-safe-complete-template-builder-20260627-091822","968543","945.84"
"archive\_src_inline_backups\src\wingman2\styles\wingman-style-stack.css.bak-hide-legacy-discovery-20260627-090437","archive",".bak-hide-legacy-discovery-20260627-090437","966936","944.27"
"archive\_src_inline_backups\src\wingman2\styles\wingman-style-stack.css.bak-remove-discovery-flow-and-unanswered-20260627-090110","archive",".bak-remove-discovery-flow-and-unanswered-20260627-090110","965162","942.54"
"archive\_src_inline_backups\src\wingman2\styles\wingman-style-stack.css.bak-template-solution-builder-20260627-085516","archive",".bak-template-solution-builder-20260627-085516","961545","939.01"
"archive\_src_inline_backups\src\wingman2\styles\wingman-style-stack.css.bak-template-seed-repair-20260627-075833","archive",".bak-template-seed-repair-20260627-075833","961545","939.01"
"archive\_src_inline_backups\src\wingman2\styles\wingman-style-stack.css.bak-template-discovery-seed-20260627-075622","archive",".bak-template-discovery-seed-20260627-075622","957332","934.89"
"archive\_src_inline_backups\src\wingman2\styles\wingman-style-stack.css.bak-template-library-padding-20260627-072535","archive",".bak-template-library-padding-20260627-072535","955290","932.9"
"archive\_src_inline_backups\src\wingman2\styles\wingman-style-stack.css.bak-template-style-refresh-20260627-071725","archive",".bak-template-style-refresh-20260627-071725","955290","932.9"
"archive\_src_inline_backups\src\wingman2\styles\wingman-style-stack.css.bak-template-library-refresh-20260627-071138","archive",".bak-template-library-refresh-20260627-071138","955290","932.9"
"archive\_src_inline_backups\src\wingman2\styles\wingman-style-stack.css.bak-template-library-refresh-20260627-070946","archive",".bak-template-library-refresh-20260627-070946","947561","925.35"
"archive\_src_inline_backups\src\wingman2\styles\wingman-style-stack.css.bak-remove-navhub-submodes-20260627-062801","archive",".bak-remove-navhub-submodes-20260627-062801","947004","924.81"
"archive\_src_inline_backups\src\wingman2\styles\wingman-style-stack.css.bak-remove-info-pills-20260627-062457","archive",".bak-remove-info-pills-20260627-062457","944961","922.81"
"archive\_src_inline_backups\src\wingman2\styles\wingman-style-stack.css.bak-project-section-header-padding-20260627-055934","archive",".bak-project-section-header-padding-20260627-055934","943500","921.39"
"archive\_src_inline_backups\src\wingman2\styles\wingman-style-stack.css.bak-hide-project-details-marker-20260627-055225","archive",".bak-hide-project-details-marker-20260627-055225","942426","920.34"
"archive\_src_inline_backups\src\wingman2\styles\wingman-style-stack.css.bak-project-heading-scroll-20260627-054828","archive",".bak-project-heading-scroll-20260627-054828","940467","918.42"
"archive\_src_inline_backups\src\wingman2\styles\wingman-style-stack.css.bak-project-header-arrows-20260627-054533","archive",".bak-project-header-arrows-20260627-054533","940467","918.42"
"archive\_src_inline_backups\src\wingman2\styles\wingman-style-stack.css.bak-project-header-arrows-20260627-054429","archive",".bak-project-header-arrows-20260627-054429","939337","917.32"
"archive\_src_inline_backups\src\wingman2\styles\wingman-style-stack.css.bak-finder-stepper-state-20260622-202224","archive",".bak-finder-stepper-state-20260622-202224","928348","906.59"
"archive\_src_inline_backups\src\wingman2\styles\wingman-style-stack.css.bak-finder-select-contrast-20260622-201559","archive",".bak-finder-select-contrast-20260622-201559","925834","904.13"
"archive\_src_inline_backups\src\wingman2\styles\wingman-style-stack.css.bak-guru-single-column-20260622-194236","archive",".bak-guru-single-column-20260622-194236","923665","902.02"
"archive\_src_inline_backups\src\wingman2\styles\wingman-style-stack.css.bak-guru-message-contrast-20260622-201011","archive",".bak-guru-message-contrast-20260622-201011","923665","902.02"
"archive\_src_inline_backups\src\wingman2\styles\wingman-style-stack.css.bak-guru-single-column-20260622-194055","archive",".bak-guru-single-column-20260622-194055","920022","898.46"
"archive\_src_inline_backups\src\wingman2\styles\wingman-style-stack.css.bak-guru-final-tidy-20260622-161420","archive",".bak-guru-final-tidy-20260622-161420","915474","894.02"
"archive\_src_inline_backups\src\wingman2\styles\wingman-style-stack.css.bak-css-encoding-final-20260622-162558","archive",".bak-css-encoding-final-20260622-162558","915267","893.82"
"archive\_src_inline_backups\src\wingman2\styles\wingman-style-stack.css.bak-guru-portal-20260622-161122","archive",".bak-guru-portal-20260622-161122","914117","892.69"
"archive\_src_inline_backups\src\wingman2\styles\wingman-style-stack.css.bak-guru-final-restore-20260622-151819","archive",".bak-guru-final-restore-20260622-151819","911695","890.33"
"archive\_src_inline_backups\src\wingman2\styles\wingman-style-stack.css.bak-pill-cleanup-20260622-141917","archive",".bak-pill-cleanup-20260622-141917","911577","890.21"
"archive\_src_inline_backups\src\wingman2\styles\wingman-style-stack.css.bak-encoding-repair-20260622-142147","archive",".bak-encoding-repair-20260622-142147","911242","889.88"
"archive\_src_inline_backups\src\wingman2\styles\wingman-style-stack.css.bak-remove-unrelated-compare-css-20260622-142445","archive",".bak-remove-unrelated-compare-css-20260622-142445","911236","889.88"
"archive\_src_inline_backups\src\wingman2\styles\wingman-style-stack.css.bak-guru-clean-final-20260622-161818","archive",".bak-guru-clean-final-20260622-161818","911164","889.81"
"archive\_src_inline_backups\src\wingman2\styles\wingman-style-stack.css.bak-guru-compact-20260622-162317","archive",".bak-guru-compact-20260622-162317","911164","889.81"
"archive\_src_inline_backups\src\wingman2\styles\wingman-style-stack.css.bak-guru-clean-final-20260622-161750","archive",".bak-guru-clean-final-20260622-161750","911164","889.81"
"archive\_src_inline_backups\src\wingman2\styles\wingman-style-stack.css.bak-guru-visibility-fix-20260622-150850","archive",".bak-guru-visibility-fix-20260622-150850","910082","888.75"
"archive\_src_inline_backups\src\wingman2\styles\wingman-style-stack.css.bak-final-pill-diff-tidy-20260622-142555","archive",".bak-final-pill-diff-tidy-20260622-142555","910082","888.75"
"archive\_src_inline_backups\src\wingman2\styles\wingman-style-stack.css.bak-20260622-141130","archive",".bak-20260622-141130","909957","888.63"
"archive\_wingman_backup_simplified_discovery_20260616-084529\wingman-style-stack.css.bak","archive",".bak","906178","884.94"
"archive\_src_inline_backups\src\wingman2\styles\wingman-style-stack.css.bak-compare-dropdown-dark-20260610-150320","archive",".bak-compare-dropdown-dark-20260610-150320","894291","873.33"
"archive\_wingman_backup_add_no_usb_option_20260616-083943\wingman-style-stack.css.bak","archive",".bak","846212","826.38"
"archive\_wingman_backup_fix_discovery_qty_20260616-082219\wingman-style-stack.css.bak","archive",".bak","819295","800.09"
"archive\repo-cleanup-20260709-050830\root-artifacts\_review\branch-cleanup\codex-restore-uc.diff","archive",".diff","807087","788.17"
"archive\_wingman_backup_discovery_context_rules_20260616-075050\wingman-style-stack.css.bak","archive",".bak","805597","786.72"
"archive\_wingman_backup_replace_discovery_multi_inputs_20260616-074600\wingman-style-stack.css.bak","archive",".bak","800217","781.46"
"archive\_wingman_backup_hide_legacy_discovery_ranges_20260616-074135\wingman-style-stack.css.bak","archive",".bak","797800","779.1"
"archive\_wingman_backup_discovery_multi_select_io_20260616-073542\wingman-style-stack.css.bak","archive",".bak","796646","777.97"
"archive\_src_inline_backups\src\wingman2\styles\wingman-style-stack.css.bak-compare-scroll-20260610-145807","archive",".bak-compare-scroll-20260610-145807","793341","774.75"
"archive\_wingman_backup_discovery_multi_inputs_20260616-073047\wingman-style-stack.css.bak","archive",".bak","792158","773.59"
"archive\_src_inline_backups\src\wingman2\styles\wingman-style-stack.css.backup-compare-density-20260615-121247","archive",".backup-compare-density-20260615-121247","790740","772.21"
"archive\_wingman_backup_hard_scroll_fix_20260616-072433\wingman-style-stack.css.bak","archive",".bak","786386","767.96"
"archive\_wingman_backup_archive_call_cards_20260616-071326\wingman-style-stack.css.bak","archive",".bak","785405","767"
"archive\_wingman_backup_page_scrollbar_20260616-071614\wingman-style-stack.css.bak","archive",".bak","783334","764.97"
"archive\_wingman_backup_call_cards_simple_20260616-070720\wingman-style-stack.css.bak","archive",".bak","782339","764"
"archive\_wingman_backup_fix_guru_drawer_scope_20260616-070306\wingman-style-stack.css.bak","archive",".bak","782273","763.94"
"archive\_wingman_backup_compare_native_cleanup_20260615-133847\src\wingman2\styles\wingman-style-stack.css","archive",".css","781318","763.01"
"archive\_wingman_backup_compare_cleanup_20260615-181403\src\wingman2\styles\wingman-style-stack.css","archive",".css","780936","762.63"
"archive\_wingman_backup_guru_mic_fix_20260616-064234\wingman-style-stack.css.bak","archive",".bak","780274","761.99"
"archive\_wingman_backup_compare_decision_focus_20260615-132537\src\wingman2\styles\wingman-style-stack.css","archive",".css","779982","761.7"
"archive\_wingman_backup_compare_native_ui_20260615-211613\wingman-style-stack.css","archive",".css","779061","760.8"
"archive\_wingman_backup_compare_more_button_20260615-203726\wingman-style-stack.css","archive",".css","779061","760.8"
"archive\_wingman_backup_compare_sku_auto_run_20260615-131718\src\wingman2\styles\wingman-style-stack.css","archive",".css","778724","760.47"
"archive\_wingman_backup_discovery_stronger_layout_20260614-195904\wingman-style-stack.css.bak","archive",".bak","778383","760.14"
"archive\_wingman_backup_videowall_wizard_20260615-224310\wingman-style-stack.css.bak","archive",".bak","778278","760.04"
"archive\_wingman_backup_actual_videowall_workflow_20260615-224721\wingman-style-stack.css.bak","archive",".bak","777978","759.74"
"archive\_wingman_backup_videowall_visual_studio_20260616-063623\wingman-style-stack.css.bak","archive",".bak","777976","759.74"
"archive\_wingman_backup_compare_invalid_sku_guard_20260615-131124\src\wingman2\styles\wingman-style-stack.css","archive",".css","777635","759.41"
"archive\_wingman_backup_compare_match_detection_fix_20260615-125107\src\wingman2\styles\wingman-style-stack.css","archive",".css","777635","759.41"
"archive\_wingman_backup_compare_more_button_20260615-203436\wingman-style-stack.css","archive",".css","777575","759.35"
"archive\_wingman_backup_compare_match_presentation_20260615-124852\src\wingman2\styles\wingman-style-stack.css","archive",".css","776663","758.46"
"archive\_wingman_backup_compare_start_reset_20260615-124430\src\wingman2\styles\wingman-style-stack.css","archive",".css","776254","758.06"
"archive\_wingman_backup_discovery_layout_20260614-194910\wingman-style-stack.css.bak","archive",".bak","775476","757.3"
"archive\_wingman_backup_before_css_cleanup_20260614-195236\wingman-style-stack.css.current.bak","archive",".bak","775476","757.3"
"archive\_wingman_backup_compare_run_action_guard_20260615-123854\src\wingman2\styles\wingman-style-stack.css","archive",".css","773836","755.7"
"archive\_wingman_backup_compare_visual_route_bridge_20260615-202629\wingman-style-stack.css","archive",".css","773671","755.54"
"archive\_wingman_backup_discovery_hero_cleanup_20260614-200225\wingman-style-stack.css.bak","archive",".bak","773302","755.18"
"archive\_wingman_backup_compare_filter_logic_guard_20260615-123108\src\wingman2\styles\wingman-style-stack.css","archive",".css","773087","754.97"
"archive\_wingman_backup_compare_sku_filter_state_guard_20260615-122531\src\wingman2\styles\wingman-style-stack.css","archive",".css","772808","754.7"
"archive\_wingman_backup_before_css_restore_20260614-200432\wingman-style-stack.css.current.bak","archive",".bak","772577","754.47"
"archive\_wingman_backup_discovery_hero_cleanup_20260614-200310\wingman-style-stack.css.bak","archive",".bak","772577","754.47"
"archive\_wingman_backup_actual_sku_alpha_filter_20260615-122021\src\wingman2\styles\wingman-style-stack.css","archive",".css","772423","754.32"
"archive\_wingman_backup_videowall_wizard_20260615-224023\wingman-style-stack.css.bak","archive",".bak","770003","751.96"
"archive\_wingman_backup_compare_workflow_split_20260615-120833\src\wingman2\styles\wingman-style-stack.css","archive",".css","767354","749.37"
"archive\_wingman_backup_discovery_layout_20260614-194733\wingman-style-stack.css.bak","archive",".bak","765573","747.63"
"archive\_wingman_backup_product_callcards_sticky_layout_20260615-113741\src\wingman2\styles\wingman-style-stack.css","archive",".css","765137","747.2"
"archive\_wingman_backup_compare_polished_results_20260615-202245\wingman-style-stack.css","archive",".css","764857","746.93"
"archive\_wingman_backup_compare_layout_tighten_20260614-124836\wingman-style-stack.css","archive",".css","764037","746.13"
"archive\_wingman_backup_product_story_language_20260615-113106\src\wingman2\styles\wingman-style-stack.css","archive",".css","762997","745.11"
"archive\_wingman_backup_compare_simple_summary_20260615-195115\wingman-style-stack.css","archive",".css","761337","743.49"
"archive\_wingman_backup_compare_minimal_results_20260615-201159\wingman-style-stack.css","archive",".css","761337","743.49"
"archive\_wingman_backup_alpha_numeric_filter_20260615-111554\src\wingman2\styles\wingman-style-stack.css","archive",".css","761285","743.44"
"archive\_wingman_backup_compare_simple_summary_20260615-194901\wingman-style-stack.css","archive",".css","760589","742.76"
"archive\_wingman_backup_compare_text_card_repair_20260615-193859\wingman-style-stack.css","archive",".css","759028","741.24"
"archive\_wingman_backup_compare_full_visible_skus_20260614-121739\wingman-style-stack.css","archive",".css","758919","741.13"
"archive\_wingman_backup_compare_lookup_visible_skus_20260614-121232\wingman-style-stack.css","archive",".css","758919","741.13"
"archive\_wingman_backup_compare_visible_skus_direct_20260614-121400\wingman-style-stack.css","archive",".css","758919","741.13"
"archive\_wingman_backup_compare_visible_brand_skus_20260614-121122\wingman-style-stack.css","archive",".css","757694","739.94"
"archive\_wingman_backup_compare_ascii_cleanup_20260614-104525\wingman-style-stack.css","archive",".css","756679","738.94"
"archive\_wingman_backup_compare_brand_sku_dropdown_20260614-113339\wingman-style-stack.css","archive",".css","756678","738.94"
"archive\_wingman_backup_compare_typeahead_guard_v2_20260614-114108\wingman-style-stack.css","archive",".css","756678","738.94"
"archive\_wingman_backup_compare_typeahead_full_replace_20260614-114456\wingman-style-stack.css","archive",".css","756678","738.94"
"archive\_wingman_backup_compare_typeahead_guard_20260614-113741\wingman-style-stack.css","archive",".css","756678","738.94"
"archive\_wingman_backup_compare_hard_reset_20260614-103527\src\wingman2\styles\wingman-style-stack.css","archive",".css","755634","737.92"
"archive\_wingman_backup_compare_result_layout_20260615-190524\wingman-style-stack.css","archive",".css","752791","735.15"
"archive\_wingman_backup_compare_auto_scroll_20260615-221407\wingman-style-stack.css","archive",".css","749556","731.99"
"archive\_wingman_backup_compare_v5_20260614-102800\src\wingman2\styles\wingman-style-stack.css","archive",".css","748923","731.37"
"archive\_wingman_backup_compare_route_lock_20260614-102158\src\wingman2\styles\wingman-style-stack.css","archive",".css","748923","731.37"
"archive\_wingman_backup_compare_result_styling_20260615-185918\wingman-style-stack.css","archive",".css","747684","730.16"
"archive\_wingman_backup_discovery_density_20260614-205934\wingman-style-stack.css","archive",".css","742534","725.13"
"archive\_wingman_backup_compare_visual_regex_fix_20260615-184847\wingman-style-stack.css","archive",".css","742534","725.13"
"archive\_wingman_backup_discovery_strategy_fix_20260614-204612\wingman-style-stack.css","archive",".css","742534","725.13"
"archive\_wingman_backup_discovery_guidance_commit_20260614-204418\wingman-style-stack.css","archive",".css","742534","725.13"
"archive\_wingman_backup_compare_visual_repair_20260615-184740\wingman-style-stack.css","archive",".css","742534","725.13"
"archive\_wingman_backup_discovery_guidance_fix_20260614-202337\wingman-style-stack.css","archive",".css","742339","724.94"
"archive\_wingman_backup_sales_helper_direction_flow_20260614-095248\wingman-style-stack.css","archive",".css","740349","723"
"archive\_wingman_backup_sales_helper_mic_capture_20260614-094542\wingman-style-stack.css","archive",".css","736632","719.37"
"archive\_wingman_backup_discovery_capture_20260614-201732\wingman-style-stack.css","archive",".css","732359","715.19"
"archive\_wingman_backup_sales_helper_wizard_20260614-094034\wingman-style-stack.css","archive",".css","731831","714.68"
"archive\_wingman_backup_compare_workflow_cleanup_20260613-214444\src\wingman2\styles\wingman-style-stack.css","archive",".css","726551","709.52"
"archive\_wingman_backup_sales_helper_layout_20260614-093841\wingman-style-stack.css","archive",".css","725995","708.98"
"archive\_wingman_backup_clean_guru_compare_20260614-063638\wingman-style-stack.css","archive",".css","725325","708.33"
".wingman-work\backups\20260811-125821\src\wingman2\styles\wingman-style-stack.css",".wingman-work",".css","725294","708.29"
".wingman-work\backups\20260811-125215\src\wingman2\styles\wingman-style-stack.css",".wingman-work",".css","725294","708.29"
".wingman-work\backups\20260811-125346\src\wingman2\styles\wingman-style-stack.css",".wingman-work",".css","725294","708.29"
"archive\_wingman_backup_compare_start_cleanup_20260613-214227\src\wingman2\styles\wingman-style-stack.css","archive",".css","724472","707.49"
"archive\_wingman_backup_before_compare_restore_20260614-052137\src_wingman2_styles_wingman-style-stack.css","archive",".css","724282","707.31"
"archive\_wingman_backup_remove_compare_matrix_stage_20260613-214049\src\wingman2\styles\wingman-style-stack.css","archive",".css","723755","706.79"
"archive\_wingman_backup_fix_compare_reset_blank_page_20260613-212847\src\wingman2\styles\wingman-style-stack.css","archive",".css","723560","706.6"
"archive\_wingman_backup_compare_badge_contrast_20260614-074744\wingman-style-stack.css","archive",".css","723169","706.22"
"archive\_wingman_backup_compare_direct_results_20260613-213828\src\wingman2\styles\wingman-style-stack.css","archive",".css","723061","706.11"
"archive\_wingman_backup_guru_movable_20260614-050939\src\wingman2\styles\wingman-style-stack.css","archive",".css","722775","705.83"
"archive\_wingman_backup_fix_compare_reset_suppression_20260613-213320\src\wingman2\styles\wingman-style-stack.css","archive",".css","722386","705.46"
"archive\_wingman_backup_restore_guru_compare_20260614-062659\wingman-style-stack.css","archive",".css","722160","705.23"
"archive\_wingman_backup_fix_compare_reset_20260613-212257\src\wingman2\styles\wingman-style-stack.css","archive",".css","722104","705.18"
"archive\_wingman_backup_remove_duplicate_guru_20260614-064058\wingman-style-stack.css","archive",".css","721913","704.99"
".wingman-work\backups\20260811-125346\src\wingman2\styles\wingman-style-stack.css.20260806-121952.bak",".wingman-work",".bak","721904","704.98"
".wingman-work\backups\20260811-125215\src\wingman2\styles\wingman-style-stack.css.20260806-121952.bak",".wingman-work",".bak","721904","704.98"
".wingman-work\backups\20260811-125346\src\wingman2\styles\wingman-style-stack.css.20260805-162647.bak",".wingman-work",".bak","721904","704.98"
".wingman-work\backups\20260811-125215\src\wingman2\styles\wingman-style-stack.css.20260805-162647.bak",".wingman-work",".bak","721904","704.98"
".wingman-work\backups\20260811-125821\src\wingman2\styles\wingman-style-stack.css.20260805-162647.bak",".wingman-work",".bak","721904","704.98"
".wingman-work\backups\20260811-125821\src\wingman2\styles\wingman-style-stack.css.20260806-121952.bak",".wingman-work",".bak","721904","704.98"
"src\wingman2\styles\wingman-style-stack.css.20260806-121952.bak","src",".bak","721904","704.98"
"src\wingman2\styles\wingman-style-stack.css.20260805-162647.bak","src",".bak","721904","704.98"
"archive\_wingman_backup_guru_single_instance_20260614-063825\src\wingman2\styles\wingman-style-stack.css","archive",".css","721891","704.97"
"archive\_wingman_backup_restore_sweeping_guru_20260614-064242\src\wingman2\styles\wingman-style-stack.css","archive",".css","721886","704.97"
"archive\_wingman_backup_guru_icon_fix_20260614-051319\wingman-style-stack.css","archive",".css","721740","704.82"
"archive\_wingman_backup_restore_global_guru_20260614-064442\src\wingman2\styles\wingman-style-stack.css","archive",".css","721630","704.72"
"archive\_wingman_backup_compare_guru_mic_repair_20260614-062500\wingman-style-stack.css","archive",".css","721490","704.58"
"archive\_wingman_backup_mic_scope_20260614-061410\wingman-style-stack.css","archive",".css","719714","702.85"
"archive\_wingman_backup_clean_wireless_compare_result_20260613-211951\src\wingman2\styles\wingman-style-stack.css","archive",".css","718023","701.19"
"archive\_wingman_backup_before_reversing_compare_ui_polish_20260613-204652\src\wingman2\styles\wingman-style-stack.css","archive",".css","717868","701.04"
"archive\_wingman_backup_guru_20260614-050537\src\wingman2\styles\wingman-style-stack.css","archive",".css","716432","699.64"
"archive\_wingman_backup_compare_layout_reset_20260613-211633\src\wingman2\styles\wingman-style-stack.css","archive",".css","715754","698.98"
"archive\_wingman_backup_compare_direct_workflow_refine_20260613-215256\src\wingman2\styles\wingman-style-stack.css","archive",".css","715026","698.27"
"archive\_wingman_backup_wireless_compare_intelligence_20260613-211150\src\wingman2\styles\wingman-style-stack.css","archive",".css","712575","695.87"
"archive\_src_inline_backups\src\wingman2\styles\wingman-style-stack.css.bak-product-discussion-fill-inner-space-20260612-122549","archive",".bak-product-discussion-fill-inner-space-20260612-122549","711567","694.89"
"archive\_wingman_backup_replace_compare_page_20260613-214821\src\wingman2\styles\wingman-style-stack.css","archive",".css","710841","694.18"
"archive\_wingman_backup_simplify_compare_results_20260613-210000\src\wingman2\styles\wingman-style-stack.css","archive",".css","710694","694.04"
"archive\_wingman_backup_compare_ui_polish_20260613-204505\src\wingman2\styles\wingman-style-stack.css","archive",".css","710694","694.04"
"archive\_wingman_backup_remove_compare_matrix_clean_20260613-214621\src\wingman2\styles\wingman-style-stack.css","archive",".css","710635","693.98"
"archive\_wingman_backup_hide_legacy_compare_matrix_20260613-203206\src\wingman2\styles\wingman-style-stack.css","archive",".css","709357","692.73"
"archive\_src_inline_backups\src\wingman2\styles\wingman-style-stack.css.bak-product-discussion-object-scale-20260612-121925","archive",".bak-product-discussion-object-scale-20260612-121925","707641","691.06"
"archive\_src_inline_backups\src\wingman2\styles\wingman-style-stack.css.bak-product-discussion-object-scale-20260612-121937","archive",".bak-product-discussion-object-scale-20260612-121937","707641","691.06"
"archive\_src_inline_backups\src\wingman2\styles\wingman-style-stack.css.bak-product-discussion-object-scale-20260612-122200","archive",".bak-product-discussion-object-scale-20260612-122200","707641","691.06"
"archive\_src_inline_backups\src\wingman2\styles\wingman-style-stack.css.bak-product-call-card-fill-viewport-20260612-121742","archive",".bak-product-call-card-fill-viewport-20260612-121742","705953","689.41"
"archive\_src_inline_backups\src\wingman2\styles\wingman-style-stack.css.bak-product-call-card-layout-20260612-121431","archive",".bak-product-call-card-layout-20260612-121431","701191","684.76"
"data\catalog\competitor-products.generated.json.20260722-090142.bak","data",".bak","685879","669.8"
"src\wingman2\styles\wingman-style-stack.css.20260722-084842.bak","src",".bak","673904","658.11"
".wingman-work\backups\20260811-125215\src\wingman2\styles\wingman-style-stack.css.20260722-084842.bak",".wingman-work",".bak","673904","658.11"
".wingman-work\backups\20260811-125821\src\wingman2\styles\wingman-style-stack.css.20260722-084842.bak",".wingman-work",".bak","673904","658.11"
".wingman-work\backups\20260811-125346\src\wingman2\styles\wingman-style-stack.css.20260722-084842.bak",".wingman-work",".bak","673904","658.11"
".wingman-work\backups\20260811-125821\src\wingman2\styles\wingman-style-stack.css.20260719-132507.bak",".wingman-work",".bak","665667","650.07"
".wingman-work\backups\20260811-125215\src\wingman2\styles\wingman-style-stack.css.20260719-132507.bak",".wingman-work",".bak","665667","650.07"
".wingman-work\backups\20260811-125346\src\wingman2\styles\wingman-style-stack.css.20260719-132507.bak",".wingman-work",".bak","665667","650.07"
"src\wingman2\styles\wingman-style-stack.css.20260719-132507.bak","src",".bak","665667","650.07"
"archive\repo-cleanup-20260709-050830\src-snapshots\src\wingman2\pages\pages.zip","archive",".zip","663261","647.72"
".wingman-work\backups\20260811-125821\src\wingman2\styles\wingman-style-stack.css.20260719-122221.bak",".wingman-work",".bak","658300","642.87"
"src\wingman2\styles\wingman-style-stack.css.20260719-122221.bak","src",".bak","658300","642.87"
".wingman-work\backups\20260811-125215\src\wingman2\styles\wingman-style-stack.css.20260719-122221.bak",".wingman-work",".bak","658300","642.87"
".wingman-work\backups\20260811-125346\src\wingman2\styles\wingman-style-stack.css.20260719-122221.bak",".wingman-work",".bak","658300","642.87"
"archive\backups\dpr-aware-viewport-scaling-2026-06-08_12-41-13\src\wingman2\styles\wingman-style-stack.css","archive",".css","648700","633.5"
"archive\backups\wingman-single-screen-fit-2026-06-08_12-29-10\src\wingman2\styles\wingman-style-stack.css","archive",".css","646306","631.16"
"archive\backups\wingman-single-screen-fit-2026-06-08_12-28-23\src\wingman2\styles\wingman-style-stack.css","archive",".css","646306","631.16"
"archive\backups\real-canvas-viewport-scaling-2026-06-08_12-36-23\src\wingman2\styles\wingman-style-stack.css","archive",".css","646306","631.16"
".wingman-work\backups\20260811-125821\src\wingman2\styles\wingman-style-stack.css.20260719-104349.bak",".wingman-work",".bak","646099","630.96"
".wingman-work\backups\20260811-125346\src\wingman2\styles\wingman-style-stack.css.20260719-104349.bak",".wingman-work",".bak","646099","630.96"
"src\wingman2\styles\wingman-style-stack.css.20260719-104349.bak","src",".bak","646099","630.96"
".wingman-work\backups\20260811-125215\src\wingman2\styles\wingman-style-stack.css.20260719-104349.bak",".wingman-work",".bak","646099","630.96"
"archive\backups\wingman-single-screen-fit-2026-06-08_12-12-34\src\wingman2\styles\wingman-style-stack.css","archive",".css","635990","621.08"
"archive\backups\product-call-cards-phase1d-language-level-2026-06-07-20-45-47\src\wingman2\styles\wingman-style-stack.css","archive",".css","632771","617.94"
"archive\backups\product-call-cards-phase1c-product-dashboard-2026-06-07-20-22-17\src\wingman2\styles\wingman-style-stack.css","archive",".css","629632","614.88"
"archive\backups\product-call-cards-phase1b-2026-06-07-20-15-24\src\wingman2\styles\wingman-style-stack.css","archive",".css","628606","613.87"
"archive\backups\product-call-cards-phase1a-2026-06-07-20-08-19\src\wingman2\styles\wingman-style-stack.css","archive",".css","627732","613.02"
"archive\backups\product-call-cards-phase1-2026-06-07-19-46-38\src\wingman2\styles\wingman-style-stack.css","archive",".css","621839","607.26"
".wingman-work\backups\20260811-125346\src\wingman2\styles\wingman-style-stack.css.20260714-115422.bak",".wingman-work",".bak","600869","586.79"
".wingman-work\backups\20260811-125821\src\wingman2\styles\wingman-style-stack.css.20260714-115319.bak",".wingman-work",".bak","600869","586.79"
".wingman-work\backups\20260811-125821\src\wingman2\styles\wingman-style-stack.css.20260714-115422.bak",".wingman-work",".bak","600869","586.79"
".wingman-work\backups\20260811-125346\src\wingman2\styles\wingman-style-stack.css.20260714-115319.bak",".wingman-work",".bak","600869","586.79"
".wingman-work\backups\20260811-125215\src\wingman2\styles\wingman-style-stack.css.20260714-115422.bak",".wingman-work",".bak","600869","586.79"
"src\wingman2\styles\wingman-style-stack.css.20260714-115422.bak","src",".bak","600869","586.79"
"src\wingman2\styles\wingman-style-stack.css.20260714-115319.bak","src",".bak","600869","586.79"
".wingman-work\backups\20260811-125215\src\wingman2\styles\wingman-style-stack.css.20260714-115319.bak",".wingman-work",".bak","600869","586.79"
"archive\_src_inline_backups\src\wingman2\styles\wingman-style-stack.css.backup-20260710-094314","archive",".backup-20260710-094314","597621","583.61"
"archive\_src_inline_backups\src\wingman2\styles\wingman-style-stack.css.backup-20260710-081932","archive",".backup-20260710-081932","597621","583.61"
"archive\_src_inline_backups\src\wingman2\styles\wingman-style-stack.css.backup-20260710-074540","archive",".backup-20260710-074540","591128","577.27"
"archive\_src_inline_backups\src\wingman2\styles\wingman-style-stack.css.backup-20260710-073259","archive",".backup-20260710-073259","585114","571.4"
".wingman-backups\competitor-enrichment-20260712-063119\competitor-products.generated.json.bak",".wingman-backups",".bak","584961","571.25"
"archive\_src_inline_backups\src\wingman2\styles\wingman-style-stack.css.backup-20260710-072350","archive",".backup-20260710-072350","582413","568.76"
"src\wingman2\styles\wingman-style-stack.css.before-marker-cleanup.bak","src",".bak","579563","565.98"
".wingman-work\backups\20260811-125346\src\wingman2\styles\wingman-style-stack.css.before-marker-cleanup.bak",".wingman-work",".bak","579563","565.98"
".wingman-work\backups\20260811-125821\src\wingman2\styles\wingman-style-stack.css.before-marker-cleanup.bak",".wingman-work",".bak","579563","565.98"
".wingman-work\backups\20260811-125215\src\wingman2\styles\wingman-style-stack.css.before-marker-cleanup.bak",".wingman-work",".bak","579563","565.98"
"archive\_src_inline_backups\src\wingman2\styles\wingman-style-stack.css.backup-20260710-071454","archive",".backup-20260710-071454","570803","557.42"
"archive\loose-bak\product-call-card-products.json.bak-accessory-language-20260612-084803","archive",".bak-accessory-language-20260612-084803","569652","556.3"
"archive\loose-bak\product-call-card-products.json.bak-tech-family-repair-20260612-080224","archive",".bak-tech-family-repair-20260612-080224","568138","554.82"
"archive\loose-bak\product-call-card-products.json.bak-targeted-checks-20260612-085703","archive",".bak-targeted-checks-20260612-085703","568011","554.7"
"archive\_src_inline_backups\src\wingman2\styles\wingman-style-stack.css.backup-20260710-065535","archive",".backup-20260710-065535","566366","553.09"
"archive\_src_inline_backups\src\wingman2\styles\wingman-style-stack.css.backup-20260710-062527","archive",".backup-20260710-062527","563458","550.25"
"archive\_src_inline_backups\src\wingman2\styles\wingman-style-stack.css.backup-20260710-062749","archive",".backup-20260710-062749","563458","550.25"
"archive\_src_inline_backups\src\wingman2\styles\wingman-style-stack.css.backup-20260710-063723","archive",".backup-20260710-063723","563458","550.25"
"backups\product-pitch-workspace-flow-20260711-071314\wingman-style-stack.css","backups",".css","556329","543.29"
"backups\product-pitch-viewport-final-20260711-065855\wingman-style-stack.css","backups",".css","554623","541.62"
"backups\product-pitch-viewport-balance-20260711-065406\wingman-style-stack.css","backups",".css","553683","540.71"
"backups\product-pitch-bottom-layout-20260711-064913\wingman-style-stack.css","backups",".css","553629","540.65"
"backups\product-pitch-viewport-20260711-064326\wingman-style-stack.css","backups",".css","551014","538.1"
"archive\_src_inline_backups\src\wingman2\styles\wingman-style-stack.css.backup-20260710-055434","archive",".backup-20260710-055434","550857","537.95"
"archive\_src_inline_backups\src\wingman2\styles\wingman-style-stack.css.backup-20260710-061938","archive",".backup-20260710-061938","550857","537.95"
"backups\product-pitch-overflow-20260711-063831\wingman-style-stack.css","backups",".css","548955","536.09"
"backups\product-pitch-selector-20260711-061121\wingman-style-stack.css","backups",".css","545534","532.75"
"backups\product-call-cards-layout-20260711-063325\wingman-style-stack.css","backups",".css","545534","532.75"
"archive\_src_inline_backups\src\wingman2\styles\wingman-style-stack.css.backup-20260710-054527","archive",".backup-20260710-054527","541564","528.87"
"archive\_src_inline_backups\src\wingman2\styles\wingman-style-stack.css.backup-20260710-054308","archive",".backup-20260710-054308","538872","526.24"
"archive\_wingman_backup_before_compare_restore_20260614-052137\public_wingman-guru-icon.png","archive",".png","536037","523.47"
"archive\_src_inline_backups\src\wingman2\styles\wingman-style-stack.css.backup-20260710-054102","archive",".backup-20260710-054102","535616","523.06"
"archive\_src_inline_backups\src\wingman2\styles\wingman-style-stack.css.backup-20260710-054025","archive",".backup-20260710-054025","528740","516.35"
"archive\_src_inline_backups\src\wingman2\pages\DiscoveryPage.tsx.bak-final-mojibake-clean-20260627-190641","archive",".bak-final-mojibake-clean-20260627-190641","526853","514.5"
"archive\_src_inline_backups\src\wingman2\styles\wingman-style-stack.css.backup-20260710-053448","archive",".backup-20260710-053448","522305","510.06"
"archive\_src_inline_backups\src\wingman2\styles\wingman-style-stack.css.backup-20260710-053542","archive",".backup-20260710-053542","522305","510.06"
"archive\_src_inline_backups\src\wingman2\styles\wingman-style-stack.css.backup-20260710-053113","archive",".backup-20260710-053113","515894","503.8"
"archive\_src_inline_backups\src\wingman2\styles\wingman-style-stack.css.backup-20260710-053339","archive",".backup-20260710-053339","515894","503.8"
"archive\_src_inline_backups\src\wingman2\styles\wingman-style-stack.css.backup-20260710-052933","archive",".backup-20260710-052933","515894","503.8"
"backups\projects-draft-buttons-20260709-172456\wingman-style-stack.css.bak","backups",".bak","490427","478.93"
"backups\projects-layout-repair-20260709-171329\wingman-style-stack.css.bak","backups",".bak","490064","478.58"
"backups\compare-template-layout-20260709-091144\wingman-style-stack.css.bak","backups",".bak","481275","470"
"backups\projects-compact-layout-20260709-141435\wingman-style-stack.css.bak","backups",".bak","474016","462.91"
"backups\wingman-scale-reset-20260709-123744\wingman-style-stack.css.bak","backups",".bak","472128","461.06"
"backups\compare-descendant-left-align-20260709-084053\wingman-style-stack.css.bak","backups",".bak","471169","460.13"
"backups\compare-result-matrix-layout-20260709-104013\wingman-style-stack.css.bak","backups",".bak","467452","456.5"
"backups\product-pitch-safety-panel-20260709-095206\wingman-style-stack.css.bak","backups",".bak","466547","455.61"
"backups\compare-force-left-align-20260709-083814\wingman-style-stack.css.bak","backups",".bak","465365","454.46"
"backups\compare-left-align-20260709-083541\wingman-style-stack.css.bak","backups",".bak","460590","449.79"
"backups\templates-filter-cleanup-20260709-075251\wingman-style-stack.css.bak","backups",".bak","454027","443.39"
"backups\compare-layout-normalise-20260709-082532\wingman-style-stack.css.bak","backups",".bak","452298","441.7"
"backups\templates-filter-compact-20260709-072953\wingman-style-stack.css.bak","backups",".bak","451515","440.93"
"backups\scale-chip-container-20260709-072406\wingman-style-stack.css.bak","backups",".bak","449553","439.02"
".wingman-work\backups\20260811-125215\src\wingman2\data\productStories.ts",".wingman-work",".ts","447620","437.13"
".wingman-work\backups\20260811-125346\src\wingman2\data\productStories.ts",".wingman-work",".ts","447620","437.13"
".wingman-work\backups\20260811-125821\src\wingman2\data\productStories.ts",".wingman-work",".ts","447620","437.13"
"backups\navhub-compact-20260709-071404\wingman-style-stack.css.bak","backups",".bak","445712","435.27"
"backups\compact-action-pages-20260709-070505\wingman-style-stack.css.bak","backups",".bak","445710","435.26"
"backups\compact-action-pages-20260709-064558\wingman-style-stack.css.bak","backups",".bak","442437","432.07"
"backups\compact-call-coach-20260709-064324\wingman-style-stack.css.bak","backups",".bak","439769","429.46"
"backups\settings-dom-2x2-20260709-062146\wingman-style-stack.css.bak","backups",".bak","438316","428.04"
"backups\settings-2x2-20260709-061542\wingman-style-stack.css.bak","backups",".bak","436720","426.48"
"archive\repo-cleanup-20260709-050830\root-backups\_wingman_backup_apo_dg2_dependency_rule_20260706-112917\src\wingman2\data\productStories.ts","archive",".ts","424154","414.21"
".wingman-work\backups\20260811-125821\package-lock.json",".wingman-work",".json","396853","387.55"
".wingman-work\backups\20260811-125346\package-lock.json",".wingman-work",".json","396853","387.55"
".wingman-work\backups\20260811-125215\package-lock.json",".wingman-work",".json","396853","387.55"
"archive\repo-cleanup-20260709-050830\src-snapshots\src\wingman2\data\productStories.ts.pre-lifecycle-story-cleanup.20260628-115445.bak","archive",".bak","379199","370.31"
"archive\_wingman_backup_pre_compare_cleanup_20260614-083913\package-lock.json","archive",".json","364037","355.5"
"archive\repo-cleanup-20260709-050830\root-backups\_wingman_backup_compare_class_gate_20260704-205242\data\catalog\competitor-products.generated.json","archive",".json","298873","291.87"
"backups\proposal-wizard-20260713-175009\package-lock.json.bak","backups",".bak","290700","283.89"
".wingman-work\backups\20260811-125346\src\assets\branding\wingman-brand-logo.png",".wingman-work",".png","290132","283.33"
".wingman-work\backups\20260811-125215\src\assets\branding\wingman-brand-logo.png",".wingman-work",".png","290132","283.33"
".wingman-work\backups\20260811-125821\src\assets\branding\wingman-brand-logo.png",".wingman-work",".png","290132","283.33"
"archive\loose-bak\product-call-card-products.json.bak-before-official-copy-20260612-075106","archive",".bak-before-official-copy-20260612-075106","287258","280.53"
"archive\_src_inline_backups\src\wingman2\pages\DiscoveryPage.tsx.bak-line-clean-discovery-mojibake-20260627-190549","archive",".bak-line-clean-discovery-mojibake-20260627-190549","274518","268.08"
".wingman-work\backups\20260811-125821\src\wingman2\pages\ComparePageNew.advanced.tsx",".wingman-work",".tsx","260774","254.66"
".wingman-work\backups\20260811-125215\src\wingman2\pages\ComparePageNew.advanced.tsx",".wingman-work",".tsx","260774","254.66"
".wingman-work\backups\20260811-125346\src\wingman2\pages\ComparePageNew.advanced.tsx",".wingman-work",".tsx","260774","254.66"
"backups\wyrestorm-port-count-repair-20260714-051033\src_wingman2_pages_ComparePageNew.advanced.tsx.bak","backups",".bak","252648","246.73"
"reports\unstaged-review-20260613-075448\04-full-unstaged-diff.patch","reports",".patch","245141","239.4"
"reports\remaining-work-review-20260613-083301\02-full-diff.patch","reports",".patch","243566","237.86"
"backups\compare-sku-workspace-20260713-182813\ComparePageNew.advanced.tsx.bak","backups",".bak","238897","233.3"
"backups\compare-step-rail-20260713-182533\ComparePageNew.advanced.tsx.bak","backups",".bak","238897","233.3"
"backups\compare-sku-workspace-20260713-182648\ComparePageNew.advanced.tsx.bak","backups",".bak","238897","233.3"
"backups\compare-sku-workspace-20260713-183431\ComparePageNew.advanced.tsx.bak","backups",".bak","238897","233.3"
"backups\compare-step-rail-20260713-180854\ComparePageNew.advanced.tsx.bak","backups",".bak","238608","233.02"
"src\wingman2\styles\wingman-workflow-theme.css.20260811-165829.bak","src",".bak","233347","227.88"
"archive\repo-cleanup-20260709-050830\root-backups\_wingman_backup_apo_dg2_dependency_rule_20260706-112917\src\wingman2\pages\ComparePageNew.advanced.tsx","archive",".tsx","223726","218.48"
"src\wingman2\styles\wingman-workflow-theme.css.20260811-164409.bak","src",".bak","215750","210.69"
"backups\wyrestorm-port-count-repair-20260714-051033\data_product-intelligence-db.json.bak","backups",".bak","211931","206.96"
"src\wingman2\styles\wingman-workflow-theme.css.20260811-164042.bak","src",".bak","205392","200.58"
"src\wingman2\styles\wingman-workflow-theme.css.20260811-163450.bak","src",".bak","196320","191.72"
"archive\_src_inline_backups\src\wingman2\pages\DiscoveryPage.tsx.bak-fix-discovery-mojibake-20260627-190448","archive",".bak-fix-discovery-mojibake-20260627-190448","196304","191.7"
"src\wingman2\styles\wingman-workflow-theme.css.20260811-162125.bak","src",".bak","189050","184.62"
"src\wingman2\styles\wingman-workflow-theme.css.20260811-141342.bak","src",".bak","188006","183.6"
"src\wingman2\styles\wingman-workflow-theme.css.20260811-141905.bak","src",".bak","186919","182.54"
"src\wingman2\styles\wingman-workflow-theme.css.20260811-141512.bak","src",".bak","186911","182.53"
"src\wingman2\styles\wingman-workflow-theme.css.20260811-160841.bak","src",".bak","185082","180.74"
"src\wingman2\styles\wingman-workflow-theme.css.20260811-160405.bak","src",".bak","183770","179.46"
".wingman-work\backups\20260811-125821\src\wingman2\lib\roomTemplates.ts",".wingman-work",".ts","183091","178.8"
".wingman-work\backups\20260811-125346\src\wingman2\lib\roomTemplates.ts",".wingman-work",".ts","183091","178.8"
".wingman-work\backups\20260811-125215\src\wingman2\lib\roomTemplates.ts",".wingman-work",".ts","183091","178.8"
"src\wingman2\styles\wingman-workflow-theme.css.20260811-142711.bak","src",".bak","182832","178.55"
"src\wingman2\styles\wingman-workflow-theme.css.20260811-140948.bak","src",".bak","182648","178.37"
"src\wingman2\styles\wingman-workflow-theme.css.20260811-143000.bak","src",".bak","180177","175.95"
"src\wingman2\styles\wingman-workflow-theme.css.20260811-143412.bak","src",".bak","179262","175.06"
"src\wingman2\styles\wingman-workflow-theme.css.20260811-140507.bak","src",".bak","178782","174.59"
"src\wingman2\styles\wingman-workflow-theme.css.20260811-155105.bak","src",".bak","177969","173.8"
"src\wingman2\styles\wingman-workflow-theme.css.20260811-142208.bak","src",".bak","177772","173.61"
"src\wingman2\styles\wingman-workflow-theme.css.20260811-160121.bak","src",".bak","175934","171.81"
"archive\repo-cleanup-20260709-050830\root-backups\_wingman_backup_visual_utility_migration_20260630-082229\src\wingman2\pages\ComparePageNew.tsx","archive",".tsx","174604","170.51"
"archive\repo-cleanup-20260709-050830\root-backups\_wingman_backup_compare_auto_identify_20260701-163338\src\wingman2\pages\ComparePageNew.tsx","archive",".tsx","174604","170.51"
"src\wingman2\styles\wingman-workflow-theme.css.20260811-135347.bak","src",".bak","172792","168.74"
"src\wingman2\styles\wingman-workflow-theme.css.20260811-134046.bak","src",".bak","172792","168.74"
"archive\repo-cleanup-20260709-050830\root-backups\_wingman_backup_page_markup_migration_20260630-074900\src\wingman2\pages\ComparePageNew.tsx","archive",".tsx","172362","168.32"
".wingman-work\backups\20260811-125215\src\wingman2\styles\wingman-workflow-theme.css",".wingman-work",".css","172285","168.25"
".wingman-work\backups\20260811-125346\src\wingman2\styles\wingman-workflow-theme.css",".wingman-work",".css","172285","168.25"
".wingman-work\backups\20260811-125821\src\wingman2\styles\wingman-workflow-theme.css",".wingman-work",".css","172285","168.25"
".wingman-work\backups\20260811-125346\src\wingman2\styles\wingman-workflow-theme.css.20260806-134101.bak",".wingman-work",".bak","166801","162.89"
".wingman-work\backups\20260811-125215\src\wingman2\styles\wingman-workflow-theme.css.20260806-134101.bak",".wingman-work",".bak","166801","162.89"
"src\wingman2\styles\wingman-workflow-theme.css.20260806-134101.bak","src",".bak","166801","162.89"
".wingman-work\backups\20260811-125821\src\wingman2\styles\wingman-workflow-theme.css.20260806-134101.bak",".wingman-work",".bak","166801","162.89"
".wingman-work\backups\20260811-125346\src\wingman2\styles\wingman-workflow-theme.css.20260806-134605.bak",".wingman-work",".bak","165986","162.1"
".wingman-work\backups\20260811-125215\src\wingman2\styles\wingman-workflow-theme.css.20260806-134605.bak",".wingman-work",".bak","165986","162.1"
".wingman-work\backups\20260811-125821\src\wingman2\styles\wingman-workflow-theme.css.20260806-134605.bak",".wingman-work",".bak","165986","162.1"
"src\wingman2\styles\wingman-workflow-theme.css.20260806-134605.bak","src",".bak","165986","162.1"
".wingman-work\backups\20260811-125821\src\wingman2\styles\wingman-workflow-theme.css.20260806-152541.bak",".wingman-work",".bak","165693","161.81"
".wingman-work\backups\20260811-125346\src\wingman2\styles\wingman-workflow-theme.css.20260806-152541.bak",".wingman-work",".bak","165693","161.81"
"src\wingman2\styles\wingman-workflow-theme.css.20260806-152541.bak","src",".bak","165693","161.81"
".wingman-work\backups\20260811-125215\src\wingman2\styles\wingman-workflow-theme.css.20260806-152541.bak",".wingman-work",".bak","165693","161.81"
".wingman-work\backups\20260811-125821\src\wingman2\styles\wingman-workflow-theme.css.20260806-133235.bak",".wingman-work",".bak","163542","159.71"
"src\wingman2\styles\wingman-workflow-theme.css.20260806-133235.bak","src",".bak","163542","159.71"
".wingman-work\backups\20260811-125215\src\wingman2\styles\wingman-workflow-theme.css.20260806-133235.bak",".wingman-work",".bak","163542","159.71"
".wingman-work\backups\20260811-125346\src\wingman2\styles\wingman-workflow-theme.css.20260806-133235.bak",".wingman-work",".bak","163542","159.71"
"archive\repo-cleanup-20260709-050830\root-backups\_wingman_backup_apo_dg2_dependency_rule_20260706-112917\src\wingman2\pages\FinderPage.tsx","archive",".tsx","156281","152.62"
"archive\repo-cleanup-20260709-050830\root-backups\_wingman_backup_visual_utility_migration_20260630-082229\src\wingman2\pages\FinderPage.tsx","archive",".tsx","140556","137.26"
".wingman-work\backups\20260811-125346\src\wingman2\data\productPositioningCards.ts",".wingman-work",".ts","138983","135.73"
".wingman-work\backups\20260811-125215\src\wingman2\data\productPositioningCards.ts",".wingman-work",".ts","138983","135.73"
".wingman-work\backups\20260811-125821\src\wingman2\data\productPositioningCards.ts",".wingman-work",".ts","138983","135.73"
"archive\repo-cleanup-20260709-050830\root-backups\_wingman_backup_apo_dg2_dependency_rule_20260706-112917\src\wingman2\data\productPositioningCards.ts","archive",".ts","138974","135.72"
"archive\repo-cleanup-20260709-050830\root-backups\_wingman_backup_page_markup_migration_20260630-074900\src\wingman2\pages\FinderPage.tsx","archive",".tsx","138481","135.24"
"archive\repo-cleanup-20260709-050830\root-backups\_wingman_backup_compare_class_gate_20260704-205242\data\catalog\competitor-catalog.phase4.json","archive",".json","136333","133.14"
"archive\_src_inline_backups\src\wingman2\pages\DiscoveryPage.tsx.bak-reset-visible-first-step-20260627-190148","archive",".bak-reset-visible-first-step-20260627-190148","125902","122.95"
"archive\_wingman_backup_guru_single_instance_20260614-063825\src\wingman2\pages\FinderPage.tsx","archive",".tsx","123153","120.27"
"archive\backups\presales-priority-1-5-2026-06-08_10-20-58\src\wingman2\pages\FinderPage.tsx","archive",".tsx","123093","120.21"
"archive\_wingman_backup_guru_single_instance_20260614-063825\src\wingman2\data\productPositioningCards.ts","archive",".ts","114709","112.02"
".wingman-work\backups\20260811-125215\src\wingman2\styles\wingman-polish-navigation.css",".wingman-work",".css","100678","98.32"
".wingman-work\backups\20260811-125821\src\wingman2\styles\wingman-polish-navigation.css",".wingman-work",".css","100678","98.32"
".wingman-work\backups\20260811-125346\src\wingman2\styles\wingman-polish-navigation.css",".wingman-work",".css","100678","98.32"
".wingman-work\backups\20260811-125215\src\wingman2\pages\DiscoveryPage.tsx.20260717-121533.bak",".wingman-work",".bak","96551","94.29"
".wingman-work\backups\20260811-125821\src\wingman2\pages\DiscoveryPage.tsx.20260717-122217.bak",".wingman-work",".bak","96551","94.29"
".wingman-work\backups\20260811-125821\src\wingman2\pages\DiscoveryPage.tsx.20260717-122935.bak",".wingman-work",".bak","96551","94.29"
"src\wingman2\pages\DiscoveryPage.tsx.20260717-122935.bak","src",".bak","96551","94.29"
"src\wingman2\pages\DiscoveryPage.tsx.20260717-122217.bak","src",".bak","96551","94.29"
"src\wingman2\pages\DiscoveryPage.tsx.20260717-121533.bak","src",".bak","96551","94.29"
".wingman-work\backups\20260811-125346\src\wingman2\pages\DiscoveryPage.tsx.20260717-122217.bak",".wingman-work",".bak","96551","94.29"
".wingman-work\backups\20260811-125215\src\wingman2\pages\DiscoveryPage.tsx.20260717-122935.bak",".wingman-work",".bak","96551","94.29"
".wingman-work\backups\20260811-125346\src\wingman2\pages\DiscoveryPage.tsx.20260717-121533.bak",".wingman-work",".bak","96551","94.29"
".wingman-work\backups\20260811-125215\src\wingman2\pages\DiscoveryPage.tsx.20260717-122217.bak",".wingman-work",".bak","96551","94.29"
".wingman-work\backups\20260811-125821\src\wingman2\pages\DiscoveryPage.tsx.20260717-121533.bak",".wingman-work",".bak","96551","94.29"
".wingman-work\backups\20260811-125346\src\wingman2\pages\DiscoveryPage.tsx.20260717-122935.bak",".wingman-work",".bak","96551","94.29"
"archive\repo-cleanup-20260709-050830\root-backups\_wingman_backup_apo_dg2_dependency_rule_20260706-112917\src\wingman2\lib\roomTemplates.ts","archive",".ts","96183","93.93"
"archive\_wingman_backup_guru_single_instance_20260614-063825\src\wingman2\lib\roomTemplates.ts","archive",".ts","85787","83.78"
"data-sources\wyrestorm\products.csv.20260722-115849.bak","data-sources",".bak","84425","82.45"
"data-sources\wyrestorm\products.csv.20260722-091530.bak","data-sources",".bak","83964","82"
"data-sources\wyrestorm\products.csv.20260722-083258.bak","data-sources",".bak","83492","81.54"
"data-sources\wyrestorm\products.csv.20260722-083552.bak","data-sources",".bak","83492","81.54"
"backups\wyrestorm-port-count-recovery-20260714-051514\data-sources_wyrestorm_products.csv.bak","backups",".bak","83492","81.54"
"backups\wyrestorm-port-count-repair-20260714-051033\data-sources_wyrestorm_products.csv.bak","backups",".bak","83181","81.23"
".wingman-work\backups\20260811-125821\src\wingman2\pages\DiscoveryPage.tsx.20260713-172759.bak",".wingman-work",".bak","82644","80.71"
"src\wingman2\pages\DiscoveryPage.tsx.20260713-172759.bak","src",".bak","82644","80.71"
".wingman-work\backups\20260811-125346\src\wingman2\pages\DiscoveryPage.tsx.20260713-172759.bak",".wingman-work",".bak","82644","80.71"
".wingman-work\backups\20260811-125215\src\wingman2\pages\DiscoveryPage.tsx.20260713-172759.bak",".wingman-work",".bak","82644","80.71"
"src\wingman2\pages\DiscoveryPage.tsx.20260713-173326.bak","src",".bak","80953","79.06"
".wingman-work\backups\20260811-125821\src\wingman2\pages\DiscoveryPage.tsx.20260713-173326.bak",".wingman-work",".bak","80953","79.06"
".wingman-work\backups\20260811-125215\src\wingman2\pages\DiscoveryPage.tsx.20260713-173326.bak",".wingman-work",".bak","80953","79.06"
".wingman-work\backups\20260811-125346\src\wingman2\pages\DiscoveryPage.tsx.20260713-173326.bak",".wingman-work",".bak","80953","79.06"
"archive\_src_inline_backups\src\wingman2\pages\DiscoveryPage.tsx.bak-discovery-reset-blank-20260627-185703","archive",".bak-discovery-reset-blank-20260627-185703","80704","78.81"
"archive\_wingman_backup_guru_single_instance_20260614-063825\src\wingman2\components\discovery\SourceDeviceCollator.tsx","archive",".tsx","80413","78.53"
"backups\avoip-data-20260713-193257\data-sources\wyrestorm\products.csv","backups",".csv","79664","77.8"
".wingman-work\backups\20260811-125346\src\wingman2\pages\DiscoveryPage.tsx.20260713-172017.bak",".wingman-work",".bak","79187","77.33"
"src\wingman2\pages\DiscoveryPage.tsx.20260713-172017.bak","src",".bak","79187","77.33"
".wingman-work\backups\20260811-125215\src\wingman2\pages\DiscoveryPage.tsx.20260713-172017.bak",".wingman-work",".bak","79187","77.33"
".wingman-work\backups\20260811-125821\src\wingman2\pages\DiscoveryPage.tsx.20260713-172017.bak",".wingman-work",".bak","79187","77.33"
".wingman-work\backups\20260811-125215\src\wingman2\pages\DiscoveryPage.tsx.20260713-165502.bak",".wingman-work",".bak","78944","77.09"
".wingman-work\backups\20260811-125821\src\wingman2\pages\DiscoveryPage.tsx.20260713-165502.bak",".wingman-work",".bak","78944","77.09"
".wingman-work\backups\20260811-125346\src\wingman2\pages\DiscoveryPage.tsx.20260713-165502.bak",".wingman-work",".bak","78944","77.09"
"src\wingman2\pages\DiscoveryPage.tsx.20260713-165502.bak","src",".bak","78944","77.09"
"archive\_src_inline_backups\src\wingman2\pages\ProductCallCardsPage.tsx.bak-fix-broken-inline-css-20260612-120926","archive",".bak-fix-broken-inline-css-20260612-120926","77017","75.21"
"backups\react-flow-foundation-20260714-084703\wingman-workflow-theme.css.bak","backups",".bak","76001","74.22"
"backups\react-flow-foundation-20260714-054745\wingman-workflow-theme.css.bak","backups",".bak","76001","74.22"
"backups\visual-studio-connectivity-20260714-053745\wingman-workflow-theme.css.bak","backups",".bak","76001","74.22"
"archive\_src_inline_backups\src\wingman2\pages\ProductCallCardsPage.tsx.bak-invalid-hook-repair-20260612-094303","archive",".bak-invalid-hook-repair-20260612-094303","74489","72.74"
"archive\_src_inline_backups\src\wingman2\pages\DiscoveryPage.tsx.bak-discovery-reset-blank-20260627-185548","archive",".bak-discovery-reset-blank-20260627-185548","74380","72.64"
"archive\_src_inline_backups\src\wingman2\pages\ProductCallCardsPage.tsx.bak-stabilise-gallery-examples-20260612-115649","archive",".bak-stabilise-gallery-examples-20260612-115649","74254","72.51"
"archive\_src_inline_backups\src\wingman2\pages\DiscoveryPage.tsx.bak-fix-template-return-placement-20260627-090952","archive",".bak-fix-template-return-placement-20260627-090952","73347","71.63"
"archive\_src_inline_backups\src\wingman2\pages\ProductCallCardsPage.tsx.bak-product-call-card-layout-css-clean-20260612-121431","archive",".bak-product-call-card-layout-css-clean-20260612-121431","72580","70.88"
"archive\_src_inline_backups\src\wingman2\pages\ProductCallCardsPage.tsx.bak-compact-product-discussion-layout-20260612-120748","archive",".bak-compact-product-discussion-layout-20260612-120748","72578","70.88"
"archive\_src_inline_backups\src\wingman2\pages\DiscoveryPage.tsx.bak-fix-broken-import-block-20260627-090831","archive",".bak-fix-broken-import-block-20260627-090831","72073","70.38"
"archive\_src_inline_backups\src\wingman2\pages\DiscoveryPage.tsx.bak-remove-template-seed-blank-return-20260627-201322","archive",".bak-remove-template-seed-blank-return-20260627-201322","72051","70.36"
"archive\_src_inline_backups\src\wingman2\pages\DiscoveryPage.tsx.bak-repair-current-diff-20260627-191539","archive",".bak-repair-current-diff-20260627-191539","72045","70.36"
".wingman-work\backups\20260811-125346\src\wingman2\lib\productStoryEngine.ts",".wingman-work",".ts","71934","70.25"
".wingman-work\backups\20260811-125821\src\wingman2\lib\productStoryEngine.ts",".wingman-work",".ts","71934","70.25"
".wingman-work\backups\20260811-125215\src\wingman2\lib\productStoryEngine.ts",".wingman-work",".ts","71934","70.25"
"archive\_src_inline_backups\src\wingman2\pages\CallCardsPage.tsx.bak-consolidate-live-call-cards-20260627-142107","archive",".bak-consolidate-live-call-cards-20260627-142107","71725","70.04"
"archive\_src_inline_backups\src\wingman2\pages\ProductCallCardsPage.tsx.bak-inline-gallery-repair-20260612-094113","archive",".bak-inline-gallery-repair-20260612-094113","71130","69.46"
"archive\_src_inline_backups\src\wingman2\pages\ProductCallCardsPage.tsx.bak-gallery-scope-repair-20260612-093957","archive",".bak-gallery-scope-repair-20260612-093957","71130","69.46"
"archive\_src_inline_backups\src\wingman2\pages\ProductCallCardsPage.tsx.bak-fix-missing-product-gallery-logic-20260612-093901","archive",".bak-fix-missing-product-gallery-logic-20260612-093901","71130","69.46"
".wingman-work\backups\20260811-125346\src\wingman2\components\WingmanGuruDrawer.tsx",".wingman-work",".tsx","70125","68.48"
".wingman-work\backups\20260811-125821\src\wingman2\components\WingmanGuruDrawer.tsx",".wingman-work",".tsx","70125","68.48"
".wingman-work\backups\20260811-125215\src\wingman2\components\WingmanGuruDrawer.tsx",".wingman-work",".tsx","70125","68.48"
".wingman-work\backups\20260811-125215\src\wingman2\pages\ProductCallCardsPage.tsx",".wingman-work",".tsx","69946","68.31"
".wingman-work\backups\20260811-125346\src\wingman2\pages\ProductCallCardsPage.tsx",".wingman-work",".tsx","69946","68.31"
".wingman-work\backups\20260811-125821\src\wingman2\pages\ProductCallCardsPage.tsx",".wingman-work",".tsx","69946","68.31"
"archive\_src_inline_backups\src\wingman2\pages\DiscoveryPage.tsx.bak-template-builder-early-return-20260627-090717","archive",".bak-template-builder-early-return-20260627-090717","69198","67.58"
"archive\_src_inline_backups\src\wingman2\pages\DiscoveryPage.tsx.bak-force-discovery-import-20260627-080435","archive",".bak-force-discovery-import-20260627-080435","69198","67.58"
"archive\_src_inline_backups\src\wingman2\pages\DiscoveryPage.tsx.bak-template-panel-import-check-20260627-084250","archive",".bak-template-panel-import-check-20260627-084250","69198","67.58"
"archive\_src_inline_backups\src\wingman2\pages\DiscoveryPage.tsx.bak-template-panel-import-check-20260627-084020","archive",".bak-template-panel-import-check-20260627-084020","69198","67.58"
"archive\_src_inline_backups\src\wingman2\pages\DiscoveryPage.tsx.bak-add-seed-import-20260627-080212","archive",".bak-add-seed-import-20260627-080212","68864","67.25"
"archive\_src_inline_backups\src\wingman2\pages\DiscoveryPage.tsx.bak-template-seed-final-repair-20260627-080035","archive",".bak-template-seed-final-repair-20260627-080035","68750","67.14"
"archive\_src_inline_backups\src\wingman2\pages\DiscoveryPage.tsx.bak-template-seed-repair-20260627-075833","archive",".bak-template-seed-repair-20260627-075833","68657","67.05"
"archive\_src_inline_backups\src\wingman2\pages\DiscoveryPage.tsx.bak-template-discovery-seed-20260627-075622","archive",".bak-template-discovery-seed-20260627-075622","68657","67.05"
"backups\product-call-cards-layout-20260711-063325\ProductCallCardsPage.tsx","backups",".tsx","68155","66.56"
".wingman-work\backups\20260811-125346\src\wingman2\data\projectStore.ts",".wingman-work",".ts","66645","65.08"
".wingman-work\backups\20260811-125821\src\wingman2\data\projectStore.ts",".wingman-work",".ts","66645","65.08"
".wingman-work\backups\20260811-125215\src\wingman2\data\projectStore.ts",".wingman-work",".ts","66645","65.08"
"archive\repo-cleanup-20260709-050830\root-backups\_wingman_backup_visual_utility_migration_20260630-082229\src\wingman2\pages\ProductCallCardsPage.tsx","archive",".tsx","65467","63.93"
"archive\repo-cleanup-20260709-050830\root-backups\_wingman_backup_page_markup_migration_20260630-074900\src\wingman2\pages\ProductCallCardsPage.tsx","archive",".tsx","64398","62.89"
"src\wingman2\pages\DiscoveryPage.tsx.20260806-162243.bak","src",".bak","64249","62.74"
".wingman-work\backups\20260811-125821\src\wingman2\pages\DiscoveryPage.tsx.20260806-162243.bak",".wingman-work",".bak","64249","62.74"
".wingman-work\backups\20260811-125346\src\wingman2\pages\DiscoveryPage.tsx.20260806-162243.bak",".wingman-work",".bak","64249","62.74"
".wingman-work\backups\20260811-125215\src\wingman2\pages\DiscoveryPage.tsx.20260806-162243.bak",".wingman-work",".bak","64249","62.74"
"src\wingman2\pages\DiscoveryPage.tsx.20260806-161150.bak","src",".bak","64150","62.65"
".wingman-work\backups\20260811-125215\src\wingman2\pages\DiscoveryPage.tsx.20260806-161150.bak",".wingman-work",".bak","64150","62.65"
".wingman-work\backups\20260811-125821\src\wingman2\pages\DiscoveryPage.tsx.20260806-161150.bak",".wingman-work",".bak","64150","62.65"
".wingman-work\backups\20260811-125346\src\wingman2\pages\DiscoveryPage.tsx.20260806-161150.bak",".wingman-work",".bak","64150","62.65"
"archive\repo-cleanup-20260709-050830\root-backups\_wingman_backup_apo_dg2_dependency_rule_20260706-112917\src\wingman2\lib\productStoryEngine.ts","archive",".ts","63527","62.04"
".wingman-work\backups\20260811-125215\src\wingman2\pages\DiscoveryPage.tsx.20260806-154059.bak",".wingman-work",".bak","63409","61.92"
".wingman-work\backups\20260811-125346\src\wingman2\pages\DiscoveryPage.tsx.20260806-154059.bak",".wingman-work",".bak","63409","61.92"
".wingman-work\backups\20260811-125821\src\wingman2\pages\DiscoveryPage.tsx.20260806-154059.bak",".wingman-work",".bak","63409","61.92"
"src\wingman2\pages\DiscoveryPage.tsx.20260806-154059.bak","src",".bak","63409","61.92"
".wingman-work\backups\20260811-125215\src\wingman2\pages\DiscoveryPage.tsx.20260806-152541.bak",".wingman-work",".bak","63358","61.87"
".wingman-work\backups\20260811-125346\src\wingman2\pages\DiscoveryPage.tsx.20260806-152541.bak",".wingman-work",".bak","63358","61.87"
"src\wingman2\pages\DiscoveryPage.tsx.20260806-152541.bak","src",".bak","63358","61.87"
".wingman-work\backups\20260811-125821\src\wingman2\pages\DiscoveryPage.tsx.20260806-152541.bak",".wingman-work",".bak","63358","61.87"
"archive\repo-cleanup-20260709-050830\root-backups\_wingman_backup_visual_utility_migration_20260630-082229\src\wingman2\pages\DiscoveryPage.tsx","archive",".tsx","63106","61.63"
".wingman-work\backups\20260811-125215\src\wingman2\pages\DiscoveryPage.tsx.20260806-151607.bak",".wingman-work",".bak","62878","61.4"
"src\wingman2\pages\DiscoveryPage.tsx.20260806-151607.bak","src",".bak","62878","61.4"
".wingman-work\backups\20260811-125346\src\wingman2\pages\DiscoveryPage.tsx.20260806-152031.bak",".wingman-work",".bak","62878","61.4"
".wingman-work\backups\20260811-125346\src\wingman2\pages\DiscoveryPage.tsx.20260806-151607.bak",".wingman-work",".bak","62878","61.4"
".wingman-work\backups\20260811-125215\src\wingman2\pages\DiscoveryPage.tsx.20260806-152031.bak",".wingman-work",".bak","62878","61.4"
".wingman-work\backups\20260811-125821\src\wingman2\pages\DiscoveryPage.tsx.20260806-151607.bak",".wingman-work",".bak","62878","61.4"
".wingman-work\backups\20260811-125821\src\wingman2\pages\DiscoveryPage.tsx.20260806-152031.bak",".wingman-work",".bak","62878","61.4"
"src\wingman2\pages\DiscoveryPage.tsx.20260806-152031.bak","src",".bak","62878","61.4"
"backups\visual-studio-canvas-layout-v2-20260714-052759\wingman-workflow-theme.css.bak","backups",".bak","61875","60.42"
"backups\visual-studio-canvas-layout-20260714-052453\wingman-workflow-theme.css.bak","backups",".bak","61875","60.42"
"archive\repo-cleanup-20260709-050830\root-backups\_wingman_backup_page_markup_migration_20260630-074900\src\wingman2\pages\DiscoveryPage.tsx","archive",".tsx","61785","60.34"
"archive\_src_inline_backups\src\wingman2\pages\ProductCallCardsPage.tsx.bak-product-gallery-20260612-093409","archive",".bak-product-gallery-20260612-093409","61539","60.1"
"archive\_wingman_backup_guru_single_instance_20260614-063825\src\wingman2\pages\CallCardsPage.tsx","archive",".tsx","61195","59.76"
".wingman-work\backups\20260811-125215\src\wingman2\pages\DiscoveryPage.tsx",".wingman-work",".tsx","60585","59.17"
".wingman-work\backups\20260811-125346\src\wingman2\pages\DiscoveryPage.tsx",".wingman-work",".tsx","60585","59.17"
".wingman-work\backups\20260811-125821\src\wingman2\pages\DiscoveryPage.tsx",".wingman-work",".tsx","60585","59.17"
"archive\_src_inline_backups\src\wingman2\pages\ProductCallCardsPage.tsx.bak-fix-missing-productApplicationExamples-20260612-090326","archive",".bak-fix-missing-productapplicationexamples-20260612-090326","60329","58.92"
"archive\repo-cleanup-20260709-050830\root-backups\_wingman_backup_style_audit_fix_20260630-073901\src\wingman2\styles\wingman-redesign-theme.css","archive",".css","60150","58.74"
".wingman-work\backups\20260811-125346\src\wingman2\pages\DiscoveryPage.tsx.20260806-134605.bak",".wingman-work",".bak","60097","58.69"
".wingman-work\backups\20260811-125821\src\wingman2\pages\DiscoveryPage.tsx.20260806-134605.bak",".wingman-work",".bak","60097","58.69"
"src\wingman2\pages\DiscoveryPage.tsx.20260806-134605.bak","src",".bak","60097","58.69"
".wingman-work\backups\20260811-125215\src\wingman2\pages\DiscoveryPage.tsx.20260806-134605.bak",".wingman-work",".bak","60097","58.69"
"archive\_wingman_backup_guru_single_instance_20260614-063825\src\wingman2\data\productSalesKnowledge.ts","archive",".ts","59303","57.91"
"archive\repo-cleanup-20260709-050830\src-snapshots\src\wingman2\pages\wingmanpages.zip","archive",".zip","59162","57.78"
"archive\_src_inline_backups\src\wingman2\pages\ProductCallCardsPage.tsx.bak-audio-amp-examples-20260612-085846","archive",".bak-audio-amp-examples-20260612-085846","58783","57.41"
"archive\_wingman_backup_guru_single_instance_20260614-063825\src\wingman2\pages\ProductCallCardsPage.tsx","archive",".tsx","57529","56.18"
".wingman-work\backups\20260811-125821\src\wingman2\pages\discovery\discoveryQuestions.ts",".wingman-work",".ts","57206","55.87"
".wingman-work\backups\20260811-125346\src\wingman2\pages\discovery\discoveryQuestions.ts",".wingman-work",".ts","57206","55.87"
".wingman-work\backups\20260811-125215\src\wingman2\pages\discovery\discoveryQuestions.ts",".wingman-work",".ts","57206","55.87"
"archive\_src_inline_backups\src\wingman2\pages\ProductCallCardsPage.tsx.bak-targeted-checks-20260612-085703","archive",".bak-targeted-checks-20260612-085703","55990","54.68"
"archive\_src_inline_backups\src\wingman2\pages\ProductCallCardsPage.tsx.bak-accessory-language-20260612-084803","archive",".bak-accessory-language-20260612-084803","55380","54.08"
"archive\_src_inline_backups\src\wingman2\pages\TemplatesPage.tsx.bak-template-library-refresh-20260627-071138","archive",".bak-template-library-refresh-20260627-071138","55350","54.05"
"archive\_src_inline_backups\src\wingman2\pages\TemplatesPage.tsx.bak-template-library-refresh-20260627-070946","archive",".bak-template-library-refresh-20260627-070946","55350","54.05"
"archive\_src_inline_backups\src\wingman2\pages\TemplatesPage.tsx.bak-forced-template-refresh-20260627-071725","archive",".bak-forced-template-refresh-20260627-071725","55350","54.05"
"archive\_src_inline_backups\src\wingman2\pages\ProductCallCardsPage.tsx.bak-four-product-cards-20260612-085134","archive",".bak-four-product-cards-20260612-085134","55294","54"
".wingman-work\backups\20260811-125346\src\__tests__\projectStore.test.ts",".wingman-work",".ts","55054","53.76"
".wingman-work\backups\20260811-125821\src\__tests__\projectStore.test.ts",".wingman-work",".ts","55054","53.76"
".wingman-work\backups\20260811-125215\src\__tests__\projectStore.test.ts",".wingman-work",".ts","55054","53.76"
"backups\product-pitch-workspace-flow-20260711-071314\ProductPitchPage.tsx","backups",".tsx","54907","53.62"
"backups\product-pitch-selector-20260711-061121\ProductPitchPage.tsx","backups",".tsx","54902","53.62"
"backups\product-pitch-bottom-layout-20260711-064913\ProductPitchPage.tsx","backups",".tsx","54902","53.62"
"backups\product-pitch-overflow-20260711-063831\ProductPitchPage.tsx","backups",".tsx","54902","53.62"
"archive\_src_inline_backups\src\wingman2\components\WingmanGuruDrawer.tsx.bak-guru-clean-final-20260622-161750","archive",".bak-guru-clean-final-20260622-161750","54793","53.51"
"archive\_src_inline_backups\src\wingman2\components\WingmanGuruDrawer.tsx.bak-guru-clean-final-20260622-161818","archive",".bak-guru-clean-final-20260622-161818","54784","53.5"
"archive\_src_inline_backups\src\wingman2\components\WingmanGuruDrawer.tsx.bak-guru-final-tidy-20260622-161420","archive",".bak-guru-final-tidy-20260622-161420","54784","53.5"
"archive\repo-cleanup-20260709-050830\root-backups\_wingman_backup_extron_dtp3_r_201_readiness_20260706-114829\extron.csv","archive",".csv","54753","53.47"
"archive\_src_inline_backups\src\wingman2\components\WingmanGuruDrawer.tsx.bak-guru-duplicate-attribute-fix-20260622-155517","archive",".bak-guru-duplicate-attribute-fix-20260622-155517","54578","53.3"
"archive\_src_inline_backups\src\wingman2\components\WingmanGuruDrawer.tsx.bak-guru-portal-20260622-161122","archive",".bak-guru-portal-20260622-161122","54575","53.3"
".wingman-work\backups\20260811-125346\src\wingman2\pages\ProductPitchPage.tsx",".wingman-work",".tsx","54532","53.25"
".wingman-work\backups\20260811-125215\src\wingman2\pages\ProductPitchPage.tsx",".wingman-work",".tsx","54532","53.25"
".wingman-work\backups\20260811-125821\src\wingman2\pages\ProductPitchPage.tsx",".wingman-work",".tsx","54532","53.25"
"archive\_src_inline_backups\src\wingman2\components\WingmanGuruDrawer.tsx.bak-guru-final-restore-20260622-151819","archive",".bak-guru-final-restore-20260622-151819","54489","53.21"
".wingman-work\backups\20260811-125215\src\wingman2\lib\compareEligibilityEngine.ts",".wingman-work",".ts","54353","53.08"
".wingman-work\backups\20260811-125346\src\wingman2\lib\compareEligibilityEngine.ts",".wingman-work",".ts","54353","53.08"
".wingman-work\backups\20260811-125821\src\wingman2\lib\compareEligibilityEngine.ts",".wingman-work",".ts","54353","53.08"
"archive\_src_inline_backups\src\wingman2\pages\SalesHelperPage.tsx.bak-sales-helper-pages-20260610-204722","archive",".bak-sales-helper-pages-20260610-204722","54233","52.96"
".wingman-work\backups\20260811-125346\src\wingman2\pages\DiscoveryPage.tsx.20260806-121952.bak",".wingman-work",".bak","53899","52.64"
"src\wingman2\pages\DiscoveryPage.tsx.20260806-121952.bak","src",".bak","53899","52.64"
".wingman-work\backups\20260811-125215\src\wingman2\pages\DiscoveryPage.tsx.20260806-121952.bak",".wingman-work",".bak","53899","52.64"
".wingman-work\backups\20260811-125821\src\wingman2\pages\DiscoveryPage.tsx.20260806-121952.bak",".wingman-work",".bak","53899","52.64"
"archive\_src_inline_backups\src\wingman2\pages\ProductCallCardsPage.tsx.bak-direct-guru-says-20260612-084116","archive",".bak-direct-guru-says-20260612-084116","53438","52.19"
"backups\compare-sku-workspace-20260713-182813\wingman-workflow-theme.css.bak","backups",".bak","53242","51.99"
"backups\compare-sku-workspace-20260713-182648\wingman-workflow-theme.css.bak","backups",".bak","53242","51.99"
"backups\compare-sku-workspace-20260713-183431\wingman-workflow-theme.css.bak","backups",".bak","53242","51.99"
"backups\compare-step-rail-20260713-182533\wingman-workflow-theme.css.bak","backups",".bak","53242","51.99"
"archive\_backup_competitor_compare_behaviour_20260613-181722\ComparePageNew.tsx.before","archive",".before","53110","51.87"
"archive\_wingman_backup_pre_commit_20260614-053254\src_wingman2_pages_ComparePageNew.tsx","archive",".tsx","53059","51.82"
".wingman-work\backups\20260811-125346\src\wingman2\pages\ProjectDetailPage.tsx",".wingman-work",".tsx","52885","51.65"
".wingman-work\backups\20260811-125821\src\wingman2\pages\ProjectDetailPage.tsx",".wingman-work",".tsx","52885","51.65"
".wingman-work\backups\20260811-125215\src\wingman2\pages\ProjectDetailPage.tsx",".wingman-work",".tsx","52885","51.65"
".wingman-work\backups\20260811-125821\src\wingman2\pages\ProjectDetailPage.tsx.20260806-121952.bak",".wingman-work",".bak","52812","51.57"
"src\wingman2\pages\ProjectDetailPage.tsx.20260806-121952.bak","src",".bak","52812","51.57"
".wingman-work\backups\20260811-125346\src\wingman2\pages\ProjectDetailPage.tsx.20260806-121952.bak",".wingman-work",".bak","52812","51.57"
".wingman-work\backups\20260811-125215\src\wingman2\pages\ProjectDetailPage.tsx.20260806-121952.bak",".wingman-work",".bak","52812","51.57"
"archive\repo-cleanup-20260709-050830\root-artifacts\_review\wide-text-hygiene-status.txt","archive",".txt","52630","51.4"
"archive\repo-cleanup-20260709-050830\root-backups\_wingman_backup_extron_dtp3_r_201_readiness_20260706-114706\extron.csv","archive",".csv","52560","51.33"
"archive\_src_inline_backups\src\wingman2\pages\ProductCallCardsPage.tsx.bak-simple-term-lookup-20260612-083820","archive",".bak-simple-term-lookup-20260612-083820","52488","51.26"
"archive\_wingman_backup_guru_single_instance_20260614-063825\src\wingman2\data\projectStore.ts","archive",".ts","51903","50.69"
"archive\_wingman_backup_projectstore_timer_fix_20260614-084550\projectStore.ts","archive",".ts","51903","50.69"
"archive\_wingman_backup_compare_pre_commit_cleanup_20260614-084236\src\wingman2\data\projectStore.ts","archive",".ts","51873","50.66"
"archive\_wingman_backup_pre_compare_cleanup_20260614-083913\src\wingman2\data\projectStore.ts","archive",".ts","51873","50.66"
".wingman-work\backups\20260811-125821\src\wingman2\lib\roomTemplatesExtra.ts",".wingman-work",".ts","51028","49.83"
".wingman-work\backups\20260811-125215\src\wingman2\lib\roomTemplatesExtra.ts",".wingman-work",".ts","51028","49.83"
".wingman-work\backups\20260811-125346\src\wingman2\lib\roomTemplatesExtra.ts",".wingman-work",".ts","51028","49.83"
".wingman-work\backups\20260811-125821\src\wingman2\pages\ProductFamilyPage.tsx",".wingman-work",".tsx","50102","48.93"
".wingman-work\backups\20260811-125346\src\wingman2\pages\ProductFamilyPage.tsx",".wingman-work",".tsx","50102","48.93"
".wingman-work\backups\20260811-125215\src\wingman2\pages\ProductFamilyPage.tsx",".wingman-work",".tsx","50102","48.93"
".wingman-work\backups\20260811-125346\src\wingman2\lib\__fixtures__\productIntelligenceIndexSample.json",".wingman-work",".json","50054","48.88"
".wingman-work\backups\20260811-125215\src\wingman2\lib\__fixtures__\productIntelligenceIndexSample.json",".wingman-work",".json","50054","48.88"
".wingman-work\backups\20260811-125821\src\wingman2\lib\__fixtures__\productIntelligenceIndexSample.json",".wingman-work",".json","50054","48.88"
".wingman-work\backups\20260811-125821\src\wingman2\pages\VideowallBuilderPage.tsx",".wingman-work",".tsx","49844","48.68"
".wingman-work\backups\20260811-125215\src\wingman2\pages\VideowallBuilderPage.tsx",".wingman-work",".tsx","49844","48.68"
".wingman-work\backups\20260811-125346\src\wingman2\pages\VideowallBuilderPage.tsx",".wingman-work",".tsx","49844","48.68"
".wingman-work\backups\20260811-125821\src\wingman2\lib\projectTopology.ts",".wingman-work",".ts","49659","48.5"
".wingman-work\backups\20260811-125215\src\wingman2\lib\projectTopology.ts",".wingman-work",".ts","49659","48.5"
".wingman-work\backups\20260811-125346\src\wingman2\lib\projectTopology.ts",".wingman-work",".ts","49659","48.5"
"archive\_wingman_backup_guru_single_instance_20260614-063825\src\wingman2\components\WingmanGuruDrawer.tsx","archive",".tsx","49353","48.2"
".wingman-work\backups\20260811-125215\src\wingman2\lib\compareSpecEngine.ts",".wingman-work",".ts","49143","47.99"
".wingman-work\backups\20260811-125346\src\wingman2\lib\compareSpecEngine.ts",".wingman-work",".ts","49143","47.99"
".wingman-work\backups\20260811-125821\src\wingman2\lib\compareSpecEngine.ts",".wingman-work",".ts","49143","47.99"
"archive\_wingman_backup_guru_single_instance_20260614-063825\src\wingman2\pages\TemplatesPage.tsx","archive",".tsx","48104","46.98"
".wingman-work\backups\20260811-125215\src\wingman2\components\ProposalCompletionWizard.tsx",".wingman-work",".tsx","46994","45.89"
".wingman-work\backups\20260811-125821\src\wingman2\components\ProposalCompletionWizard.tsx",".wingman-work",".tsx","46994","45.89"
".wingman-work\backups\20260811-125346\src\wingman2\components\ProposalCompletionWizard.tsx",".wingman-work",".tsx","46994","45.89"
"archive\_wingman_backup_videowall_wizard_20260615-224310\VideoWallPage.tsx.bak","archive",".bak","46940","45.84"
"archive\_wingman_backup_compare_workflow_cleanup_20260613-214444\src\wingman2\pages\ComparePageNew.tsx","archive",".tsx","46831","45.73"
"archive\_wingman_backup_compare_start_cleanup_20260613-214227\src\wingman2\pages\ComparePageNew.tsx","archive",".tsx","46701","45.61"
"archive\_wingman_backup_remove_compare_matrix_stage_20260613-214049\src\wingman2\pages\ComparePageNew.tsx","archive",".tsx","46577","45.49"
"archive\_wingman_backup_compare_direct_results_20260613-213828\src\wingman2\pages\ComparePageNew.tsx","archive",".tsx","46453","45.36"
"archive\_wingman_backup_compare_layout_reset_20260613-211633\src\wingman2\pages\ComparePageNew.tsx","archive",".tsx","46350","45.26"
".wingman-work\backups\20260811-125821\src\wingman2\lib\competitorProductIntelligence.ts",".wingman-work",".ts","46304","45.22"
".wingman-work\backups\20260811-125346\src\wingman2\lib\competitorProductIntelligence.ts",".wingman-work",".ts","46304","45.22"
".wingman-work\backups\20260811-125215\src\wingman2\lib\competitorProductIntelligence.ts",".wingman-work",".ts","46304","45.22"
"backups\compare-step-rail-20260713-180854\wingman-workflow-theme.css.bak","backups",".bak","46294","45.21"
"archive\_wingman_backup_replace_compare_page_20260613-214821\src\wingman2\pages\ComparePageNew.tsx","archive",".tsx","46294","45.21"
"archive\_wingman_backup_wireless_compare_intelligence_20260613-211150\src\wingman2\pages\ComparePageNew.tsx","archive",".tsx","46196","45.11"
"archive\_wingman_backup_remove_compare_matrix_clean_20260613-214621\src\wingman2\pages\ComparePageNew.tsx","archive",".tsx","46173","45.09"
"archive\_wingman_backup_guru_single_instance_20260614-063825\src\wingman2\data\avGlossary.ts","archive",".ts","46167","45.08"
"archive\_wingman_backup_simplify_compare_results_20260613-210000\src\wingman2\pages\ComparePageNew.tsx","archive",".tsx","46072","44.99"
"archive\_wingman_backup_guru_single_instance_20260614-063825\src\wingman2\lib\roomTemplatesExtra.ts","archive",".ts","45841","44.77"
".wingman-work\backups\20260811-125346\src\wingman2\pages\IngestPage.tsx",".wingman-work",".tsx","45835","44.76"
".wingman-work\backups\20260811-125215\src\wingman2\pages\IngestPage.tsx",".wingman-work",".tsx","45835","44.76"
".wingman-work\backups\20260811-125821\src\wingman2\pages\IngestPage.tsx",".wingman-work",".tsx","45835","44.76"
"server\product-intelligence-store.mjs.20260811-132222.bak","server",".bak","45720","44.65"
".wingman-work\backups\20260811-125215\src\wingman2\data\avGlossary.ts",".wingman-work",".ts","45670","44.6"
".wingman-work\backups\20260811-125821\src\wingman2\data\avGlossary.ts",".wingman-work",".ts","45670","44.6"
".wingman-work\backups\20260811-125346\src\wingman2\data\avGlossary.ts",".wingman-work",".ts","45670","44.6"
"archive\_wingman_backup_compare_marker_compat_20260613-203747\src\wingman2\pages\ComparePageNew.tsx","archive",".tsx","45580","44.51"
"archive\_wingman_backup_compare_shortlist_20260613-202323\src\wingman2\pages\ComparePageNew.tsx","archive",".tsx","45559","44.49"
"data\governance\wyrestorm-technical-profiles.json.20260722-115849.bak","data",".bak","45509","44.44"
"archive\_src_inline_backups\src\wingman2\pages\ProductCallCardsPage.tsx.bak-no-scroll-paged-20260612-070828","archive",".bak-no-scroll-paged-20260612-070828","45501","44.43"
"archive\_src_inline_backups\src\wingman2\pages\ProductCallCardsPage.tsx.bak-clean-replace-20260612-071004","archive",".bak-clean-replace-20260612-071004","45483","44.42"
"archive\_wingman_backup_guru_single_instance_20260614-063825\src\__tests__\projectStore.test.ts","archive",".ts","45483","44.42"
".wingman-work\backups\20260811-125821\src\wingman2\lib\compareSpecEngine.ts.20260722-115849.bak",".wingman-work",".bak","45456","44.39"
".wingman-work\backups\20260811-125346\src\wingman2\lib\compareSpecEngine.ts.20260722-115849.bak",".wingman-work",".bak","45456","44.39"
"src\wingman2\lib\compareSpecEngine.ts.20260722-115849.bak","src",".bak","45456","44.39"
".wingman-work\backups\20260811-125215\src\wingman2\lib\compareSpecEngine.ts.20260722-115849.bak",".wingman-work",".bak","45456","44.39"
"archive\_wingman_backup_compare_route_lock_20260614-102158\src\wingman2\pages\ComparePageNew.tsx","archive",".tsx","45445","44.38"
"archive\_wingman_backup_compare_v5_20260614-102800\src\wingman2\pages\ComparePageNew.tsx","archive",".tsx","45445","44.38"
".wingman-work\backups\20260811-125346\src\wingman2\lib\compareSpecEngine.ts.20260722-091530.bak",".wingman-work",".bak","45125","44.07"
".wingman-work\backups\20260811-125821\src\wingman2\lib\compareSpecEngine.ts.20260722-091530.bak",".wingman-work",".bak","45125","44.07"
".wingman-work\backups\20260811-125215\src\wingman2\lib\compareSpecEngine.ts.20260722-091530.bak",".wingman-work",".bak","45125","44.07"
"src\wingman2\lib\compareSpecEngine.ts.20260722-091530.bak","src",".bak","45125","44.07"
"archive\_src_inline_backups\src\wingman2\pages\ProductCallCardsPage.tsx.bak-tabbed-product-discussion-20260612-082607","archive",".bak-tabbed-product-discussion-20260612-082607","44944","43.89"
".wingman-work\backups\20260811-125215\src\wingman2\lib\recommendationEvidence.ts",".wingman-work",".ts","44443","43.4"
".wingman-work\backups\20260811-125346\src\wingman2\lib\recommendationEvidence.ts",".wingman-work",".ts","44443","43.4"
".wingman-work\backups\20260811-125821\src\wingman2\lib\recommendationEvidence.ts",".wingman-work",".ts","44443","43.4"
"archive\repo-cleanup-20260709-050830\root-backups\_wingman_backup_apo_dg2_dependency_rule_20260706-112917\src\wingman2\lib\compareEligibilityEngine.ts","archive",".ts","44396","43.36"
"archive\repo-cleanup-20260709-050830\root-backups\_wingman_backup_visual_utility_migration_20260630-082229\src\wingman2\pages\VideowallBuilderPage.tsx","archive",".tsx","44343","43.3"
"archive\_wingman_backup_compare_pre_commit_cleanup_20260614-084236\src\wingman2\pages\ComparePageNew.tsx","archive",".tsx","44324","43.29"
"archive\_wingman_backup_compare_marker_fix_20260614-085133\ComparePageNew.tsx","archive",".tsx","44324","43.29"
"archive\_wingman_backup_pre_compare_cleanup_20260614-083913\src\wingman2\pages\ComparePageNew.tsx","archive",".tsx","44324","43.29"
"archive\_wingman_backup_compare_direct_map_20260614-083546\src\wingman2\pages\ComparePageNew.tsx","archive",".tsx","44201","43.17"
"archive\repo-cleanup-20260709-050830\root-backups\_wingman_backup_visual_utility_migration_20260630-082229\src\wingman2\pages\ProductFamilyPage.tsx","archive",".tsx","44017","42.99"
"backups\templates-library-toolbar-20260713-175719\wingman-workflow-theme.css.bak","backups",".bak","43796","42.77"
".wingman-work\backups\20260811-125346\src\wingman2\lib\competitorSpecRegistry.ts",".wingman-work",".ts","43789","42.76"
".wingman-work\backups\20260811-125821\src\wingman2\lib\competitorSpecRegistry.ts",".wingman-work",".ts","43789","42.76"
".wingman-work\backups\20260811-125215\src\wingman2\lib\competitorSpecRegistry.ts",".wingman-work",".ts","43789","42.76"
"archive\_src_inline_backups\src\wingman2\pages\ComparePage.tsx.bak-functional-compare-20260610-210328","archive",".bak-functional-compare-20260610-210328","43644","42.62"
"archive\_src_inline_backups\src\wingman2\pages\ProductCallCardsPage.tsx.bak-product-paging-20260612-070629","archive",".bak-product-paging-20260612-070629","43470","42.45"
"archive\repo-cleanup-20260709-050830\root-backups\_wingman_backup_page_markup_migration_20260630-074900\src\wingman2\pages\ProductFamilyPage.tsx","archive",".tsx","43396","42.38"
".wingman-work\backups\20260811-125821\src\wingman2\lib\compareSpecEngine.ts.20260722-090142.bak",".wingman-work",".bak","42830","41.83"
".wingman-work\backups\20260811-125215\src\wingman2\lib\compareSpecEngine.ts.20260722-090142.bak",".wingman-work",".bak","42830","41.83"
".wingman-work\backups\20260811-125346\src\wingman2\lib\compareSpecEngine.ts.20260722-090142.bak",".wingman-work",".bak","42830","41.83"
"src\wingman2\lib\compareSpecEngine.ts.20260722-090142.bak","src",".bak","42830","41.83"
"archive\repo-cleanup-20260709-050830\root-backups\_wingman_backup_page_markup_migration_20260630-074900\src\wingman2\pages\VideowallBuilderPage.tsx","archive",".tsx","42825","41.82"
"archive\_wingman_backup_guru_single_instance_20260614-063825\src\wingman2\pages\ComparePageNew.tsx","archive",".tsx","42379","41.39"
"archive\_wingman_backup_compare_page_shortlist_runtime_20260614-080323\src\wingman2\pages\ComparePageNew.tsx","archive",".tsx","42349","41.36"
"archive\_wingman_backup_wire_compare_page_shortlist_20260614-075644\src\wingman2\pages\ComparePageNew.tsx","archive",".tsx","42349","41.36"
"archive\_src_inline_backups\src\wingman2\pages\ProductCallCardsPage.tsx.bak-scrollbars-20260612-070418","archive",".bak-scrollbars-20260612-070418","42057","41.07"
"archive\_src_inline_backups\src\wingman2\pages\ProductCallCardsPage.tsx.bak-endpoint-20260612-070057","archive",".bak-endpoint-20260612-070057","42019","41.03"
"archive\_src_inline_backups\src\wingman2\styles\wingman-redesign-theme.css.backup-clean-cards-settings-v2-20260707-055248","archive",".backup-clean-cards-settings-v2-20260707-055248","41815","40.83"
"data-sources\competitors\atlona.csv.20260722-090142.bak","data-sources",".bak","41725","40.75"
".wingman-work\backups\20260811-125821\src\__tests__\recommendationEvidence.test.ts",".wingman-work",".ts","41122","40.16"
".wingman-work\backups\20260811-125215\src\__tests__\recommendationEvidence.test.ts",".wingman-work",".ts","41122","40.16"
".wingman-work\backups\20260811-125346\src\__tests__\recommendationEvidence.test.ts",".wingman-work",".ts","41122","40.16"
".wingman-work\backups\20260811-125215\src\wingman2\lib\diagramTemplates.ts",".wingman-work",".ts","40925","39.97"
".wingman-work\backups\20260811-125346\src\wingman2\lib\diagramTemplates.ts",".wingman-work",".ts","40925","39.97"
".wingman-work\backups\20260811-125821\src\wingman2\lib\diagramTemplates.ts",".wingman-work",".ts","40925","39.97"
"archive\_wingman_backup_guru_single_instance_20260614-063825\src\wingman2\pages\ProductFamilyPage.tsx","archive",".tsx","40822","39.87"
"archive\_wingman_backup_compare_visible_skus_direct_20260614-121400\ComparePageNew.tsx","archive",".tsx","40501","39.55"
"archive\_wingman_backup_compare_full_visible_skus_20260614-121739\ComparePageNew.tsx","archive",".tsx","40501","39.55"
"archive\_wingman_backup_compare_visible_brand_skus_20260614-121122\ComparePageNew.tsx","archive",".tsx","40501","39.55"
"archive\_wingman_backup_compare_lookup_visible_skus_20260614-121232\ComparePageNew.tsx","archive",".tsx","40501","39.55"
"backups\product-pitch-cleanup-20260709-150906\ProductPitchPage.tsx.bak","backups",".bak","40494","39.54"
"archive\_wingman_backup_compare_candidate_gate_retry_20260614-120831\ComparePageNew.tsx","archive",".tsx","40478","39.53"
"data\governance\wyrestorm-technical-profiles.json.20260722-091530.bak","data",".bak","40382","39.44"
"backups\proposal-wizard-20260713-175009\src_wingman2_pages_ProposalPage.tsx.bak","backups",".bak","40362","39.42"
"archive\_src_inline_backups\src\wingman2\pages\ProposalPage.tsx.bak-template-proposal-handoff-20260627-094536","archive",".bak-template-proposal-handoff-20260627-094536","40196","39.25"
"archive\backups\product-story-engine-and-handoff-2026-06-08_11-06-34\src\wingman2\pages\ProductPitchPage.tsx","archive",".tsx","40097","39.16"
".wingman-work\backups\20260811-125821\src\wingman2\lib\productCallCommercialOverrides.ts",".wingman-work",".ts","39733","38.8"
".wingman-work\backups\20260811-125215\src\wingman2\lib\productCallCommercialOverrides.ts",".wingman-work",".ts","39733","38.8"
".wingman-work\backups\20260811-125346\src\wingman2\lib\productCallCommercialOverrides.ts",".wingman-work",".ts","39733","38.8"
"archive\repo-cleanup-20260709-050830\root-backups\_wingman_backup_apo_dg2_dependency_rule_20260706-112917\src\wingman2\lib\productCallCommercialOverrides.ts","archive",".ts","39727","38.8"
"archive\_wingman_backup_compare_datalist_line_cleanup_20260614-115428\ComparePageNew.tsx","archive",".tsx","39167","38.25"
"archive\_wingman_backup_remove_datalist_exact_20260614-115903\ComparePageNew.tsx","archive",".tsx","39167","38.25"
"archive\_wingman_backup_compare_remove_datalist_20260614-115320\ComparePageNew.tsx","archive",".tsx","39167","38.25"
"archive\_wingman_backup_compare_marker_fix_20260614-114645\ComparePageNew.tsx","archive",".tsx","39084","38.17"
"archive\_src_inline_backups\src\wingman2\pages\ProposalPage.tsx.bak-template-proposal-handoff-20260627-094422","archive",".bak-template-proposal-handoff-20260627-094422","39076","38.16"
"archive\_wingman_backup_guru_single_instance_20260614-063825\src\wingman2\lib\diagramTemplates.ts","archive",".ts","38884","37.97"
"archive\_wingman_backup_compare_candidate_gate_20260614-120253\ComparePageNew.tsx","archive",".tsx","38797","37.89"
"archive\repo-cleanup-20260709-050830\root-backups\_wingman_backup_ingest_arbitrary_tailwind_20260706-104203\IngestPage.tsx","archive",".tsx","38587","37.68"
"archive\repo-cleanup-20260709-050830\root-backups\_wingman_backup_ingest_arbitrary_tailwind_20260706-104535\IngestPage.tsx","archive",".tsx","38587","37.68"
".wingman-work\backups\20260811-125346\src\wingman2\lib\productTopology.ts",".wingman-work",".ts","38439","37.54"
".wingman-work\backups\20260811-125215\src\wingman2\lib\productTopology.ts",".wingman-work",".ts","38439","37.54"
".wingman-work\backups\20260811-125821\src\wingman2\lib\productTopology.ts",".wingman-work",".ts","38439","37.54"
"backups\product-pitch-safety-panel-20260709-095206\ProductPitchPage.tsx.bak","backups",".bak","38220","37.32"
"archive\_wingman_backup_guru_single_instance_20260614-063825\src\wingman2\lib\competitorSpecRegistry.ts","archive",".ts","38152","37.26"
"archive\repo-cleanup-20260709-050830\root-backups\_wingman_backup_apo_dg2_dependency_rule_20260706-112917\src\wingman2\pages\ProductPitchPage.tsx","archive",".tsx","37997","37.11"
"archive\repo-cleanup-20260709-050830\root-artifacts\_review\text-hygiene-report.md","archive",".md","37932","37.04"
".wingman-work\backups\20260811-125346\src\wingman2\components\DiscoveryLocationsConnections.tsx",".wingman-work",".tsx","37617","36.74"
".wingman-work\backups\20260811-125821\src\wingman2\components\DiscoveryLocationsConnections.tsx",".wingman-work",".tsx","37617","36.74"
".wingman-work\backups\20260811-125215\src\wingman2\components\DiscoveryLocationsConnections.tsx",".wingman-work",".tsx","37617","36.74"
"archive\repo-cleanup-20260709-050830\root-backups\_wingman_backup_apo_dg2_dependency_rule_20260706-112917\src\wingman2\lib\competitorSpecRegistry.ts","archive",".ts","37440","36.56"
"archive\_src_inline_backups\src\wingman2\pages\productCallCards\store.ts.backup-20260610-083944","archive",".backup-20260610-083944","37397","36.52"
"archive\repo-cleanup-20260709-050830\root-artifacts\install.DISCARDED\wingman-redesign-theme.css","archive",".css","37261","36.39"
"archive\repo-cleanup-20260709-050830\src-snapshots\src\wingman2\styles\wingman-redesign-theme.css.DISCARDED","archive",".discarded","37261","36.39"
"archive\_src_inline_backups\src\wingman2\pages\ComparePageNew.tsx.backup-20260611-101650","archive",".backup-20260611-101650","36536","35.68"
"archive\_wingman_backup_guru_single_instance_20260614-063825\src\wingman2\pages\productCallCards\store.ts","archive",".ts","36402","35.55"
".wingman-work\backups\20260811-125821\src\features\catalog\catalogIntelligence.ts",".wingman-work",".ts","36157","35.31"
".wingman-work\backups\20260811-125215\src\features\catalog\catalogIntelligence.ts",".wingman-work",".ts","36157","35.31"
".wingman-work\backups\20260811-125346\src\features\catalog\catalogIntelligence.ts",".wingman-work",".ts","36157","35.31"
".wingman-work\backups\20260811-125346\src\wingman2\lib\productClassification.ts",".wingman-work",".ts","35944","35.1"
".wingman-work\backups\20260811-125821\src\wingman2\lib\productClassification.ts",".wingman-work",".ts","35944","35.1"
".wingman-work\backups\20260811-125215\src\wingman2\lib\productClassification.ts",".wingman-work",".ts","35944","35.1"
"archive\backups\presales-priority-1-5-2026-06-08_10-20-58\src\wingman2\pages\ProductPitchPage.tsx","archive",".tsx","35915","35.07"
"archive\_src_inline_backups\src\wingman2\styles\wingman-redesign-theme.css.backup-clean-cards-settings-v2-20260707-055157","archive",".backup-clean-cards-settings-v2-20260707-055157","35891","35.05"
"archive\_src_inline_backups\src\wingman2\styles\wingman-redesign-theme.css.backup-clean-dashboard-buttons-20260707-054905","archive",".backup-clean-dashboard-buttons-20260707-054905","35881","35.04"
".wingman-work\backups\20260811-125346\src\wingman2\pages\VisualDesignStudioPage.tsx",".wingman-work",".tsx","35669","34.83"
".wingman-work\backups\20260811-125215\src\wingman2\pages\VisualDesignStudioPage.tsx",".wingman-work",".tsx","35669","34.83"
".wingman-work\backups\20260811-125821\src\wingman2\pages\VisualDesignStudioPage.tsx",".wingman-work",".tsx","35669","34.83"
"archive\_src_inline_backups\src\wingman2\pages\ProductCallCardsPage.tsx.bak-guru-term-links-20260612-075717","archive",".bak-guru-term-links-20260612-075717","35511","34.68"
"archive\_wingman_backup_compare_simple_summary_20260615-194901\ComparePageNew.tsx","archive",".tsx","35481","34.65"
".wingman-work\backups\20260811-125821\src\wingman2\lib\compareSpecEngine.ts.20260722-083552.bak",".wingman-work",".bak","35403","34.57"
".wingman-work\backups\20260811-125215\src\wingman2\lib\compareSpecEngine.ts.20260722-083258.bak",".wingman-work",".bak","35403","34.57"
".wingman-work\backups\20260811-125215\src\wingman2\lib\compareSpecEngine.ts.20260722-083552.bak",".wingman-work",".bak","35403","34.57"
"src\wingman2\lib\compareSpecEngine.ts.20260722-083258.bak","src",".bak","35403","34.57"
".wingman-work\backups\20260811-125821\src\wingman2\lib\compareSpecEngine.ts.20260722-083258.bak",".wingman-work",".bak","35403","34.57"
".wingman-work\backups\20260811-125346\src\wingman2\lib\compareSpecEngine.ts.20260722-083552.bak",".wingman-work",".bak","35403","34.57"
".wingman-work\backups\20260811-125346\src\wingman2\lib\compareSpecEngine.ts.20260722-083258.bak",".wingman-work",".bak","35403","34.57"
"src\wingman2\lib\compareSpecEngine.ts.20260722-083552.bak","src",".bak","35403","34.57"
"archive\_wingman_backup_encoding_repair_20260615-193640\ComparePageNew.tsx","archive",".tsx","35397","34.57"
"archive\_wingman_backup_compare_text_card_repair_20260615-193859\ComparePageNew.tsx","archive",".tsx","35397","34.57"
"archive\_wingman_backup_guru_single_instance_20260614-063825\src\__tests__\recommendationEvidence.test.ts","archive",".ts","35392","34.56"
"archive\_src_inline_backups\src\wingman2\pages\ProductCallCardsPage.tsx.bak-fix-product-discussion-action-20260612-074225","archive",".bak-fix-product-discussion-action-20260612-074225","35258","34.43"
"archive\_src_inline_backups\src\wingman2\pages\ProductCallCardsPage.tsx.bak-official-copy-support-20260612-075106","archive",".bak-official-copy-support-20260612-075106","35256","34.43"
".wingman-work\backups\20260811-125821\src\wingman2\styles\wingman-reference-theme.css.20260724-092644.bak",".wingman-work",".bak","35255","34.43"
"src\wingman2\styles\wingman-reference-theme.css.20260724-092644.bak","src",".bak","35255","34.43"
".wingman-work\backups\20260811-125821\src\wingman2\styles\wingman-reference-theme.css.20260724-093153.bak",".wingman-work",".bak","35255","34.43"
".wingman-work\backups\20260811-125821\src\wingman2\styles\wingman-reference-theme.css.20260724-110046.bak",".wingman-work",".bak","35255","34.43"
".wingman-work\backups\20260811-125215\src\wingman2\styles\wingman-reference-theme.css.20260724-093153.bak",".wingman-work",".bak","35255","34.43"
".wingman-work\backups\20260811-125821\src\wingman2\styles\wingman-reference-theme.css.20260724-111028.bak",".wingman-work",".bak","35255","34.43"
"src\wingman2\styles\wingman-reference-theme.css.20260724-111028.bak","src",".bak","35255","34.43"
".wingman-work\backups\20260811-125346\src\wingman2\styles\wingman-reference-theme.css.20260724-111028.bak",".wingman-work",".bak","35255","34.43"
".wingman-work\backups\20260811-125215\src\wingman2\styles\wingman-reference-theme.css.20260724-110046.bak",".wingman-work",".bak","35255","34.43"
".wingman-work\backups\20260811-125215\src\wingman2\styles\wingman-reference-theme.css.20260724-092644.bak",".wingman-work",".bak","35255","34.43"
".wingman-work\backups\20260811-125346\src\wingman2\styles\wingman-reference-theme.css.20260724-093153.bak",".wingman-work",".bak","35255","34.43"
"src\wingman2\styles\wingman-reference-theme.css.20260724-093153.bak","src",".bak","35255","34.43"
"src\wingman2\styles\wingman-reference-theme.css.20260724-110046.bak","src",".bak","35255","34.43"
".wingman-work\backups\20260811-125346\src\wingman2\styles\wingman-reference-theme.css.20260724-092644.bak",".wingman-work",".bak","35255","34.43"
".wingman-work\backups\20260811-125215\src\wingman2\styles\wingman-reference-theme.css.20260724-111028.bak",".wingman-work",".bak","35255","34.43"
".wingman-work\backups\20260811-125346\src\wingman2\styles\wingman-reference-theme.css.20260724-110046.bak",".wingman-work",".bak","35255","34.43"
".wingman-work\backups\20260811-125821\src\wingman2\styles\wingman-reference-theme.css.20260724-105435.bak",".wingman-work",".bak","35251","34.42"
".wingman-work\backups\20260811-125346\src\wingman2\styles\wingman-reference-theme.css.20260724-105435.bak",".wingman-work",".bak","35251","34.42"
".wingman-work\backups\20260811-125215\src\wingman2\styles\wingman-reference-theme.css.20260724-105435.bak",".wingman-work",".bak","35251","34.42"
"src\wingman2\styles\wingman-reference-theme.css.20260724-105435.bak","src",".bak","35251","34.42"
"data\governance\wyrestorm-technical-profiles.json.20260722-090142.bak","data",".bak","35243","34.42"
"archive\repo-cleanup-20260709-050830\root-backups\_wingman_backup_visual_utility_migration_20260630-082229\src\wingman2\pages\ProjectDetailPage.tsx","archive",".tsx","34856","34.04"
"archive\_wingman_backup_compare_native_ui_20260615-211613\ComparePageNew.tsx","archive",".tsx","34748","33.93"
"archive\_wingman_backup_compare_native_cleanup_20260615-133847\src\wingman2\lib\compareEligibilityEngine.ts","archive",".ts","34677","33.86"
"archive\_wingman_backup_compare_polished_results_20260615-202245\ComparePageNew.tsx","archive",".tsx","34655","33.84"
"archive\_wingman_backup_fix_discovery_classname_20260614-195026\DiscoveryPage.tsx.bak","archive",".bak","34549","33.74"
"archive\_wingman_backup_discovery_layout_20260614-194910\DiscoveryPage.tsx.bak","archive",".bak","34549","33.74"
".wingman-work\backups\20260811-125215\src\wingman2\lib\governedProductTechnicalData.ts",".wingman-work",".ts","34538","33.73"
".wingman-work\backups\20260811-125346\src\wingman2\lib\governedProductTechnicalData.ts",".wingman-work",".ts","34538","33.73"
".wingman-work\backups\20260811-125821\src\wingman2\lib\governedProductTechnicalData.ts",".wingman-work",".ts","34538","33.73"
"archive\_wingman_backup_before_css_cleanup_20260614-195236\DiscoveryPage.tsx.current.bak","archive",".bak","34537","33.73"
"archive\_wingman_backup_discovery_hero_cleanup_20260614-200225\DiscoveryPage.tsx.bak","archive",".bak","34537","33.73"
"archive\_wingman_backup_discovery_stronger_layout_20260614-195904\DiscoveryPage.tsx.bak","archive",".bak","34537","33.73"
"archive\_wingman_backup_compare_simple_summary_20260615-195115\ComparePageNew.tsx","archive",".tsx","34520","33.71"
"archive\_wingman_backup_compare_minimal_results_20260615-201159\ComparePageNew.tsx","archive",".tsx","34520","33.71"
"archive\_wingman_backup_product_suppression_fix_20260615-135005\src\wingman2\lib\compareEligibilityEngine.ts","archive",".ts","34518","33.71"
"archive\_wingman_backup_suppressed_discontinued_products_20260615-134506\src\wingman2\lib\compareEligibilityEngine.ts","archive",".ts","34518","33.71"
"archive\_wingman_backup_discovery_layout_20260614-194733\DiscoveryPage.tsx.bak","archive",".bak","34514","33.71"
"archive\_wingman_backup_compare_viable_marker_20260615-201807\ComparePageNew.tsx","archive",".tsx","34478","33.67"
"archive\repo-cleanup-20260709-050830\root-backups\_wingman_backup_apo_dg2_typecheck_repair_20260706-113211\catalogIntelligence.ts","archive",".ts","34448","33.64"
"archive\repo-cleanup-20260709-050830\root-backups\_wingman_backup_apo_dg2_dependency_rule_20260706-112917\src\features\catalog\catalogIntelligence.ts","archive",".ts","34442","33.63"
"archive\_wingman_backup_before_css_restore_20260614-200432\DiscoveryPage.tsx.current.bak","archive",".bak","34408","33.6"
"archive\_wingman_backup_discovery_hero_cleanup_20260614-200310\DiscoveryPage.tsx.bak","archive",".bak","34408","33.6"
"archive\_wingman_backup_discovery_marker_20260614-201125\DiscoveryPage.tsx.bak","archive",".bak","34408","33.6"
"archive\_wingman_backup_compare_autoscroll_direct_fix_20260615-221707\ComparePageNew.tsx","archive",".tsx","34306","33.5"
".wingman-work\backups\20260811-125215\src\wingman2\components\ProposalCompletionWizard.tsx.20260713-203339.bak",".wingman-work",".bak","34287","33.48"
"src\wingman2\components\ProposalCompletionWizard.tsx.20260713-203339.bak","src",".bak","34287","33.48"
".wingman-work\backups\20260811-125346\src\wingman2\components\ProposalCompletionWizard.tsx.20260713-203339.bak",".wingman-work",".bak","34287","33.48"
".wingman-work\backups\20260811-125821\src\wingman2\components\ProposalCompletionWizard.tsx.20260713-203339.bak",".wingman-work",".bak","34287","33.48"
"archive\_src_inline_backups\src\wingman2\components\TechnicalConnectivitySchematic.tsx.backup-20260710-081932","archive",".backup-20260710-081932","34023","33.23"
"archive\_src_inline_backups\TechnicalConnectivitySchematic-current.txt","archive",".txt","34023","33.23"
".wingman-work\backups\20260811-125346\src\wingman2\lib\dependencyGovernance.ts",".wingman-work",".ts","33979","33.18"
".wingman-work\backups\20260811-125821\src\wingman2\lib\dependencyGovernance.ts",".wingman-work",".ts","33979","33.18"
".wingman-work\backups\20260811-125215\src\wingman2\lib\dependencyGovernance.ts",".wingman-work",".ts","33979","33.18"
".wingman-work\backups\20260811-125346\src\wingman2\styles\wingman-reference-theme.css.20260720-110423.bak",".wingman-work",".bak","33956","33.16"
"src\wingman2\styles\wingman-reference-theme.css.20260720-110423.bak","src",".bak","33956","33.16"
".wingman-work\backups\20260811-125821\src\wingman2\styles\wingman-reference-theme.css.20260720-110423.bak",".wingman-work",".bak","33956","33.16"
".wingman-work\backups\20260811-125215\src\wingman2\styles\wingman-reference-theme.css.20260720-110423.bak",".wingman-work",".bak","33956","33.16"
"archive\_wingman_backup_videowall_visual_studio_20260616-063623\VideowallBuilderPage.tsx.bak","archive",".bak","33842","33.05"
"archive\_wingman_backup_fix_videowall_lazy_20260615-225030\VideowallBuilderPage.tsx.bak","archive",".bak","33842","33.05"
"archive\_wingman_backup_compare_exact_competitor_product_marker_20260615-220136\ComparePageNew.tsx","archive",".tsx","33689","32.9"
"archive\_wingman_backup_compare_auto_scroll_20260615-221407\ComparePageNew.tsx","archive",".tsx","33689","32.9"
"archive\_wingman_backup_compare_competitor_product_marker_20260615-213922\ComparePageNew.tsx","archive",".tsx","33666","32.88"
"archive\_wingman_backup_compare_exact_competitor_product_marker_20260615-214052\ComparePageNew.tsx","archive",".tsx","33666","32.88"
"archive\_wingman_backup_compare_submit_fallback_20260615-212624\ComparePageNew.tsx","archive",".tsx","33666","32.88"
"archive\_src_inline_backups\src\wingman2\pages\ProductCallCardsPage.tsx.bak-az-disable-empty-prefixes-20260612-074008","archive",".bak-az-disable-empty-prefixes-20260612-074008","33619","32.83"
"archive\_wingman_backup_compare_submit_fallback_20260615-212507\ComparePageNew.tsx","archive",".tsx","33592","32.8"
"archive\_wingman_backup_remove_unused_videowall_page\VideoWallPage.tsx.bak","archive",".bak","33419","32.64"
".wingman-work\backups\20260811-125346\src\wingman2\styles\wingman-reference-theme.css",".wingman-work",".css","33345","32.56"
".wingman-work\backups\20260811-125215\src\wingman2\styles\wingman-reference-theme.css",".wingman-work",".css","33345","32.56"
".wingman-work\backups\20260811-125821\src\wingman2\styles\wingman-reference-theme.css",".wingman-work",".css","33345","32.56"
"archive\_wingman_backup_compare_pre_commit_cleanup_20260614-084236\src\wingman2\lib\competitorProductIntelligence.ts","archive",".ts","33330","32.55"
"archive\_wingman_backup_pre_compare_cleanup_20260614-083913\src\wingman2\lib\competitorProductIntelligence.ts","archive",".ts","33330","32.55"
"archive\repo-cleanup-20260709-050830\root-backups\_wingman_backup_visual_utility_migration_20260630-082229\src\wingman2\pages\ProposalPage.tsx","archive",".tsx","33206","32.43"
"archive\_src_inline_backups\src\wingman2\components\TemplateDiscoverySeedPanel.tsx.bak-bom-quantity-transfer-20260627-094102","archive",".bak-bom-quantity-transfer-20260627-094102","33118","32.34"
"archive\repo-cleanup-20260709-050830\root-backups\_wingman_backup_page_markup_migration_20260630-074900\src\wingman2\pages\ProjectDetailPage.tsx","archive",".tsx","32917","32.15"
"archive\repo-cleanup-20260709-050830\root-backups\_wingman_backup_visual_utility_migration_20260630-082229\src\wingman2\pages\ProductPitchPage.tsx","archive",".tsx","32708","31.94"
"archive\_wingman_backup_simplified_discovery_20260616-084529\DiscoveryPage.tsx.bak","archive",".bak","32517","31.75"
".wingman-work\backups\20260811-125346\src\wingman2\styles\wingman-reference-theme.css.20260714-134732.bak",".wingman-work",".bak","32333","31.58"
".wingman-work\backups\20260811-125821\src\wingman2\styles\wingman-reference-theme.css.20260714-135046.bak",".wingman-work",".bak","32333","31.58"
".wingman-work\backups\20260811-125821\src\wingman2\styles\wingman-reference-theme.css.20260714-134732.bak",".wingman-work",".bak","32333","31.58"
".wingman-work\backups\20260811-125346\src\wingman2\styles\wingman-reference-theme.css.20260714-135046.bak",".wingman-work",".bak","32333","31.58"
"src\wingman2\styles\wingman-reference-theme.css.20260714-134732.bak","src",".bak","32333","31.58"
".wingman-work\backups\20260811-125215\src\wingman2\styles\wingman-reference-theme.css.20260714-135046.bak",".wingman-work",".bak","32333","31.58"
"src\wingman2\styles\wingman-reference-theme.css.20260714-135046.bak","src",".bak","32333","31.58"
".wingman-work\backups\20260811-125215\src\wingman2\styles\wingman-reference-theme.css.20260714-134732.bak",".wingman-work",".bak","32333","31.58"
"archive\_wingman_backup_pre_compare_cleanup_20260614-083913\src\wingman2\lib\compareEngineScoring.ts","archive",".ts","32316","31.56"
"archive\_wingman_backup_guru_single_instance_20260614-063825\src\features\catalog\catalogIntelligence.ts","archive",".ts","32251","31.5"
"archive\_wingman_backup_guru_single_instance_20260614-063825\src\wingman2\lib\productClassification.ts","archive",".ts","32224","31.47"
".wingman-work\backups\20260811-125346\src\wingman2\lib\competitorCompareDecision.ts",".wingman-work",".ts","32189","31.43"
".wingman-work\backups\20260811-125215\src\wingman2\lib\competitorCompareDecision.ts",".wingman-work",".ts","32189","31.43"
".wingman-work\backups\20260811-125821\src\wingman2\lib\competitorCompareDecision.ts",".wingman-work",".ts","32189","31.43"
"archive\repo-cleanup-20260709-050830\root-backups\_wingman_backup_page_markup_migration_20260630-074900\src\wingman2\pages\ProductPitchPage.tsx","archive",".tsx","31754","31.01"
"archive\_src_inline_backups\src\wingman2\styles\wingman-redesign-theme.css.backup-clean-dashboard-buttons-20260707-054624","archive",".backup-clean-dashboard-buttons-20260707-054624","31699","30.96"
"archive\repo-cleanup-20260709-050830\root-backups\_wingman_backup_page_markup_migration_20260630-074900\src\wingman2\pages\ProposalPage.tsx","archive",".tsx","31475","30.74"
"archive\_wingman_backup_guru_single_instance_20260614-063825\src\wingman2\lib\dependencyGovernance.ts","archive",".ts","31448","30.71"
"archive\_wingman_backup_pre_compare_cleanup_20260614-083913\src\wingman2\lib\compareEligibilityEngine.ts","archive",".ts","31410","30.67"
"archive\_src_inline_backups\src\wingman2\pages\ProductCallCardsPage.tsx.bak-az-quick-finder-20260612-073753","archive",".bak-az-quick-finder-20260612-073753","31407","30.67"
".wingman-work\backups\20260811-125346\src\wingman2\lib\productSalesHelperCopy.ts",".wingman-work",".ts","31350","30.62"
".wingman-work\backups\20260811-125215\src\wingman2\lib\productSalesHelperCopy.ts",".wingman-work",".ts","31350","30.62"
".wingman-work\backups\20260811-125821\src\wingman2\lib\productSalesHelperCopy.ts",".wingman-work",".ts","31350","30.62"
".wingman-work\backups\20260811-125346\src\wingman2\styles\wingman-reference-theme.css.20260714-133506.bak",".wingman-work",".bak","31259","30.53"
".wingman-work\backups\20260811-125215\src\wingman2\styles\wingman-reference-theme.css.20260714-133506.bak",".wingman-work",".bak","31259","30.53"
"src\wingman2\styles\wingman-reference-theme.css.20260714-133506.bak","src",".bak","31259","30.53"
".wingman-work\backups\20260811-125821\src\wingman2\styles\wingman-reference-theme.css.20260714-133506.bak",".wingman-work",".bak","31259","30.53"
".wingman-work\backups\20260811-125821\src\wingman2\lib\avDecisionEvidence.ts",".wingman-work",".ts","31016","30.29"
".wingman-work\backups\20260811-125215\src\wingman2\lib\avDecisionEvidence.ts",".wingman-work",".ts","31016","30.29"
".wingman-work\backups\20260811-125346\src\wingman2\lib\avDecisionEvidence.ts",".wingman-work",".ts","31016","30.29"
"archive\_src_inline_backups\src\wingman2\pages\ProductCallCardsPage.tsx.bak-separate-product-discussion-room-builder-20260612-073412","archive",".bak-separate-product-discussion-room-builder-20260612-073412","30883","30.16"
".wingman-work\backups\20260811-125821\src\wingman2\styles\wingman-reference-theme.css.20260714-121100.bak",".wingman-work",".bak","30779","30.06"
"src\wingman2\styles\wingman-reference-theme.css.20260714-121100.bak","src",".bak","30779","30.06"
".wingman-work\backups\20260811-125215\src\wingman2\styles\wingman-reference-theme.css.20260714-121100.bak",".wingman-work",".bak","30779","30.06"
".wingman-work\backups\20260811-125346\src\wingman2\styles\wingman-reference-theme.css.20260714-121100.bak",".wingman-work",".bak","30779","30.06"
"archive\_src_inline_backups\src\wingman2\components\TechnicalConnectivitySchematic.tsx.backup-20260710-080806","archive",".backup-20260710-080806","30722","30"
"archive\repo-cleanup-20260709-050830\root-backups\_wingman_backup_lightware_mmx6x2_force_20260706-110207\lightware.csv","archive",".csv","30507","29.79"
"archive\repo-cleanup-20260709-050830\root-backups\_wingman_backup_visual_contract_20260630-132122\src\wingman2\styles\wingman-redesign-theme.css","archive",".css","30414","29.7"
"archive\_src_inline_backups\src\wingman2\pages\ProductCallCardsPage.tsx.bak-remove-button-description-20260612-071849","archive",".bak-remove-button-description-20260612-071849","30283","29.57"
"archive\repo-cleanup-20260709-050830\root-backups\_wingman_backup_lightware_mmx6x2_csv_and_test_20260706-112118\lightware.csv","archive",".csv","30231","29.52"
"archive\repo-cleanup-20260709-050830\root-backups\_wingman_backup_lightware_csv_header_safe_20260706-112241\lightware.csv","archive",".csv","30231","29.52"
"archive\_src_inline_backups\src\wingman2\pages\ProductCallCardsPage.tsx.bak-fix-live-call-link-20260612-072132","archive",".bak-fix-live-call-link-20260612-072132","30105","29.4"
"archive\_wingman_backup_compare_summary_copy_update_20260615-193518\ComparePageNew.tsx","archive",".tsx","30049","29.34"
"archive\_wingman_backup_compare_visual_repair_20260615-184740\ComparePageNew.tsx","archive",".tsx","29820","29.12"
"archive\_wingman_backup_compare_sku_auto_advance_20260615-185550\ComparePageNew.tsx","archive",".tsx","29820","29.12"
"archive\_wingman_backup_compare_visual_regex_fix_20260615-184847\ComparePageNew.tsx","archive",".tsx","29820","29.12"
"archive\_wingman_backup_discovery_capture_20260614-201732\DiscoveryPage.tsx","archive",".tsx","29756","29.06"
"archive\_wingman_backup_guru_single_instance_20260614-063825\src\wingman2\pages\DiscoveryPage.tsx","archive",".tsx","29720","29.02"
"data\governance\wyrestorm-technical-profiles.json.20260722-083552.bak","data",".bak","29649","28.95"
"data\governance\wyrestorm-technical-profiles.json.20260722-083258.bak","data",".bak","29649","28.95"
".wingman-work\backups\20260811-125215\src\wingman2\lib\competitorMatchEngine.ts",".wingman-work",".ts","29558","28.87"
".wingman-work\backups\20260811-125346\src\wingman2\lib\competitorMatchEngine.ts",".wingman-work",".ts","29558","28.87"
".wingman-work\backups\20260811-125821\src\wingman2\lib\competitorMatchEngine.ts",".wingman-work",".ts","29558","28.87"
"archive\_wingman_backup_known_compare_markers_20260615-183739\ComparePageNew.tsx","archive",".tsx","29489","28.8"
"archive\repo-cleanup-20260709-050830\root-backups\_wingman_backup_home_navhub_header_20260630-133036\src\wingman2\styles\wingman-redesign-theme.css","archive",".css","29246","28.56"
"archive\_wingman_backup_compare_ascii_cleanup_20260614-104525\ComparePageNew.tsx","archive",".tsx","29116","28.43"
"archive\_wingman_backup_compare_engine_markers_20260615-183052\src\wingman2\pages\ComparePageNew.tsx","archive",".tsx","29115","28.43"
"archive\_wingman_backup_compare_marker_20260615-183651\ComparePageNew.tsx","archive",".tsx","29115","28.43"
"archive\_wingman_backup_compare_typeahead_full_replace_20260614-114456\ComparePageNew.tsx","archive",".tsx","29070","28.39"
"archive\_wingman_backup_compare_video_spec_20260614-105333\ComparePageNew.tsx","archive",".tsx","29070","28.39"
"archive\_wingman_backup_compare_typeahead_guard_20260614-113741\ComparePageNew.tsx","archive",".tsx","29070","28.39"
"archive\_wingman_backup_compare_brand_sku_dropdown_20260614-113339\ComparePageNew.tsx","archive",".tsx","29070","28.39"
"archive\_wingman_backup_compare_typeahead_guard_v2_20260614-114108\ComparePageNew.tsx","archive",".tsx","29070","28.39"
"archive\repo-cleanup-20260709-050830\root-backups\_wingman_backup_lightware_mmx6x2_20260706-105906\lightware.csv","archive",".csv","28874","28.2"
"backups\wyrestorm-port-count-repair-20260714-051033\src_wingman2_lib_governedProductTechnicalData.ts.bak","backups",".bak","28863","28.19"
"archive\_wingman_backup_compare_engine_markers_20260615-182821\src\wingman2\pages\ComparePageNew.tsx","archive",".tsx","28855","28.18"
"archive\_wingman_backup_force_photo_context_cards_20260616-091625\DiscoveryPage.tsx.bak","archive",".bak","28779","28.1"
"archive\_wingman_backup_discovery_visual_cards_20260616-091351\DiscoveryPage.tsx.bak","archive",".bak","28779","28.1"
"archive\_wingman_backup_guru_single_instance_20260614-063825\src\wingman2\pages\VisualDesignStudioPage.tsx","archive",".tsx","28768","28.09"
"archive\_wingman_backup_discovery_visual_cards_20260616-091054\DiscoveryPage.tsx.bak","archive",".bak","28731","28.06"
"archive\_wingman_backup_compare_marker_restore_20260615-182611\src\wingman2\pages\ComparePageNew.tsx","archive",".tsx","28659","27.99"
"archive\_wingman_backup_compare_pre_commit_cleanup_20260614-084236\src\wingman2\lib\compareFeatureMatrix.ts","archive",".ts","28599","27.93"
"archive\_wingman_backup_pre_compare_cleanup_20260614-083913\src\wingman2\lib\compareFeatureMatrix.ts","archive",".ts","28599","27.93"
"archive\backups\product-call-cards-phase1d-language-level-2026-06-07-20-45-47\src\wingman2\pages\productCallCards\store.ts","archive",".ts","28267","27.6"
"archive\_wingman_backup_shortlist_stabilise_20260614-075216\src\wingman2\lib\compareEngineScoring.ts","archive",".ts","28265","27.6"
"archive\backups\product-call-cards-phase1b-2026-06-07-20-15-24\src\wingman2\pages\productCallCards\store.ts","archive",".ts","28107","27.45"
"archive\_wingman_backup_guru_single_instance_20260614-063825\src\wingman2\lib\competitorProductIntelligence.ts","archive",".ts","28053","27.4"
"archive\_wingman_backup_guru_single_instance_20260614-063825\src\wingman2\lib\compareEligibilityEngine.ts","archive",".ts","27833","27.18"
"archive\_src_inline_backups\src\wingman2\pages\ComparePageNew.tsx.backup-candidate-gate-runtime-shim-20260615-115238","archive",".backup-candidate-gate-runtime-shim-20260615-115238","27724","27.07"
"backups\wyrestorm-port-count-recovery-20260714-051514\data_governance_wyrestorm-technical-profiles.json.bak","backups",".bak","27717","27.07"
"archive\_wingman_backup_compare_v5_ranking_fix_20260614-103952\ComparePageNew.tsx","archive",".tsx","27448","26.8"
"archive\_wingman_backup_call_notes_markers_20260614-205506\DiscoveryPage.tsx","archive",".tsx","27390","26.75"
"archive\_wingman_backup_before_compare_restore_20260614-052137\src_wingman2_pages_ComparePageNew.tsx","archive",".tsx","27169","26.53"
"archive\_wingman_backup_live_call_marker_20260614-205338\DiscoveryPage.tsx","archive",".tsx","27141","26.5"
"archive\_wingman_backup_discovery_workflow_markers_20260614-205138\DiscoveryPage.tsx","archive",".tsx","27103","26.47"
"archive\_wingman_backup_guru_single_instance_20260614-063825\src\wingman2\lib\competitorMatchEngine.ts","archive",".ts","27033","26.4"
".wingman-work\backups\20260811-125821\src\wingman2\styles\wingman-workflow-theme.css.20260713-172759.bak",".wingman-work",".bak","26879","26.25"
".wingman-work\backups\20260811-125215\src\wingman2\styles\wingman-workflow-theme.css.20260713-172759.bak",".wingman-work",".bak","26879","26.25"
"src\wingman2\styles\wingman-workflow-theme.css.20260713-172759.bak","src",".bak","26879","26.25"
".wingman-work\backups\20260811-125346\src\wingman2\styles\wingman-workflow-theme.css.20260713-172759.bak",".wingman-work",".bak","26879","26.25"
"archive\_wingman_backup_abandoned_hardcoded_topology_planner_20260710-104121\src\wingman2\components\TopologyAwareTechnicalSchematic.tsx","archive",".tsx","26866","26.24"
"archive\_wingman_backup_compare_runtime_fix_20260614-073525\compareEngineScoring.ts","archive",".ts","26860","26.23"
"archive\_src_inline_backups\src\wingman2\pages\ProductCallCardsPage.tsx.bak-dynamic-products-20260612-065833","archive",".bak-dynamic-products-20260612-065833","26780","26.15"
"archive\_src_inline_backups\src\wingman2\pages\ProductCallCardsPage.tsx.bak-compact-20260612-065002","archive",".bak-compact-20260612-065002","26711","26.08"
".wingman-work\backups\20260811-125821\src\wingman2\pages\RecommendationsPage.tsx",".wingman-work",".tsx","26660","26.04"
".wingman-work\backups\20260811-125215\src\wingman2\pages\RecommendationsPage.tsx",".wingman-work",".tsx","26660","26.04"
".wingman-work\backups\20260811-125346\src\wingman2\pages\RecommendationsPage.tsx",".wingman-work",".tsx","26660","26.04"
"archive\_src_inline_backups\src\wingman2\pages\ComparePageNew.tsx.backup-candidate-gate-hard-fix-20260615-114949","archive",".backup-candidate-gate-hard-fix-20260615-114949","26626","26"
"archive\_src_inline_backups\src\wingman2\pages\ComparePageNew.tsx.backup-candidate-gate-markers-20260615-114729","archive",".backup-candidate-gate-markers-20260615-114729","26626","26"
"archive\repo-cleanup-20260709-050830\root-backups\_wingman_backup_dashboard_compact_shell_20260630-094748\src\wingman2\styles\wingman-redesign-theme.css","archive",".css","26278","25.66"
"archive\_wingman_backup_compare_cleanup_20260615-181403\src\wingman2\pages\ComparePageNew.tsx","archive",".tsx","26272","25.66"
".wingman-work\backups\20260811-125215\src\wingman2\lib\documentIngest\multiSkuCompetitorIngest.ts",".wingman-work",".ts","26262","25.65"
".wingman-work\backups\20260811-125346\src\wingman2\lib\documentIngest\multiSkuCompetitorIngest.ts",".wingman-work",".ts","26262","25.65"
".wingman-work\backups\20260811-125821\src\wingman2\lib\documentIngest\multiSkuCompetitorIngest.ts",".wingman-work",".ts","26262","25.65"
"archive\_src_inline_backups\src\wingman2\pages\ComparePage.tsx.backup-20260611-112046","archive",".backup-20260611-112046","26240","25.62"
"archive\_wingman_backup_compare_hard_reset_20260614-103527\src\wingman2\pages\ComparePageNew.tsx","archive",".tsx","26001","25.39"
"archive\_wingman_commit_attempt_20260614-204951.log","archive",".log","25878","25.27"
"archive\_wingman_backup_guru_single_instance_20260614-063825\src\wingman2\lib\compareFeatureMatrix.ts","archive",".ts","25838","25.23"
"archive\_wingman_backup_fix_shortlist_type_fields_20260613-203003\src\wingman2\lib\compareFeatureMatrix.ts","archive",".ts","25787","25.18"
"archive\_wingman_backup_fix_malformed_wyrestorm_value_20260613-202907\src\wingman2\lib\compareFeatureMatrix.ts","archive",".ts","25785","25.18"
"backups\wyrestorm-port-count-recovery-20260714-051514\src_wingman2_lib_competitorCompareDecision.ts.bak","backups",".bak","25755","25.15"
"backups\wyrestorm-port-count-repair-20260714-051033\src_wingman2_lib_competitorCompareDecision.ts.bak","backups",".bak","25727","25.12"
"archive\_wingman_backup_fix_compare_shortlist_row_shape_20260613-202728\src\wingman2\lib\compareFeatureMatrix.ts","archive",".ts","25683","25.08"
"archive\_src_inline_backups\src\wingman2\components\TechnicalConnectivitySchematic.tsx.backup-20260710-074540","archive",".backup-20260710-074540","25578","24.98"
"backups\proposal-wizard-20260713-175009\src_wingman2_styles_wingman-workflow-theme.css.bak","backups",".bak","25422","24.83"
".wingman-work\backups\20260811-125346\src\wingman2\styles\wingman-workflow-theme.css.20260713-173326.bak",".wingman-work",".bak","25422","24.83"
".wingman-work\backups\20260811-125215\src\wingman2\styles\wingman-workflow-theme.css.20260713-173326.bak",".wingman-work",".bak","25422","24.83"
"src\wingman2\styles\wingman-workflow-theme.css.20260713-173326.bak","src",".bak","25422","24.83"
".wingman-work\backups\20260811-125821\src\wingman2\styles\wingman-workflow-theme.css.20260713-173326.bak",".wingman-work",".bak","25422","24.83"
"archive\_wingman_backup_known_compare_profile_override_20260614-142640\ComparePageNew.tsx","archive",".tsx","25234","24.64"
"archive\_src_inline_backups\src\wingman2\pages\TemplatesPage.tsx.bak-compact-template-cards-20260627-180256","archive",".bak-compact-template-cards-20260627-180256","25192","24.6"
"archive\_wingman_backup_wire_local_competitor_lookup_20260613-215715\src\wingman2\pages\ComparePageNew.tsx","archive",".tsx","25190","24.6"
"archive\_wingman_backup_wire_existing_live_lookup_20260613-215549\src\wingman2\pages\ComparePageNew.tsx","archive",".tsx","25179","24.59"
"archive\_wingman_backup_known_compare_profiles_20260614-132943\ComparePageNew.tsx","archive",".tsx","25150","24.56"
"archive\_src_inline_backups\src\wingman2\pages\TemplatesPage.tsx.bak-template-seed-repair-20260627-075833","archive",".bak-template-seed-repair-20260627-075833","25134","24.54"
"archive\_src_inline_backups\src\wingman2\pages\TemplatesPage.tsx.bak-template-discovery-seed-20260627-075622","archive",".bak-template-discovery-seed-20260627-075622","25134","24.54"
"archive\_src_inline_backups\src\wingman2\pages\TemplatesPage.tsx.bak-before-real-compact-20260627-181521","archive",".bak-before-real-compact-20260627-181521","25122","24.53"
"archive\_src_inline_backups\src\wingman2\pages\TemplatesPage.tsx.bak-real-compact-template-jsx-20260627-182649","archive",".bak-real-compact-template-jsx-20260627-182649","25122","24.53"
"archive\_src_inline_backups\src\wingman2\components\TemplateDiscoverySeedPanel.tsx.bak-client-safe-complete-template-builder-20260627-091822","archive",".bak-client-safe-complete-template-builder-20260627-091822","25072","24.48"
"archive\repo-cleanup-20260709-050830\root-artifacts\_review\text-hygiene-manual-review.md","archive",".md","25035","24.45"
".wingman-work\backups\20260811-125821\src\wingman2\pages\TemplateReviewPage.tsx",".wingman-work",".tsx","24988","24.4"
".wingman-work\backups\20260811-125346\src\wingman2\pages\TemplateReviewPage.tsx",".wingman-work",".tsx","24988","24.4"
".wingman-work\backups\20260811-125215\src\wingman2\pages\TemplateReviewPage.tsx",".wingman-work",".tsx","24988","24.4"
"archive\_wingman_backup_compare_engine_eligibility_20260614-132236\ComparePageNew.tsx","archive",".tsx","24911","24.33"
"archive\_wingman_backup_compare_candidate_gate_marker_20260615-140407\ComparePageNew.tsx","archive",".tsx","24885","24.3"
"archive\_wingman_backup_compare_workflow_markers_20260614-124559\ComparePageNew.tsx","archive",".tsx","24777","24.2"
"archive\_src_inline_backups\src\wingman2\pages\ComparePageNew.tsx.backup-compare-typeahead-seeds-20260615-113950","archive",".backup-compare-typeahead-seeds-20260615-113950","24655","24.08"
"archive\_wingman_backup_compare_usecallback_handlers_20260614-123454\ComparePageNew.tsx","archive",".tsx","24586","24.01"
"archive\_wingman_backup_compare_decision_workflow_20260614-124400\ComparePageNew.tsx","archive",".tsx","24366","23.79"
".wingman-work\backups\20260811-125821\src\wingman2\styles\wingman-workflow-theme.css.20260713-161339.bak",".wingman-work",".bak","24345","23.77"
".wingman-work\backups\20260811-125346\src\wingman2\styles\wingman-workflow-theme.css.20260713-172017.bak",".wingman-work",".bak","24345","23.77"
".wingman-work\backups\20260811-125215\src\wingman2\styles\wingman-workflow-theme.css.20260713-161339.bak",".wingman-work",".bak","24345","23.77"
"src\wingman2\styles\wingman-workflow-theme.css.20260713-172017.bak","src",".bak","24345","23.77"
".wingman-work\backups\20260811-125215\src\wingman2\styles\wingman-workflow-theme.css.20260713-172017.bak",".wingman-work",".bak","24345","23.77"
".wingman-work\backups\20260811-125821\src\wingman2\styles\wingman-workflow-theme.css.20260713-172017.bak",".wingman-work",".bak","24345","23.77"
".wingman-work\backups\20260811-125346\src\wingman2\styles\wingman-workflow-theme.css.20260713-161339.bak",".wingman-work",".bak","24345","23.77"
"src\wingman2\styles\wingman-workflow-theme.css.20260713-161339.bak","src",".bak","24345","23.77"
".wingman-work\backups\20260811-125346\src\wingman2\lib\wyrestormCompareProfile.ts",".wingman-work",".ts","24336","23.77"
".wingman-work\backups\20260811-125821\src\wingman2\lib\wyrestormCompareProfile.ts",".wingman-work",".ts","24336","23.77"
".wingman-work\backups\20260811-125215\src\wingman2\lib\wyrestormCompareProfile.ts",".wingman-work",".ts","24336","23.77"
"archive\_wingman_backup_guru_single_instance_20260614-063825\src\wingman2\lib\avDecisionEvidence.ts","archive",".ts","24322","23.75"
"archive\_wingman_backup_wire_shortlist_runtime_20260614-075018\src\wingman2\lib\compareEngineRuntimeAdapter.ts","archive",".ts","24316","23.75"
"archive\_src_inline_backups\src\wingman2\pages\TemplatesPage.tsx.bak-template-picker-cleanup-20260627-200806","archive",".bak-template-picker-cleanup-20260627-200806","24287","23.72"
"archive\_src_inline_backups\src\wingman2\pages\TemplatesPage.tsx.bak-remove-template-alpha-filter-20260627-183815","archive",".bak-remove-template-alpha-filter-20260627-183815","24287","23.72"
"archive\_src_inline_backups\src\wingman2\pages\TemplatesPage.tsx.bak-fix-template-staged-state-20260627-095145","archive",".bak-fix-template-staged-state-20260627-095145","24254","23.69"
"archive\repo-cleanup-20260709-050830\root-backups\_wingman_backup_home_body_reset_20260630-133647\src\wingman2\styles\wingman-redesign-theme.css","archive",".css","24164","23.6"
"archive\_src_inline_backups\src\wingman2\pages\TemplatesPage.tsx.bak-template-stage-highlight-20260627-095008","archive",".bak-template-stage-highlight-20260627-095008","24149","23.58"
"archive\_src_inline_backups\src\wingman2\pages\TemplatesPage.tsx.bak-remove-discovery-flow-and-unanswered-20260627-090110","archive",".bak-remove-discovery-flow-and-unanswered-20260627-090110","24149","23.58"
"archive\_src_inline_backups\src\wingman2\pages\TemplatesPage.tsx.bak-full-template-page-recovery-20260627-084250","archive",".bak-full-template-page-recovery-20260627-084250","24145","23.58"
"archive\_src_inline_backups\src\wingman2\pages\TemplatesPage.tsx.bak-template-solution-builder-20260627-085516","archive",".bak-template-solution-builder-20260627-085516","24145","23.58"
"archive\_wingman_backup_unreferenced_src_modules_20260710-104753\src\wingman2\domain\productMatching\featureFilters.ts","archive",".ts","24061","23.5"
"archive\_wingman_backup_unreferenced_src_modules_20260710-104753\src\wingman2\productMatching\featureFilters.ts","archive",".ts","24061","23.5"
"archive\repo-cleanup-20260709-050830\root-backups\_wingman_backup_apo_dg2_dependency_rule_20260706-112917\src\wingman2\domain\productMatching\featureFilters.ts","archive",".ts","24060","23.5"
"archive\repo-cleanup-20260709-050830\root-backups\_wingman_backup_apo_dg2_dependency_rule_20260706-112917\src\wingman2\productMatching\featureFilters.ts","archive",".ts","24060","23.5"
".wingman-work\backups\20260811-125215\src\wingman2\lib\proposalExport.ts",".wingman-work",".ts","23914","23.35"
".wingman-work\backups\20260811-125821\src\wingman2\lib\proposalExport.ts",".wingman-work",".ts","23914","23.35"
".wingman-work\backups\20260811-125346\src\wingman2\lib\proposalExport.ts",".wingman-work",".ts","23914","23.35"
"archive\repo-cleanup-20260709-050830\root-backups\_wingman_backup_dashboard_drift_repair_20260630-083220\src\wingman2\styles\wingman-redesign-theme.css","archive",".css","23644","23.09"
"archive\_wingman_backup_discovery_strategy_fix_20260614-204612\DiscoveryPage.tsx","archive",".tsx","23578","23.03"
"archive\_wingman_backup_discovery_readiness_marker_20260614-204208\DiscoveryPage.tsx","archive",".tsx","23578","23.03"
"archive\_wingman_backup_discovery_guidance_commit_20260614-204418\DiscoveryPage.tsx","archive",".tsx","23578","23.03"
".wingman-work\backups\20260811-125346\src\wingman2\lib\wingmanCoach.ts",".wingman-work",".ts","23570","23.02"
".wingman-work\backups\20260811-125821\src\wingman2\lib\wingmanCoach.ts",".wingman-work",".ts","23570","23.02"
".wingman-work\backups\20260811-125215\src\wingman2\lib\wingmanCoach.ts",".wingman-work",".ts","23570","23.02"
"archive\repo-cleanup-20260709-050830\root-backups\_wingman_backup_css_shell_fix_20260708-060626\wingman-style-stack.before-shell-fix.css","archive",".css","23566","23.01"
"archive\repo-cleanup-20260709-050830\root-backups\_wingman_backup_css_sidebar_fix_20260708-060426\wingman-style-stack.before-sidebar-fix.css","archive",".css","23566","23.01"
"archive\_wingman_backup_compare_usecallback_handlers_20260614-123354\ComparePageNew.tsx","archive",".tsx","23373","22.83"
"archive\_wingman_backup_compare_candidate_gate_handlers_20260614-122857\ComparePageNew.tsx","archive",".tsx","23373","22.83"
"archive\_wingman_backup_compare_handler_isolation_20260614-122454\ComparePageNew.tsx","archive",".tsx","23361","22.81"
"archive\_src_inline_backups\src\wingman2\pages\TemplatesPage.tsx.bak-full-template-page-recovery-20260627-084020","archive",".bak-full-template-page-recovery-20260627-084020","23192","22.65"
"archive\_src_inline_backups\src\wingman2\pages\TemplatesPage.tsx.bak-blank-template-route-repair-20260627-081602","archive",".bak-blank-template-route-repair-20260627-081602","23192","22.65"
".wingman-work\backups\20260811-125346\src\wingman2\lib\networkHdAvoipEquivalence.ts",".wingman-work",".ts","23080","22.54"
".wingman-work\backups\20260811-125215\src\wingman2\lib\networkHdAvoipEquivalence.ts",".wingman-work",".ts","23080","22.54"
".wingman-work\backups\20260811-125821\src\wingman2\lib\networkHdAvoipEquivalence.ts",".wingman-work",".ts","23080","22.54"
"archive\_wingman_backup_guru_single_instance_20260614-063825\src\wingman2\domain\productMatching\featureFilters.ts","archive",".ts","23066","22.53"
"archive\_wingman_backup_guru_single_instance_20260614-063825\src\wingman2\productMatching\featureFilters.ts","archive",".ts","23066","22.53"
"archive\backups\product-pitch-two-stage-spec-2026-06-08_10-34-52\src\wingman2\pages\ProductPitchPage.tsx","archive",".tsx","23000","22.46"
"archive\_wingman_backup_guru_single_instance_20260614-063825\src\wingman2\pages\ComparePage.tsx","archive",".tsx","22961","22.42"
"archive\_wingman_backup_guru_single_instance_20260614-063825\src\wingman2\pages\ProposalPage.tsx","archive",".tsx","22793","22.26"
"archive\_src_inline_backups\src\wingman2\pages\TemplatesPage.tsx.bak-close-template-function-20260627-080212","archive",".bak-close-template-function-20260627-080212","22724","22.19"
"archive\_src_inline_backups\src\wingman2\pages\TemplatesPage.tsx.bak-force-close-template-function-20260627-080435","archive",".bak-force-close-template-function-20260627-080435","22724","22.19"
"archive\_src_inline_backups\src\wingman2\pages\TemplatesPage.tsx.bak-template-seed-final-repair-20260627-080035","archive",".bak-template-seed-final-repair-20260627-080035","22724","22.19"
"archive\repo-cleanup-20260709-050830\root-backups\_wingman_backup_no_equivalent_submit_20260704-205931\data-sources\competitors\blustream.csv","archive",".csv","22720","22.19"
"archive\backups\response-pack-product-schematic-context-2026-06-08_11-23-41\src\wingman2\pages\ProposalPage.tsx","archive",".tsx","22680","22.15"
"archive\repo-cleanup-20260709-050830\root-backups\_wingman_backup_no_equivalent_submit_20260704-205847\data-sources\competitors\blustream.csv","archive",".csv","22522","21.99"
"archive\repo-cleanup-20260709-050830\root-backups\_wingman_backup_home_navhub_reset_20260630-134236\src\wingman2\styles\wingman-redesign-theme.css","archive",".css","22501","21.97"
"archive\repo-cleanup-20260709-050830\root-backups\_wingman_backup_visual_utility_migration_20260630-082229\src\wingman2\pages\TemplatesPage.tsx","archive",".tsx","22469","21.94"
"backups\avoip-data-20260713-193257\src\wingman2\lib\competitorCompareDecision.ts","backups",".ts","22418","21.89"
"archive\backups\product-pitch-interpreted-workspace-2026-06-08_11-03-31\src\wingman2\pages\ProductPitchPage.tsx","archive",".tsx","22371","21.85"
"archive\repo-cleanup-20260709-050830\root-backups\_wingman_backup_page_markup_migration_20260630-074900\src\wingman2\pages\TemplatesPage.tsx","archive",".tsx","22289","21.77"
".wingman-work\backups\20260811-125821\src\wingman2\lib\knownCompareProfiles.ts",".wingman-work",".ts","22193","21.67"
".wingman-work\backups\20260811-125346\src\wingman2\lib\knownCompareProfiles.ts",".wingman-work",".ts","22193","21.67"
".wingman-work\backups\20260811-125215\src\wingman2\lib\knownCompareProfiles.ts",".wingman-work",".ts","22193","21.67"
".wingman-work\backups\20260811-125346\src\wingman2\styles\wingman-workflow-theme.css.20260713-161141.bak",".wingman-work",".bak","22185","21.67"
".wingman-work\backups\20260811-125821\src\wingman2\styles\wingman-workflow-theme.css.20260713-161141.bak",".wingman-work",".bak","22185","21.67"
"src\wingman2\styles\wingman-workflow-theme.css.20260713-161141.bak","src",".bak","22185","21.67"
".wingman-work\backups\20260811-125215\src\wingman2\styles\wingman-workflow-theme.css.20260713-161141.bak",".wingman-work",".bak","22185","21.67"
"archive\repo-cleanup-20260709-050830\root-backups\_wingman_backup_css_sidebar_fix_20260708-060333\wingman-style-stack.before-sidebar-fix.css","archive",".css","22116","21.6"
"archive\_src_inline_backups\src\wingman2\components\TemplateDiscoverySeedPanel.tsx.bak-hide-legacy-discovery-20260627-090437","archive",".bak-hide-legacy-discovery-20260627-090437","22056","21.54"
"archive\_src_inline_backups\src\wingman2\components\TemplateDiscoverySeedPanel.tsx.bak-remove-discovery-flow-and-unanswered-20260627-090110","archive",".bak-remove-discovery-flow-and-unanswered-20260627-090110","22043","21.53"
"backups\wyrestorm-port-count-recovery-20260714-051514\src_wingman2_lib_knownWyrestormCompareProfiles.ts.bak","backups",".bak","21985","21.47"
"src\wingman2\styles\wingman-navigation-hub-cascade-lock.css.20260718-194100.bak","src",".bak","21945","21.43"
".wingman-work\backups\20260811-125215\src\wingman2\styles\wingman-navigation-hub-cascade-lock.css.20260718-194100.bak",".wingman-work",".bak","21945","21.43"
".wingman-work\backups\20260811-125346\src\wingman2\styles\wingman-navigation-hub-cascade-lock.css.20260718-194100.bak",".wingman-work",".bak","21945","21.43"
".wingman-work\backups\20260811-125821\src\wingman2\styles\wingman-navigation-hub-cascade-lock.css.20260718-194100.bak",".wingman-work",".bak","21945","21.43"
".wingman-work\backups\20260811-125215\src\wingman2\lib\knownWyrestormCompareProfiles.ts",".wingman-work",".ts","21911","21.4"
".wingman-work\backups\20260811-125346\src\wingman2\lib\knownWyrestormCompareProfiles.ts",".wingman-work",".ts","21911","21.4"
".wingman-work\backups\20260811-125821\src\wingman2\lib\knownWyrestormCompareProfiles.ts",".wingman-work",".ts","21911","21.4"
"archive\_wingman_backup_guru_single_instance_20260614-063825\src\wingman2\lib\wingmanCoach.ts","archive",".ts","21742","21.23"
"archive\repo-cleanup-20260709-050830\root-backups\_wingman_backup_dashboard_component_rewrite_20260630-090504\src\wingman2\styles\wingman-redesign-theme.css","archive",".css","21682","21.17"
"archive\_wingman_backup_unreferenced_src_modules_20260710-104753\src\wingman2\components\compare\CompareCandidateShortlist.tsx","archive",".tsx","21606","21.1"
"backups\wyrestorm-port-count-recovery-20260714-051514\tools_apply-avoip-data-governance.mjs.bak","backups",".bak","21465","20.96"
"archive\_src_inline_backups\src\wingman2\components\compare\CompareCandidateShortlist.tsx.backup-no-equivalent-jsx-20260704-213026","archive",".backup-no-equivalent-jsx-20260704-213026","21460","20.96"
"src\wingman2\pages\DataManagerPage.tsx.20260811-160841.bak","src",".bak","21431","20.93"
"src\wingman2\pages\DataManagerPage.tsx.20260811-164409.bak","src",".bak","21428","20.93"
"src\wingman2\pages\DataManagerPage.tsx.20260811-164042.bak","src",".bak","21428","20.93"
"src\wingman2\pages\DataManagerPage.tsx.20260811-163450.bak","src",".bak","21428","20.93"
"archive\_backup_compare_eligibility_deterministic_20260613-182300\compareEligibilityEngine.ts","archive",".ts","21401","20.9"
"archive\_backup_compare_eligibility_blockers_alias_20260613-184342\compareEligibilityEngine.ts","archive",".ts","21260","20.76"
"archive\_wingman_backup_guru_single_instance_20260614-063825\src\wingman2\pages\SalesHelperPage.tsx","archive",".tsx","21216","20.72"
"archive\_wingman_backup_sales_helper_layout_20260614-093841\SalesHelperPage.tsx","archive",".tsx","21216","20.72"
"archive\_src_inline_backups\src\wingman2\components\TechnicalConnectivitySchematic.tsx.backup-20260710-073755","archive",".backup-20260710-073755","21215","20.72"
"archive\_wingman_backup_guru_single_instance_20260614-063825\src\wingman2\components\compare\CompactCompareMatrix.tsx","archive",".tsx","21132","20.64"
".wingman-work\backups\20260811-125346\src\wingman2\lib\proposalDocxExport.ts",".wingman-work",".ts","21046","20.55"
".wingman-work\backups\20260811-125821\src\wingman2\lib\proposalDocxExport.ts",".wingman-work",".ts","21046","20.55"
".wingman-work\backups\20260811-125215\src\wingman2\lib\proposalDocxExport.ts",".wingman-work",".ts","21046","20.55"
"archive\_wingman_backup_guru_single_instance_20260614-063825\src\wingman2\lib\recommendationEvidence.ts","archive",".ts","21024","20.53"
"archive\_wingman_backup_guru_single_instance_20260614-063825\src\wingman2\lib\productStoryEngine.ts","archive",".ts","21016","20.52"
"archive\_wingman_backup_guru_single_instance_20260614-063825\src\wingman2\lib\knownCompareProfiles.ts","archive",".ts","20942","20.45"
"archive\_backup_compare_eligibility_false_block_fix_20260613-182600\compareEligibilityEngine.ts","archive",".ts","20789","20.3"
".wingman-work\backups\20260811-125215\src\wingman2\lib\productPitchGuidance.ts",".wingman-work",".ts","20731","20.25"
".wingman-work\backups\20260811-125346\src\wingman2\lib\productPitchGuidance.ts",".wingman-work",".ts","20731","20.25"
".wingman-work\backups\20260811-125821\src\wingman2\lib\productPitchGuidance.ts",".wingman-work",".ts","20731","20.25"
".wingman-work\backups\20260811-125346\src\wingman2\pages\CatalogBrowserPage.tsx",".wingman-work",".tsx","20676","20.19"
".wingman-work\backups\20260811-125821\src\wingman2\pages\CatalogBrowserPage.tsx",".wingman-work",".tsx","20676","20.19"
".wingman-work\backups\20260811-125215\src\wingman2\pages\CatalogBrowserPage.tsx",".wingman-work",".tsx","20676","20.19"
"archive\_src_inline_backups\src\wingman2\pages\TemplatesPage.tsx.bak-template-header-cleanup-20260627-072535","archive",".bak-template-header-cleanup-20260627-072535","20551","20.07"
"archive\_src_inline_backups\src\wingman2\pages\TemplatesPage.tsx.bak-three-control-room-templates-20260627-074044","archive",".bak-three-control-room-templates-20260627-074044","20402","19.92"
"archive\_src_inline_backups\src\wingman2\pages\TemplatesPage.tsx.bak-force-add-three-control-templates-20260627-074443","archive",".bak-force-add-three-control-templates-20260627-074443","20402","19.92"
"archive\_src_inline_backups\src\wingman2\pages\TemplatesPage.tsx.bak-three-control-room-templates-clean-20260627-074146","archive",".bak-three-control-room-templates-clean-20260627-074146","20402","19.92"
"src\wingman2\pages\DataManagerPage.tsx.20260811-140507.bak","src",".bak","20276","19.8"
"backups\wyrestorm-port-count-repair-20260714-051033\src_wingman2_lib_knownWyrestormCompareProfiles.ts.bak","backups",".bak","20250","19.78"
"archive\_wingman_backup_compare_simple_summary_20260615-194901\networkHdAvoipEquivalence.ts","archive",".ts","20170","19.7"
"archive\_wingman_backup_guru_single_instance_20260614-063825\src\wingman2\pages\ProductPitchPage.tsx","archive",".tsx","20140","19.67"
"archive\_wingman_backup_fix_product_pitch_import_20260613-202431\src\wingman2\pages\ProductPitchPage.tsx","archive",".tsx","20129","19.66"
"archive\_wingman_backup_discovery_guidance_fix_20260614-202337\DiscoveryPage.tsx","archive",".tsx","20062","19.59"
"src\wingman2\pages\DataManagerPage.tsx.20260811-135347.bak","src",".bak","20042","19.57"
"archive\_wingman_backup_compare_text_card_repair_20260615-193859\networkHdAvoipEquivalence.ts","archive",".ts","20031","19.56"
"archive\_wingman_backup_encoding_repair_20260615-193640\networkHdAvoipEquivalence.ts","archive",".ts","20008","19.54"
"archive\_wingman_backup_compare_shortlist_20260613-202323\src\wingman2\pages\ProductPitchPage.tsx","archive",".tsx","20001","19.53"
"backups\wyrestorm-port-count-recovery-20260714-051514\tools_repair-wyrestorm-port-data.mjs.bak","backups",".bak","19902","19.44"
"archive\repo-cleanup-20260709-050830\root-backups\_wingman_backup_navhub_specificity_lock_20260630-141804\src\wingman2\styles\wingman-redesign-theme.css","archive",".css","19849","19.38"
"archive\_wingman_backup_compare_simple_summary_20260615-195115\networkHdAvoipEquivalence.ts","archive",".ts","19841","19.38"
"archive\_wingman_backup_add_no_usb_option_20260616-083943\discoveryMultiInputs.ts.bak","archive",".bak","19790","19.33"
"archive\_wingman_backup_speech_type_fix_20260614-201933\DiscoveryPage.tsx","archive",".tsx","19744","19.28"
"archive\_wingman_backup_compare_summary_copy_update_20260615-193518\networkHdAvoipEquivalence.ts","archive",".ts","19725","19.26"
"backups\wyrestorm-port-count-repair-20260714-051033\src_wingman2_lib_wyrestormCompareProfile.ts.bak","backups",".bak","19666","19.21"
"archive\_wingman_backup_compare_role_gate_repair_20260615-192817\networkHdAvoipEquivalence.ts","archive",".ts","19627","19.17"
"archive\_wingman_backup_guru_single_instance_20260614-063825\src\wingman2\pages\TemplateReviewPage.tsx","archive",".tsx","19595","19.14"
"archive\repo-cleanup-20260709-050830\root-backups\_wingman_backup_navhub_tighter_density_20260630-141546\src\wingman2\styles\wingman-redesign-theme.css","archive",".css","19555","19.1"
"archive\repo-cleanup-20260709-050830\root-backups\_wingman_backup_navhub_density_20260630-141138\src\wingman2\styles\wingman-redesign-theme.css","archive",".css","19555","19.1"
"archive\backups\product-call-cards-phase1a-2026-06-07-20-08-19\src\wingman2\pages\productCallCards\store.ts","archive",".ts","19518","19.06"
"archive\backups\presales-priority-1-5-2026-06-08_10-20-58\src\wingman2\pages\ComparePageNew.tsx","archive",".tsx","19285","18.83"
".wingman-work\backups\20260811-125346\src\wingman2\data\workflowHandoff.ts",".wingman-work",".ts","19210","18.76"
".wingman-work\backups\20260811-125821\src\wingman2\data\workflowHandoff.ts",".wingman-work",".ts","19210","18.76"
".wingman-work\backups\20260811-125215\src\wingman2\data\workflowHandoff.ts",".wingman-work",".ts","19210","18.76"
"archive\repo-cleanup-20260709-050830\root-backups\_wingman_backup_admin_db_bom_fix_20260706-143153\package.json","archive",".json","19159","18.71"
"archive\_src_inline_backups\src\wingman2\lib\visualStudioProductConnection.ts.backup-20260710-065535","archive",".backup-20260710-065535","19142","18.69"
"archive\repo-cleanup-20260709-050830\root-backups\_wingman_backup_no_equivalent_submit_20260704-205931\src\wingman2\components\compare\CompareCandidateShortlist.tsx","archive",".tsx","19142","18.69"
"archive\_wingman_backup_compare_role_gate_20260615-192600\networkHdAvoipEquivalence.ts","archive",".ts","18988","18.54"
"archive\repo-cleanup-20260709-050830\root-backups\_wingman_backup_no_equivalent_submit_20260704-205847\src\wingman2\components\compare\CompareCandidateShortlist.tsx","archive",".tsx","18978","18.53"
"archive\_wingman_backup_guru_single_instance_20260614-063825\src\wingman2\lib\knownWyrestormCompareProfiles.ts","archive",".ts","18902","18.46"
"archive\repo-cleanup-20260709-050830\root-backups\_wingman_backup_no_equivalent_ui_20260704T202143\src\wingman2\components\compare\CompareCandidateShortlist.tsx","archive",".tsx","18862","18.42"
"backups\wyrestorm-port-count-repair-20260714-051033\data_governance_wyrestorm-technical-profiles.json.bak","backups",".bak","18806","18.37"
".wingman-work\backups\20260811-125346\src\__tests__\productPitchWorkflowRendered.test.tsx",".wingman-work",".tsx","18696","18.26"
".wingman-work\backups\20260811-125215\src\__tests__\productPitchWorkflowRendered.test.tsx",".wingman-work",".tsx","18696","18.26"
".wingman-work\backups\20260811-125821\src\__tests__\productPitchWorkflowRendered.test.tsx",".wingman-work",".tsx","18696","18.26"
"src\wingman2\pages\DataManagerPage.tsx.20260811-133755.bak","src",".bak","18693","18.25"
"archive\_wingman_backup_fix_discovery_qty_20260616-082219\discoveryMultiInputs.ts.bak","archive",".bak","18669","18.23"
"archive\_wingman_backup_pre_compare_cleanup_20260614-083913\src\wingman2\lib\compareEngineModel.ts","archive",".ts","18641","18.2"
".wingman-work\backups\20260811-125821\src\wingman2\pages\DataManagerPage.tsx",".wingman-work",".tsx","18600","18.16"
"src\wingman2\pages\DataManagerPage.tsx.20260811-131538.bak","src",".bak","18600","18.16"
".wingman-work\backups\20260811-125215\src\wingman2\pages\DataManagerPage.tsx",".wingman-work",".tsx","18600","18.16"
".wingman-work\backups\20260811-125346\src\wingman2\pages\DataManagerPage.tsx",".wingman-work",".tsx","18600","18.16"
"archive\_wingman_backup_unreferenced_src_modules_20260710-104753\src\wingman2\pages\compareTemplates.ts","archive",".ts","18549","18.11"
".wingman-work\backups\20260811-125215\src\wingman2\pages\ProfilePage.tsx",".wingman-work",".tsx","18513","18.08"
".wingman-work\backups\20260811-125346\src\wingman2\pages\ProfilePage.tsx",".wingman-work",".tsx","18513","18.08"
".wingman-work\backups\20260811-125821\src\wingman2\pages\ProfilePage.tsx",".wingman-work",".tsx","18513","18.08"
"archive\repo-cleanup-20260709-050830\root-backups\_wingman_backup_home_shared_css_20260630-134642\src\wingman2\styles\wingman-redesign-theme.css","archive",".css","18459","18.03"
"archive\_backup_competitor_compare_behaviour_20260613-181722\compareEligibilityEngine.ts.before","archive",".before","18413","17.98"
"archive\_wingman_backup_before_reversing_compare_ui_polish_20260613-204652\src\wingman2\components\compare\CompareCandidateShortlist.tsx","archive",".tsx","18262","17.83"
".wingman-work\backups\20260811-125215\package.json",".wingman-work",".json","18215","17.79"
".wingman-work\backups\20260811-125821\package.json",".wingman-work",".json","18215","17.79"
".wingman-work\backups\20260811-125346\package.json",".wingman-work",".json","18215","17.79"
"archive\_src_inline_backups\tools\audit-compare-workflow-integrity.mjs.backup-filtered-20260615-134125","archive",".backup-filtered-20260615-134125","18185","17.76"
".wingman-work\backups\20260811-125215\src\wingman2\lib\visualStudioProductConnection.ts",".wingman-work",".ts","18089","17.67"
".wingman-work\backups\20260811-125346\src\wingman2\lib\visualStudioProductConnection.ts",".wingman-work",".ts","18089","17.67"
".wingman-work\backups\20260811-125821\src\wingman2\lib\visualStudioProductConnection.ts",".wingman-work",".ts","18089","17.67"
".wingman-work\backups\20260811-125215\src\wingman2\lib\customRoomTemplates.ts",".wingman-work",".ts","18057","17.63"
".wingman-work\backups\20260811-125821\src\wingman2\lib\customRoomTemplates.ts",".wingman-work",".ts","18057","17.63"
".wingman-work\backups\20260811-125346\src\wingman2\lib\customRoomTemplates.ts",".wingman-work",".ts","18057","17.63"
"backups\guru-fab-existing-drag-fix-20260709-145731\WingmanGuruFab.tsx.bak","backups",".bak","17958","17.54"
"archive\backups\product-pitch-tabbed-workspace-2026-06-08_10-49-57\src\wingman2\pages\ProductPitchPage.tsx","archive",".tsx","17911","17.49"
"archive\_wingman_backup_guru_single_instance_20260614-063825\src\wingman2\pages\compareTemplates.ts","archive",".ts","17911","17.49"
".wingman-work\backups\20260811-125821\src\wingman2\lib\documentIngest\skuTriage.ts",".wingman-work",".ts","17878","17.46"
".wingman-work\backups\20260811-125215\src\wingman2\lib\documentIngest\skuTriage.ts",".wingman-work",".ts","17878","17.46"
".wingman-work\backups\20260811-125346\src\wingman2\lib\documentIngest\skuTriage.ts",".wingman-work",".ts","17878","17.46"
"archive\_wingman_backup_hide_legacy_discovery_ranges_20260616-074135\discoveryMultiInputs.ts.bak","archive",".bak","17849","17.43"
"src\wingman2\styles\wingman-navigation-hub-cascade-lock.css.20260718-193044.bak","src",".bak","17757","17.34"
".wingman-work\backups\20260811-125215\src\wingman2\styles\wingman-navigation-hub-cascade-lock.css.20260718-193044.bak",".wingman-work",".bak","17757","17.34"
".wingman-work\backups\20260811-125346\src\wingman2\styles\wingman-navigation-hub-cascade-lock.css.20260718-193044.bak",".wingman-work",".bak","17757","17.34"
".wingman-work\backups\20260811-125821\src\wingman2\styles\wingman-navigation-hub-cascade-lock.css.20260718-193044.bak",".wingman-work",".bak","17757","17.34"
"archive\repo-cleanup-20260709-050830\root-backups\_wingman_backup_home_navhub_reset_20260630-134327\src\wingman2\styles\wingman-redesign-theme.css","archive",".css","17747","17.33"
".wingman-work\backups\20260811-125821\src\wingman2\lib\productSelectorEngine.ts",".wingman-work",".ts","17708","17.29"
".wingman-work\backups\20260811-125346\src\wingman2\lib\productSelectorEngine.ts",".wingman-work",".ts","17708","17.29"
".wingman-work\backups\20260811-125215\src\wingman2\lib\productSelectorEngine.ts",".wingman-work",".ts","17708","17.29"
"archive\_wingman_backup_abandoned_hardcoded_topology_planner_20260710-104121\src\wingman2\lib\visualStudioTopologyPlanner.ts","archive",".ts","17678","17.26"
"archive\_wingman_backup_guru_single_instance_20260614-063825\src\wingman2\lib\wyrestormCompareProfile.ts","archive",".ts","17663","17.25"
"archive\_wingman_backup_compare_pre_commit_cleanup_20260614-084236\src\wingman2\lib\competitorCompareDecision.ts","archive",".ts","17634","17.22"
"archive\_wingman_backup_pre_compare_cleanup_20260614-083913\src\wingman2\lib\competitorCompareDecision.ts","archive",".ts","17634","17.22"
".wingman-work\backups\20260811-125215\src\wingman2\lib\visualStudioSamples.ts",".wingman-work",".ts","17501","17.09"
".wingman-work\backups\20260811-125821\src\wingman2\lib\visualStudioSamples.ts",".wingman-work",".ts","17501","17.09"
".wingman-work\backups\20260811-125346\src\wingman2\lib\visualStudioSamples.ts",".wingman-work",".ts","17501","17.09"
".wingman-work\backups\20260811-125215\src\__tests__\compareWorkflowRendered.test.tsx",".wingman-work",".tsx","17442","17.03"
".wingman-work\backups\20260811-125821\src\__tests__\compareWorkflowRendered.test.tsx",".wingman-work",".tsx","17442","17.03"
".wingman-work\backups\20260811-125346\src\__tests__\compareWorkflowRendered.test.tsx",".wingman-work",".tsx","17442","17.03"
"archive\_wingman_backup_guru_single_instance_20260614-063825\src\wingman2\lib\competitorCompareDecision.ts","archive",".ts","17410","17"
"archive\_wingman_backup_product_suppression_fix_20260615-135005\tools\audit-compare-workflow-integrity.mjs","archive",".mjs","17260","16.86"
".wingman-work\backups\20260811-125215\src\wingman2\components\HubCardArt.tsx",".wingman-work",".tsx","17193","16.79"
".wingman-work\backups\20260811-125821\src\wingman2\components\HubCardArt.tsx",".wingman-work",".tsx","17193","16.79"
".wingman-work\backups\20260811-125346\src\wingman2\components\HubCardArt.tsx",".wingman-work",".tsx","17193","16.79"
"archive\backups\product-call-cards-phase1-2026-06-07-19-46-38\src\wingman2\pages\ProductCallCardsPage.tsx","archive",".tsx","17185","16.78"
"archive\repo-cleanup-20260709-050830\root-backups\_wingman_backup_navhub_density_20260630-140851\src\wingman2\styles\wingman-redesign-theme.css","archive",".css","17035","16.64"
"archive\repo-cleanup-20260709-050830\root-backups\_wingman_backup_dashboard_visual_pass_20260630-082939\src\wingman2\styles\wingman-redesign-theme.css","archive",".css","17034","16.63"
".wingman-work\backups\20260811-125346\src\wingman2\pages\compare\CompetitorEvidencePanel.tsx",".wingman-work",".tsx","17007","16.61"
".wingman-work\backups\20260811-125215\src\wingman2\pages\compare\CompetitorEvidencePanel.tsx",".wingman-work",".tsx","17007","16.61"
".wingman-work\backups\20260811-125821\src\wingman2\pages\compare\CompetitorEvidencePanel.tsx",".wingman-work",".tsx","17007","16.61"
"archive\_wingman_backup_guru_single_instance_20260614-063825\src\__tests__\competitorMatchEngine.test.ts","archive",".ts","16830","16.44"
"archive\_wingman_backup_compare_engine_phase2_20260614-072919\src\wingman2\lib\compareEngineModel.ts","archive",".ts","16826","16.43"
"archive\_src_inline_backups\src\wingman2\components\workflow\WorkflowAlphaNumericFilter.tsx.bak-duplicate-alpha-helper-20260628-050052","archive",".bak-duplicate-alpha-helper-20260628-050052","16779","16.39"
"archive\_wingman_backup_guru_single_instance_20260614-063825\src\styles\wingman-discovery-builder-layout.css","archive",".css","16692","16.3"
"archive\_wingman_backup_guru_single_instance_20260614-063825\src\wingman2\app\discoveryAnswerMemory.ts","archive",".ts","16545","16.16"
"backups\wyrestorm-port-count-recovery-20260714-051514\package.json.bak","backups",".bak","16511","16.12"
".wingman-work\backups\20260811-125346\src\wingman2\lib\compareCandidateGate.ts",".wingman-work",".ts","16493","16.11"
".wingman-work\backups\20260811-125821\src\wingman2\lib\compareCandidateGate.ts",".wingman-work",".ts","16493","16.11"
".wingman-work\backups\20260811-125215\src\wingman2\lib\compareCandidateGate.ts",".wingman-work",".ts","16493","16.11"
"archive\_wingman_backup_guru_single_instance_20260614-063825\src\wingman2\data\productIntelligenceAdmin.ts","archive",".ts","16480","16.09"
"archive\_wingman_backup_guru_single_instance_20260614-063825\src\wingman2\lib\visualStudioSamples.ts","archive",".ts","16374","15.99"
".wingman-work\backups\20260811-125215\src\wingman2\lib\schematic\wingmanSchematicEngine.ts",".wingman-work",".ts","16370","15.99"
".wingman-work\backups\20260811-125821\src\wingman2\lib\schematic\wingmanSchematicEngine.ts",".wingman-work",".ts","16370","15.99"
".wingman-work\backups\20260811-125346\src\wingman2\lib\schematic\wingmanSchematicEngine.ts",".wingman-work",".ts","16370","15.99"
"archive\_wingman_backup_guru_single_instance_20260614-063825\src\wingman2\components\ProductPositioningStatement.tsx","archive",".tsx","16296","15.91"
"archive\_wingman_backup_compare_ui_polish_20260613-204505\src\wingman2\components\compare\CompareCandidateShortlist.tsx","archive",".tsx","16259","15.88"
"archive\_wingman_backup_guru_single_instance_20260614-063825\src\wingman2\components\compare\CompareCandidateShortlist.tsx","archive",".tsx","16259","15.88"
"backups\wyrestorm-port-count-repair-20260714-051033\package.json.bak","backups",".bak","16183","15.8"
"backups\avoip-data-20260713-193257\package.json","backups",".json","15906","15.53"
"archive\repo-cleanup-20260709-050830\src-legacy\src\_legacy-unused\SourceDeviceCollator.css","archive",".css","15865","15.49"
"backups\proposal-wizard-20260713-175009\package.json.bak","backups",".bak","15815","15.44"
"archive\_wingman_backup_replace_discovery_multi_inputs_20260616-074600\discoveryMultiInputs.ts.bak","archive",".bak","15642","15.28"
"src\wingman2\layout\AppShell.tsx.20260811-161809.bak","src",".bak","15640","15.27"
"src\wingman2\layout\AppShell.tsx.20260811-161643.bak","src",".bak","15640","15.27"
"archive\repo-cleanup-20260709-050830\root-backups\_wingman_backup_compare_class_gate_20260704-205242\data-sources\competitors\blustream.csv","archive",".csv","15624","15.26"
"archive\_wingman_backup_add_compare_shortlist_exports_20260613-202605\src\wingman2\lib\compareFeatureMatrix.ts","archive",".ts","15476","15.11"
"archive\_src_inline_backups\src\wingman2\components\VisualStudioCanvas.tsx.backup-20260710-094314","archive",".backup-20260710-094314","15468","15.11"
"archive\backups\product-call-cards-multistep-workflow-2026-06-08_11-33-38\src\wingman2\pages\productCallCards\ProductCallCardsProductPage.tsx","archive",".tsx","15455","15.09"
".wingman-work\backups\20260811-125346\src\__tests__\documentExtract.test.ts",".wingman-work",".ts","15407","15.05"
".wingman-work\backups\20260811-125821\src\__tests__\documentExtract.test.ts",".wingman-work",".ts","15407","15.05"
".wingman-work\backups\20260811-125215\src\__tests__\documentExtract.test.ts",".wingman-work",".ts","15407","15.05"
"archive\_wingman_backup_actual_videowall_workflow_20260615-224721\VideowallBuilderPage.tsx.bak","archive",".bak","15400","15.04"
".wingman-work\backups\20260811-125346\src\wingman2\styles\wingman-reference-global.css",".wingman-work",".css","15368","15.01"
".wingman-work\backups\20260811-125821\src\wingman2\styles\wingman-reference-global.css",".wingman-work",".css","15368","15.01"
".wingman-work\backups\20260811-125215\src\wingman2\styles\wingman-reference-global.css",".wingman-work",".css","15368","15.01"
"archive\repo-cleanup-20260709-050830\root-backups\_wingman_backup_dashboard_component_rewrite_20260630-090504\src\wingman2\pages\DashboardPage.tsx","archive",".tsx","15322","14.96"
"archive\_wingman_backup_guru_single_instance_20260614-063825\src\wingman2\components\discovery\SourceDeviceCollator.css","archive",".css","15299","14.94"
"archive\repo-cleanup-20260709-050830\root-backups\_wingman_backup_dashboard_drift_repair_20260630-083220\src\wingman2\pages\DashboardPage.tsx","archive",".tsx","15297","14.94"
"archive\repo-cleanup-20260709-050830\root-backups\_wingman_backup_visual_utility_migration_20260630-082229\src\wingman2\pages\DashboardPage.tsx","archive",".tsx","15297","14.94"
"archive\_src_inline_backups\src\wingman2\components\VisualStudioCanvas.tsx.backup-20260710-073259","archive",".backup-20260710-073259","15246","14.89"
"archive\_wingman_backup_compare_direct_workflow_refine_20260613-215256\src\wingman2\pages\ComparePageNew.tsx","archive",".tsx","15237","14.88"
"src\wingman2\layout\AppShell.tsx.20260811-155105.bak","src",".bak","15211","14.85"
".wingman-work\backups\20260811-125215\src\__tests__\competitorMatchEngine.test.ts",".wingman-work",".ts","15210","14.85"
".wingman-work\backups\20260811-125821\src\__tests__\competitorMatchEngine.test.ts",".wingman-work",".ts","15210","14.85"
".wingman-work\backups\20260811-125346\src\__tests__\competitorMatchEngine.test.ts",".wingman-work",".ts","15210","14.85"
".wingman-work\backups\20260811-125215\src\wingman2\layout\AppShell.tsx",".wingman-work",".tsx","15177","14.82"
"src\wingman2\layout\AppShell.tsx.20260811-131538.bak","src",".bak","15177","14.82"
".wingman-work\backups\20260811-125346\src\wingman2\layout\AppShell.tsx",".wingman-work",".tsx","15177","14.82"
".wingman-work\backups\20260811-125821\src\wingman2\layout\AppShell.tsx",".wingman-work",".tsx","15177","14.82"
".wingman-work\backups\20260811-125215\src\wingman2\components\compare\CompareShowdown.tsx.20260722-115941.bak",".wingman-work",".bak","15125","14.77"
".wingman-work\backups\20260811-125346\src\wingman2\components\compare\CompareShowdown.tsx.20260722-115941.bak",".wingman-work",".bak","15125","14.77"
".wingman-work\backups\20260811-125821\src\wingman2\components\compare\CompareShowdown.tsx.20260722-115941.bak",".wingman-work",".bak","15125","14.77"
"src\wingman2\components\compare\CompareShowdown.tsx.20260722-115941.bak","src",".bak","15125","14.77"
".wingman-work\backups\20260811-125346\src\wingman2\components\compare\CompareShowdown.tsx.20260722-091900.bak",".wingman-work",".bak","15083","14.73"
".wingman-work\backups\20260811-125821\src\wingman2\components\compare\CompareShowdown.tsx.20260722-091900.bak",".wingman-work",".bak","15083","14.73"
".wingman-work\backups\20260811-125215\src\wingman2\components\compare\CompareShowdown.tsx.20260722-091900.bak",".wingman-work",".bak","15083","14.73"
"src\wingman2\components\compare\CompareShowdown.tsx.20260722-091900.bak","src",".bak","15083","14.73"
".wingman-work\backups\20260811-125346\src\wingman2\components\compare\CompareShowdown.tsx",".wingman-work",".tsx","15074","14.72"
".wingman-work\backups\20260811-125821\src\wingman2\components\compare\CompareShowdown.tsx",".wingman-work",".tsx","15074","14.72"
".wingman-work\backups\20260811-125215\src\wingman2\components\compare\CompareShowdown.tsx",".wingman-work",".tsx","15074","14.72"
"archive\repo-cleanup-20260709-050830\root-backups\_wingman_backup_visual_contract_20260630-132122\package.json","archive",".json","15046","14.69"
"archive\repo-cleanup-20260709-050830\root-backups\_wingman_backup_home_navhub_reset_20260630-134327\package.json","archive",".json","15046","14.69"
"archive\repo-cleanup-20260709-050830\root-backups\_wingman_backup_dashboard_drift_repair_20260630-083220\package.json","archive",".json","15046","14.69"
"archive\repo-cleanup-20260709-050830\root-backups\_wingman_backup_home_navhub_header_20260630-133036\package.json","archive",".json","15046","14.69"
"archive\repo-cleanup-20260709-050830\root-backups\_wingman_backup_home_navhub_reset_20260630-134236\package.json","archive",".json","15046","14.69"
"archive\repo-cleanup-20260709-050830\root-backups\_wingman_backup_page_markup_migration_20260630-074900\src\wingman2\pages\DashboardPage.tsx","archive",".tsx","15039","14.69"
"archive\repo-cleanup-20260709-050830\root-artifacts\_review\build-after-text-hygiene.txt","archive",".txt","14990","14.64"
"backups\vite-chunk-splitting-20260709-093555\package.json.bak","backups",".bak","14945","14.59"
".wingman-work\backups\20260811-125346\src\wingman2\logic\productClassifier.ts",".wingman-work",".ts","14923","14.57"
".wingman-work\backups\20260811-125821\src\wingman2\logic\productClassifier.ts",".wingman-work",".ts","14923","14.57"
".wingman-work\backups\20260811-125215\src\wingman2\logic\productClassifier.ts",".wingman-work",".ts","14923","14.57"
"archive\repo-cleanup-20260709-050830\root-backups\_wingman_backup_dashboard_visual_pass_20260630-082939\package.json","archive",".json","14911","14.56"
".wingman-work\backups\20260811-125821\src\wingman2\lib\visualStudioProductConnection.ts.20260714-120301.bak",".wingman-work",".bak","14835","14.49"
"src\wingman2\lib\visualStudioProductConnection.ts.20260714-120301.bak","src",".bak","14835","14.49"
".wingman-work\backups\20260811-125215\src\wingman2\lib\visualStudioProductConnection.ts.20260714-120301.bak",".wingman-work",".bak","14835","14.49"
".wingman-work\backups\20260811-125346\src\wingman2\lib\visualStudioProductConnection.ts.20260714-120301.bak",".wingman-work",".bak","14835","14.49"
"src\wingman2\lib\visualStudioProductConnection.ts.20260714-120057.bak","src",".bak","14833","14.49"
".wingman-work\backups\20260811-125346\src\wingman2\lib\visualStudioProductConnection.ts.20260714-120057.bak",".wingman-work",".bak","14833","14.49"
".wingman-work\backups\20260811-125215\src\wingman2\lib\visualStudioProductConnection.ts.20260714-120057.bak",".wingman-work",".bak","14833","14.49"
".wingman-work\backups\20260811-125821\src\wingman2\lib\visualStudioProductConnection.ts.20260714-120057.bak",".wingman-work",".bak","14833","14.49"
".wingman-work\backups\20260811-125821\src\wingman2\data\usbTierRules.ts",".wingman-work",".ts","14818","14.47"
".wingman-work\backups\20260811-125215\src\wingman2\data\usbTierRules.ts",".wingman-work",".ts","14818","14.47"
".wingman-work\backups\20260811-125346\src\wingman2\data\usbTierRules.ts",".wingman-work",".ts","14818","14.47"
".wingman-work\backups\20260811-125821\src\wingman2\pages\TemplatesPage.tsx",".wingman-work",".tsx","14795","14.45"
".wingman-work\backups\20260811-125215\src\wingman2\pages\TemplatesPage.tsx",".wingman-work",".tsx","14795","14.45"
".wingman-work\backups\20260811-125346\src\wingman2\pages\TemplatesPage.tsx",".wingman-work",".tsx","14795","14.45"
".wingman-work\backups\20260811-125215\src\wingman2\lib\competitorCompareBehaviour.test.ts",".wingman-work",".ts","14772","14.43"
".wingman-work\backups\20260811-125821\src\wingman2\lib\competitorCompareBehaviour.test.ts",".wingman-work",".ts","14772","14.43"
".wingman-work\backups\20260811-125346\src\wingman2\lib\competitorCompareBehaviour.test.ts",".wingman-work",".ts","14772","14.43"
"backups\wyrestorm-port-count-repair-20260714-051033\data_admin_wingman-product-admin-db.json.bak","backups",".bak","14607","14.26"
"archive\repo-cleanup-20260709-050830\root-backups\_wingman_backup_style_audit_fix_20260630-073901\package.json","archive",".json","14516","14.18"
"archive\_wingman_backup_guru_single_instance_20260614-063825\src\wingman2\lib\audienceProfiles.ts","archive",".ts","14437","14.1"
"backups\react-flow-foundation-20260714-054745\visualStudioProductConnection.ts.bak","backups",".bak","14432","14.09"
"backups\visual-studio-connectivity-20260714-053745\visualStudioProductConnection.ts.bak","backups",".bak","14432","14.09"
"backups\react-flow-foundation-20260714-084703\visualStudioProductConnection.ts.bak","backups",".bak","14432","14.09"
"archive\repo-cleanup-20260709-050830\root-backups\_wingman_backup_visual_utility_migration_20260630-082229\package.json","archive",".json","14305","13.97"
"archive\_wingman_backup_guru_single_instance_20260614-063825\src\__tests__\documentExtract.test.ts","archive",".ts","14160","13.83"
".wingman-work\backups\20260811-125346\src\wingman2\pages\NavigationHubPages.tsx.20260719-104349.bak",".wingman-work",".bak","14137","13.81"
".wingman-work\backups\20260811-125821\src\wingman2\pages\NavigationHubPages.tsx.20260719-104349.bak",".wingman-work",".bak","14137","13.81"
"src\wingman2\pages\NavigationHubPages.tsx.20260719-104349.bak","src",".bak","14137","13.81"
".wingman-work\backups\20260811-125215\src\wingman2\pages\NavigationHubPages.tsx.20260719-104349.bak",".wingman-work",".bak","14137","13.81"
"archive\repo-cleanup-20260709-050830\root-backups\_wingman_backup_page_markup_migration_20260630-074900\package.json","archive",".json","14110","13.78"
".wingman-work\backups\20260811-125346\src\wingman2\lib\recommendationEvidence.priority3.test.ts",".wingman-work",".ts","14087","13.76"
".wingman-work\backups\20260811-125821\src\wingman2\lib\recommendationEvidence.priority3.test.ts",".wingman-work",".ts","14087","13.76"
".wingman-work\backups\20260811-125215\src\wingman2\lib\recommendationEvidence.priority3.test.ts",".wingman-work",".ts","14087","13.76"
".wingman-work\backups\20260811-125215\src\wingman2\lib\proposalWizard.ts",".wingman-work",".ts","14071","13.74"
".wingman-work\backups\20260811-125821\src\wingman2\lib\proposalWizard.ts",".wingman-work",".ts","14071","13.74"
".wingman-work\backups\20260811-125346\src\wingman2\lib\proposalWizard.ts",".wingman-work",".ts","14071","13.74"
"src\wingman2\styles\wingman-navigation-hub-cascade-lock.css.20260718-185838.bak","src",".bak","13990","13.66"
".wingman-work\backups\20260811-125215\src\wingman2\styles\wingman-navigation-hub-cascade-lock.css.20260718-185838.bak",".wingman-work",".bak","13990","13.66"
".wingman-work\backups\20260811-125821\src\wingman2\styles\wingman-navigation-hub-cascade-lock.css.20260718-185838.bak",".wingman-work",".bak","13990","13.66"
".wingman-work\backups\20260811-125346\src\wingman2\styles\wingman-navigation-hub-cascade-lock.css.20260718-185838.bak",".wingman-work",".bak","13990","13.66"
"archive\backups\compare-page-gate-fix-2026-06-08_10-56-21\src\wingman2\pages\ComparePageNew.tsx","archive",".tsx","13958","13.63"
"archive\repo-cleanup-20260709-050830\root-backups\_wingman_backup_apo_dg2_dependency_rule_20260706-112917\src\__tests__\compareWorkflowRendered.test.tsx","archive",".tsx","13892","13.57"
"archive\repo-cleanup-20260709-050830\root-backups\_wingman_backup_lightware_mmx6x2_csv_and_test_20260706-112118\compareWorkflowRendered.test.tsx","archive",".tsx","13828","13.5"
"archive\repo-cleanup-20260709-050830\root-backups\_wingman_backup_compare_render_test_20260706-105419\compareWorkflowRendered.test.tsx","archive",".tsx","13814","13.49"
"archive\_wingman_backup_sales_helper_direction_flow_20260614-095248\SalesHelperPage.tsx","archive",".tsx","13804","13.48"
"backups\templates-leftover-cleanup-20260709-075901\customRoomTemplates.ts.bak","backups",".bak","13798","13.47"
"archive\_wingman_backup_guru_single_instance_20260614-063825\src\wingman2\data\usbTierRules.ts","archive",".ts","13736","13.41"
"archive\_backup_competitor_compare_behaviour_20260613-181722\package.json.before","archive",".before","13696","13.38"
"archive\_wingman_backup_compare_match_presentation_20260615-124852\src\wingman2\components\workflow\CompareRunActionGuard.tsx","archive",".tsx","13695","13.37"
".wingman-work\backups\20260811-125821\src\wingman2\lib\discoverySystemDesign.ts",".wingman-work",".ts","13578","13.26"
".wingman-work\backups\20260811-125215\src\wingman2\lib\discoverySystemDesign.ts",".wingman-work",".ts","13578","13.26"
".wingman-work\backups\20260811-125346\src\wingman2\lib\discoverySystemDesign.ts",".wingman-work",".ts","13578","13.26"
"archive\repo-cleanup-20260709-050830\src-snapshots\src\wingman2\pages\DashboardPage.tsx.dashboard-route-crop-20260707-185107.bak","archive",".bak","13562","13.24"
".wingman-work\backups\20260811-125821\src\wingman2\lib\compareSpecEngine.test.ts",".wingman-work",".ts","13553","13.24"
".wingman-work\backups\20260811-125346\src\wingman2\lib\compareSpecEngine.test.ts",".wingman-work",".ts","13553","13.24"
".wingman-work\backups\20260811-125215\src\wingman2\lib\compareSpecEngine.test.ts",".wingman-work",".ts","13553","13.24"
"src\wingman2\pages\NavigationHubPages.tsx.20260718-194537.bak","src",".bak","13465","13.15"
".wingman-work\backups\20260811-125346\src\wingman2\pages\NavigationHubPages.tsx.20260718-194537.bak",".wingman-work",".bak","13465","13.15"
".wingman-work\backups\20260811-125821\src\wingman2\pages\NavigationHubPages.tsx.20260718-194537.bak",".wingman-work",".bak","13465","13.15"
".wingman-work\backups\20260811-125215\src\wingman2\pages\NavigationHubPages.tsx.20260718-194537.bak",".wingman-work",".bak","13465","13.15"
"archive\_wingman_backup_guru_single_instance_20260614-063825\src\wingman2\logic\productClassifier.ts","archive",".ts","13402","13.09"
"archive\_wingman_backup_guru_single_instance_20260614-063825\src\wingman2\data\workflowHandoff.ts","archive",".ts","13390","13.08"
"archive\backups\product-call-cards-phase1d-language-level-2026-06-07-20-45-47\src\wingman2\pages\productCallCards\ProductCallCardsProductPage.tsx","archive",".tsx","13196","12.89"
".wingman-work\backups\20260811-125346\src\wingman2\pages\NavigationHubPages.tsx",".wingman-work",".tsx","13133","12.83"
".wingman-work\backups\20260811-125215\src\wingman2\pages\NavigationHubPages.tsx",".wingman-work",".tsx","13133","12.83"
".wingman-work\backups\20260811-125821\src\wingman2\pages\NavigationHubPages.tsx",".wingman-work",".tsx","13133","12.83"
".wingman-work\backups\20260811-125346\src\wingman2\components\compare\CompareShowdown.tsx.20260722-090142.bak",".wingman-work",".bak","13113","12.81"
".wingman-work\backups\20260811-125821\src\wingman2\components\compare\CompareShowdown.tsx.20260722-090142.bak",".wingman-work",".bak","13113","12.81"
".wingman-work\backups\20260811-125215\src\wingman2\components\compare\CompareShowdown.tsx.20260722-090142.bak",".wingman-work",".bak","13113","12.81"
"src\wingman2\components\compare\CompareShowdown.tsx.20260722-090142.bak","src",".bak","13113","12.81"
"archive\_wingman_backup_discovery_multi_select_io_20260616-073542\discoveryMultiInputs.ts.bak","archive",".bak","13021","12.72"
"archive\_src_inline_backups\tools\repair-routed-io-evidence.mjs.backup-20260613-082024","archive",".backup-20260613-082024","13007","12.7"
".wingman-work\backups\20260811-125821\src\wingman2\pages\NavigationHubPages.tsx.20260718-194100.bak",".wingman-work",".bak","12969","12.67"
"src\wingman2\pages\NavigationHubPages.tsx.20260718-194100.bak","src",".bak","12969","12.67"
".wingman-work\backups\20260811-125346\src\wingman2\pages\NavigationHubPages.tsx.20260718-194100.bak",".wingman-work",".bak","12969","12.67"
".wingman-work\backups\20260811-125215\src\wingman2\pages\NavigationHubPages.tsx.20260718-194100.bak",".wingman-work",".bak","12969","12.67"
".wingman-work\backups\20260811-125215\src\wingman2\pages\ProjectsPage.tsx",".wingman-work",".tsx","12953","12.65"
".wingman-work\backups\20260811-125346\src\wingman2\pages\ProjectsPage.tsx",".wingman-work",".tsx","12953","12.65"
".wingman-work\backups\20260811-125821\src\wingman2\pages\ProjectsPage.tsx",".wingman-work",".tsx","12953","12.65"
".wingman-work\backups\20260811-125215\src\wingman2\lib\roomSchematic.ts",".wingman-work",".ts","12851","12.55"
".wingman-work\backups\20260811-125346\src\wingman2\lib\roomSchematic.ts",".wingman-work",".ts","12851","12.55"
".wingman-work\backups\20260811-125821\src\wingman2\lib\roomSchematic.ts",".wingman-work",".ts","12851","12.55"
"archive\_wingman_backup_guru_single_instance_20260614-063825\src\wingman2\pages\productCallCards\ProductCallCardsSelectPage.tsx","archive",".tsx","12791","12.49"
".wingman-work\backups\20260811-125821\src\wingman2\lib\visioExport.ts",".wingman-work",".ts","12784","12.48"
".wingman-work\backups\20260811-125346\src\wingman2\lib\visioExport.ts",".wingman-work",".ts","12784","12.48"
".wingman-work\backups\20260811-125215\src\wingman2\lib\visioExport.ts",".wingman-work",".ts","12784","12.48"
"archive\_wingman_backup_guru_single_instance_20260614-063825\src\wingman2\pages\VideowallBuilderPage.tsx","archive",".tsx","12669","12.37"
".wingman-work\backups\20260811-125215\src\wingman2\pages\ProjectsPage.tsx.20260806-121952.bak",".wingman-work",".bak","12661","12.36"
"src\wingman2\pages\ProjectsPage.tsx.20260806-121952.bak","src",".bak","12661","12.36"
".wingman-work\backups\20260811-125821\src\wingman2\pages\ProjectsPage.tsx.20260806-121952.bak",".wingman-work",".bak","12661","12.36"
".wingman-work\backups\20260811-125346\src\wingman2\pages\ProjectsPage.tsx.20260806-121952.bak",".wingman-work",".bak","12661","12.36"
".wingman-work\backups\20260811-125346\src\wingman2\components\compare\CompareShowdown.tsx.20260722-083258.bak",".wingman-work",".bak","12625","12.33"
".wingman-work\backups\20260811-125346\src\wingman2\components\compare\CompareShowdown.tsx.20260722-083552.bak",".wingman-work",".bak","12625","12.33"
".wingman-work\backups\20260811-125821\src\wingman2\components\compare\CompareShowdown.tsx.20260722-083552.bak",".wingman-work",".bak","12625","12.33"
"src\wingman2\components\compare\CompareShowdown.tsx.20260722-083552.bak","src",".bak","12625","12.33"
"src\wingman2\components\compare\CompareShowdown.tsx.20260722-083258.bak","src",".bak","12625","12.33"
".wingman-work\backups\20260811-125215\src\wingman2\components\compare\CompareShowdown.tsx.20260722-083258.bak",".wingman-work",".bak","12625","12.33"
".wingman-work\backups\20260811-125215\src\wingman2\components\compare\CompareShowdown.tsx.20260722-083552.bak",".wingman-work",".bak","12625","12.33"
".wingman-work\backups\20260811-125821\src\wingman2\components\compare\CompareShowdown.tsx.20260722-083258.bak",".wingman-work",".bak","12625","12.33"
"archive\repo-cleanup-20260709-050830\root-backups\_wingman_backup_apo_dg2_dependency_rule_20260706-112917\src\wingman2\lib\competitorCompareBehaviour.test.ts","archive",".ts","12611","12.32"
"archive\_wingman_backup_guru_single_instance_20260614-063825\src\wingman2\components\TemplateSchematic.tsx","archive",".tsx","12605","12.31"
".wingman-work\backups\20260811-125346\src\wingman2\logic\matrixOutputModel.ts",".wingman-work",".ts","12582","12.29"
".wingman-work\backups\20260811-125821\src\wingman2\logic\matrixOutputModel.ts",".wingman-work",".ts","12582","12.29"
"archive\_wingman_backup_unreferenced_src_modules_20260710-104753\src\wingman2\logic\matrixOutputModel.ts","archive",".ts","12582","12.29"
".wingman-work\backups\20260811-125215\src\wingman2\logic\matrixOutputModel.ts",".wingman-work",".ts","12582","12.29"
"archive\_src_inline_backups\src\wingman2\layout\AppShell.tsx.bak-lazy-guru-tidy-20260622-203517","archive",".bak-lazy-guru-tidy-20260622-203517","12550","12.26"
"archive\_wingman_backup_guru_single_instance_20260614-063825\src\wingman2\pages\IngestPage.tsx","archive",".tsx","12498","12.21"
"archive\_src_inline_backups\src\wingman2\layout\AppShell.tsx.bak-lazy-guru-20260622-203328","archive",".bak-lazy-guru-20260622-203328","12391","12.1"
"archive\_wingman_backup_guru_single_instance_20260614-063825\src\wingman2\pages\ProjectDetailPage.tsx","archive",".tsx","12353","12.06"
".wingman-work\backups\20260811-125821\src\wingman2\components\VisualStudioCanvas.tsx",".wingman-work",".tsx","12334","12.04"
".wingman-work\backups\20260811-125215\src\wingman2\components\VisualStudioCanvas.tsx",".wingman-work",".tsx","12334","12.04"
".wingman-work\backups\20260811-125346\src\wingman2\components\VisualStudioCanvas.tsx",".wingman-work",".tsx","12334","12.04"
".wingman-work\backups\20260811-125346\src\wingman2\components\WingmanGuruFab.tsx",".wingman-work",".tsx","12273","11.99"
".wingman-work\backups\20260811-125821\src\wingman2\components\WingmanGuruFab.tsx",".wingman-work",".tsx","12273","11.99"
".wingman-work\backups\20260811-125215\src\wingman2\components\WingmanGuruFab.tsx",".wingman-work",".tsx","12273","11.99"
".wingman-work\backups\20260811-125215\src\wingman2\lib\salesReadiness.ts",".wingman-work",".ts","12264","11.98"
".wingman-work\backups\20260811-125821\src\wingman2\lib\salesReadiness.ts",".wingman-work",".ts","12264","11.98"
".wingman-work\backups\20260811-125346\src\wingman2\lib\salesReadiness.ts",".wingman-work",".ts","12264","11.98"
"archive\_src_inline_backups\src\wingman2\lib\visualStudioProductConnection.ts.backup-20260710-065306","archive",".backup-20260710-065306","12210","11.92"
"archive\_wingman_backup_ip300_compare_fix_20260614-093023\wyrestormCompareDirectCandidateMap.ts","archive",".ts","12210","11.92"
"archive\_wingman_backup_pre_compare_cleanup_20260614-083913\src\wingman2\lib\wyrestormCompareDirectCandidateMap.ts","archive",".ts","12210","11.92"
"archive\_src_inline_backups\src\wingman2\lib\visualStudioProductConnection.ts.backup-20260710-063147","archive",".backup-20260710-063147","11983","11.7"
"archive\_src_inline_backups\src\wingman2\lib\visualStudioProductConnection.ts.backup-20260710-063043","archive",".backup-20260710-063043","11983","11.7"
"src\wingman2\components\WingmanGuruFab.tsx.20260714-133506.bak","src",".bak","11943","11.66"
".wingman-work\backups\20260811-125215\src\wingman2\components\WingmanGuruFab.tsx.20260714-133506.bak",".wingman-work",".bak","11943","11.66"
".wingman-work\backups\20260811-125821\src\wingman2\components\WingmanGuruFab.tsx.20260714-133506.bak",".wingman-work",".bak","11943","11.66"
".wingman-work\backups\20260811-125346\src\wingman2\components\WingmanGuruFab.tsx.20260714-133506.bak",".wingman-work",".bak","11943","11.66"
"archive\repo-cleanup-20260709-050830\root-backups\_wingman_backup_dashboard_compact_shell_20260630-094748\src\wingman2\pages\DashboardPage.tsx","archive",".tsx","11934","11.65"
"backups\react-flow-foundation-20260714-084703\VisualStudioCanvas.tsx.bak","backups",".bak","11925","11.65"
"backups\react-flow-foundation-20260714-054745\VisualStudioCanvas.tsx.bak","backups",".bak","11925","11.65"
"backups\visual-studio-connectivity-20260714-053745\VisualStudioCanvas.tsx.bak","backups",".bak","11925","11.65"
"archive\backups\fix-visual-design-pagehero-import-2026-06-08_11-25-13\src\wingman2\pages\VisualDesignStudioPage.tsx","archive",".tsx","11863","11.58"
".wingman-work\backups\20260811-125346\src\wingman2\lib\roomSchematicEngine.ts",".wingman-work",".ts","11771","11.5"
".wingman-work\backups\20260811-125821\src\wingman2\lib\roomSchematicEngine.ts",".wingman-work",".ts","11771","11.5"
".wingman-work\backups\20260811-125215\src\wingman2\lib\roomSchematicEngine.ts",".wingman-work",".ts","11771","11.5"
".wingman-work\backups\20260811-125821\src\__tests__\templateMarketFiltersAndCustomTemplates.test.tsx",".wingman-work",".tsx","11714","11.44"
".wingman-work\backups\20260811-125346\src\__tests__\templateMarketFiltersAndCustomTemplates.test.tsx",".wingman-work",".tsx","11714","11.44"
".wingman-work\backups\20260811-125215\src\__tests__\templateMarketFiltersAndCustomTemplates.test.tsx",".wingman-work",".tsx","11714","11.44"
"archive\_wingman_backup_guru_single_instance_20260614-063825\src\wingman2\logic\matrixOutputModel.ts","archive",".ts","11653","11.38"
".wingman-work\backups\20260811-125821\src\wingman2\lib\productRoleResolution.ts",".wingman-work",".ts","11526","11.26"
".wingman-work\backups\20260811-125215\src\wingman2\lib\productRoleResolution.ts",".wingman-work",".ts","11526","11.26"
".wingman-work\backups\20260811-125346\src\wingman2\lib\productRoleResolution.ts",".wingman-work",".ts","11526","11.26"
"archive\_src_inline_backups\src\wingman2\components\workflow\WorkflowAlphaNumericFilter.tsx.bak-disable-duplicate-alpha-20260628-045857","archive",".bak-disable-duplicate-alpha-20260628-045857","11470","11.2"
"archive\backups\response-pack-product-schematic-context-2026-06-08_11-23-41\src\wingman2\pages\VisualDesignStudioPage.tsx","archive",".tsx","11395","11.13"
"backups\guru-fab-movable-20260709-102930\WingmanGuruFab.tsx.bak","backups",".bak","11270","11.01"
"archive\repo-cleanup-20260709-050830\root-backups\_wingman_backup_apo_dg2_dependency_rule_20260706-112917\src\wingman2\lib\compareCandidateGate.ts","archive",".ts","11163","10.9"
"archive\repo-cleanup-20260709-050830\root-backups\_wingman_backup_apo_dg2_typecheck_repair_20260706-113211\compareCandidateGate.ts","archive",".ts","11163","10.9"
"archive\repo-cleanup-20260709-050830\root-backups\_wingman_backup_apo_dg2_remaining_refs_20260706-113037\compareCandidateGate.ts","archive",".ts","11163","10.9"
"archive\_src_inline_backups\src\wingman2\pages\productCallCards\ProductCallCardsSelectPage.tsx.backup-hide-old-mic-20260610-103704","archive",".backup-hide-old-mic-20260610-103704","11160","10.9"
"archive\_src_inline_backups\src\wingman2\components\workflow\WorkflowAlphaNumericFilter.tsx.bak-disable-alpha-readout-dom-20260627-191207","archive",".bak-disable-alpha-readout-dom-20260627-191207","11142","10.88"
"archive\_src_inline_backups\src\wingman2\components\workflow\WorkflowAlphaNumericFilter.tsx.bak-remove-alpha-actual-readout-20260627-193650","archive",".bak-remove-alpha-actual-readout-20260627-193650","11142","10.88"
"archive\_src_inline_backups\src\wingman2\components\workflow\WorkflowAlphaNumericFilter.tsx.bak-disable-alpha-readout-dom-20260627-191018","archive",".bak-disable-alpha-readout-dom-20260627-191018","11109","10.85"
"archive\_src_inline_backups\src\wingman2\components\workflow\WorkflowAlphaNumericFilter.tsx.bak-remove-alpha-readout-20260627-190847","archive",".bak-remove-alpha-readout-20260627-190847","11109","10.85"
"archive\_src_inline_backups\src\wingman2\components\workflow\WorkflowAlphaNumericFilter.tsx.bak-prune-alpha-readout-20260627-194017","archive",".bak-prune-alpha-readout-20260627-194017","11086","10.83"
".wingman-work\backups\20260811-125215\src\wingman2\lib\schematic\wingmanSchematicEngine.test.ts",".wingman-work",".ts","11071","10.81"
".wingman-work\backups\20260811-125346\src\wingman2\lib\schematic\wingmanSchematicEngine.test.ts",".wingman-work",".ts","11071","10.81"
".wingman-work\backups\20260811-125821\src\wingman2\lib\schematic\wingmanSchematicEngine.test.ts",".wingman-work",".ts","11071","10.81"
".wingman-work\backups\20260811-125821\src\wingman2\components\VoiceAnswerCaptureOverlay.tsx",".wingman-work",".tsx","10988","10.73"
".wingman-work\backups\20260811-125215\src\wingman2\components\VoiceAnswerCaptureOverlay.tsx",".wingman-work",".tsx","10988","10.73"
".wingman-work\backups\20260811-125346\src\wingman2\components\VoiceAnswerCaptureOverlay.tsx",".wingman-work",".tsx","10988","10.73"
".wingman-work\backups\20260811-125346\src\wingman2\pages\DashboardPage.tsx",".wingman-work",".tsx","10981","10.72"
".wingman-work\backups\20260811-125215\src\wingman2\pages\DashboardPage.tsx",".wingman-work",".tsx","10981","10.72"
".wingman-work\backups\20260811-125821\src\wingman2\pages\DashboardPage.tsx",".wingman-work",".tsx","10981","10.72"
".wingman-work\backups\20260811-125215\src\wingman2\components\VisualStudioCanvas.tsx.20260712-143240.bak",".wingman-work",".bak","10932","10.68"
".wingman-work\backups\20260811-125346\src\wingman2\components\VisualStudioCanvas.tsx.20260712-143533.bak",".wingman-work",".bak","10932","10.68"
".wingman-work\backups\20260811-125215\src\wingman2\components\VisualStudioCanvas.tsx.20260712-143533.bak",".wingman-work",".bak","10932","10.68"
"src\wingman2\components\VisualStudioCanvas.tsx.20260712-143533.bak","src",".bak","10932","10.68"
".wingman-work\backups\20260811-125346\src\wingman2\components\VisualStudioCanvas.tsx.20260712-143240.bak",".wingman-work",".bak","10932","10.68"
".wingman-work\backups\20260811-125821\src\wingman2\components\VisualStudioCanvas.tsx.20260712-143240.bak",".wingman-work",".bak","10932","10.68"
".wingman-work\backups\20260811-125821\src\wingman2\components\VisualStudioCanvas.tsx.20260712-143533.bak",".wingman-work",".bak","10932","10.68"
"src\wingman2\components\VisualStudioCanvas.tsx.20260712-143240.bak","src",".bak","10932","10.68"
"backups\visual-studio-canvas-layout-20260714-052453\VisualStudioCanvas.tsx.bak","backups",".bak","10890","10.63"
"backups\visual-studio-canvas-layout-v2-20260714-052759\VisualStudioCanvas.tsx.bak","backups",".bak","10890","10.63"
".wingman-work\backups\20260811-125346\src\wingman2\pages\GlossaryPage.tsx",".wingman-work",".tsx","10882","10.63"
".wingman-work\backups\20260811-125215\src\wingman2\pages\GlossaryPage.tsx",".wingman-work",".tsx","10882","10.63"
".wingman-work\backups\20260811-125821\src\wingman2\pages\GlossaryPage.tsx",".wingman-work",".tsx","10882","10.63"
"archive\_wingman_backup_package_sanitizer_wire_fix_20260615-135201\package.json","archive",".json","10879","10.62"
"archive\_wingman_backup_compare_role_gate_repair_20260615-192817\package.json","archive",".json","10879","10.62"
"archive\_wingman_backup_suppressed_discontinued_products_20260615-134506\package.json","archive",".json","10879","10.62"
"archive\_wingman_backup_product_suppression_fix_20260615-135005\package.json","archive",".json","10879","10.62"
".wingman-work\backups\20260811-125346\src\wingman2\content\feature-audit.json",".wingman-work",".json","10859","10.6"
".wingman-work\backups\20260811-125821\src\wingman2\content\feature-audit.json",".wingman-work",".json","10859","10.6"
".wingman-work\backups\20260811-125215\src\wingman2\content\feature-audit.json",".wingman-work",".json","10859","10.6"
"archive\_src_inline_backups\src\wingman2\lib\visualStudioProductConnection.ts.backup-20260710-062527","archive",".backup-20260710-062527","10780","10.53"
"archive\_src_inline_backups\src\wingman2\lib\visualStudioProductConnection.ts.backup-20260710-062749","archive",".backup-20260710-062749","10780","10.53"
"backups\visual-studio-connectivity-layout-fix-20260712-130000\src\wingman2\lib\visualStudioProductConnection.ts","backups",".ts","10780","10.53"
"archive\repo-cleanup-20260709-050830\root-backups\_wingman_backup_compare_class_gate_20260704-205242\src\wingman2\lib\compareCandidateGate.ts","archive",".ts","10746","10.49"
"archive\_src_inline_backups\src\wingman2\components\WingmanGuruFab.tsx.bak-guru-duplicate-attribute-fix-20260622-155517","archive",".bak-guru-duplicate-attribute-fix-20260622-155517","10692","10.44"
".wingman-work\backups\20260811-125821\src\wingman2\lib\schematic\projectToSchematicBrief.ts",".wingman-work",".ts","10689","10.44"
".wingman-work\backups\20260811-125215\src\wingman2\lib\schematic\projectToSchematicBrief.ts",".wingman-work",".ts","10689","10.44"
".wingman-work\backups\20260811-125346\src\wingman2\lib\schematic\projectToSchematicBrief.ts",".wingman-work",".ts","10689","10.44"
"archive\repo-cleanup-20260709-050830\root-backups\_wingman_backup_compare_auto_identify_overconfidence_20260701-163910\compareAutoIdentify.ts","archive",".ts","10653","10.4"
"archive\repo-cleanup-20260709-050830\root-backups\_wingman_backup_compare_auto_identify_overconfidence_20260701-163802\compareAutoIdentify.ts","archive",".ts","10653","10.4"
"archive\repo-cleanup-20260709-050830\root-backups\_wingman_backup_home_navhub_header_20260630-133036\src\wingman2\pages\DashboardPage.tsx","archive",".tsx","10624","10.38"
"archive\_src_inline_backups\src\wingman2\components\WingmanGuruFab.tsx.bak-guru-clean-final-20260622-161818","archive",".bak-guru-clean-final-20260622-161818","10621","10.37"
"archive\_src_inline_backups\src\wingman2\components\WingmanGuruFab.tsx.bak-guru-clean-final-20260622-161750","archive",".bak-guru-clean-final-20260622-161750","10618","10.37"
"archive\_wingman_backup_guru_single_instance_20260614-063825\src\wingman2\data\competitorSourceFeeds.ts","archive",".ts","10604","10.36"
"archive\repo-cleanup-20260709-050830\root-backups\_wingman_backup_home_body_reset_20260630-133647\src\wingman2\pages\DashboardPage.tsx","archive",".tsx","10600","10.35"
"archive\_src_inline_backups\src\wingman2\components\WingmanGuruFab.tsx.bak-guru-final-restore-20260622-151819","archive",".bak-guru-final-restore-20260622-151819","10550","10.3"
"backups\templates-filter-compact-20260709-072953\TemplatesPage.tsx.bak","backups",".bak","10545","10.3"
".wingman-work\backups\20260811-125346\src\wingman2\pages\discovery\discoveryAnswerUtils.ts",".wingman-work",".ts","10526","10.28"
".wingman-work\backups\20260811-125821\src\wingman2\pages\discovery\discoveryAnswerUtils.ts",".wingman-work",".ts","10526","10.28"
".wingman-work\backups\20260811-125215\src\wingman2\pages\discovery\discoveryAnswerUtils.ts",".wingman-work",".ts","10526","10.28"
"archive\_wingman_backup_pre_compare_cleanup_20260614-083913\package.json","archive",".json","10460","10.21"
"archive\_wingman_backup_compare_bridge_timer_fix_20260615-191216\compareSkuAutoAdvanceBridge.ts","archive",".ts","10425","10.18"
"archive\_wingman_backup_guru_single_instance_20260614-063825\src\wingman2\lib\compareCandidateGate.ts","archive",".ts","10423","10.18"
"archive\_wingman_backup_compare_filter_logic_guard_20260615-123108\src\wingman2\components\workflow\WorkflowAlphaNumericFilter.tsx","archive",".tsx","10409","10.17"
"archive\_wingman_backup_compare_text_card_repair_20260615-193859\compareSkuAutoAdvanceBridge.ts","archive",".ts","10404","10.16"
".wingman-work\backups\20260811-125346\src\wingman2\lib\productAssurance.ts",".wingman-work",".ts","10397","10.15"
".wingman-work\backups\20260811-125821\src\wingman2\lib\productAssurance.ts",".wingman-work",".ts","10397","10.15"
".wingman-work\backups\20260811-125215\src\wingman2\lib\productAssurance.ts",".wingman-work",".ts","10397","10.15"
"archive\_wingman_backup_compare_native_cleanup_20260615-133847\src\wingman2\components\workflow\WorkflowAlphaNumericFilter.tsx","archive",".tsx","10388","10.14"
"archive\_wingman_backup_compare_workflow_cleanup_20260613-214444\src\wingman2\components\compare\CompareWirelessPresentationOverride.tsx","archive",".tsx","10308","10.07"
"archive\_wingman_backup_guru_single_instance_20260614-063825\src\wingman2\lib\productSalesPositioning.ts","archive",".ts","10284","10.04"
"archive\repo-cleanup-20260709-050830\root-artifacts\NavigationHubPages.tsx.DISCARDED","archive",".discarded","10275","10.03"
"archive\repo-cleanup-20260709-050830\root-artifacts\install.DISCARDED\NavigationHubPages.tsx","archive",".tsx","10275","10.03"
"archive\_src_inline_backups\src\wingman2\pages\ProjectsPage.tsx.bak-project-heading-scroll-20260627-054828","archive",".bak-project-heading-scroll-20260627-054828","10244","10"
"backups\compare-sku-workspace-20260713-182648\compareManufacturerAssist.ts.bak","backups",".bak","10240","10"
"backups\compare-sku-workspace-20260713-183431\compareManufacturerAssist.ts.bak","backups",".bak","10240","10"
"backups\compare-sku-workspace-20260713-182813\compareManufacturerAssist.ts.bak","backups",".bak","10240","10"
"archive\repo-cleanup-20260709-050830\root-backups\_wingman_backup_dashboard_second_title_20260706-095419\DashboardPage.tsx","archive",".tsx","10234","9.99"
"archive\repo-cleanup-20260709-050830\root-backups\_wingman_backup_dashboard_title_guard_20260706-095232\DashboardPage.tsx","archive",".tsx","10210","9.97"
"archive\repo-cleanup-20260709-050830\root-artifacts\DashboardPage.tsx","archive",".tsx","10144","9.91"
"archive\repo-cleanup-20260709-050830\root-backups\_wingman_backup_dashboard_markup_guard_20260706-095120\DashboardPage.tsx","archive",".tsx","10144","9.91"
"archive\repo-cleanup-20260709-050830\root-artifacts\install.DISCARDED\DashboardPage.tsx","archive",".tsx","10144","9.91"
"archive\repo-cleanup-20260709-050830\root-backups\_wingman_backup_dashboard_markup_guard_20260706-095040\DashboardPage.tsx","archive",".tsx","10144","9.91"
".wingman-work\backups\20260811-125215\src\wingman2\lib\schematic\wholeProjectVisualDiagram.ts",".wingman-work",".ts","10093","9.86"
".wingman-work\backups\20260811-125346\src\wingman2\lib\schematic\wholeProjectVisualDiagram.ts",".wingman-work",".ts","10093","9.86"
".wingman-work\backups\20260811-125821\src\wingman2\lib\schematic\wholeProjectVisualDiagram.ts",".wingman-work",".ts","10093","9.86"
".wingman-work\backups\20260811-125346\src\wingman2\lib\productCallCardClassification.test.ts",".wingman-work",".ts","10089","9.85"
".wingman-work\backups\20260811-125215\src\wingman2\lib\productCallCardClassification.test.ts",".wingman-work",".ts","10089","9.85"
".wingman-work\backups\20260811-125821\src\wingman2\lib\productCallCardClassification.test.ts",".wingman-work",".ts","10089","9.85"
"backups\templates-filter-cleanup-20260709-075251\TemplatesPage.tsx.bak","backups",".bak","9962","9.73"
"archive\_wingman_backup_guru_single_instance_20260614-063825\src\wingman2\components\GuruRovingIcon.tsx","archive",".tsx","9949","9.72"
".wingman-work\backups\20260811-125346\src\wingman2\logic\usbPathValidator.ts",".wingman-work",".ts","9942","9.71"
".wingman-work\backups\20260811-125821\src\wingman2\logic\usbPathValidator.ts",".wingman-work",".ts","9942","9.71"
".wingman-work\backups\20260811-125215\src\wingman2\logic\usbPathValidator.ts",".wingman-work",".ts","9942","9.71"
"archive\repo-cleanup-20260709-050830\root-backups\_wingman_backup_home_navhub_reset_20260630-134236\src\wingman2\pages\DashboardPage.tsx","archive",".tsx","9904","9.67"
".wingman-work\backups\20260811-125821\src\wingman2\lib\visualStudioDiagramFactory.ts",".wingman-work",".ts","9901","9.67"
".wingman-work\backups\20260811-125215\src\wingman2\lib\visualStudioDiagramFactory.ts",".wingman-work",".ts","9901","9.67"
".wingman-work\backups\20260811-125346\src\wingman2\lib\visualStudioDiagramFactory.ts",".wingman-work",".ts","9901","9.67"
".wingman-work\backups\20260811-125346\src\wingman2\components\VisualStudioCanvas.tsx.before-visual-tidy.bak",".wingman-work",".bak","9862","9.63"
".wingman-work\backups\20260811-125215\src\wingman2\components\VisualStudioCanvas.tsx.before-visual-tidy.bak",".wingman-work",".bak","9862","9.63"
".wingman-work\backups\20260811-125821\src\wingman2\components\VisualStudioCanvas.tsx.before-visual-tidy.bak",".wingman-work",".bak","9862","9.63"
"src\wingman2\components\VisualStudioCanvas.tsx.before-visual-tidy.bak","src",".bak","9862","9.63"
"archive\_wingman_backup_speech_type_fix_20260614-201933\VoiceAnswerCaptureOverlay.tsx","archive",".tsx","9823","9.59"
"archive\_wingman_backup_guru_single_instance_20260614-063825\src\wingman2\components\VoiceAnswerCaptureOverlay.tsx","archive",".tsx","9823","9.59"
".wingman-work\backups\20260811-125821\src\wingman2\components\VisualStudioCanvas.tsx.before-react-flow-css-fix.bak",".wingman-work",".bak","9822","9.59"
"src\wingman2\components\VisualStudioCanvas.tsx.before-react-flow-css-fix.bak","src",".bak","9822","9.59"
".wingman-work\backups\20260811-125346\src\wingman2\components\VisualStudioCanvas.tsx.before-react-flow-css-fix.bak",".wingman-work",".bak","9822","9.59"
".wingman-work\backups\20260811-125215\src\wingman2\components\VisualStudioCanvas.tsx.before-react-flow-css-fix.bak",".wingman-work",".bak","9822","9.59"
"archive\_src_inline_backups\src\wingman2\components\VisualStudioCanvas.tsx.backup-20260710-071454","archive",".backup-20260710-071454","9821","9.59"
"archive\_src_inline_backups\src\wingman2\components\VisualStudioCanvas.tsx.backup-20260710-062749","archive",".backup-20260710-062749","9816","9.59"
"archive\_src_inline_backups\src\wingman2\components\VisualStudioCanvas.tsx.backup-20260710-062527","archive",".backup-20260710-062527","9816","9.59"
"archive\_src_inline_backups\src\wingman2\components\VisualStudioCanvas.tsx.backup-20260710-063043","archive",".backup-20260710-063043","9814","9.58"
"archive\_src_inline_backups\src\wingman2\components\VisualStudioCanvas.tsx.backup-20260710-065535","archive",".backup-20260710-065535","9814","9.58"
"archive\_wingman_backup_before_compare_restore_20260614-052137\src_wingman2_components_guru_GuruHelper.tsx","archive",".tsx","9794","9.56"
"backups\visual-studio-connectivity-layout-fix-20260712-130000\src\wingman2\components\VisualStudioCanvas.tsx","backups",".tsx","9785","9.56"
"archive\_wingman_backup_mic_scope_20260614-061410\GuruHelper.tsx","archive",".tsx","9784","9.55"
"archive\_wingman_backup_restore_global_guru_20260614-064442\src\wingman2\components\guru\GuruHelper.tsx","archive",".tsx","9784","9.55"
"archive\_wingman_backup_guru_single_instance_20260614-063825\src\wingman2\components\guru\GuruHelper.tsx","archive",".tsx","9784","9.55"
"archive\_wingman_backup_restore_sweeping_guru_20260614-064242\src\wingman2\components\guru\GuruHelper.tsx","archive",".tsx","9784","9.55"
"archive\_wingman_backup_guru_icon_fix_20260614-051319\GuruHelper.tsx","archive",".tsx","9782","9.55"
"backups\visual-studio-viewport-fix-20260712-123722\src\wingman2\components\VisualStudioCanvas.tsx","backups",".tsx","9780","9.55"
"backups\visual-studio-viewport-fix-20260712-123926\src\wingman2\components\VisualStudioCanvas.tsx","backups",".tsx","9780","9.55"
"backups\visual-studio-fit-header-fix-20260712-124959\src\wingman2\components\VisualStudioCanvas.tsx","backups",".tsx","9780","9.55"
"backups\visual-studio-viewport-fix-20260712-124259\src\wingman2\components\VisualStudioCanvas.tsx","backups",".tsx","9780","9.55"
"archive\_src_inline_backups\tools\check-wingman-scenario-validation.mjs.backup-20260613-090435","archive",".backup-20260613-090435","9732","9.5"
".wingman-work\backups\20260811-125215\src\wingman2\components\ReportProblemButton.tsx",".wingman-work",".tsx","9712","9.48"
".wingman-work\backups\20260811-125821\src\wingman2\components\ReportProblemButton.tsx",".wingman-work",".tsx","9712","9.48"
".wingman-work\backups\20260811-125346\src\wingman2\components\ReportProblemButton.tsx",".wingman-work",".tsx","9712","9.48"
"tools\audit-wingman-route-registry-direct.mjs.20260718-190305.bak","tools",".bak","9694","9.47"
"backups\react-flow-foundation-20260714-054745\visualStudioDiagramFactory.ts.bak","backups",".bak","9693","9.47"
"backups\visual-studio-connectivity-20260714-053745\visualStudioDiagramFactory.ts.bak","backups",".bak","9693","9.47"
"backups\react-flow-foundation-20260714-084703\visualStudioDiagramFactory.ts.bak","backups",".bak","9693","9.47"
"archive\repo-cleanup-20260709-050830\root-artifacts\setup-wingman-redesign.ps1.DISCARDED","archive",".discarded","9681","9.45"
"archive\repo-cleanup-20260709-050830\root-artifacts\install.DISCARDED\setup-wingman-redesign.ps1","archive",".ps1","9681","9.45"
"archive\_src_inline_backups\src\wingman2\pages\productCallCards\ProductCallCardsSelectPage.tsx.backup-simple-select-20260610-085354","archive",".backup-simple-select-20260610-085354","9642","9.42"
"archive\_wingman_backup_actual_sku_alpha_filter_20260615-122021\src\wingman2\components\workflow\WorkflowAlphaNumericFilter.tsx","archive",".tsx","9641","9.42"
".wingman-work\backups\20260811-125821\src\wingman2\lib\roomTemplatePlaceholders.ts",".wingman-work",".ts","9629","9.4"
".wingman-work\backups\20260811-125346\src\wingman2\lib\roomTemplatePlaceholders.ts",".wingman-work",".ts","9629","9.4"
".wingman-work\backups\20260811-125215\src\wingman2\lib\roomTemplatePlaceholders.ts",".wingman-work",".ts","9629","9.4"
"archive\_src_inline_backups\src\wingman2\pages\productCallCards\ProductCallCardsSelectPage.tsx.backup-export-fix-20260610-084033","archive",".backup-export-fix-20260610-084033","9602","9.38"
"archive\_wingman_backup_guru_repair_20260614-051054\src\wingman2\components\guru\GuruHelper.tsx","archive",".tsx","9596","9.37"
".wingman-work\backups\20260811-125215\src\wingman2\lib\networkHdAvoipEquivalence.test.ts",".wingman-work",".ts","9556","9.33"
".wingman-work\backups\20260811-125346\src\wingman2\lib\networkHdAvoipEquivalence.test.ts",".wingman-work",".ts","9556","9.33"
".wingman-work\backups\20260811-125821\src\wingman2\lib\networkHdAvoipEquivalence.test.ts",".wingman-work",".ts","9556","9.33"
".wingman-work\backups\20260811-125346\src\wingman2\components\GuruCallNotesInterpreter.tsx",".wingman-work",".tsx","9537","9.31"
".wingman-work\backups\20260811-125821\src\wingman2\components\GuruCallNotesInterpreter.tsx",".wingman-work",".tsx","9537","9.31"
".wingman-work\backups\20260811-125215\src\wingman2\components\GuruCallNotesInterpreter.tsx",".wingman-work",".tsx","9537","9.31"
"archive\_wingman_backup_sales_helper_mic_capture_20260614-094542\SalesHelperPage.tsx","archive",".tsx","9515","9.29"
"backups\templates-leftover-cleanup-20260709-075901\TemplatesPage.tsx.bak","backups",".bak","9514","9.29"
"src\wingman2\components\WingmanGuruFab.tsx.20260714-134732.bak","src",".bak","9479","9.26"
"src\wingman2\components\WingmanGuruFab.tsx.20260714-135046.bak","src",".bak","9479","9.26"
".wingman-work\backups\20260811-125346\src\wingman2\components\WingmanGuruFab.tsx.20260714-134732.bak",".wingman-work",".bak","9479","9.26"
".wingman-work\backups\20260811-125215\src\wingman2\components\WingmanGuruFab.tsx.20260714-135046.bak",".wingman-work",".bak","9479","9.26"
".wingman-work\backups\20260811-125215\src\wingman2\components\WingmanGuruFab.tsx.20260714-134732.bak",".wingman-work",".bak","9479","9.26"
".wingman-work\backups\20260811-125821\src\wingman2\components\WingmanGuruFab.tsx.20260714-135046.bak",".wingman-work",".bak","9479","9.26"
".wingman-work\backups\20260811-125346\src\wingman2\components\WingmanGuruFab.tsx.20260714-135046.bak",".wingman-work",".bak","9479","9.26"
".wingman-work\backups\20260811-125821\src\wingman2\components\WingmanGuruFab.tsx.20260714-134732.bak",".wingman-work",".bak","9479","9.26"
".wingman-work\backups\20260811-125821\src\wingman2\lib\competitorMatchDecisionLedger.ts",".wingman-work",".ts","9438","9.22"
".wingman-work\backups\20260811-125215\src\wingman2\lib\competitorMatchDecisionLedger.ts",".wingman-work",".ts","9438","9.22"
".wingman-work\backups\20260811-125346\src\wingman2\lib\competitorMatchDecisionLedger.ts",".wingman-work",".ts","9438","9.22"
".wingman-work\backups\20260811-125346\src\wingman2\lib\engineRobustness.test.ts",".wingman-work",".ts","9348","9.13"
".wingman-work\backups\20260811-125215\src\wingman2\lib\engineRobustness.test.ts",".wingman-work",".ts","9348","9.13"
".wingman-work\backups\20260811-125821\src\wingman2\lib\engineRobustness.test.ts",".wingman-work",".ts","9348","9.13"
"archive\_wingman_backup_guru_single_instance_20260614-063825\src\wingman2\lib\salesReadiness.ts","archive",".ts","9332","9.11"
"archive\repo-cleanup-20260709-050830\root-backups\_wingman_backup_visual_utility_migration_20260630-082229\src\wingman2\pages\CatalogBrowserPage.tsx","archive",".tsx","9268","9.05"
"archive\_wingman_backup_guru_single_instance_20260614-063825\src\wingman2\logic\usbPathValidator.ts","archive",".ts","9200","8.98"
"archive\repo-cleanup-20260709-050830\src-snapshots\src\wingman2\pages\TemplatesPage.tsx.remove-template-library-band-20260707-195213.bak","archive",".bak","9192","8.98"
"archive\repo-cleanup-20260709-050830\src-snapshots\src\wingman2\pages\TemplatesPage.tsx.remove-template-library-band-20260707-194956.bak","archive",".bak","9192","8.98"
"archive\_wingman_backup_guru_single_instance_20260614-063825\src\wingman2\pages\ProfilePage.tsx","archive",".tsx","9180","8.96"
".wingman-work\backups\20260811-125346\src\wingman2\pages\SalesHelperPage.tsx",".wingman-work",".tsx","9103","8.89"
".wingman-work\backups\20260811-125215\src\wingman2\pages\SalesHelperPage.tsx",".wingman-work",".tsx","9103","8.89"
".wingman-work\backups\20260811-125821\src\wingman2\pages\SalesHelperPage.tsx",".wingman-work",".tsx","9103","8.89"
"archive\repo-cleanup-20260709-050830\root-backups\_wingman_backup_home_navhub_shared_ui_20260630-141354\src\wingman2\pages\DashboardPage.tsx","archive",".tsx","9079","8.87"
"archive\repo-cleanup-20260709-050830\root-backups\_wingman_backup_home_navhub_reset_20260630-134327\src\wingman2\pages\DashboardPage.tsx","archive",".tsx","9068","8.86"
"archive\repo-cleanup-20260709-050830\root-backups\_wingman_backup_home_shared_css_20260630-134642\src\wingman2\pages\DashboardPage.tsx","archive",".tsx","9068","8.86"
"archive\repo-cleanup-20260709-050830\root-backups\_wingman_backup_page_markup_migration_20260630-074900\src\wingman2\pages\CatalogBrowserPage.tsx","archive",".tsx","9040","8.83"
"archive\_wingman_backup_discovery_readiness_marker_20260614-204208\production-readiness-check.mjs","archive",".mjs","9031","8.82"
"archive\_src_inline_backups\src\wingman2\pages\productCallCards\ProductCallCardsSelectPage.tsx.backup-inline-layout-test-20260610-093254","archive",".backup-inline-layout-test-20260610-093254","8977","8.77"
"archive\_wingman_backup_sales_helper_wizard_20260614-094034\SalesHelperPage.tsx","archive",".tsx","8959","8.75"
".wingman-work\backups\20260811-125346\src\wingman2\lib\proposalCompiler.ts",".wingman-work",".ts","8932","8.72"
".wingman-work\backups\20260811-125215\src\wingman2\lib\proposalCompiler.ts",".wingman-work",".ts","8932","8.72"
".wingman-work\backups\20260811-125821\src\wingman2\lib\proposalCompiler.ts",".wingman-work",".ts","8932","8.72"
"archive\_wingman_backup_guru_single_instance_20260614-063825\src\wingman2\components\WingmanGuruFab.tsx","archive",".tsx","8867","8.66"
"archive\_wingman_backup_guru_single_instance_20260614-063825\src\wingman2\lib\proposalExport.ts","archive",".ts","8772","8.57"
"archive\_wingman_backup_speech_type_fix_20260614-201933\GuruCallNotesInterpreter.tsx","archive",".tsx","8736","8.53"
"archive\_wingman_backup_guru_single_instance_20260614-063825\src\wingman2\components\GuruCallNotesInterpreter.tsx","archive",".tsx","8736","8.53"
".wingman-work\backups\20260811-125346\src\wingman2\pages\VisualStudioPage.tsx",".wingman-work",".tsx","8729","8.52"
".wingman-work\backups\20260811-125821\src\wingman2\pages\VisualStudioPage.tsx",".wingman-work",".tsx","8729","8.52"
".wingman-work\backups\20260811-125215\src\wingman2\pages\VisualStudioPage.tsx",".wingman-work",".tsx","8729","8.52"
"archive\_src_inline_backups\src\wingman2\pages\NavigationHubPages.tsx.bak-remove-callcoach-loop-20260627-143501","archive",".bak-remove-callcoach-loop-20260627-143501","8646","8.44"
"archive\_wingman_backup_compare_match_detection_fix_20260615-125107\src\wingman2\components\workflow\CompareMatchPresentationGuard.tsx","archive",".tsx","8646","8.44"
"archive\_wingman_backup_guru_single_instance_20260614-063825\src\wingman2\components\ProductSalesKnowledgePanel.tsx","archive",".tsx","8614","8.41"
"archive\_src_inline_backups\src\wingman2\pages\NavigationHubPages.tsx.bak-remove-inbound-call-tile-20260627-174725","archive",".bak-remove-inbound-call-tile-20260627-174725","8598","8.4"
"archive\_src_inline_backups\src\wingman2\pages\NavigationHubPages.tsx.bak-remove-redundant-call-buttons-20260627-153111","archive",".bak-remove-redundant-call-buttons-20260627-153111","8598","8.4"
"archive\_src_inline_backups\src\wingman2\pages\NavigationHubPages.tsx.bak-final-remove-live-call-card-20260627-175027","archive",".bak-final-remove-live-call-card-20260627-175027","8598","8.4"
".wingman-work\backups\20260811-125346\src\wingman2\components\guruGlossaryLinks.tsx",".wingman-work",".tsx","8580","8.38"
".wingman-work\backups\20260811-125215\src\wingman2\components\guruGlossaryLinks.tsx",".wingman-work",".tsx","8580","8.38"
".wingman-work\backups\20260811-125821\src\wingman2\components\guruGlossaryLinks.tsx",".wingman-work",".tsx","8580","8.38"
"archive\_src_inline_backups\src\wingman2\pages\NavigationHubPages.tsx.backup-20260710-052933","archive",".backup-20260710-052933","8427","8.23"
"archive\_src_inline_backups\src\wingman2\pages\NavigationHubPages.tsx.backup-20260710-053113","archive",".backup-20260710-053113","8427","8.23"
".wingman-work\backups\20260811-125215\src\wingman2\lib\productCheatSheet.ts",".wingman-work",".ts","8420","8.22"
".wingman-work\backups\20260811-125821\src\wingman2\lib\productCheatSheet.ts",".wingman-work",".ts","8420","8.22"
".wingman-work\backups\20260811-125346\src\wingman2\lib\productCheatSheet.ts",".wingman-work",".ts","8420","8.22"
".wingman-work\backups\20260811-125346\src\wingman2\lib\competitorCompareDecision.test.ts",".wingman-work",".ts","8401","8.2"
".wingman-work\backups\20260811-125821\src\wingman2\lib\competitorCompareDecision.test.ts",".wingman-work",".ts","8401","8.2"
".wingman-work\backups\20260811-125215\src\wingman2\lib\competitorCompareDecision.test.ts",".wingman-work",".ts","8401","8.2"
"archive\_wingman_backup_guru_single_instance_20260614-063825\src\wingman2\utils\installDiscoveryDensityTuning.ts","archive",".ts","8278","8.08"
".wingman-work\backups\20260811-125215\src\wingman2\pages\ComparePageNew.advanced.realCatalog.test.ts",".wingman-work",".ts","8259","8.07"
".wingman-work\backups\20260811-125821\src\wingman2\pages\ComparePageNew.advanced.realCatalog.test.ts",".wingman-work",".ts","8259","8.07"
".wingman-work\backups\20260811-125346\src\wingman2\pages\ComparePageNew.advanced.realCatalog.test.ts",".wingman-work",".ts","8259","8.07"
".wingman-work\backups\20260811-125821\src\wingman2\lib\solutionTemplates.ts",".wingman-work",".ts","8236","8.04"
".wingman-work\backups\20260811-125346\src\wingman2\lib\solutionTemplates.ts",".wingman-work",".ts","8236","8.04"
".wingman-work\backups\20260811-125215\src\wingman2\lib\solutionTemplates.ts",".wingman-work",".ts","8236","8.04"
"archive\_wingman_backup_compare_native_cleanup_20260615-133847\src\wingman2\components\workflow\ProductStoryLanguageEnhancer.tsx","archive",".tsx","8226","8.03"
"archive\_src_inline_backups\src\wingman2\utils\installCompactGuruBridge.ts.bak-simple-term-lookup-20260612-083820","archive",".bak-simple-term-lookup-20260612-083820","8194","8"
"archive\_wingman_backup_guru_single_instance_20260614-063825\src\wingman2\app\resultsClearUntilAction.ts","archive",".ts","8161","7.97"
"archive\_src_inline_backups\src\wingman2\components\compare\CompareSpecificationMatrix.tsx.backup-20260611-112414","archive",".backup-20260611-112414","8037","7.85"
"archive\_wingman_backup_guru_single_instance_20260614-063825\src\wingman2\pages\GlossaryPage.tsx","archive",".tsx","7963","7.78"
".wingman-work\backups\20260811-125346\src\wingman2\components\visualDesign\WingmanGeneratedSchematicPanel.tsx",".wingman-work",".tsx","7878","7.69"
".wingman-work\backups\20260811-125821\src\wingman2\components\visualDesign\WingmanGeneratedSchematicPanel.tsx",".wingman-work",".tsx","7878","7.69"
".wingman-work\backups\20260811-125215\src\wingman2\components\visualDesign\WingmanGeneratedSchematicPanel.tsx",".wingman-work",".tsx","7878","7.69"
"archive\_src_inline_backups\src\wingman2\pages\productCallCards\ProductCallCardsSelectPage.tsx.backup-direct-visible-layout-20260610-093028","archive",".backup-direct-visible-layout-20260610-093028","7864","7.68"
"archive\_src_inline_backups\src\wingman2\lib\compareManufacturerAssist.ts.bak-fix-stale-compare-manufacturer-20260627-111058","archive",".bak-fix-stale-compare-manufacturer-20260627-111058","7852","7.67"
".wingman-work\backups\20260811-125215\src\wingman2\data\wingmanLanguage.ts",".wingman-work",".ts","7847","7.66"
".wingman-work\backups\20260811-125821\src\wingman2\data\wingmanLanguage.ts",".wingman-work",".ts","7847","7.66"
".wingman-work\backups\20260811-125346\src\wingman2\data\wingmanLanguage.ts",".wingman-work",".ts","7847","7.66"
"archive\_src_inline_backups\src\wingman2\pages\productCallCards\ProductCallCardsSelectPage.tsx.backup-spacing-direct-20260610-092318","archive",".backup-spacing-direct-20260610-092318","7809","7.63"
"archive\_wingman_backup_guru_single_instance_20260614-063825\src\wingman2\pages\NavigationHubPages.tsx","archive",".tsx","7746","7.56"
".wingman-work\backups\20260811-125346\src\wingman2\lib\compareRuntimePipeline.ts",".wingman-work",".ts","7724","7.54"
".wingman-work\backups\20260811-125215\src\wingman2\lib\compareRuntimePipeline.ts",".wingman-work",".ts","7724","7.54"
".wingman-work\backups\20260811-125821\src\wingman2\lib\compareRuntimePipeline.ts",".wingman-work",".ts","7724","7.54"
"archive\_src_inline_backups\src\wingman2\components\compare\CompareSpecificationMatrix.tsx.backup-20260611-104315","archive",".backup-20260611-104315","7711","7.53"
"archive\_wingman_backup_guru_single_instance_20260614-063825\src\wingman2\pages\productCallCards\ProductCallCardsProductPage.tsx","archive",".tsx","7704","7.52"
"archive\_wingman_backup_fix_compare_reset_suppression_20260613-213320\src\wingman2\components\compare\CompareWirelessPresentationOverride.tsx","archive",".tsx","7697","7.52"
"archive\backups\presales-priority-1-5-2026-06-08_10-20-58\src\wingman2\pages\NavigationHubPages.tsx","archive",".tsx","7679","7.5"
"archive\repo-cleanup-20260709-050830\root-artifacts\.vite-dev.log","archive",".log","7649","7.47"
".wingman-work\backups\20260811-125215\src\__tests__\singleGuruEntryPoint.test.ts",".wingman-work",".ts","7631","7.45"
".wingman-work\backups\20260811-125346\src\__tests__\singleGuruEntryPoint.test.ts",".wingman-work",".ts","7631","7.45"
".wingman-work\backups\20260811-125821\src\__tests__\singleGuruEntryPoint.test.ts",".wingman-work",".ts","7631","7.45"
".wingman-work\backups\20260811-125346\src\wingman2\lib\visualStudioProductConnection.test.ts",".wingman-work",".ts","7630","7.45"
".wingman-work\backups\20260811-125821\src\wingman2\lib\visualStudioProductConnection.test.ts",".wingman-work",".ts","7630","7.45"
".wingman-work\backups\20260811-125215\src\wingman2\lib\visualStudioProductConnection.test.ts",".wingman-work",".ts","7630","7.45"
"archive\_src_inline_backups\src\wingman2\pages\NavigationHubPages.tsx.bak-repair-callcoach-page-20260627-175237","archive",".bak-repair-callcoach-page-20260627-175237","7624","7.45"
"archive\_wingman_backup_clean_wireless_compare_result_20260613-211951\src\wingman2\components\compare\CompareWirelessPresentationOverride.tsx","archive",".tsx","7554","7.38"
"backups\templates-library-toolbar-20260713-175719\TemplatesPage.tsx.bak","backups",".bak","7490","7.31"
".wingman-work\backups\20260811-125821\src\wingman2\lib\rigorousCompare.ts",".wingman-work",".ts","7434","7.26"
".wingman-work\backups\20260811-125215\src\wingman2\lib\rigorousCompare.ts",".wingman-work",".ts","7434","7.26"
".wingman-work\backups\20260811-125346\src\wingman2\lib\rigorousCompare.ts",".wingman-work",".ts","7434","7.26"
"archive\repo-cleanup-20260709-050830\root-backups\_wingman_backup_visual_utility_migration_20260630-082229\src\wingman2\pages\ProjectsPage.tsx","archive",".tsx","7425","7.25"
"archive\_wingman_backup_guru_single_instance_20260614-063825\src\wingman2\layout\AppShell.tsx","archive",".tsx","7398","7.22"
"archive\backups\wingman-single-screen-fit-2026-06-08_12-29-10\src\wingman2\layout\AppShell.tsx","archive",".tsx","7398","7.22"
"archive\backups\wingman-single-screen-fit-2026-06-08_12-28-23\src\wingman2\layout\AppShell.tsx","archive",".tsx","7398","7.22"
"archive\_src_inline_backups\src\wingman2\components\compare\CompareSpecificationMatrix.tsx.backup-20260611-101650","archive",".backup-20260611-101650","7394","7.22"
"archive\_wingman_backup_pre_compare_cleanup_20260614-083913\src\wingman2\lib\knownAVDomainProfiles.ts","archive",".ts","7388","7.21"
"archive\_wingman_backup_guru_single_instance_20260614-063825\src\wingman2\pages\IntelligencePage.tsx","archive",".tsx","7385","7.21"
"archive\backups\wingman-single-screen-fit-2026-06-08_12-12-34\src\wingman2\layout\AppShell.tsx","archive",".tsx","7282","7.11"
"archive\_wingman_backup_guru_single_instance_20260614-063825\src\wingman2\pages\ProjectsPage.tsx","archive",".tsx","7255","7.08"
"archive\_src_inline_backups\src\wingman2\lib\visualStudioDiagramFactory.ts.backup-20260710-065535","archive",".backup-20260710-065535","7241","7.07"
"archive\_wingman_backup_guru_single_instance_20260614-063825\src\wingman2\data\wingmanLanguage.ts","archive",".ts","7213","7.04"
".wingman-work\backups\20260811-125821\src\wingman2\lib\productCallCardClassification.ts",".wingman-work",".ts","7208","7.04"
".wingman-work\backups\20260811-125346\src\wingman2\lib\productCallCardClassification.ts",".wingman-work",".ts","7208","7.04"
".wingman-work\backups\20260811-125215\src\wingman2\lib\productCallCardClassification.ts",".wingman-work",".ts","7208","7.04"
"archive\repo-cleanup-20260709-050830\root-artifacts\_review\repair-remaining-text-hygiene.mjs","archive",".mjs","7197","7.03"
"archive\_src_inline_backups\src\wingman2\lib\visualStudioDiagramFactory.ts.backup-20260710-062527","archive",".backup-20260710-062527","7161","6.99"
"archive\_src_inline_backups\src\wingman2\lib\visualStudioDiagramFactory.ts.backup-20260710-062749","archive",".backup-20260710-062749","7161","6.99"
"archive\_wingman_backup_guru_single_instance_20260614-063825\src\wingman2\utils\installWingmanSalesMode.ts","archive",".ts","7135","6.97"
".wingman-work\backups\20260811-125346\src\__tests__\wingmanEndToEndAvDesignScenarios.test.ts",".wingman-work",".ts","7130","6.96"
".wingman-work\backups\20260811-125821\src\__tests__\wingmanEndToEndAvDesignScenarios.test.ts",".wingman-work",".ts","7130","6.96"
".wingman-work\backups\20260811-125215\src\__tests__\wingmanEndToEndAvDesignScenarios.test.ts",".wingman-work",".ts","7130","6.96"
"archive\repo-cleanup-20260709-050830\root-backups\_wingman_backup_page_markup_migration_20260630-074900\src\wingman2\pages\ProjectsPage.tsx","archive",".tsx","7122","6.96"
".wingman-work\backups\20260811-125821\src\__tests__\discoveryWorkflowRendered.test.tsx",".wingman-work",".tsx","7086","6.92"
".wingman-work\backups\20260811-125215\src\__tests__\discoveryWorkflowRendered.test.tsx",".wingman-work",".tsx","7086","6.92"
".wingman-work\backups\20260811-125346\src\__tests__\discoveryWorkflowRendered.test.tsx",".wingman-work",".tsx","7086","6.92"
"archive\repo-cleanup-20260709-050830\root-backups\_wingman_backup_apo_dg2_dependency_rule_20260706-112917\src\wingman2\components\visualDesign\WingmanGeneratedSchematicPanel.tsx","archive",".tsx","7074","6.91"
".wingman-work\backups\20260811-125346\src\wingman2\components\AdminProductRecordEditor.tsx",".wingman-work",".tsx","7069","6.9"
".wingman-work\backups\20260811-125215\src\wingman2\components\AdminProductRecordEditor.tsx",".wingman-work",".tsx","7069","6.9"
".wingman-work\backups\20260811-125821\src\wingman2\components\AdminProductRecordEditor.tsx",".wingman-work",".tsx","7069","6.9"
".wingman-work\backups\20260811-125215\src\wingman2\lib\compareEquivalenceGuard.ts",".wingman-work",".ts","7050","6.88"
".wingman-work\backups\20260811-125346\src\wingman2\lib\compareEquivalenceGuard.ts",".wingman-work",".ts","7050","6.88"
".wingman-work\backups\20260811-125821\src\wingman2\lib\compareEquivalenceGuard.ts",".wingman-work",".ts","7050","6.88"
"backups\visual-studio-viewport-fix-20260712-123926\src\wingman2\lib\visualStudioDiagramFactory.ts","backups",".ts","7046","6.88"
"backups\visual-studio-viewport-fix-20260712-124259\src\wingman2\lib\visualStudioDiagramFactory.ts","backups",".ts","7046","6.88"
"backups\visual-studio-viewport-fix-20260712-123722\src\wingman2\lib\visualStudioDiagramFactory.ts","backups",".ts","7046","6.88"
"backups\visual-studio-fit-header-fix-20260712-124959\src\wingman2\lib\visualStudioDiagramFactory.ts","backups",".ts","7046","6.88"
"backups\visual-studio-connectivity-layout-fix-20260712-130000\src\wingman2\lib\visualStudioDiagramFactory.ts","backups",".ts","7046","6.88"
".wingman-work\backups\20260811-125821\src\wingman2\components\AVSignalFlowDiagram.tsx",".wingman-work",".tsx","7045","6.88"
".wingman-work\backups\20260811-125346\src\wingman2\components\AVSignalFlowDiagram.tsx",".wingman-work",".tsx","7045","6.88"
".wingman-work\backups\20260811-125215\src\wingman2\components\AVSignalFlowDiagram.tsx",".wingman-work",".tsx","7045","6.88"
".wingman-work\backups\20260811-125215\src\wingman2\pages\IngestPage.multiSku.test.tsx",".wingman-work",".tsx","6986","6.82"
".wingman-work\backups\20260811-125821\src\wingman2\pages\IngestPage.multiSku.test.tsx",".wingman-work",".tsx","6986","6.82"
".wingman-work\backups\20260811-125346\src\wingman2\pages\IngestPage.multiSku.test.tsx",".wingman-work",".tsx","6986","6.82"
".wingman-work\backups\20260811-125215\src\wingman2\lib\productRoleResolution.test.ts",".wingman-work",".ts","6933","6.77"
".wingman-work\backups\20260811-125346\src\wingman2\lib\productRoleResolution.test.ts",".wingman-work",".ts","6933","6.77"
".wingman-work\backups\20260811-125821\src\wingman2\lib\productRoleResolution.test.ts",".wingman-work",".ts","6933","6.77"
".wingman-work\backups\20260811-125346\src\wingman2\app\route-manifest.json",".wingman-work",".json","6867","6.71"
".wingman-work\backups\20260811-125821\src\wingman2\app\route-manifest.json",".wingman-work",".json","6867","6.71"
".wingman-work\backups\20260811-125215\src\wingman2\app\route-manifest.json",".wingman-work",".json","6867","6.71"
"archive\_src_inline_backups\src\wingman2\components\TemplateDiscoverySeedPanel.tsx.bak-template-seed-final-repair-20260627-080035","archive",".bak-template-seed-final-repair-20260627-080035","6787","6.63"
"archive\_src_inline_backups\src\wingman2\components\TemplateDiscoverySeedPanel.tsx.bak-template-solution-builder-20260627-085516","archive",".bak-template-solution-builder-20260627-085516","6787","6.63"
"archive\_wingman_backup_guru_single_instance_20260614-063825\src\wingman2\lib\rigorousCompare.ts","archive",".ts","6749","6.59"
"archive\_wingman_backup_mic_typing_fix_20260616-064835\microphoneSafety.ts.bak","archive",".bak","6738","6.58"
"archive\_src_inline_backups\src\wingman2\pages\VisualStudioPage.tsx.backup-20260710-063723","archive",".backup-20260710-063723","6733","6.58"
".wingman-work\backups\20260811-125821\src\wingman2\lib\microphoneSafety.ts",".wingman-work",".ts","6715","6.56"
".wingman-work\backups\20260811-125215\src\wingman2\lib\microphoneSafety.ts",".wingman-work",".ts","6715","6.56"
".wingman-work\backups\20260811-125346\src\wingman2\lib\microphoneSafety.ts",".wingman-work",".ts","6715","6.56"
"archive\_wingman_backup_compare_result_layout_20260615-190524\compareSkuAutoAdvanceBridge.ts","archive",".ts","6703","6.55"
"archive\_wingman_backup_guru_single_instance_20260614-063825\src\wingman2\app\pageHeroDensity.ts","archive",".ts","6700","6.54"
"archive\repo-cleanup-20260709-050830\root-backups\_wingman_backup_ingest_arbitrary_tailwind_20260706-104203\IngestPage.multiSku.test.tsx","archive",".tsx","6651","6.5"
"archive\repo-cleanup-20260709-050830\root-backups\_wingman_backup_ingest_arbitrary_tailwind_20260706-104535\IngestPage.multiSku.test.tsx","archive",".tsx","6651","6.5"
"archive\repo-cleanup-20260709-050830\root-backups\_wingman_backup_fixture_import_fix_20260706-120006\IngestPage.multiSku.test.tsx","archive",".tsx","6647","6.49"
".wingman-work\backups\20260811-125346\src\wingman2\lib\productSelectorEngine.test.ts",".wingman-work",".ts","6642","6.49"
".wingman-work\backups\20260811-125821\src\wingman2\lib\productSelectorEngine.test.ts",".wingman-work",".ts","6642","6.49"
".wingman-work\backups\20260811-125215\src\wingman2\lib\productSelectorEngine.test.ts",".wingman-work",".ts","6642","6.49"
".wingman-work\backups\20260811-125346\vite.config.ts",".wingman-work",".ts","6631","6.48"
".wingman-work\backups\20260811-125821\vite.config.ts",".wingman-work",".ts","6631","6.48"
".wingman-work\backups\20260811-125215\vite.config.ts",".wingman-work",".ts","6631","6.48"
"archive\_wingman_backup_guru_single_instance_20260614-063825\src\wingman2\lib\compareEquivalenceGuard.ts","archive",".ts","6589","6.43"
".wingman-work\backups\20260811-125821\src\wingman2\lib\projectRequirements.ts",".wingman-work",".ts","6574","6.42"
".wingman-work\backups\20260811-125346\src\wingman2\lib\projectRequirements.ts",".wingman-work",".ts","6574","6.42"
".wingman-work\backups\20260811-125215\src\wingman2\lib\projectRequirements.ts",".wingman-work",".ts","6574","6.42"
"archive\_wingman_backup_guru_single_instance_20260614-063825\src\wingman2\components\WingmanViewportFitControl.tsx","archive",".tsx","6556","6.4"
".wingman-work\backups\20260811-125215\src\__tests__\discovery-source-uc-topology.test.ts",".wingman-work",".ts","6498","6.35"
".wingman-work\backups\20260811-125821\src\__tests__\discovery-source-uc-topology.test.ts",".wingman-work",".ts","6498","6.35"
".wingman-work\backups\20260811-125346\src\__tests__\discovery-source-uc-topology.test.ts",".wingman-work",".ts","6498","6.35"
"archive\_wingman_backup_guru_single_instance_20260614-063825\src\wingman2\components\WingmanRuntimeDensityController.disabled.tsx","archive",".tsx","6492","6.34"
".wingman-work\backups\20260811-125346\src\__tests__\projectDetailRankingReasonRendered.test.tsx",".wingman-work",".tsx","6483","6.33"
".wingman-work\backups\20260811-125215\src\__tests__\projectDetailRankingReasonRendered.test.tsx",".wingman-work",".tsx","6483","6.33"
".wingman-work\backups\20260811-125821\src\__tests__\projectDetailRankingReasonRendered.test.tsx",".wingman-work",".tsx","6483","6.33"
".wingman-work\backups\20260811-125215\src\wingman2\lib\governedProductTechnicalData.test.ts",".wingman-work",".ts","6473","6.32"
".wingman-work\backups\20260811-125346\src\wingman2\lib\governedProductTechnicalData.test.ts",".wingman-work",".ts","6473","6.32"
".wingman-work\backups\20260811-125821\src\wingman2\lib\governedProductTechnicalData.test.ts",".wingman-work",".ts","6473","6.32"
"archive\backups\presales-priority-1-5-2026-06-08_10-20-58\src\wingman2\app\route-manifest.json","archive",".json","6464","6.31"
"archive\_wingman_backup_guru_single_instance_20260614-063825\src\wingman2\components\AVSignalFlowDiagram.tsx","archive",".tsx","6460","6.31"
"archive\_wingman_backup_guru_single_instance_20260614-063825\src\wingman2\utils\installWingmanLocalProjectApiFallback.ts","archive",".ts","6452","6.3"
"archive\_wingman_backup_guru_single_instance_20260614-063825\src\wingman2\components\compare\CompareSpecificationMatrix.tsx","archive",".tsx","6381","6.23"
".wingman-work\backups\20260811-125215\src\wingman2\lib\schematic\schematicProductRules.ts",".wingman-work",".ts","6364","6.21"
".wingman-work\backups\20260811-125346\src\wingman2\lib\schematic\schematicProductRules.ts",".wingman-work",".ts","6364","6.21"
".wingman-work\backups\20260811-125821\src\wingman2\lib\schematic\schematicProductRules.ts",".wingman-work",".ts","6364","6.21"
"archive\_wingman_backup_fix_mic_speech_type_20260616-064430\microphoneSafety.ts.bak","archive",".bak","6347","6.2"
"archive\_wingman_backup_guru_single_instance_20260614-063825\src\wingman2\components\ResponsePackContextPanel.tsx","archive",".tsx","6340","6.19"
"archive\_wingman_backup_product_callcards_sticky_layout_20260615-113741\src\wingman2\components\workflow\ProductStoryLanguageEnhancer.tsx","archive",".tsx","6286","6.14"
".wingman-work\backups\20260811-125821\src\__tests__\productStoryCoverage.test.ts",".wingman-work",".ts","6255","6.11"
".wingman-work\backups\20260811-125215\src\__tests__\productStoryCoverage.test.ts",".wingman-work",".ts","6255","6.11"
".wingman-work\backups\20260811-125346\src\__tests__\productStoryCoverage.test.ts",".wingman-work",".ts","6255","6.11"
"archive\_wingman_backup_archive_call_cards_20260616-071326\guruDetachedPanel.ts.bak","archive",".bak","6217","6.07"
".wingman-work\backups\20260811-125821\src\wingman2\components\ProposalCompletionWizard.test.tsx",".wingman-work",".tsx","6181","6.04"
".wingman-work\backups\20260811-125346\src\wingman2\components\ProposalCompletionWizard.test.tsx",".wingman-work",".tsx","6181","6.04"
".wingman-work\backups\20260811-125215\src\wingman2\components\ProposalCompletionWizard.test.tsx",".wingman-work",".tsx","6181","6.04"
"archive\_wingman_backup_compare_route_lock_20260614-102158\src\wingman2\app\route-manifest.json","archive",".json","6145","6"
".wingman-work\backups\20260811-125346\src\wingman2\styles\wingman-products-light-graphics.css",".wingman-work",".css","6138","5.99"
".wingman-work\backups\20260811-125215\src\wingman2\styles\wingman-products-light-graphics.css",".wingman-work",".css","6138","5.99"
".wingman-work\backups\20260811-125821\src\wingman2\styles\wingman-products-light-graphics.css",".wingman-work",".css","6138","5.99"
"tools\audit-wingman-route-registry-direct.mjs.20260718-190553.bak","tools",".bak","6132","5.99"
"tools\audit-wingman-route-registry-direct.mjs.20260718-190611.bak","tools",".bak","6132","5.99"
"archive\repo-cleanup-20260709-050830\root-artifacts\_review\audit-text-hygiene.mjs","archive",".mjs","6054","5.91"
".wingman-work\backups\20260811-125821\src\wingman2\lib\discoverySystemDesign.test.ts",".wingman-work",".ts","6052","5.91"
".wingman-work\backups\20260811-125346\src\wingman2\lib\discoverySystemDesign.test.ts",".wingman-work",".ts","6052","5.91"
".wingman-work\backups\20260811-125215\src\wingman2\lib\discoverySystemDesign.test.ts",".wingman-work",".ts","6052","5.91"
"archive\_wingman_backup_guru_single_instance_20260614-063825\src\wingman2\lib\projectRequirements.ts","archive",".ts","6018","5.88"
"archive\repo-cleanup-20260709-050830\MOVED_FILES.md","archive",".md","5990","5.85"
"archive\backups\product-call-cards-phase1b-2026-06-07-20-15-24\src\wingman2\pages\productCallCards\ProductCallCardsProductPage.tsx","archive",".tsx","5986","5.85"
".wingman-work\backups\20260811-125215\src\wingman2\pages\productCallCardSalesHelper.characterization.test.ts",".wingman-work",".ts","5981","5.84"
".wingman-work\backups\20260811-125821\src\wingman2\pages\productCallCardSalesHelper.characterization.test.ts",".wingman-work",".ts","5981","5.84"
".wingman-work\backups\20260811-125346\src\wingman2\pages\productCallCardSalesHelper.characterization.test.ts",".wingman-work",".ts","5981","5.84"
"archive\backups\schematic-builder-product-handoff-2026-06-08_11-21-02\src\wingman2\pages\VisualDesignStudioPage.tsx","archive",".tsx","5949","5.81"
".wingman-work\backups\20260811-125821\src\wingman2\components\compare\BattleCard.tsx",".wingman-work",".tsx","5881","5.74"
".wingman-work\backups\20260811-125215\src\wingman2\components\compare\BattleCard.tsx",".wingman-work",".tsx","5881","5.74"
".wingman-work\backups\20260811-125346\src\wingman2\components\compare\BattleCard.tsx",".wingman-work",".tsx","5881","5.74"
".wingman-work\backups\20260811-125821\src\wingman2\data\productIntelligenceRepository.ts",".wingman-work",".ts","5865","5.73"
".wingman-work\backups\20260811-125215\src\wingman2\data\productIntelligenceRepository.ts",".wingman-work",".ts","5865","5.73"
".wingman-work\backups\20260811-125346\src\wingman2\data\productIntelligenceRepository.ts",".wingman-work",".ts","5865","5.73"
".wingman-work\backups\20260811-125215\src\wingman2\api\wingmanApi.ts",".wingman-work",".ts","5832","5.7"
".wingman-work\backups\20260811-125821\src\wingman2\api\wingmanApi.ts",".wingman-work",".ts","5832","5.7"
".wingman-work\backups\20260811-125346\src\wingman2\api\wingmanApi.ts",".wingman-work",".ts","5832","5.7"
"archive\_src_inline_backups\src\wingman2\pages\DashboardPage.tsx.backup-20260610-080130","archive",".backup-20260610-080130","5784","5.65"
".wingman-work\backups\20260811-125821\src\wingman2\lib\wyrestormProductLifecycle.ts",".wingman-work",".ts","5756","5.62"
".wingman-work\backups\20260811-125215\src\wingman2\lib\wyrestormProductLifecycle.ts",".wingman-work",".ts","5756","5.62"
".wingman-work\backups\20260811-125346\src\wingman2\lib\wyrestormProductLifecycle.ts",".wingman-work",".ts","5756","5.62"
".wingman-work\backups\20260811-125821\src\__tests__\productFamilyShortlistRanking.test.ts",".wingman-work",".ts","5754","5.62"
".wingman-work\backups\20260811-125346\src\__tests__\productFamilyShortlistRanking.test.ts",".wingman-work",".ts","5754","5.62"
".wingman-work\backups\20260811-125215\src\__tests__\productFamilyShortlistRanking.test.ts",".wingman-work",".ts","5754","5.62"
"archive\_wingman_backup_archive_call_cards_20260616-071326\callCardsSimpleMode.ts.bak","archive",".bak","5749","5.61"
"archive\_wingman_backup_guru_single_instance_20260614-063825\src\wingman2\components\WingmanSalesIntelligence.tsx","archive",".tsx","5702","5.57"
"archive\_src_inline_backups\src\wingman2\lib\compareManufacturerAssist.ts.bak-compare-manufacturer-auto-advance-20260627-110806","archive",".bak-compare-manufacturer-auto-advance-20260627-110806","5680","5.55"
"archive\backups\product-call-cards-multistep-workflow-2026-06-08_11-33-38\src\wingman2\pages\productCallCards\ProductCallCardsSetupPage.tsx","archive",".tsx","5649","5.52"
".wingman-work\backups\20260811-125346\src\wingman2\lib\wyrestormSkuBusinessStatus.ts",".wingman-work",".ts","5645","5.51"
".wingman-work\backups\20260811-125215\src\wingman2\lib\wyrestormSkuBusinessStatus.ts",".wingman-work",".ts","5645","5.51"
".wingman-work\backups\20260811-125821\src\wingman2\lib\wyrestormSkuBusinessStatus.ts",".wingman-work",".ts","5645","5.51"
".wingman-work\backups\20260811-125215\src\wingman2\pages\SupportPage.tsx",".wingman-work",".tsx","5617","5.49"
".wingman-work\backups\20260811-125346\src\wingman2\pages\SupportPage.tsx",".wingman-work",".tsx","5617","5.49"
".wingman-work\backups\20260811-125821\src\wingman2\pages\SupportPage.tsx",".wingman-work",".tsx","5617","5.49"
"archive\backups\product-call-cards-phase1c-product-dashboard-2026-06-07-20-22-17\src\wingman2\pages\productCallCards\ProductCallCardsProductPage.tsx","archive",".tsx","5616","5.48"
"tools\check-wingman-runtime-wiring.mjs.20260718-190553.bak","tools",".bak","5611","5.48"
"archive\_wingman_backup_before_compare_restore_20260614-052137\src_wingman2_components_compare_CompareRemoveMatrixLayer.tsx","archive",".tsx","5597","5.47"
"archive\_wingman_backup_compare_result_styling_20260615-185918\compareSkuAutoAdvanceBridge.ts","archive",".ts","5577","5.45"
"archive\backups\presales-priority-1-5-2026-06-08_10-20-58\src\wingman2\pages\IngestPage.tsx","archive",".tsx","5576","5.45"
".wingman-work\backups\20260811-125821\src\wingman2\lib\documentExtract.ts",".wingman-work",".ts","5575","5.44"
".wingman-work\backups\20260811-125215\src\wingman2\lib\documentExtract.ts",".wingman-work",".ts","5575","5.44"
".wingman-work\backups\20260811-125346\src\wingman2\lib\documentExtract.ts",".wingman-work",".ts","5575","5.44"
"archive\_wingman_backup_guru_single_instance_20260614-063825\src\wingman2\app\discoveryClearProjectGuard.ts","archive",".ts","5568","5.44"
".wingman-work\backups\20260811-125346\src\wingman2\styles\wingman-product-tools-visual-weight.css",".wingman-work",".css","5553","5.42"
".wingman-work\backups\20260811-125821\src\wingman2\styles\wingman-product-tools-visual-weight.css",".wingman-work",".css","5553","5.42"
".wingman-work\backups\20260811-125215\src\wingman2\styles\wingman-product-tools-visual-weight.css",".wingman-work",".css","5553","5.42"
".wingman-work\backups\20260811-125215\src\wingman2\lib\compareManufacturerAssist.ts",".wingman-work",".ts","5543","5.41"
".wingman-work\backups\20260811-125346\src\wingman2\lib\compareManufacturerAssist.ts",".wingman-work",".ts","5543","5.41"
".wingman-work\backups\20260811-125821\src\wingman2\lib\compareManufacturerAssist.ts",".wingman-work",".ts","5543","5.41"
"archive\_wingman_backup_compare_workflow_cleanup_20260613-214444\src\wingman2\components\compare\CompareSimpleResultsGuard.tsx","archive",".tsx","5476","5.35"
".wingman-work\backups\20260811-125346\src\wingman2\lib\documentIngest\multiSkuCompetitorIngest.test.ts",".wingman-work",".ts","5468","5.34"
".wingman-work\backups\20260811-125215\src\wingman2\lib\documentIngest\multiSkuCompetitorIngest.test.ts",".wingman-work",".ts","5468","5.34"
".wingman-work\backups\20260811-125821\src\wingman2\lib\documentIngest\multiSkuCompetitorIngest.test.ts",".wingman-work",".ts","5468","5.34"
"archive\_wingman_backup_guru_single_instance_20260614-063825\src\wingman2\discovery\outputPreviewEnhancer.ts","archive",".ts","5467","5.34"
"archive\_wingman_backup_compare_more_button_20260615-203726\productPositioningAutofillBridge.ts","archive",".ts","5430","5.3"
"archive\backups\dpr-aware-viewport-scaling-2026-06-08_12-41-13\src\wingman2\components\WingmanViewportFitControl.tsx","archive",".tsx","5429","5.3"
"archive\repo-cleanup-20260709-050830\root-backups\_wingman_backup_fixture_import_fix_20260706-120006\multiSkuCompetitorIngest.test.ts","archive",".ts","5427","5.3"
".wingman-work\backups\20260811-125821\src\wingman2\lib\productTopology.test.ts",".wingman-work",".ts","5383","5.26"
".wingman-work\backups\20260811-125346\src\wingman2\lib\productTopology.test.ts",".wingman-work",".ts","5383","5.26"
".wingman-work\backups\20260811-125215\src\wingman2\lib\productTopology.test.ts",".wingman-work",".ts","5383","5.26"
"archive\_wingman_backup_guru_single_instance_20260614-063825\src\wingman2\lib\compareEligibilityEngine.test.ts","archive",".ts","5367","5.24"
"archive\_wingman_backup_guru_single_instance_20260614-063825\src\wingman2\pages\DashboardPage.tsx","archive",".tsx","5334","5.21"
".wingman-work\backups\20260811-125346\src\wingman2\components\ProductMediaPanel.tsx",".wingman-work",".tsx","5287","5.16"
".wingman-work\backups\20260811-125215\src\wingman2\components\ProductMediaPanel.tsx",".wingman-work",".tsx","5287","5.16"
".wingman-work\backups\20260811-125821\src\wingman2\components\ProductMediaPanel.tsx",".wingman-work",".tsx","5287","5.16"
"tools\check-orphaned-modules.mjs.20260811-133755.bak","tools",".bak","5250","5.13"
"archive\_src_inline_backups\tools\check-wingman-navigation-consolidation.mjs.bak-callcards-legacy-redirect-20260627-175426","archive",".bak-callcards-legacy-redirect-20260627-175426","5227","5.1"
"archive\_wingman_backup_compare_more_button_20260615-203726\compareMoreButtonBridge.ts","archive",".ts","5219","5.1"
"archive\_src_inline_backups\src\wingman2\components\ProductPositioningStatement.tsx.bak-20260612-063429","archive",".bak-20260612-063429","5211","5.09"
".wingman-work\backups\20260811-125215\src\wingman2\data\competitorSourceFeeds.ts",".wingman-work",".ts","5151","5.03"
".wingman-work\backups\20260811-125346\src\wingman2\data\competitorSourceFeeds.ts",".wingman-work",".ts","5151","5.03"
".wingman-work\backups\20260811-125821\src\wingman2\data\competitorSourceFeeds.ts",".wingman-work",".ts","5151","5.03"
"archive\_wingman_backup_compare_workflow_cleanup_20260613-214444\src\wingman2\components\compare\CompareDirectResultsGuard.tsx","archive",".tsx","5108","4.99"
"archive\_wingman_backup_compare_sku_filter_state_guard_20260615-122531\src\wingman2\components\workflow\CompareActualSkuAlphaFilterNormalizer.tsx","archive",".tsx","5098","4.98"
".wingman-work\backups\20260811-125215\src\wingman2\lib\productCheatSheet.test.tsx",".wingman-work",".tsx","5091","4.97"
"archive\_wingman_backup_guru_single_instance_20260614-063825\src\wingman2\components\SalesToneQuickSetter.tsx","archive",".tsx","5091","4.97"
".wingman-work\backups\20260811-125821\src\wingman2\lib\productCheatSheet.test.tsx",".wingman-work",".tsx","5091","4.97"
".wingman-work\backups\20260811-125346\src\wingman2\lib\productCheatSheet.test.tsx",".wingman-work",".tsx","5091","4.97"
".wingman-work\backups\20260811-125215\src\wingman2\components\TemplateSchematic.tsx",".wingman-work",".tsx","5078","4.96"
".wingman-work\backups\20260811-125821\src\wingman2\components\TemplateSchematic.tsx",".wingman-work",".tsx","5078","4.96"
".wingman-work\backups\20260811-125346\src\wingman2\components\TemplateSchematic.tsx",".wingman-work",".tsx","5078","4.96"
"archive\_wingman_backup_guru_single_instance_20260614-063825\src\wingman2\app\templatesLandingDensity.ts","archive",".ts","5062","4.94"
".wingman-work\backups\20260811-125346\src\wingman2\lib\competitorLandscape.ts",".wingman-work",".ts","5055","4.94"
".wingman-work\backups\20260811-125215\src\wingman2\lib\competitorLandscape.ts",".wingman-work",".ts","5055","4.94"
".wingman-work\backups\20260811-125821\src\wingman2\lib\competitorLandscape.ts",".wingman-work",".ts","5055","4.94"
"archive\backups\product-call-cards-phase1a-2026-06-07-20-08-19\src\wingman2\pages\productCallCards\ProductCallCardsProductPage.tsx","archive",".tsx","5041","4.92"
".wingman-work\backups\20260811-125821\src\wingman2\data\avGlossary.test.ts",".wingman-work",".ts","5016","4.9"
".wingman-work\backups\20260811-125215\src\wingman2\data\avGlossary.test.ts",".wingman-work",".ts","5016","4.9"
".wingman-work\backups\20260811-125346\src\wingman2\data\avGlossary.test.ts",".wingman-work",".ts","5016","4.9"
"archive\_wingman_backup_guru_single_instance_20260614-063825\src\wingman2\app\wingmanProductCallCardsCleanUi.ts","archive",".ts","5012","4.89"
"archive\_src_inline_backups\src\wingman2\pages\productCallCards\ProductCallCardsSelectPage.tsx.backup-20260610-083944","archive",".backup-20260610-083944","5002","4.88"
".wingman-work\backups\20260811-125215\src\wingman2\lib\discoveryTemplateHandoff.ts",".wingman-work",".ts","4953","4.84"
".wingman-work\backups\20260811-125346\src\wingman2\lib\discoveryTemplateHandoff.ts",".wingman-work",".ts","4953","4.84"
".wingman-work\backups\20260811-125821\src\wingman2\lib\discoveryTemplateHandoff.ts",".wingman-work",".ts","4953","4.84"
".wingman-work\backups\20260811-125821\src\wingman2\lib\guruDetachedPanel.ts",".wingman-work",".ts","4929","4.81"
".wingman-work\backups\20260811-125346\src\wingman2\lib\guruDetachedPanel.ts",".wingman-work",".ts","4929","4.81"
".wingman-work\backups\20260811-125215\src\wingman2\lib\guruDetachedPanel.ts",".wingman-work",".ts","4929","4.81"
".wingman-work\backups\20260811-125215\src\wingman2\pages\discovery\operationalDiscoveryQuestions.test.ts",".wingman-work",".ts","4891","4.78"
".wingman-work\backups\20260811-125346\src\wingman2\pages\discovery\operationalDiscoveryQuestions.test.ts",".wingman-work",".ts","4891","4.78"
".wingman-work\backups\20260811-125821\src\wingman2\pages\discovery\operationalDiscoveryQuestions.test.ts",".wingman-work",".ts","4891","4.78"
"archive\repo-cleanup-20260709-050830\root-backups\_wingman_backup_style_audit_fix_20260630-073901\tools\audit-wingman-style-drift.mjs","archive",".mjs","4847","4.73"
"archive\repo-cleanup-20260709-050830\root-backups\_wingman_backup_admin_db_bom_fix_20260706-143153\admin-product-db.mjs","archive",".mjs","4836","4.72"
"archive\_wingman_backup_guru_single_instance_20260614-063825\src\wingman2\api\wingmanApi.ts","archive",".ts","4823","4.71"
"archive\_wingman_backup_guru_single_instance_20260614-063825\src\wingman2\lib\competitorCompareBehaviour.test.ts","archive",".ts","4784","4.67"
".wingman-work\backups\20260811-125821\src\__tests__\productStoryLayer.test.ts",".wingman-work",".ts","4775","4.66"
".wingman-work\backups\20260811-125215\src\__tests__\productStoryLayer.test.ts",".wingman-work",".ts","4775","4.66"
".wingman-work\backups\20260811-125346\src\__tests__\productStoryLayer.test.ts",".wingman-work",".ts","4775","4.66"
".wingman-work\backups\20260811-125346\src\wingman2\lib\savedCompetitorSpecs.ts",".wingman-work",".ts","4764","4.65"
".wingman-work\backups\20260811-125215\src\wingman2\lib\savedCompetitorSpecs.ts",".wingman-work",".ts","4764","4.65"
".wingman-work\backups\20260811-125821\src\wingman2\lib\savedCompetitorSpecs.ts",".wingman-work",".ts","4764","4.65"
"archive\_wingman_backup_guru_single_instance_20260614-063825\src\wingman2\components\compare\CompareControls.tsx","archive",".tsx","4759","4.65"
".wingman-work\backups\20260811-125346\src\wingman2\pages\compare\CompetitorEvidencePanel.test.tsx",".wingman-work",".tsx","4730","4.62"
".wingman-work\backups\20260811-125215\src\wingman2\pages\compare\CompetitorEvidencePanel.test.tsx",".wingman-work",".tsx","4730","4.62"
".wingman-work\backups\20260811-125821\src\wingman2\pages\compare\CompetitorEvidencePanel.test.tsx",".wingman-work",".tsx","4730","4.62"
"archive\backups\product-call-cards-phase1d-language-level-2026-06-07-20-45-47\src\wingman2\pages\productCallCards\ProductCallCardsSetupPage.tsx","archive",".tsx","4728","4.62"
".wingman-work\backups\20260811-125821\src\wingman2\lib\productToolsVisualWeight.ts.20260720-104654.bak",".wingman-work",".bak","4720","4.61"
"src\wingman2\lib\productToolsVisualWeight.ts.20260720-104654.bak","src",".bak","4720","4.61"
".wingman-work\backups\20260811-125346\src\wingman2\lib\productToolsVisualWeight.ts.20260720-104654.bak",".wingman-work",".bak","4720","4.61"
".wingman-work\backups\20260811-125215\src\wingman2\lib\productToolsVisualWeight.ts.20260720-104654.bak",".wingman-work",".bak","4720","4.61"
".wingman-work\backups\20260811-125346\src\wingman2\lib\productToolsVisualWeight.ts",".wingman-work",".ts","4719","4.61"
".wingman-work\backups\20260811-125215\src\wingman2\lib\productToolsVisualWeight.ts",".wingman-work",".ts","4719","4.61"
".wingman-work\backups\20260811-125821\src\wingman2\lib\productToolsVisualWeight.ts",".wingman-work",".ts","4719","4.61"
".wingman-work\backups\20260811-125346\src\wingman2\lib\compareCandidateGateTaxonomy.test.ts",".wingman-work",".ts","4716","4.61"
".wingman-work\backups\20260811-125821\src\wingman2\lib\compareCandidateGateTaxonomy.test.ts",".wingman-work",".ts","4716","4.61"
".wingman-work\backups\20260811-125215\src\wingman2\lib\compareCandidateGateTaxonomy.test.ts",".wingman-work",".ts","4716","4.61"
".wingman-work\backups\20260811-125215\src\__tests__\finderProductFamilyRenderedFlow.test.tsx",".wingman-work",".tsx","4699","4.59"
".wingman-work\backups\20260811-125821\src\__tests__\finderProductFamilyRenderedFlow.test.tsx",".wingman-work",".tsx","4699","4.59"
".wingman-work\backups\20260811-125346\src\__tests__\finderProductFamilyRenderedFlow.test.tsx",".wingman-work",".tsx","4699","4.59"
".wingman-work\backups\20260811-125215\src\wingman2\types\productPositioning.ts",".wingman-work",".ts","4687","4.58"
".wingman-work\backups\20260811-125346\src\wingman2\types\productPositioning.ts",".wingman-work",".ts","4687","4.58"
".wingman-work\backups\20260811-125821\src\wingman2\types\productPositioning.ts",".wingman-work",".ts","4687","4.58"
".wingman-work\backups\20260811-125346\src\wingman2\lib\systemDependencies.ts",".wingman-work",".ts","4685","4.58"
".wingman-work\backups\20260811-125215\src\wingman2\lib\systemDependencies.ts",".wingman-work",".ts","4685","4.58"
".wingman-work\backups\20260811-125821\src\wingman2\lib\systemDependencies.ts",".wingman-work",".ts","4685","4.58"
".wingman-work\backups\20260811-125346\src\wingman2\app\routes.tsx",".wingman-work",".tsx","4675","4.57"
".wingman-work\backups\20260811-125821\src\wingman2\app\routes.tsx",".wingman-work",".tsx","4675","4.57"
".wingman-work\backups\20260811-125215\src\wingman2\app\routes.tsx",".wingman-work",".tsx","4675","4.57"
"archive\_wingman_backup_guru_single_instance_20260614-063825\src\wingman2\utils\installDiscoveryProportionTuning.ts","archive",".ts","4641","4.53"
".wingman-work\backups\20260811-125346\src\wingman2\data\ucCompetitorProducts.ts",".wingman-work",".ts","4629","4.52"
".wingman-work\backups\20260811-125215\src\wingman2\data\ucCompetitorProducts.ts",".wingman-work",".ts","4629","4.52"
".wingman-work\backups\20260811-125821\src\wingman2\data\ucCompetitorProducts.ts",".wingman-work",".ts","4629","4.52"
"archive\backups\presales-priority-1-5-2026-06-08_10-20-58\src\wingman2\pages\VisualDesignStudioPage.tsx","archive",".tsx","4614","4.51"
".wingman-work\backups\20260811-125821\src\wingman2\lib\runtimeTelemetry.ts",".wingman-work",".ts","4601","4.49"
".wingman-work\backups\20260811-125346\src\wingman2\lib\runtimeTelemetry.ts",".wingman-work",".ts","4601","4.49"
".wingman-work\backups\20260811-125215\src\wingman2\lib\runtimeTelemetry.ts",".wingman-work",".ts","4601","4.49"
"archive\backups\product-call-cards-multistep-workflow-2026-06-08_11-33-38\src\wingman2\pages\productCallCards\ProductCallCardsShell.tsx","archive",".tsx","4598","4.49"
".wingman-work\backups\20260811-125346\src\__tests__\dataManager.test.tsx",".wingman-work",".tsx","4596","4.49"
".wingman-work\backups\20260811-125215\src\__tests__\dataManager.test.tsx",".wingman-work",".tsx","4596","4.49"
".wingman-work\backups\20260811-125821\src\__tests__\dataManager.test.tsx",".wingman-work",".tsx","4596","4.49"
"archive\backups\product-call-cards-phase1d-language-level-2026-06-07-20-45-47\src\wingman2\pages\productCallCards\ProductCallCardsShell.tsx","archive",".tsx","4573","4.47"
".wingman-work\backups\20260811-125215\src\wingman2\lib\competitorMatchDecisionLedger.test.ts",".wingman-work",".ts","4567","4.46"
".wingman-work\backups\20260811-125346\src\wingman2\lib\competitorMatchDecisionLedger.test.ts",".wingman-work",".ts","4567","4.46"
".wingman-work\backups\20260811-125821\src\wingman2\lib\competitorMatchDecisionLedger.test.ts",".wingman-work",".ts","4567","4.46"
".wingman-work\backups\20260811-125346\src\__tests__\finderDiscoveryResults.test.tsx",".wingman-work",".tsx","4505","4.4"
".wingman-work\backups\20260811-125215\src\__tests__\finderDiscoveryResults.test.tsx",".wingman-work",".tsx","4505","4.4"
".wingman-work\backups\20260811-125821\src\__tests__\finderDiscoveryResults.test.tsx",".wingman-work",".tsx","4505","4.4"
"archive\_wingman_backup_guru_single_instance_20260614-063825\src\wingman2\types\productPositioning.ts","archive",".ts","4485","4.38"
"archive\repo-cleanup-20260709-050830\root-backups\_wingman_backup_dashboard_drift_repair_20260630-083220\src\wingman2\styles\CSS_MIGRATION_REGISTER.md","archive",".md","4458","4.35"
"archive\repo-cleanup-20260709-050830\root-backups\_wingman_backup_visual_contract_20260630-132122\src\wingman2\styles\CSS_MIGRATION_REGISTER.md","archive",".md","4458","4.35"
"archive\_src_inline_backups\tools\product-update-utils.mjs.bak-stable-product-update-20260628-052832","archive",".bak-stable-product-update-20260628-052832","4431","4.33"
"archive\_wingman_backup_fix_videowall_lazy_20260615-225030\routes.tsx.bak","archive",".bak","4414","4.31"
".wingman-work\backups\20260811-125346\src\wingman2\lib\diagramMermaid.ts",".wingman-work",".ts","4400","4.3"
".wingman-work\backups\20260811-125821\src\wingman2\lib\diagramMermaid.ts",".wingman-work",".ts","4400","4.3"
".wingman-work\backups\20260811-125215\src\wingman2\lib\diagramMermaid.ts",".wingman-work",".ts","4400","4.3"
"archive\_src_inline_backups\src\wingman2\app\routes.tsx.bak-sales-helper-compact-20260610-203224","archive",".bak-sales-helper-compact-20260610-203224","4381","4.28"
".wingman-work\backups\20260811-125215\src\wingman2\styles\CSS_MIGRATION_REGISTER.md",".wingman-work",".md","4374","4.27"
".wingman-work\backups\20260811-125215\src\wingman2\lib\wyrestormCapabilityProfiles.ts",".wingman-work",".ts","4374","4.27"
".wingman-work\backups\20260811-125346\src\wingman2\lib\wyrestormCapabilityProfiles.ts",".wingman-work",".ts","4374","4.27"
".wingman-work\backups\20260811-125346\src\wingman2\styles\CSS_MIGRATION_REGISTER.md",".wingman-work",".md","4374","4.27"
".wingman-work\backups\20260811-125821\src\wingman2\lib\wyrestormCapabilityProfiles.ts",".wingman-work",".ts","4374","4.27"
".wingman-work\backups\20260811-125821\src\wingman2\styles\CSS_MIGRATION_REGISTER.md",".wingman-work",".md","4374","4.27"
"archive\_wingman_backup_archive_call_cards_20260616-071326\routes.tsx.bak","archive",".bak","4373","4.27"
".wingman-work\backups\20260811-125346\src\wingman2\lib\proposalDocxExport.test.ts",".wingman-work",".ts","4362","4.26"
".wingman-work\backups\20260811-125821\src\wingman2\lib\proposalDocxExport.test.ts",".wingman-work",".ts","4362","4.26"
".wingman-work\backups\20260811-125215\src\wingman2\lib\proposalDocxExport.test.ts",".wingman-work",".ts","4362","4.26"
".wingman-work\backups\20260811-125346\src\wingman2\lib\productFamilyShortlistRanking.ts",".wingman-work",".ts","4342","4.24"
".wingman-work\backups\20260811-125215\src\wingman2\lib\productFamilyShortlistRanking.ts",".wingman-work",".ts","4342","4.24"
".wingman-work\backups\20260811-125821\src\wingman2\lib\productFamilyShortlistRanking.ts",".wingman-work",".ts","4342","4.24"
"archive\_wingman_backup_guru_single_instance_20260614-063825\src\wingman2\data\wingmanDayContext.ts","archive",".ts","4315","4.21"
".wingman-work\backups\20260811-125821\src\__tests__\wyrestormCapabilityDecision.test.ts",".wingman-work",".ts","4313","4.21"
".wingman-work\backups\20260811-125215\src\__tests__\wyrestormCapabilityDecision.test.ts",".wingman-work",".ts","4313","4.21"
".wingman-work\backups\20260811-125346\src\__tests__\wyrestormCapabilityDecision.test.ts",".wingman-work",".ts","4313","4.21"
"tools\check-wingman-runtime-wiring.mjs.20260718-190611.bak","tools",".bak","4306","4.21"
"archive\_wingman_backup_guru_movable_20260614-050939\src\wingman2\components\guru\GuruHelper.tsx","archive",".tsx","4300","4.2"
"archive\_wingman_backup_compare_v5_20260614-102800\src\wingman2\app\routes.tsx","archive",".tsx","4279","4.18"
"archive\_wingman_backup_guru_single_instance_20260614-063825\src\wingman2\app\routes.tsx","archive",".tsx","4279","4.18"
"archive\_wingman_backup_compare_route_lock_20260614-102158\src\wingman2\app\routes.tsx","archive",".tsx","4279","4.18"
".wingman-work\backups\20260811-125346\src\wingman2\lib\salesConversationTone.ts",".wingman-work",".ts","4253","4.15"
".wingman-work\backups\20260811-125215\src\wingman2\lib\salesConversationTone.ts",".wingman-work",".ts","4253","4.15"
".wingman-work\backups\20260811-125821\src\wingman2\lib\salesConversationTone.ts",".wingman-work",".ts","4253","4.15"
".wingman-work\backups\20260811-125821\src\wingman2\styles\wingman-product-tools-visual-weight.css.20260720-105533.bak",".wingman-work",".bak","4228","4.13"
"src\wingman2\styles\wingman-product-tools-visual-weight.css.20260720-105533.bak","src",".bak","4228","4.13"
".wingman-work\backups\20260811-125346\src\wingman2\styles\wingman-product-tools-visual-weight.css.20260720-105533.bak",".wingman-work",".bak","4228","4.13"
".wingman-work\backups\20260811-125215\src\wingman2\styles\wingman-product-tools-visual-weight.css.20260720-105533.bak",".wingman-work",".bak","4228","4.13"
"archive\repo-cleanup-20260709-050830\root-backups\_wingman_backup_apo_dg2_dependency_rule_20260706-112917\src\__tests__\productStoryLayer.test.ts","archive",".ts","4196","4.1"
"archive\_wingman_backup_wire_shortlist_runtime_20260614-075018\src\wingman2\lib\compareEngineRuntimeScenarios.test.ts","archive",".ts","4189","4.09"
"archive\_wingman_backup_shortlist_stabilise_20260614-075216\src\wingman2\lib\compareEngineRuntimeScenarios.test.ts","archive",".ts","4189","4.09"
"archive\backups\product-call-cards-phase1-2026-06-07-19-46-38\src\wingman2\app\routes.tsx","archive",".tsx","4188","4.09"
"backups\react-flow-foundation-20260714-084703\guard-wingman-css-imports.mjs.bak","backups",".bak","4150","4.05"
"backups\react-flow-foundation-20260714-054745\guard-wingman-css-imports.mjs.bak","backups",".bak","4150","4.05"
"archive\_wingman_backup_unreferenced_src_modules_20260710-104753\src\wingman2\productMatching\text.ts","archive",".ts","4111","4.01"
"archive\_wingman_backup_unreferenced_src_modules_20260710-104753\src\wingman2\domain\productMatching\text.ts","archive",".ts","4111","4.01"
"archive\_wingman_backup_guru_single_instance_20260614-063825\src\wingman2\lib\diagramMermaid.ts","archive",".ts","4111","4.01"
".wingman-work\backups\20260811-125346\src\wingman2\styles\wingman-product-tools-visual-weight.css.20260720-104654.bak",".wingman-work",".bak","4105","4.01"
".wingman-work\backups\20260811-125215\src\wingman2\styles\wingman-product-tools-visual-weight.css.20260720-104654.bak",".wingman-work",".bak","4105","4.01"
".wingman-work\backups\20260811-125821\src\wingman2\styles\wingman-product-tools-visual-weight.css.20260720-104654.bak",".wingman-work",".bak","4105","4.01"
"src\wingman2\styles\wingman-product-tools-visual-weight.css.20260720-104654.bak","src",".bak","4105","4.01"
".wingman-work\backups\20260811-125215\src\wingman2\pages\ProjectDetailPage.test.tsx",".wingman-work",".tsx","4096","4"
".wingman-work\backups\20260811-125346\src\wingman2\pages\ProjectDetailPage.test.tsx",".wingman-work",".tsx","4096","4"
".wingman-work\backups\20260811-125821\src\wingman2\pages\ProjectDetailPage.test.tsx",".wingman-work",".tsx","4096","4"
"archive\repo-cleanup-20260709-050830\root-backups\_wingman_backup_apo_dg2_dependency_rule_20260706-112917\src\wingman2\lib\wyrestormCapabilityProfiles.ts","archive",".ts","4095","4"
".wingman-work\backups\20260811-125215\src\components\ErrorBoundary.tsx",".wingman-work",".tsx","4073","3.98"
".wingman-work\backups\20260811-125821\src\components\ErrorBoundary.tsx",".wingman-work",".tsx","4073","3.98"
".wingman-work\backups\20260811-125346\src\components\ErrorBoundary.tsx",".wingman-work",".tsx","4073","3.98"
".wingman-work\backups\20260811-125346\src\wingman2\pages\ProjectDetailPage.test.tsx.20260806-122503.bak",".wingman-work",".bak","4068","3.97"
".wingman-work\backups\20260811-125215\src\wingman2\pages\ProjectDetailPage.test.tsx.20260806-122503.bak",".wingman-work",".bak","4068","3.97"
"src\wingman2\pages\ProjectDetailPage.test.tsx.20260806-122503.bak","src",".bak","4068","3.97"
".wingman-work\backups\20260811-125821\src\wingman2\pages\ProjectDetailPage.test.tsx.20260806-122503.bak",".wingman-work",".bak","4068","3.97"
".wingman-work\backups\20260811-125821\src\wingman2\lib\governedCompareRuntime.test.ts",".wingman-work",".ts","4054","3.96"
".wingman-work\backups\20260811-125215\src\wingman2\lib\governedCompareRuntime.test.ts",".wingman-work",".ts","4054","3.96"
".wingman-work\backups\20260811-125346\src\wingman2\lib\governedCompareRuntime.test.ts",".wingman-work",".ts","4054","3.96"
".wingman-work\backups\20260811-125346\src\__tests__\templateWorkflowRendered.test.tsx",".wingman-work",".tsx","4050","3.96"
".wingman-work\backups\20260811-125215\src\__tests__\templateWorkflowRendered.test.tsx",".wingman-work",".tsx","4050","3.96"
".wingman-work\backups\20260811-125821\src\__tests__\templateWorkflowRendered.test.tsx",".wingman-work",".tsx","4050","3.96"
"archive\_wingman_backup_guru_single_instance_20260614-063825\src\wingman2\pages\productCallCards\ProductCallCardsSetupPage.tsx","archive",".tsx","4022","3.93"
"archive\_wingman_backup_guru_single_instance_20260614-063825\src\wingman2\lib\salesConversationTone.ts","archive",".ts","4020","3.93"
".wingman-work\backups\20260811-125821\src\wingman2\components\RoomSchematicDiagram.tsx",".wingman-work",".tsx","4013","3.92"
".wingman-work\backups\20260811-125346\src\wingman2\components\RoomSchematicDiagram.tsx",".wingman-work",".tsx","4013","3.92"
".wingman-work\backups\20260811-125215\src\wingman2\components\RoomSchematicDiagram.tsx",".wingman-work",".tsx","4013","3.92"
".wingman-work\backups\20260811-125821\src\wingman2\lib\productStoryEngine.confidence.test.ts",".wingman-work",".ts","4004","3.91"
".wingman-work\backups\20260811-125215\src\wingman2\lib\productStoryEngine.confidence.test.ts",".wingman-work",".ts","4004","3.91"
".wingman-work\backups\20260811-125346\src\wingman2\lib\productStoryEngine.confidence.test.ts",".wingman-work",".ts","4004","3.91"
"archive\_wingman_backup_unused_server_agent_pipeline_20260710-122026\server\server\routes\agents.mjs","archive",".mjs","4000","3.91"
"archive\_wingman_backup_guru_single_instance_20260614-063825\src\wingman2\productMatching\text.ts","archive",".ts","3973","3.88"
"archive\_wingman_backup_guru_single_instance_20260614-063825\src\wingman2\domain\productMatching\text.ts","archive",".ts","3973","3.88"
".wingman-work\backups\20260811-125821\src\__tests__\productFamilyRangeLinks.test.tsx",".wingman-work",".tsx","3963","3.87"
".wingman-work\backups\20260811-125215\src\__tests__\productFamilyRangeLinks.test.tsx",".wingman-work",".tsx","3963","3.87"
".wingman-work\backups\20260811-125346\src\__tests__\productFamilyRangeLinks.test.tsx",".wingman-work",".tsx","3963","3.87"
".wingman-work\backups\20260811-125821\src\wingman2\lib\productIntelligenceIndexCache.ts",".wingman-work",".ts","3960","3.87"
".wingman-work\backups\20260811-125215\src\wingman2\lib\productIntelligenceIndexCache.ts",".wingman-work",".ts","3960","3.87"
".wingman-work\backups\20260811-125346\src\wingman2\lib\productIntelligenceIndexCache.ts",".wingman-work",".ts","3960","3.87"
".wingman-work\backups\20260811-125346\src\wingman2\components\compare\CompareProofTable.tsx",".wingman-work",".tsx","3956","3.86"
".wingman-work\backups\20260811-125821\src\wingman2\components\compare\CompareProofTable.tsx",".wingman-work",".tsx","3956","3.86"
".wingman-work\backups\20260811-125215\src\wingman2\components\compare\CompareProofTable.tsx",".wingman-work",".tsx","3956","3.86"
"archive\backups\product-call-cards-multistep-workflow-2026-06-08_11-33-38\src\wingman2\pages\productCallCards\ProductCallCardsSelectPage.tsx","archive",".tsx","3946","3.85"
"archive\_wingman_backup_fix_guru_drawer_scope_20260616-070306\guruDetachedPanel.ts.bak","archive",".bak","3937","3.84"
"archive\_backup_compare_runtime_product_normalise_20260613-181907\competitorCompareBehaviour.test.ts","archive",".ts","3930","3.84"
"src\wingman2\components\compare\BattleCard.tsx.20260722-083552.bak","src",".bak","3906","3.81"
".wingman-work\backups\20260811-125215\src\wingman2\components\compare\BattleCard.tsx.20260722-083552.bak",".wingman-work",".bak","3906","3.81"
".wingman-work\backups\20260811-125215\src\wingman2\components\compare\BattleCard.tsx.20260722-083258.bak",".wingman-work",".bak","3906","3.81"
"src\wingman2\components\compare\BattleCard.tsx.20260722-083258.bak","src",".bak","3906","3.81"
".wingman-work\backups\20260811-125821\src\wingman2\components\compare\BattleCard.tsx.20260722-083552.bak",".wingman-work",".bak","3906","3.81"
".wingman-work\backups\20260811-125821\src\wingman2\components\compare\BattleCard.tsx.20260722-083258.bak",".wingman-work",".bak","3906","3.81"
".wingman-work\backups\20260811-125346\src\wingman2\components\compare\BattleCard.tsx.20260722-083552.bak",".wingman-work",".bak","3906","3.81"
".wingman-work\backups\20260811-125346\src\wingman2\components\compare\BattleCard.tsx.20260722-083258.bak",".wingman-work",".bak","3906","3.81"
"archive\_src_inline_backups\tools\check-compare-page-candidate-gate.mjs.bak-20260702-063029","archive",".bak-20260702-063029","3877","3.79"
"archive\repo-cleanup-20260709-050830\root-backups\_wingman_backup_dashboard_visual_pass_20260630-082939\src\wingman2\styles\CSS_MIGRATION_REGISTER.md","archive",".md","3825","3.74"
".wingman-work\backups\20260811-125346\src\wingman2\lib\systemDependencies.test.ts",".wingman-work",".ts","3809","3.72"
".wingman-work\backups\20260811-125215\src\wingman2\lib\systemDependencies.test.ts",".wingman-work",".ts","3809","3.72"
".wingman-work\backups\20260811-125821\src\wingman2\lib\systemDependencies.test.ts",".wingman-work",".ts","3809","3.72"
"archive\_wingman_backup_shortlist_stabilise_20260614-075216\src\wingman2\lib\compareEngineRuntimeAdapter.test.ts","archive",".ts","3775","3.69"
"archive\_wingman_backup_compare_workflow_cleanup_20260613-214444\src\wingman2\components\compare\CompareStartWorkflowCleanup.tsx","archive",".tsx","3771","3.68"
".wingman-work\backups\20260811-125821\src\wingman2\api\csrf.ts",".wingman-work",".ts","3717","3.63"
".wingman-work\backups\20260811-125346\src\wingman2\api\csrf.ts",".wingman-work",".ts","3717","3.63"
".wingman-work\backups\20260811-125215\src\wingman2\api\csrf.ts",".wingman-work",".ts","3717","3.63"
"archive\_src_inline_backups\tools\check-product-update-pipeline.mjs.bak-direct-runner-guard-20260628-063011","archive",".bak-direct-runner-guard-20260628-063011","3654","3.57"
"archive\repo-cleanup-20260709-050830\root-backups\_wingman_backup_apo_dg2_dependency_rule_20260706-112917\src\wingman2\lib\schematic\wingmanSchematicEngine.test.ts","archive",".ts","3652","3.57"
"archive\_wingman_backup_compare_workflow_cleanup_20260613-214444\src\wingman2\components\compare\CompareHeaderStageCleanup.tsx","archive",".tsx","3633","3.55"
"archive\_wingman_backup_guru_single_instance_20260614-063825\src\wingman2\components\SalesWorkflowBridge.tsx","archive",".tsx","3621","3.54"
".wingman-work\backups\20260811-125821\src\__tests__\productFamilyScoreSurfacing.test.ts",".wingman-work",".ts","3607","3.52"
".wingman-work\backups\20260811-125346\src\__tests__\productFamilyScoreSurfacing.test.ts",".wingman-work",".ts","3607","3.52"
".wingman-work\backups\20260811-125215\src\__tests__\productFamilyScoreSurfacing.test.ts",".wingman-work",".ts","3607","3.52"
"archive\backups\product-call-cards-phase1b-2026-06-07-20-15-24\src\wingman2\pages\productCallCards\ProductCallCardsResponsePage.tsx","archive",".tsx","3606","3.52"
"archive\_wingman_backup_guru_single_instance_20260614-063825\src\wingman2\components\ProductMediaPanel.tsx","archive",".tsx","3583","3.5"
"archive\backups\product-call-cards-multistep-workflow-2026-06-08_11-33-38\src\wingman2\pages\productCallCards\ProductCallCardsResponsePage.tsx","archive",".tsx","3579","3.5"
".wingman-work\backups\20260811-125346\src\__tests__\compareSavedSpecIsolation.test.ts",".wingman-work",".ts","3560","3.48"
".wingman-work\backups\20260811-125215\src\__tests__\compareSavedSpecIsolation.test.ts",".wingman-work",".ts","3560","3.48"
".wingman-work\backups\20260811-125821\src\__tests__\compareSavedSpecIsolation.test.ts",".wingman-work",".ts","3560","3.48"
"archive\_wingman_backup_guru_single_instance_20260614-063825\src\wingman2\utils\installWingmanFormFieldIdentityGuard.ts","archive",".ts","3557","3.47"
"archive\_wingman_backup_guru_single_instance_20260614-063825\src\wingman2\pages\VisualStudioPage.tsx","archive",".tsx","3550","3.47"
"archive\repo-cleanup-20260709-050830\root-backups\_wingman_backup_no_equivalent_submit_20260704-205931\src\wingman2\lib\compareNoEquivalentSubmission.ts","archive",".ts","3528","3.45"
".wingman-work\backups\20260811-125821\src\wingman2\lib\templatesCardExpansion.ts",".wingman-work",".ts","3514","3.43"
".wingman-work\backups\20260811-125215\src\wingman2\lib\templatesCardExpansion.ts",".wingman-work",".ts","3514","3.43"
".wingman-work\backups\20260811-125346\src\wingman2\lib\templatesCardExpansion.ts",".wingman-work",".ts","3514","3.43"
".wingman-work\backups\20260811-125215\src\wingman2\lib\knownWyrestormMatrixProfiles.ts",".wingman-work",".ts","3499","3.42"
".wingman-work\backups\20260811-125346\src\wingman2\lib\knownWyrestormMatrixProfiles.ts",".wingman-work",".ts","3499","3.42"
".wingman-work\backups\20260811-125821\src\wingman2\lib\knownWyrestormMatrixProfiles.ts",".wingman-work",".ts","3499","3.42"
"archive\_wingman_backup_guru_single_instance_20260614-063825\src\wingman2\app\videowallHeroDensity.ts","archive",".ts","3499","3.42"
".wingman-work\backups\20260811-125215\src\wingman2\app\routeCatalog.ts",".wingman-work",".ts","3490","3.41"
".wingman-work\backups\20260811-125821\src\wingman2\app\routeCatalog.ts",".wingman-work",".ts","3490","3.41"
".wingman-work\backups\20260811-125346\src\wingman2\app\routeCatalog.ts",".wingman-work",".ts","3490","3.41"
"archive\_wingman_backup_guru_single_instance_20260614-063825\src\wingman2\components\WingmanCoachPanel.tsx","archive",".tsx","3480","3.4"
"archive\_wingman_backup_guru_single_instance_20260614-063825\src\wingman2\api\csrf.ts","archive",".ts","3475","3.39"
"archive\_src_inline_backups\tools\ingest-wyrestorm-catalogue.mjs.bak-stable-product-update-20260628-052832","archive",".bak-stable-product-update-20260628-052832","3465","3.38"
"archive\_wingman_backup_fix_compare_reset_blank_page_20260613-212847\src\wingman2\components\compare\CompareResetButton.tsx","archive",".tsx","3461","3.38"
".wingman-work\backups\20260811-125346\src\wingman2\pages\discovery\DiscoveryClientDetailsPanel.tsx",".wingman-work",".tsx","3455","3.37"
".wingman-work\backups\20260811-125821\src\wingman2\pages\discovery\DiscoveryClientDetailsPanel.tsx",".wingman-work",".tsx","3455","3.37"
".wingman-work\backups\20260811-125215\src\wingman2\pages\discovery\DiscoveryClientDetailsPanel.tsx",".wingman-work",".tsx","3455","3.37"
".wingman-work\backups\20260811-125821\src\wingman2\lib\compareEligibilityEngine.controllerIntent.test.ts",".wingman-work",".ts","3448","3.37"
".wingman-work\backups\20260811-125215\src\wingman2\lib\compareEligibilityEngine.controllerIntent.test.ts",".wingman-work",".ts","3448","3.37"
".wingman-work\backups\20260811-125346\src\wingman2\lib\compareEligibilityEngine.controllerIntent.test.ts",".wingman-work",".ts","3448","3.37"
"archive\_wingman_backup_guru_single_instance_20260614-063825\src\wingman2\pages\productCallCards\ProductCallCardsResponsePage.tsx","archive",".tsx","3447","3.37"
".wingman-work\backups\20260811-125346\src\wingman2\lib\visualStudioPrintLayout.ts",".wingman-work",".ts","3428","3.35"
".wingman-work\backups\20260811-125821\src\wingman2\lib\visualStudioPrintLayout.ts",".wingman-work",".ts","3428","3.35"
".wingman-work\backups\20260811-125215\src\wingman2\lib\visualStudioPrintLayout.ts",".wingman-work",".ts","3428","3.35"
"archive\_wingman_backup_guru_single_instance_20260614-063825\src\wingman2\utils\installWingmanVisualIdentity.ts","archive",".ts","3423","3.34"
"archive\_wingman_backup_guru_single_instance_20260614-063825\src\wingman2\lib\knownWyrestormMatrixProfiles.ts","archive",".ts","3379","3.3"
"archive\_wingman_backup_guru_single_instance_20260614-063825\src\wingman2\app\routeCatalog.ts","archive",".ts","3348","3.27"
".wingman-work\backups\20260811-125821\src\wingman2\lib\competitorSpecRegistry.integrity.test.ts",".wingman-work",".ts","3345","3.27"
".wingman-work\backups\20260811-125215\src\wingman2\lib\competitorSpecRegistry.integrity.test.ts",".wingman-work",".ts","3345","3.27"
".wingman-work\backups\20260811-125346\src\wingman2\lib\competitorSpecRegistry.integrity.test.ts",".wingman-work",".ts","3345","3.27"
"archive\backups\product-call-cards-phase1d-language-level-2026-06-07-20-45-47\src\wingman2\pages\productCallCards\ProductCallCardsResponsePage.tsx","archive",".tsx","3315","3.24"
".wingman-work\backups\20260811-125215\src\wingman2\data\productStoriesLifecycle.test.ts",".wingman-work",".ts","3304","3.23"
".wingman-work\backups\20260811-125821\src\wingman2\data\productStoriesLifecycle.test.ts",".wingman-work",".ts","3304","3.23"
".wingman-work\backups\20260811-125346\src\wingman2\data\productStoriesLifecycle.test.ts",".wingman-work",".ts","3304","3.23"
".wingman-work\backups\20260811-125215\src\wingman2\pages\ComparePageNew.tsx",".wingman-work",".tsx","3301","3.22"
"backups\compare-template-layout-20260709-091144\ComparePageNew.tsx.bak","backups",".bak","3301","3.22"
".wingman-work\backups\20260811-125346\src\wingman2\pages\ComparePageNew.tsx",".wingman-work",".tsx","3301","3.22"
".wingman-work\backups\20260811-125821\src\wingman2\pages\ComparePageNew.tsx",".wingman-work",".tsx","3301","3.22"
".wingman-work\backups\20260811-125346\src\wingman2\lib\skuAliasResolver.ts",".wingman-work",".ts","3285","3.21"
".wingman-work\backups\20260811-125215\src\wingman2\lib\skuAliasResolver.ts",".wingman-work",".ts","3285","3.21"
".wingman-work\backups\20260811-125821\src\wingman2\lib\skuAliasResolver.ts",".wingman-work",".ts","3285","3.21"
"archive\backups\real-canvas-viewport-scaling-2026-06-08_12-36-23\src\wingman2\components\WingmanViewportFitControl.tsx","archive",".tsx","3276","3.2"
"archive\_wingman_backup_pre_compare_cleanup_20260614-083913\src\wingman2\lib\wyrestormCompareDirectCandidateMap.test.ts","archive",".ts","3211","3.14"
"archive\_wingman_backup_ip300_compare_fix_20260614-093023\wyrestormCompareDirectCandidateMap.test.ts","archive",".ts","3211","3.14"
"archive\_wingman_backup_guru_single_instance_20260614-063825\src\wingman2\components\VisualStudioCanvas.tsx","archive",".tsx","3195","3.12"
".wingman-work\backups\20260811-125215\src\wingman2\lib\competitorProductIntelligence.test.ts",".wingman-work",".ts","3186","3.11"
".wingman-work\backups\20260811-125821\src\wingman2\lib\competitorProductIntelligence.test.ts",".wingman-work",".ts","3186","3.11"
".wingman-work\backups\20260811-125346\src\wingman2\lib\competitorProductIntelligence.test.ts",".wingman-work",".ts","3186","3.11"
"archive\_src_inline_backups\src\wingman2\pages\productCallCards\ProductCallCardsSelectPage.tsx.backup-20260610-083612","archive",".backup-20260610-083612","3172","3.1"
"archive\_wingman_backup_guru_single_instance_20260614-063825\src\wingman2\pages\SupportPage.tsx","archive",".tsx","3162","3.09"
"archive\repo-cleanup-20260709-050830\root-artifacts\_review\branch-cleanup\codex-restore-uc-stat.txt","archive",".txt","3160","3.09"
".wingman-work\backups\20260811-125215\src\wingman2\lib\competitorCompareDecision.networkClass.test.ts",".wingman-work",".ts","3155","3.08"
".wingman-work\backups\20260811-125346\src\wingman2\lib\competitorCompareDecision.networkClass.test.ts",".wingman-work",".ts","3155","3.08"
".wingman-work\backups\20260811-125821\src\wingman2\lib\competitorCompareDecision.networkClass.test.ts",".wingman-work",".ts","3155","3.08"
".wingman-work\backups\20260811-125821\src\wingman2\lib\wyrestormSkuBusinessStatus.test.ts",".wingman-work",".ts","3136","3.06"
".wingman-work\backups\20260811-125346\src\wingman2\lib\wyrestormSkuBusinessStatus.test.ts",".wingman-work",".ts","3136","3.06"
".wingman-work\backups\20260811-125215\src\wingman2\lib\wyrestormSkuBusinessStatus.test.ts",".wingman-work",".ts","3136","3.06"
"archive\backups\wingman-single-screen-fit-2026-06-08_12-28-23\src\wingman2\components\WingmanViewportFitControl.tsx","archive",".tsx","3119","3.05"
"archive\backups\fix-screen-fit-resolution-labels-2026-06-08_12-33-25\src\wingman2\components\WingmanViewportFitControl.tsx","archive",".tsx","3119","3.05"
"archive\backups\wingman-single-screen-fit-2026-06-08_12-29-10\src\wingman2\components\WingmanViewportFitControl.tsx","archive",".tsx","3119","3.05"
"archive\_wingman_backup_compare_native_cleanup_20260615-133847\src\main.tsx","archive",".tsx","3108","3.04"
".wingman-work\backups\20260811-125346\src\wingman2\data\wingmanProfile.ts",".wingman-work",".ts","3095","3.02"
".wingman-work\backups\20260811-125821\src\wingman2\data\wingmanProfile.ts",".wingman-work",".ts","3095","3.02"
".wingman-work\backups\20260811-125215\src\wingman2\data\wingmanProfile.ts",".wingman-work",".ts","3095","3.02"
".wingman-work\backups\20260811-125346\src\wingman2\lib\compareEligibilityEngine.splitterFanOut.test.ts",".wingman-work",".ts","3093","3.02"
".wingman-work\backups\20260811-125215\src\wingman2\lib\compareEligibilityEngine.splitterFanOut.test.ts",".wingman-work",".ts","3093","3.02"
".wingman-work\backups\20260811-125821\src\wingman2\lib\compareEligibilityEngine.splitterFanOut.test.ts",".wingman-work",".ts","3093","3.02"
"archive\repo-cleanup-20260709-050830\root-backups\_wingman_backup_visual_utility_migration_20260630-082229\src\wingman2\styles\CSS_MIGRATION_REGISTER.md","archive",".md","3074","3"
".wingman-work\backups\20260811-125821\src\wingman2\lib\requirementsParser.ts",".wingman-work",".ts","3055","2.98"
".wingman-work\backups\20260811-125215\src\wingman2\lib\requirementsParser.ts",".wingman-work",".ts","3055","2.98"
".wingman-work\backups\20260811-125346\src\wingman2\lib\requirementsParser.ts",".wingman-work",".ts","3055","2.98"
"archive\_wingman_backup_guru_single_instance_20260614-063825\src\__tests__\compareFeatureMatrix.test.ts","archive",".ts","3051","2.98"
".wingman-work\backups\20260811-125821\src\wingman2\lib\visionAttachments.ts",".wingman-work",".ts","3040","2.97"
".wingman-work\backups\20260811-125215\src\wingman2\lib\visionAttachments.ts",".wingman-work",".ts","3040","2.97"
".wingman-work\backups\20260811-125346\src\wingman2\lib\visionAttachments.ts",".wingman-work",".ts","3040","2.97"
"archive\_wingman_backup_guru_single_instance_20260614-063825\src\wingman2\lib\compareSkuNormalization.test.ts","archive",".ts","3036","2.96"
".wingman-work\backups\20260811-125215\src\__tests__\workflowHandoffFinder.test.ts",".wingman-work",".ts","3019","2.95"
".wingman-work\backups\20260811-125346\src\__tests__\workflowHandoffFinder.test.ts",".wingman-work",".ts","3019","2.95"
".wingman-work\backups\20260811-125821\src\__tests__\workflowHandoffFinder.test.ts",".wingman-work",".ts","3019","2.95"
".wingman-work\backups\20260811-125821\src\wingman2\pages\catalogBrowserLifecycle.test.ts",".wingman-work",".ts","3005","2.93"
".wingman-work\backups\20260811-125346\src\wingman2\pages\catalogBrowserLifecycle.test.ts",".wingman-work",".ts","3005","2.93"
".wingman-work\backups\20260811-125215\src\wingman2\pages\catalogBrowserLifecycle.test.ts",".wingman-work",".ts","3005","2.93"
"archive\_wingman_backup_guru_single_instance_20260614-063825\src\wingman2\utils\installWingmanPerformanceGuards.ts","archive",".ts","3001","2.93"
".wingman-work\backups\20260811-125821\src\wingman2\pages\DashboardPage.test.tsx",".wingman-work",".tsx","2993","2.92"
"archive\_wingman_backup_guru_single_instance_20260614-063825\src\wingman2\components\ui\WingmanSelectionCard.tsx","archive",".tsx","2993","2.92"
".wingman-work\backups\20260811-125215\src\wingman2\pages\DashboardPage.test.tsx",".wingman-work",".tsx","2993","2.92"
".wingman-work\backups\20260811-125346\src\wingman2\pages\DashboardPage.test.tsx",".wingman-work",".tsx","2993","2.92"
"archive\repo-cleanup-20260709-050830\root-backups\_wingman_backup_apo_dg2_typecheck_repair_20260706-113211\wirelessCastingRecommendationRules.test.ts","archive",".ts","2991","2.92"
"archive\repo-cleanup-20260709-050830\root-backups\_wingman_backup_apo_dg2_remaining_refs_20260706-113037\wirelessCastingRecommendationRules.test.ts","archive",".ts","2991","2.92"
".wingman-work\backups\20260811-125821\src\wingman2\lib\wirelessCastingRecommendationRules.test.ts",".wingman-work",".ts","2990","2.92"
".wingman-work\backups\20260811-125346\src\wingman2\lib\wirelessCastingRecommendationRules.test.ts",".wingman-work",".ts","2990","2.92"
".wingman-work\backups\20260811-125215\src\wingman2\lib\wirelessCastingRecommendationRules.test.ts",".wingman-work",".ts","2990","2.92"
"archive\_wingman_backup_guru_single_instance_20260614-063825\src\wingman2\lib\requirementsParser.ts","archive",".ts","2982","2.91"
"archive\_wingman_backup_compare_decision_focus_20260615-132537\src\main.tsx","archive",".tsx","2979","2.91"
".wingman-work\backups\20260811-125346\src\wingman2\lib\proposalExport.test.ts",".wingman-work",".ts","2955","2.89"
".wingman-work\backups\20260811-125821\src\wingman2\lib\proposalExport.test.ts",".wingman-work",".ts","2955","2.89"
".wingman-work\backups\20260811-125215\src\wingman2\lib\proposalExport.test.ts",".wingman-work",".ts","2955","2.89"
"archive\_wingman_backup_guru_single_instance_20260614-063825\src\wingman2\utils\installWingmanAuthoritySystem.ts","archive",".ts","2949","2.88"
"archive\_wingman_backup_guru_single_instance_20260614-063825\src\wingman2\data\wingmanProfile.ts","archive",".ts","2922","2.85"
"backups\wyrestorm-port-count-recovery-20260714-051514\src_wingman2_lib_wyrestormPortCountRepair.test.ts.bak","backups",".bak","2901","2.83"
"archive\repo-cleanup-20260709-050830\root-backups\_wingman_backup_before_dashboard_redesign_revert_20260706-095756\status-before.txt","archive",".txt","2896","2.83"
"archive\_wingman_backup_compare_sku_auto_run_20260615-131718\src\main.tsx","archive",".tsx","2859","2.79"
"archive\_wingman_backup_guru_single_instance_20260614-063825\src\wingman2\app\discoveryCalmMode.ts","archive",".ts","2859","2.79"
"archive\_wingman_backup_guru_single_instance_20260614-063825\src\components\ErrorBoundary.tsx","archive",".tsx","2857","2.79"
"archive\backups\product-call-cards-phase1a-2026-06-07-20-08-19\src\wingman2\pages\productCallCards\ProductCallCardsSetupPage.tsx","archive",".tsx","2844","2.78"
"archive\_src_inline_backups\tools\ingest-competitor-fingerprints.mjs.bak-stable-product-update-20260628-052832","archive",".bak-stable-product-update-20260628-052832","2826","2.76"
"archive\_src_inline_backups\tools\run-product-intelligence-update.mjs.bak-no-npmcmd-spawn-20260628-064026","archive",".bak-no-npmcmd-spawn-20260628-064026","2813","2.75"
".wingman-work\backups\20260811-125821\src\wingman2\components\ProductWorkspaceChrome.tsx",".wingman-work",".tsx","2803","2.74"
".wingman-work\backups\20260811-125215\src\wingman2\components\ProductWorkspaceChrome.tsx",".wingman-work",".tsx","2803","2.74"
".wingman-work\backups\20260811-125346\src\wingman2\components\ProductWorkspaceChrome.tsx",".wingman-work",".tsx","2803","2.74"
"archive\_wingman_backup_guru_single_instance_20260614-063825\src\wingman2\lib\compareRuntimePipeline.ts","archive",".ts","2793","2.73"
"archive\_wingman_backup_compare_test_expectation_20260614-073937\compareEngineRuntimeAdapter.test.ts","archive",".ts","2787","2.72"
"archive\_wingman_backup_wire_shortlist_runtime_20260614-075018\src\wingman2\lib\compareEngineRuntimeAdapter.test.ts","archive",".ts","2787","2.72"
".wingman-work\backups\20260811-125821\src\wingman2\lib\wirelessCastingRecommendationRules.ts",".wingman-work",".ts","2786","2.72"
".wingman-work\backups\20260811-125346\src\wingman2\lib\wirelessCastingRecommendationRules.ts",".wingman-work",".ts","2786","2.72"
".wingman-work\backups\20260811-125215\src\wingman2\lib\wirelessCastingRecommendationRules.ts",".wingman-work",".ts","2786","2.72"
"archive\repo-cleanup-20260709-050830\root-backups\_wingman_backup_apo_dg2_dependency_rule_20260706-112917\src\wingman2\lib\wirelessCastingRecommendationRules.ts","archive",".ts","2784","2.72"
"archive\_wingman_backup_pre_compare_cleanup_20260614-083913\src\wingman2\lib\compareShortlistPageBridge.ts","archive",".ts","2783","2.72"
"archive\_src_inline_backups\src\wingman2\pages\CallCardsPage.tsx.bak-sales-facing-language-20260627-142951","archive",".bak-sales-facing-language-20260627-142951","2773","2.71"
".wingman-work\backups\20260811-125821\src\wingman2\lib\projectTopology.test.ts",".wingman-work",".ts","2768","2.7"
".wingman-work\backups\20260811-125215\src\wingman2\lib\projectTopology.test.ts",".wingman-work",".ts","2768","2.7"
".wingman-work\backups\20260811-125346\src\wingman2\lib\projectTopology.test.ts",".wingman-work",".ts","2768","2.7"
"archive\_src_inline_backups\src\wingman2\pages\CallCardsPage.tsx.bak-remove-redundant-call-buttons-20260627-153111","archive",".bak-remove-redundant-call-buttons-20260627-153111","2764","2.7"
".wingman-work\backups\20260811-125215\src\__tests__\productPitchActiveCatalogue.test.ts",".wingman-work",".ts","2755","2.69"
".wingman-work\backups\20260811-125346\src\__tests__\productPitchActiveCatalogue.test.ts",".wingman-work",".ts","2755","2.69"
".wingman-work\backups\20260811-125821\src\__tests__\productPitchActiveCatalogue.test.ts",".wingman-work",".ts","2755","2.69"
".wingman-work\backups\20260811-125821\src\wingman2\lib\runtimeTelemetry.test.ts",".wingman-work",".ts","2754","2.69"
".wingman-work\backups\20260811-125215\src\wingman2\lib\runtimeTelemetry.test.ts",".wingman-work",".ts","2754","2.69"
".wingman-work\backups\20260811-125346\src\wingman2\lib\runtimeTelemetry.test.ts",".wingman-work",".ts","2754","2.69"
"archive\_src_inline_backups\tools\check-known-compare-profiles.mjs.bak-20260702-070134","archive",".bak-20260702-070134","2745","2.68"
"archive\repo-cleanup-20260709-050830\root-backups\_wingman_backup_apo_dg2_dependency_rule_20260706-112917\src\wingman2\lib\productCallCardClassification.test.ts","archive",".ts","2742","2.68"
"archive\_wingman_backup_compare_invalid_sku_guard_20260615-131124\src\main.tsx","archive",".tsx","2739","2.67"
"archive\_wingman_backup_compare_match_detection_fix_20260615-125107\src\main.tsx","archive",".tsx","2739","2.67"
".wingman-work\backups\20260811-125821\src\wingman2\lib\productFeatureBenefits.test.ts",".wingman-work",".ts","2734","2.67"
".wingman-work\backups\20260811-125215\src\wingman2\lib\productFeatureBenefits.test.ts",".wingman-work",".ts","2734","2.67"
".wingman-work\backups\20260811-125346\src\wingman2\lib\productFeatureBenefits.test.ts",".wingman-work",".ts","2734","2.67"
"archive\backups\product-call-cards-phase1a-2026-06-07-20-08-19\src\wingman2\pages\productCallCards\ProductCallCardsResponsePage.tsx","archive",".tsx","2723","2.66"
"archive\_wingman_backup_compare_test_expectation_20260614-073839\compareEngineRuntimeAdapter.test.ts","archive",".ts","2716","2.65"
"archive\_wingman_backup_guru_single_instance_20260614-063825\src\wingman2\utils\installWingmanCopyDiscipline.ts","archive",".ts","2673","2.61"
"archive\_wingman_backup_guru_single_instance_20260614-063825\src\wingman2\components\DiagramPreviewPanel.tsx","archive",".tsx","2666","2.6"
"archive\backups\wingman-single-screen-fit-2026-06-08_12-29-10\tools\audit-wingman-single-screen.mjs","archive",".mjs","2619","2.56"
"archive\backups\wingman-single-screen-fit-2026-06-08_12-28-23\tools\audit-wingman-single-screen.mjs","archive",".mjs","2619","2.56"
"archive\_wingman_backup_compare_match_presentation_20260615-124852\src\main.tsx","archive",".tsx","2598","2.54"
".wingman-work\backups\20260811-125346\src\wingman2\lib\schematic\schematicTypes.ts",".wingman-work",".ts","2550","2.49"
".wingman-work\backups\20260811-125215\src\wingman2\lib\schematic\schematicTypes.ts",".wingman-work",".ts","2550","2.49"
".wingman-work\backups\20260811-125821\src\wingman2\lib\schematic\schematicTypes.ts",".wingman-work",".ts","2550","2.49"
".wingman-work\backups\20260811-125346\src\wingman2\pages\discovery\DiscoveryCustomTemplatePanel.tsx",".wingman-work",".tsx","2536","2.48"
".wingman-work\backups\20260811-125215\src\wingman2\pages\discovery\DiscoveryCustomTemplatePanel.tsx",".wingman-work",".tsx","2536","2.48"
"archive\_wingman_backup_compare_filter_logic_guard_20260615-123108\src\main.tsx","archive",".tsx","2536","2.48"
".wingman-work\backups\20260811-125821\src\wingman2\pages\discovery\DiscoveryCustomTemplatePanel.tsx",".wingman-work",".tsx","2536","2.48"
"archive\_wingman_backup_before_compare_restore_20260614-052137\src_wingman2_components_compare_CompareResetButton.tsx","archive",".tsx","2527","2.47"
"archive\_wingman_backup_guru_single_instance_20260614-063825\src\wingman2\lib\visualStudioDiagramFactory.ts","archive",".ts","2524","2.46"
".wingman-work\backups\20260811-125346\src\__tests__\guruGlossaryLinks.test.tsx",".wingman-work",".tsx","2523","2.46"
".wingman-work\backups\20260811-125215\src\__tests__\guruGlossaryLinks.test.tsx",".wingman-work",".tsx","2523","2.46"
".wingman-work\backups\20260811-125821\src\__tests__\guruGlossaryLinks.test.tsx",".wingman-work",".tsx","2523","2.46"
".wingman-work\backups\20260811-125215\src\__tests__\ErrorBoundary.test.tsx",".wingman-work",".tsx","2509","2.45"
".wingman-work\backups\20260811-125821\src\__tests__\ErrorBoundary.test.tsx",".wingman-work",".tsx","2509","2.45"
".wingman-work\backups\20260811-125346\src\__tests__\ErrorBoundary.test.tsx",".wingman-work",".tsx","2509","2.45"
"archive\repo-cleanup-20260709-050830\root-backups\_wingman_backup_competitor_lookup_server_20260706-105031\competitor-lookup-server.staged.patch","archive",".patch","2498","2.44"
".wingman-work\backups\20260811-125215\src\wingman2\lib\adminProductOverrides.ts",".wingman-work",".ts","2488","2.43"
".wingman-work\backups\20260811-125346\src\wingman2\lib\adminProductOverrides.ts",".wingman-work",".ts","2488","2.43"
".wingman-work\backups\20260811-125821\src\wingman2\lib\adminProductOverrides.ts",".wingman-work",".ts","2488","2.43"
"archive\_wingman_backup_compare_start_reset_20260615-124430\src\main.tsx","archive",".tsx","2478","2.42"
".wingman-work\backups\20260811-125821\src\wingman2\lib\productStoryEngine.cameraCopy.test.ts",".wingman-work",".ts","2449","2.39"
".wingman-work\backups\20260811-125346\src\wingman2\lib\productStoryEngine.cameraCopy.test.ts",".wingman-work",".ts","2449","2.39"
".wingman-work\backups\20260811-125215\src\wingman2\lib\productStoryEngine.cameraCopy.test.ts",".wingman-work",".ts","2449","2.39"
"archive\repo-cleanup-20260709-050830\root-backups\_wingman_backup_apo_dg2_dependency_rule_20260706-112917\wirelessCastingRecommendationRules.test.ts","archive",".ts","2444","2.39"
"archive\repo-cleanup-20260709-050830\root-backups\_wingman_backup_apo_dg2_dependency_rule_20260706-112917\src\wingman2\lib\wirelessCastingRecommendationRules.test.ts","archive",".ts","2440","2.38"
"archive\_wingman_backup_unreferenced_src_modules_20260710-104753\src\wingman2\theme\wingmanVisualRouteFlags.ts","archive",".ts","2417","2.36"
"archive\_wingman_backup_unused_server_agent_pipeline_20260710-122026\server\server\agents\schemas\discovery.schema.mjs","archive",".mjs","2413","2.36"
".wingman-work\backups\20260811-125821\src\__tests__\sharedProductSelectorConsistency.test.tsx",".wingman-work",".tsx","2412","2.36"
".wingman-work\backups\20260811-125346\src\__tests__\sharedProductSelectorConsistency.test.tsx",".wingman-work",".tsx","2412","2.36"
".wingman-work\backups\20260811-125215\src\__tests__\sharedProductSelectorConsistency.test.tsx",".wingman-work",".tsx","2412","2.36"
"archive\_wingman_backup_compare_sku_filter_state_guard_20260615-122531\src\main.tsx","archive",".tsx","2404","2.35"
"archive\_wingman_backup_fix_compare_reset_suppression_20260613-213320\src\wingman2\components\compare\CompareResetButton.tsx","archive",".tsx","2393","2.34"
"archive\_wingman_backup_guru_single_instance_20260614-063825\src\wingman2\lib\compareIntelligenceClient.ts","archive",".ts","2393","2.34"
".wingman-work\backups\20260811-125821\src\lib\middleware.ts",".wingman-work",".ts","2380","2.32"
".wingman-work\backups\20260811-125346\src\lib\middleware.ts",".wingman-work",".ts","2380","2.32"
".wingman-work\backups\20260811-125215\src\lib\middleware.ts",".wingman-work",".ts","2380","2.32"
"archive\_src_inline_backups\tools\reconcile-product-updates.mjs.bak-stable-product-update-20260628-052832","archive",".bak-stable-product-update-20260628-052832","2378","2.32"
".wingman-work\backups\20260811-125821\src\wingman2\lib\competitorSpecRegistry.inferSpecFormFields.test.ts",".wingman-work",".ts","2365","2.31"
".wingman-work\backups\20260811-125346\src\wingman2\lib\competitorSpecRegistry.inferSpecFormFields.test.ts",".wingman-work",".ts","2365","2.31"
".wingman-work\backups\20260811-125215\src\wingman2\lib\competitorSpecRegistry.inferSpecFormFields.test.ts",".wingman-work",".ts","2365","2.31"
"archive\_wingman_backup_compare_run_action_guard_20260615-123854\src\main.tsx","archive",".tsx","2361","2.31"
"archive\_src_inline_backups\tools\check-compare-class-gate-safety.mjs.backup-before-schema-aware-check","archive",".backup-before-schema-aware-check","2354","2.3"
".wingman-work\backups\20260811-125821\src\wingman2\data\productMedia.ts",".wingman-work",".ts","2348","2.29"
".wingman-work\backups\20260811-125346\src\wingman2\data\productMedia.ts",".wingman-work",".ts","2348","2.29"
".wingman-work\backups\20260811-125215\src\wingman2\data\productMedia.ts",".wingman-work",".ts","2348","2.29"
"archive\_wingman_backup_guru_single_instance_20260614-063825\src\wingman2\theme\wingmanVisualRouteFlags.ts","archive",".ts","2326","2.27"
"archive\_wingman_backup_guru_single_instance_20260614-063825\src\wingman2\lib\documentExtract.ts","archive",".ts","2320","2.27"
"archive\repo-cleanup-20260709-050830\root-backups\_wingman_backup_dashboard_compact_shell_20260630-094748\tools\check-dashboard-visual-correction.mjs","archive",".mjs","2313","2.26"
"archive\_src_inline_backups\tools\check-compare-sku-auto-advance.mjs.bak-20260702-071205","archive",".bak-20260702-071205","2303","2.25"
".wingman-work\backups\20260811-125821\src\wingman2\lib\compareResolution.ts",".wingman-work",".ts","2299","2.25"
".wingman-work\backups\20260811-125215\src\wingman2\lib\compareResolution.ts",".wingman-work",".ts","2299","2.25"
".wingman-work\backups\20260811-125346\src\wingman2\lib\compareResolution.ts",".wingman-work",".ts","2299","2.25"
".wingman-work\backups\20260811-125215\src\wingman2\lib\networkHdAvoipRoleGate.test.ts",".wingman-work",".ts","2290","2.24"
".wingman-work\backups\20260811-125821\src\wingman2\lib\networkHdAvoipRoleGate.test.ts",".wingman-work",".ts","2290","2.24"
".wingman-work\backups\20260811-125346\src\wingman2\lib\networkHdAvoipRoleGate.test.ts",".wingman-work",".ts","2290","2.24"
"archive\backups\wingman-single-screen-fit-2026-06-08_12-29-10\src\wingman2\components\WingmanWorkflowPager.tsx","archive",".tsx","2289","2.24"
"archive\backups\wingman-single-screen-fit-2026-06-08_12-28-23\src\wingman2\components\WingmanWorkflowPager.tsx","archive",".tsx","2289","2.24"
"archive\_wingman_backup_fix_compare_reset_20260613-212257\src\wingman2\components\compare\CompareResetButton.tsx","archive",".tsx","2278","2.22"
"archive\_src_inline_backups\src\wingman2\pages\ProductCallCardsPage.tsx.bak-20260612-064510","archive",".bak-20260612-064510","2255","2.2"
"archive\_src_inline_backups\src\wingman2\pages\ProductCallCardsPage.tsx.bak-20260612-064745","archive",".bak-20260612-064745","2255","2.2"
"archive\_src_inline_backups\tools\check-compare-sku-auto-advance.mjs.bak-20260702-071939","archive",".bak-20260702-071939","2249","2.2"
".wingman-work\backups\20260811-125215\src\wingman2\pages\CatalogBrowserPage.adminEdit.test.tsx",".wingman-work",".tsx","2242","2.19"
".wingman-work\backups\20260811-125346\src\wingman2\pages\CatalogBrowserPage.adminEdit.test.tsx",".wingman-work",".tsx","2242","2.19"
".wingman-work\backups\20260811-125821\src\wingman2\pages\CatalogBrowserPage.adminEdit.test.tsx",".wingman-work",".tsx","2242","2.19"
"archive\_wingman_backup_actual_sku_alpha_filter_20260615-122021\src\main.tsx","archive",".tsx","2239","2.19"
"archive\repo-cleanup-20260709-050830\root-backups\_wingman_backup_page_markup_migration_20260630-074900\src\wingman2\styles\CSS_MIGRATION_REGISTER.md","archive",".md","2227","2.17"
"archive\_src_inline_backups\tools\check-call-cards-focused-workflow.mjs.bak-consolidate-live-call-cards-20260627-142107","archive",".bak-consolidate-live-call-cards-20260627-142107","2212","2.16"
"archive\backups\product-call-cards-phase1b-2026-06-07-20-15-24\src\wingman2\pages\productCallCards\ProductCallCardsShell.tsx","archive",".tsx","2209","2.16"
".wingman-work\backups\20260811-125821\src\wingman2\pages\discovery\ExistingDiscoveryWarning.tsx",".wingman-work",".tsx","2204","2.15"
".wingman-work\backups\20260811-125346\src\wingman2\pages\discovery\ExistingDiscoveryWarning.tsx",".wingman-work",".tsx","2204","2.15"
".wingman-work\backups\20260811-125215\src\wingman2\pages\discovery\ExistingDiscoveryWarning.tsx",".wingman-work",".tsx","2204","2.15"
"archive\_wingman_backup_guru_single_instance_20260614-063825\src\wingman2\data\productMedia.ts","archive",".ts","2203","2.15"
".wingman-work\backups\20260811-125215\src\wingman2\data\productWorkspaceHandoff.ts",".wingman-work",".ts","2186","2.13"
".wingman-work\backups\20260811-125821\src\wingman2\data\productWorkspaceHandoff.ts",".wingman-work",".ts","2186","2.13"
".wingman-work\backups\20260811-125346\src\wingman2\data\productWorkspaceHandoff.ts",".wingman-work",".ts","2186","2.13"
".wingman-work\backups\20260811-125821\src\wingman2\lib\roomTemplatePlaceholders.test.ts",".wingman-work",".ts","2171","2.12"
".wingman-work\backups\20260811-125215\src\wingman2\lib\roomTemplatePlaceholders.test.ts",".wingman-work",".ts","2171","2.12"
".wingman-work\backups\20260811-125346\src\wingman2\lib\roomTemplatePlaceholders.test.ts",".wingman-work",".ts","2171","2.12"
"archive\_wingman_backup_guru_single_instance_20260614-063825\src\wingman2\lib\skuAliasResolver.ts","archive",".ts","2155","2.1"
"archive\_wingman_backup_unreferenced_src_modules_20260710-104753\src\__tests__\compareCandidateProductFamilyReason.test.tsx","archive",".tsx","2151","2.1"
".wingman-work\backups\20260811-125346\src\wingman2\lib\wyrestormProductLifecycle.test.ts",".wingman-work",".ts","2129","2.08"
".wingman-work\backups\20260811-125215\src\wingman2\lib\wyrestormProductLifecycle.test.ts",".wingman-work",".ts","2129","2.08"
".wingman-work\backups\20260811-125821\src\wingman2\lib\wyrestormProductLifecycle.test.ts",".wingman-work",".ts","2129","2.08"
".wingman-work\backups\20260811-125215\src\wingman2\lib\documentExtract.xlsx.test.ts",".wingman-work",".ts","2126","2.08"
".wingman-work\backups\20260811-125821\src\wingman2\lib\documentExtract.xlsx.test.ts",".wingman-work",".ts","2126","2.08"
".wingman-work\backups\20260811-125346\src\wingman2\lib\documentExtract.xlsx.test.ts",".wingman-work",".ts","2126","2.08"
"archive\_wingman_backup_unused_server_agent_pipeline_20260710-122026\server\server\agents\architectAgent.mjs","archive",".mjs","2117","2.07"
"archive\repo-cleanup-20260709-050830\root-artifacts\install.DISCARDED\README.md","archive",".md","2109","2.06"
"archive\_wingman_backup_compare_workflow_split_20260615-120833\src\main.tsx","archive",".tsx","2104","2.05"
"archive\_wingman_backup_unused_server_agent_pipeline_20260710-122026\server\server\agents\schemas\architect.schema.mjs","archive",".mjs","2098","2.05"
"archive\_wingman_backup_guru_single_instance_20260614-063825\src\wingman2\data\productWorkspaceHandoff.ts","archive",".ts","2089","2.04"
"archive\backups\response-pack-product-schematic-context-2026-06-08_11-23-41\src\wingman2\data\productWorkspaceHandoff.ts","archive",".ts","2089","2.04"
".wingman-work\backups\20260811-125821\src\wingman2\components\WingmanGuruDrawer.compareContext.test.ts",".wingman-work",".ts","2083","2.03"
".wingman-work\backups\20260811-125346\src\wingman2\components\WingmanGuruDrawer.compareContext.test.ts",".wingman-work",".ts","2083","2.03"
".wingman-work\backups\20260811-125215\src\wingman2\components\WingmanGuruDrawer.compareContext.test.ts",".wingman-work",".ts","2083","2.03"
"tools\check-mx0402-mst-resolution.mjs.20260722-115941.bak","tools",".bak","2077","2.03"
".wingman-work\backups\20260811-125821\src\__tests__\guruDrawerUiContract.test.ts",".wingman-work",".ts","2077","2.03"
".wingman-work\backups\20260811-125346\src\__tests__\guruDrawerUiContract.test.ts",".wingman-work",".ts","2077","2.03"
".wingman-work\backups\20260811-125215\src\__tests__\guruDrawerUiContract.test.ts",".wingman-work",".ts","2077","2.03"
"tools\check-mx0402-mst-resolution.mjs.20260722-091900.bak","tools",".bak","2077","2.03"
"archive\_src_inline_backups\src\main.tsx.backup-alpha-filter-duplicate-20260615-111650","archive",".backup-alpha-filter-duplicate-20260615-111650","2045","2"
"archive\_src_inline_backups\src\main.tsx.backup-alpha-filter-clean-20260615-111736","archive",".backup-alpha-filter-clean-20260615-111736","2045","2"
"archive\_src_inline_backups\tools\check-call-cards-focused-workflow.mjs.bak-remove-redundant-call-buttons-20260627-153111","archive",".bak-remove-redundant-call-buttons-20260627-153111","2007","1.96"
".wingman-work\backups\20260811-125346\src\wingman2\pages\discovery\DiscoverySummaryCard.tsx",".wingman-work",".tsx","2001","1.95"
".wingman-work\backups\20260811-125215\src\wingman2\pages\discovery\DiscoverySummaryCard.tsx",".wingman-work",".tsx","2001","1.95"
".wingman-work\backups\20260811-125821\src\wingman2\pages\discovery\DiscoverySummaryCard.tsx",".wingman-work",".tsx","2001","1.95"
".wingman-work\backups\20260811-125215\src\wingman2\components\PageHero.tsx",".wingman-work",".tsx","1997","1.95"
".wingman-work\backups\20260811-125346\src\wingman2\components\PageHero.tsx",".wingman-work",".tsx","1997","1.95"
".wingman-work\backups\20260811-125821\src\wingman2\components\PageHero.tsx",".wingman-work",".tsx","1997","1.95"
"archive\_wingman_backup_simplified_discovery_20260616-084529\main.tsx.bak","archive",".bak","1955","1.91"
"archive\_wingman_backup_fix_discovery_qty_20260616-082219\main.tsx.bak","archive",".bak","1955","1.91"
"archive\_wingman_backup_guru_single_instance_20260614-063825\src\wingman2\data\proposalSafetyStandard.ts","archive",".ts","1951","1.91"
"archive\repo-cleanup-20260709-050830\root-backups\_wingman_backup_navhub_specificity_lock_20260630-141804\tools\check-dashboard-visual-correction.mjs","archive",".mjs","1950","1.9"
"archive\repo-cleanup-20260709-050830\root-backups\_wingman_backup_navhub_tighter_density_20260630-141546\tools\check-dashboard-visual-correction.mjs","archive",".mjs","1950","1.9"
"archive\_wingman_backup_archive_call_cards_20260616-071326\main.tsx.bak","archive",".bak","1942","1.9"
"archive\_wingman_backup_product_callcards_sticky_layout_20260615-113741\src\main.tsx","archive",".tsx","1942","1.9"
"archive\repo-cleanup-20260709-050830\root-artifacts\_review\patch-final-text-hygiene-regexes.mjs","archive",".mjs","1937","1.89"
".wingman-work\backups\20260811-125821\src\wingman2\pages\IngestPage.errorHandling.test.tsx",".wingman-work",".tsx","1917","1.87"
".wingman-work\backups\20260811-125215\src\wingman2\pages\IngestPage.errorHandling.test.tsx",".wingman-work",".tsx","1917","1.87"
".wingman-work\backups\20260811-125346\src\wingman2\pages\IngestPage.errorHandling.test.tsx",".wingman-work",".tsx","1917","1.87"
"tools\dependency-audit-exceptions.json.20260725-134110.bak","tools",".bak","1910","1.87"
"archive\repo-cleanup-20260709-050830\root-backups\_wingman_backup_home_navhub_shared_ui_20260630-141354\tools\check-dashboard-visual-correction.mjs","archive",".mjs","1903","1.86"
"archive\_wingman_backup_guru_single_instance_20260614-063825\src\wingman2\components\RecommendationCard.tsx","archive",".tsx","1903","1.86"
"archive\repo-cleanup-20260709-050830\root-backups\_wingman_backup_navhub_density_20260630-141138\tools\check-dashboard-visual-correction.mjs","archive",".mjs","1903","1.86"
"archive\_wingman_backup_discovery_context_rules_20260616-075050\main.tsx.bak","archive",".bak","1899","1.85"
"archive\_wingman_backup_replace_discovery_multi_inputs_20260616-074600\main.tsx.bak","archive",".bak","1899","1.85"
"archive\_wingman_backup_discovery_multi_select_io_20260616-073542\main.tsx.bak","archive",".bak","1899","1.85"
"archive\_wingman_backup_call_cards_simple_20260616-070720\main.tsx.bak","archive",".bak","1896","1.85"
"archive\_wingman_backup_guru_single_instance_20260614-063825\src\wingman2\data\intelligenceDraftApi.ts","archive",".ts","1894","1.85"
"archive\repo-cleanup-20260709-050830\root-backups\_wingman_backup_dashboard_component_rewrite_20260630-090504\tools\check-dashboard-visual-correction.mjs","archive",".mjs","1890","1.85"
"archive\repo-cleanup-20260709-050830\root-artifacts\_review\extract-text-hygiene-manual-review.mjs","archive",".mjs","1887","1.84"
"archive\_wingman_backup_guru_single_instance_20260614-063825\src\wingman2\components\WingmanLanguageSelector.tsx","archive",".tsx","1885","1.84"
"archive\_wingman_backup_compare_more_button_20260615-203726\main.tsx","archive",".tsx","1882","1.84"
"archive\_wingman_backup_compare_native_ui_20260615-211613\main.tsx","archive",".tsx","1882","1.84"
".wingman-work\backups\20260811-125215\src\main.tsx.20260724-085018.bak",".wingman-work",".bak","1881","1.84"
".wingman-work\backups\20260811-125346\src\main.tsx.20260724-085018.bak",".wingman-work",".bak","1881","1.84"
"src\main.tsx.20260724-085018.bak","src",".bak","1881","1.84"
".wingman-work\backups\20260811-125821\src\main.tsx.20260724-085018.bak",".wingman-work",".bak","1881","1.84"
".wingman-work\backups\20260811-125821\src\wingman2\lib\compareResolution.test.ts",".wingman-work",".ts","1872","1.83"
".wingman-work\backups\20260811-125346\src\wingman2\lib\compareResolution.test.ts",".wingman-work",".ts","1872","1.83"
".wingman-work\backups\20260811-125215\src\wingman2\lib\compareResolution.test.ts",".wingman-work",".ts","1872","1.83"
"archive\_wingman_backup_unreferenced_src_modules_20260710-104753\src\wingman2\productMatching\types.ts","archive",".ts","1864","1.82"
"archive\_wingman_backup_unreferenced_src_modules_20260710-104753\src\wingman2\domain\productMatching\types.ts","archive",".ts","1864","1.82"
"archive\_wingman_backup_unused_server_agent_pipeline_20260710-122026\README.txt","archive",".txt","1852","1.81"
"archive\_wingman_backup_discovery_multi_inputs_20260616-073047\main.tsx.bak","archive",".bak","1852","1.81"
"archive\repo-cleanup-20260709-050830\root-artifacts\_codex-remove-template-filters.txt","archive",".txt","1851","1.81"
"archive\loose-bak\main.tsx.bak-simple-term-lookup-20260612-083820","archive",".bak-simple-term-lookup-20260612-083820","1847","1.8"
"archive\_wingman_backup_guru_single_instance_20260614-063825\src\wingman2\components\AudienceAwareCoachingPanel.tsx","archive",".tsx","1840","1.8"
".wingman-work\backups\20260811-125821\src\wingman2\lib\compareSpecEngine.mediaIndex.test.ts",".wingman-work",".ts","1837","1.79"
".wingman-work\backups\20260811-125215\src\wingman2\lib\compareSpecEngine.mediaIndex.test.ts",".wingman-work",".ts","1837","1.79"
".wingman-work\backups\20260811-125346\src\wingman2\lib\compareSpecEngine.mediaIndex.test.ts",".wingman-work",".ts","1837","1.79"
"archive\_src_inline_backups\src\main.tsx.backup-mic-direct-20260610-092318","archive",".backup-mic-direct-20260610-092318","1836","1.79"
"archive\repo-cleanup-20260709-050830\root-backups\_wingman_backup_no_equivalent_submit_20260704-205931\tools\check-compare-no-equivalent-submit.mjs","archive",".mjs","1835","1.79"
"archive\_wingman_backup_guru_single_instance_20260614-063825\src\wingman2\app\templatesRectCards.ts","archive",".ts","1830","1.79"
".wingman-work\backups\20260811-125821\src\wingman2\lib\governedCompareRuntime.ts",".wingman-work",".ts","1819","1.78"
".wingman-work\backups\20260811-125215\src\wingman2\lib\governedCompareRuntime.ts",".wingman-work",".ts","1819","1.78"
".wingman-work\backups\20260811-125346\src\wingman2\lib\governedCompareRuntime.ts",".wingman-work",".ts","1819","1.78"
"src\main.tsx.20260811-161809.bak","src",".bak","1815","1.77"
".wingman-work\backups\20260811-125215\src\main.tsx",".wingman-work",".tsx","1815","1.77"
".wingman-work\backups\20260811-125346\src\main.tsx",".wingman-work",".tsx","1815","1.77"
"src\main.tsx.20260811-161643.bak","src",".bak","1815","1.77"
".wingman-work\backups\20260811-125821\src\main.tsx",".wingman-work",".tsx","1815","1.77"
".wingman-work\backups\20260811-125346\src\__tests__\solutionTemplates.test.ts",".wingman-work",".ts","1814","1.77"
".wingman-work\backups\20260811-125215\src\__tests__\solutionTemplates.test.ts",".wingman-work",".ts","1814","1.77"
".wingman-work\backups\20260811-125821\src\__tests__\solutionTemplates.test.ts",".wingman-work",".ts","1814","1.77"
".wingman-work\backups\20260811-125821\src\wingman2\lib\competitorCompareDecision.failClosed.test.ts",".wingman-work",".ts","1810","1.77"
".wingman-work\backups\20260811-125215\src\wingman2\lib\competitorCompareDecision.failClosed.test.ts",".wingman-work",".ts","1810","1.77"
".wingman-work\backups\20260811-125346\src\wingman2\lib\competitorCompareDecision.failClosed.test.ts",".wingman-work",".ts","1810","1.77"
"archive\_wingman_backup_guru_mic_fix_20260616-064234\main.tsx.bak","archive",".bak","1809","1.77"
"archive\_wingman_backup_product_story_language_20260615-113106\src\main.tsx","archive",".tsx","1804","1.76"
"archive\_wingman_backup_guru_single_instance_20260614-063825\src\wingman2\domain\productMatching\types.ts","archive",".ts","1800","1.76"
"archive\_wingman_backup_guru_single_instance_20260614-063825\src\wingman2\productMatching\types.ts","archive",".ts","1800","1.76"
"archive\_src_inline_backups\src\main.tsx.backup-remove-mic-runtime-20260610-093028","archive",".backup-remove-mic-runtime-20260610-093028","1778","1.74"
"archive\_src_inline_backups\src\main.tsx.backup-remove-marker-20260610-103704","archive",".backup-remove-marker-20260610-103704","1778","1.74"
"archive\_src_inline_backups\src\main.tsx.backup-inline-layout-test-20260610-093254","archive",".backup-inline-layout-test-20260610-093254","1778","1.74"
"archive\_wingman_backup_compare_more_button_20260615-203436\main.tsx","archive",".tsx","1775","1.73"
"archive\repo-cleanup-20260709-050830\root-backups\_wingman_backup_home_shared_css_20260630-134642\tools\check-dashboard-visual-correction.mjs","archive",".mjs","1753","1.71"
"archive\repo-cleanup-20260709-050830\root-backups\_wingman_backup_home_navhub_reset_20260630-134327\tools\check-dashboard-visual-correction.mjs","archive",".mjs","1753","1.71"
"archive\_wingman_backup_guru_single_instance_20260614-063825\src\wingman2\components\ComparisonMatrix.tsx","archive",".tsx","1749","1.71"
"archive\repo-cleanup-20260709-050830\root-backups\_wingman_backup_home_navhub_reset_20260630-134236\tools\check-dashboard-visual-correction.mjs","archive",".mjs","1747","1.71"
"archive\repo-cleanup-20260709-050830\root-backups\_wingman_backup_home_navhub_header_20260630-133036\tools\check-dashboard-visual-correction.mjs","archive",".mjs","1733","1.69"
"archive\loose-bak\main.tsx.bak-direct-guru-says-20260612-084116","archive",".bak-direct-guru-says-20260612-084116","1732","1.69"
"archive\_src_inline_backups\src\main.tsx.backup-mic-align-20260610-090057","archive",".backup-mic-align-20260610-090057","1729","1.69"
"archive\loose-bak\main.tsx.bak-compact-guru-bridge-20260612-083248","archive",".bak-compact-guru-bridge-20260612-083248","1729","1.69"
"archive\_wingman_backup_unreferenced_src_modules_20260710-104753\src\wingman2\components\WingmanWorkspacePage.tsx","archive",".tsx","1726","1.69"
"archive\_wingman_backup_compare_visual_route_bridge_20260615-202629\main.tsx","archive",".tsx","1725","1.68"
"archive\_wingman_backup_compare_result_layout_20260615-190524\main.tsx","archive",".tsx","1725","1.68"
"archive\_wingman_backup_compare_result_styling_20260615-185918\main.tsx","archive",".tsx","1725","1.68"
".wingman-work\backups\20260811-125346\src\wingman2\lib\glossaryHighlightPreference.ts",".wingman-work",".ts","1723","1.68"
".wingman-work\backups\20260811-125821\src\wingman2\lib\glossaryHighlightPreference.ts",".wingman-work",".ts","1723","1.68"
".wingman-work\backups\20260811-125215\src\wingman2\lib\glossaryHighlightPreference.ts",".wingman-work",".ts","1723","1.68"
".wingman-work\backups\20260811-125215\src\wingman2\lib\salesConversationTone.test.ts",".wingman-work",".ts","1712","1.67"
".wingman-work\backups\20260811-125346\src\wingman2\lib\salesConversationTone.test.ts",".wingman-work",".ts","1712","1.67"
".wingman-work\backups\20260811-125821\src\wingman2\lib\salesConversationTone.test.ts",".wingman-work",".ts","1712","1.67"
".wingman-work\backups\20260811-125215\src\wingman2\lib\productAssurance.test.ts",".wingman-work",".ts","1689","1.65"
".wingman-work\backups\20260811-125821\src\wingman2\lib\productAssurance.test.ts",".wingman-work",".ts","1689","1.65"
".wingman-work\backups\20260811-125346\src\wingman2\lib\productAssurance.test.ts",".wingman-work",".ts","1689","1.65"
"archive\repo-cleanup-20260709-050830\root-backups\_wingman_backup_home_body_reset_20260630-133647\tools\check-dashboard-visual-correction.mjs","archive",".mjs","1685","1.65"
"archive\_wingman_backup_guru_movable_20260614-050939\src\main.tsx","archive",".tsx","1672","1.63"
"archive\_wingman_backup_guru_repair_20260614-051054\src\main.tsx","archive",".tsx","1672","1.63"
"archive\_wingman_backup_compare_sku_auto_advance_20260615-185550\main.tsx","archive",".tsx","1672","1.63"
"archive\_wingman_backup_guru_single_instance_20260614-063825\src\main.tsx","archive",".tsx","1672","1.63"
"archive\_wingman_backup_restore_sweeping_guru_20260614-064242\src\main.tsx","archive",".tsx","1672","1.63"
"archive\_wingman_backup_before_compare_restore_20260614-052137\src_main.tsx","archive",".tsx","1672","1.63"
"archive\_src_inline_backups\src\main.tsx.backup-20260610-082746","archive",".backup-20260610-082746","1672","1.63"
"archive\_wingman_backup_alpha_numeric_filter_20260615-111554\src\main.tsx","archive",".tsx","1672","1.63"
"archive\_wingman_backup_unused_server_agent_pipeline_20260710-122026\server\server\agents\validationAgent.mjs","archive",".mjs","1669","1.63"
"archive\repo-cleanup-20260709-050830\root-backups\_wingman_backup_vite_blank_20260708-055744\index.html","archive",".html","1667","1.63"
".wingman-work\backups\20260811-125821\src\wingman2\components\ProductWorkspaceChrome.test.tsx",".wingman-work",".tsx","1665","1.63"
".wingman-work\backups\20260811-125215\src\wingman2\components\ProductWorkspaceChrome.test.tsx",".wingman-work",".tsx","1665","1.63"
".wingman-work\backups\20260811-125346\src\wingman2\components\ProductWorkspaceChrome.test.tsx",".wingman-work",".tsx","1665","1.63"
".wingman-work\backups\20260811-125346\src\__tests__\discoveryStageStates.test.tsx",".wingman-work",".tsx","1664","1.62"
".wingman-work\backups\20260811-125821\src\__tests__\discoveryStageStates.test.tsx",".wingman-work",".tsx","1664","1.62"
".wingman-work\backups\20260811-125215\src\__tests__\discoveryStageStates.test.tsx",".wingman-work",".tsx","1664","1.62"
"archive\_wingman_backup_guru_single_instance_20260614-063825\src\wingman2\components\ProductInSituDiagram.tsx","archive",".tsx","1662","1.62"
".wingman-work\backups\20260811-125346\src\__tests__\productTopologyUiContract.test.ts",".wingman-work",".ts","1655","1.62"
".wingman-work\backups\20260811-125215\src\__tests__\productTopologyUiContract.test.ts",".wingman-work",".ts","1655","1.62"
".wingman-work\backups\20260811-125821\src\__tests__\productTopologyUiContract.test.ts",".wingman-work",".ts","1655","1.62"
"archive\_src_inline_backups\tools\check-call-cards-focused-workflow.mjs.bak-sales-facing-language-20260627-142951","archive",".bak-sales-facing-language-20260627-142951","1647","1.61"
"archive\_src_inline_backups\tools\audit-competitor-coverage.mjs.bak-stable-product-update-20260628-052832","archive",".bak-stable-product-update-20260628-052832","1634","1.6"
"src\main.tsx.20260720-104654.bak","src",".bak","1625","1.59"
".wingman-work\backups\20260811-125215\src\main.tsx.20260720-104415.bak",".wingman-work",".bak","1625","1.59"
".wingman-work\backups\20260811-125346\src\main.tsx.20260720-104415.bak",".wingman-work",".bak","1625","1.59"
".wingman-work\backups\20260811-125215\src\main.tsx.20260720-104654.bak",".wingman-work",".bak","1625","1.59"
"src\main.tsx.20260720-104415.bak","src",".bak","1625","1.59"
".wingman-work\backups\20260811-125346\src\main.tsx.20260720-104654.bak",".wingman-work",".bak","1625","1.59"
".wingman-work\backups\20260811-125821\src\main.tsx.20260720-104415.bak",".wingman-work",".bak","1625","1.59"
".wingman-work\backups\20260811-125821\src\main.tsx.20260720-104654.bak",".wingman-work",".bak","1625","1.59"
"archive\_src_inline_backups\src\main.tsx.backup-20260610-081506","archive",".backup-20260610-081506","1621","1.58"
"archive\backups\product-call-cards-phase1b-2026-06-07-20-15-24\src\wingman2\pages\ProductCallCardsPage.tsx","archive",".tsx","1618","1.58"
"archive\_wingman_backup_compare_role_gate_repair_20260615-192817\networkHdAvoipRoleGate.test.ts","archive",".ts","1596","1.56"
"archive\_wingman_backup_compare_summary_copy_update_20260615-193518\networkHdAvoipRoleGate.test.ts","archive",".ts","1596","1.56"
"archive\_src_inline_backups\tools\check-wingman-performance-guard.mjs.bak-20260702-070829","archive",".bak-20260702-070829","1592","1.55"
"archive\_wingman_backup_guru_20260614-050537\src\main.tsx","archive",".tsx","1588","1.55"
"archive\_wingman_backup_restore_global_guru_20260614-064442\src\main.tsx","archive",".tsx","1587","1.55"
".wingman-work\backups\20260811-125215\src\wingman2\data\schematicWorkspaceHandoff.ts",".wingman-work",".ts","1573","1.54"
".wingman-work\backups\20260811-125346\src\wingman2\data\schematicWorkspaceHandoff.ts",".wingman-work",".ts","1573","1.54"
".wingman-work\backups\20260811-125821\src\wingman2\data\schematicWorkspaceHandoff.ts",".wingman-work",".ts","1573","1.54"
"archive\repo-cleanup-20260709-050830\root-backups\_wingman_backup_navhub_density_20260630-140851\tools\check-dashboard-visual-correction.mjs","archive",".mjs","1571","1.53"
"archive\_wingman_backup_unreferenced_src_modules_20260710-104753\README.txt","archive",".txt","1568","1.53"
".wingman-work\backups\20260811-125821\src\wingman2\lib\compareSkuNormalization.test.ts",".wingman-work",".ts","1559","1.52"
".wingman-work\backups\20260811-125346\src\wingman2\lib\compareSkuNormalization.test.ts",".wingman-work",".ts","1559","1.52"
".wingman-work\backups\20260811-125215\src\wingman2\lib\compareSkuNormalization.test.ts",".wingman-work",".ts","1559","1.52"
".wingman-work\backups\20260811-125821\src\wingman2\lib\schematic\schematicLayoutEngine.ts",".wingman-work",".ts","1542","1.51"
".wingman-work\backups\20260811-125215\src\wingman2\lib\schematic\schematicLayoutEngine.ts",".wingman-work",".ts","1542","1.51"
".wingman-work\backups\20260811-125346\src\wingman2\lib\schematic\schematicLayoutEngine.ts",".wingman-work",".ts","1542","1.51"
"archive\_wingman_backup_unused_server_agent_pipeline_20260710-122026\server\server\agents\discoveryAgent.mjs","archive",".mjs","1529","1.49"
".wingman-work\backups\20260811-125346\src\main.tsx.20260720-103614.bak",".wingman-work",".bak","1518","1.48"
"src\main.tsx.20260720-103614.bak","src",".bak","1518","1.48"
".wingman-work\backups\20260811-125821\src\main.tsx.20260720-103614.bak",".wingman-work",".bak","1518","1.48"
".wingman-work\backups\20260811-125215\src\main.tsx.20260720-103614.bak",".wingman-work",".bak","1518","1.48"
"archive\_wingman_backup_unused_server_agent_pipeline_20260710-122026\server\server\agents\schemas\validation.schema.mjs","archive",".mjs","1518","1.48"
"archive\_wingman_backup_guru_single_instance_20260614-063825\src\wingman2\data\schematicWorkspaceHandoff.ts","archive",".ts","1517","1.48"
"archive\_wingman_backup_guru_single_instance_20260614-063825\src\wingman2\components\PageHero.tsx","archive",".tsx","1503","1.47"
".wingman-work\backups\20260811-125821\src\wingman2\lib\compareEligibilityEngine.presentationIntent.test.ts",".wingman-work",".ts","1492","1.46"
".wingman-work\backups\20260811-125215\src\wingman2\lib\compareEligibilityEngine.presentationIntent.test.ts",".wingman-work",".ts","1492","1.46"
".wingman-work\backups\20260811-125346\src\wingman2\lib\compareEligibilityEngine.presentationIntent.test.ts",".wingman-work",".ts","1492","1.46"
"archive\_wingman_backup_guru_single_instance_20260614-063825\src\wingman2\components\AudienceSelector.tsx","archive",".tsx","1492","1.46"
"archive\repo-cleanup-20260709-050830\root-artifacts\_review\branch-cleanup\wonderful-tereshkova.diff","archive",".diff","1490","1.46"
"archive\_wingman_backup_unused_server_agent_pipeline_20260710-122026\server\server\agents\proposalAgent.mjs","archive",".mjs","1487","1.45"
"archive\repo-cleanup-20260709-050830\root-backups\_wingman_backup_style_audit_fix_20260630-073901\src\wingman2\styles\CSS_MIGRATION_REGISTER.md","archive",".md","1477","1.44"
"archive\_wingman_backup_guru_single_instance_20260614-063825\src\wingman2\pages\productCallCards\ProductCallCardsShell.tsx","archive",".tsx","1468","1.43"
"archive\_wingman_backup_unused_server_agent_pipeline_20260710-122026\server\server\agents\competitorMatchAgent.mjs","archive",".mjs","1443","1.41"
"archive\_wingman_backup_guru_single_instance_20260614-063825\src\wingman2\components\WingmanWorkspacePage.tsx","archive",".tsx","1442","1.41"
"archive\_wingman_backup_guru_single_instance_20260614-063825\src\__tests__\ErrorBoundary.test.tsx","archive",".tsx","1436","1.4"
".wingman-work\backups\20260811-125821\src\wingman2\lib\knownWyrestormCompareProfiles.test.ts",".wingman-work",".ts","1399","1.37"
".wingman-work\backups\20260811-125346\src\wingman2\lib\knownWyrestormCompareProfiles.test.ts",".wingman-work",".ts","1399","1.37"
".wingman-work\backups\20260811-125215\src\wingman2\lib\knownWyrestormCompareProfiles.test.ts",".wingman-work",".ts","1399","1.37"
"archive\_src_inline_backups\tools\audit-new-product-stories.mjs.bak-stable-product-update-20260628-052832","archive",".bak-stable-product-update-20260628-052832","1393","1.36"
".wingman-work\backups\20260811-125346\src\wingman2\lib\proposalCompiler.test.ts",".wingman-work",".ts","1381","1.35"
".wingman-work\backups\20260811-125215\src\wingman2\lib\proposalCompiler.test.ts",".wingman-work",".ts","1381","1.35"
".wingman-work\backups\20260811-125821\src\wingman2\lib\proposalCompiler.test.ts",".wingman-work",".ts","1381","1.35"
"backups\react-flow-foundation-20260714-084703\main.tsx.bak","backups",".bak","1364","1.33"
"backups\react-flow-foundation-20260714-054745\main.tsx.bak","backups",".bak","1364","1.33"
".wingman-work\backups\20260811-125346\src\wingman2\lib\visualStudioTypes.ts",".wingman-work",".ts","1361","1.33"
".wingman-work\backups\20260811-125215\src\wingman2\lib\visualStudioTypes.ts",".wingman-work",".ts","1361","1.33"
".wingman-work\backups\20260811-125821\src\wingman2\lib\visualStudioTypes.ts",".wingman-work",".ts","1361","1.33"
".wingman-work\backups\20260811-125215\src\wingman2\lib\adminProductOverrides.test.ts",".wingman-work",".ts","1357","1.33"
".wingman-work\backups\20260811-125346\src\wingman2\lib\adminProductOverrides.test.ts",".wingman-work",".ts","1357","1.33"
".wingman-work\backups\20260811-125821\src\wingman2\lib\adminProductOverrides.test.ts",".wingman-work",".ts","1357","1.33"
"archive\_wingman_backup_unused_server_agent_pipeline_20260710-122026\server\server\agents\prompts\discoveryPrompt.mjs","archive",".mjs","1344","1.31"
".wingman-work\backups\20260811-125821\src\wingman2\components\compare\CompareBackToListButton.tsx",".wingman-work",".tsx","1341","1.31"
".wingman-work\backups\20260811-125346\src\wingman2\components\compare\CompareBackToListButton.tsx",".wingman-work",".tsx","1341","1.31"
".wingman-work\backups\20260811-125215\src\wingman2\components\compare\CompareBackToListButton.tsx",".wingman-work",".tsx","1341","1.31"
"archive\_wingman_backup_unreferenced_src_modules_20260710-104753\src\wingman2\components\layout\WingmanRouteTabs.tsx","archive",".tsx","1341","1.31"
".wingman-work\backups\20260811-125821\src\__tests__\productIntelligenceIndexCacheUsage.test.ts",".wingman-work",".ts","1336","1.3"
".wingman-work\backups\20260811-125215\src\__tests__\productIntelligenceIndexCacheUsage.test.ts",".wingman-work",".ts","1336","1.3"
".wingman-work\backups\20260811-125346\src\__tests__\productIntelligenceIndexCacheUsage.test.ts",".wingman-work",".ts","1336","1.3"
".wingman-work\backups\20260811-125215\src\wingman2\components\SectionCard.tsx",".wingman-work",".tsx","1323","1.29"
".wingman-work\backups\20260811-125821\src\wingman2\components\SectionCard.tsx",".wingman-work",".tsx","1323","1.29"
".wingman-work\backups\20260811-125346\src\wingman2\components\SectionCard.tsx",".wingman-work",".tsx","1323","1.29"
".wingman-work\backups\20260811-125346\src\wingman2\lib\templateMarkets.ts",".wingman-work",".ts","1294","1.26"
".wingman-work\backups\20260811-125215\src\wingman2\lib\templateMarkets.ts",".wingman-work",".ts","1294","1.26"
".wingman-work\backups\20260811-125821\src\wingman2\lib\templateMarkets.ts",".wingman-work",".ts","1294","1.26"
".wingman-work\backups\20260811-125346\src\main.tsx.20260712-143821.bak",".wingman-work",".bak","1291","1.26"
"src\main.tsx.20260712-143821.bak","src",".bak","1291","1.26"
".wingman-work\backups\20260811-125215\src\main.tsx.20260712-143821.bak",".wingman-work",".bak","1291","1.26"
".wingman-work\backups\20260811-125821\src\main.tsx.20260712-143821.bak",".wingman-work",".bak","1291","1.26"
"archive\repo-cleanup-20260709-050830\root-backups\_wingman_backup_vite_blank_20260708-055744\src_main.tsx","archive",".tsx","1288","1.26"
"archive\repo-cleanup-20260709-050830\root-backups\_wingman_backup_page_markup_migration_20260630-074900\SECURITY.md","archive",".md","1283","1.25"
".wingman-work\backups\20260811-125346\src\wingman2\components\StatusChip.tsx",".wingman-work",".tsx","1258","1.23"
".wingman-work\backups\20260811-125821\src\wingman2\components\StatusChip.tsx",".wingman-work",".tsx","1258","1.23"
".wingman-work\backups\20260811-125215\src\wingman2\components\StatusChip.tsx",".wingman-work",".tsx","1258","1.23"
".wingman-work\backups\20260811-125215\src\main.tsx.20260712-145428.bak",".wingman-work",".bak","1252","1.22"
".wingman-work\backups\20260811-125346\src\main.tsx.20260712-145428.bak",".wingman-work",".bak","1252","1.22"
"src\main.tsx.20260712-143533.bak","src",".bak","1252","1.22"
"src\main.tsx.20260712-143240.bak","src",".bak","1252","1.22"
".wingman-work\backups\20260811-125821\src\main.tsx.20260712-143240.bak",".wingman-work",".bak","1252","1.22"
".wingman-work\backups\20260811-125215\src\main.tsx.20260712-143533.bak",".wingman-work",".bak","1252","1.22"
".wingman-work\backups\20260811-125346\src\main.tsx.20260712-143240.bak",".wingman-work",".bak","1252","1.22"
".wingman-work\backups\20260811-125821\src\main.tsx.20260712-143533.bak",".wingman-work",".bak","1252","1.22"
".wingman-work\backups\20260811-125215\src\main.tsx.20260712-143240.bak",".wingman-work",".bak","1252","1.22"
".wingman-work\backups\20260811-125346\src\main.tsx.20260712-143533.bak",".wingman-work",".bak","1252","1.22"
"src\main.tsx.20260712-145428.bak","src",".bak","1252","1.22"
".wingman-work\backups\20260811-125821\src\main.tsx.20260712-145428.bak",".wingman-work",".bak","1252","1.22"
".wingman-work\backups\20260811-125346\src\__tests__\finderProductFamilyRanking.test.ts",".wingman-work",".ts","1235","1.21"
".wingman-work\backups\20260811-125821\src\__tests__\finderProductFamilyRanking.test.ts",".wingman-work",".ts","1235","1.21"
".wingman-work\backups\20260811-125215\src\__tests__\finderProductFamilyRanking.test.ts",".wingman-work",".ts","1235","1.21"
"archive\repo-cleanup-20260709-050830\root-backups\_wingman_backup_apo_dg2_dependency_rule_20260706-112917\src\__tests__\finderProductFamilyRanking.test.ts","archive",".ts","1235","1.21"
"archive\repo-cleanup-20260709-050830\root-artifacts\_review\status-after-text-hygiene.txt","archive",".txt","1224","1.2"
"backups\wyrestorm-port-count-repair-20260714-051033\data_backend_product-intelligence.json.bak","backups",".bak","1220","1.19"
"archive\repo-cleanup-20260709-050830\root-artifacts\_review\diff-stat-after-text-hygiene.txt","archive",".txt","1214","1.19"
".wingman-work\backups\20260811-125346\src\wingman2\app\wingmanDisplayScaleGuard.ts",".wingman-work",".ts","1209","1.18"
".wingman-work\backups\20260811-125215\src\wingman2\app\wingmanDisplayScaleGuard.ts",".wingman-work",".ts","1209","1.18"
".wingman-work\backups\20260811-125821\src\wingman2\app\wingmanDisplayScaleGuard.ts",".wingman-work",".ts","1209","1.18"
".wingman-work\backups\20260811-125215\src\wingman2\pages\ComparePageNew.bridge.test.tsx",".wingman-work",".tsx","1208","1.18"
".wingman-work\backups\20260811-125821\src\wingman2\pages\ComparePageNew.bridge.test.tsx",".wingman-work",".tsx","1208","1.18"
".wingman-work\backups\20260811-125346\src\wingman2\pages\ComparePageNew.bridge.test.tsx",".wingman-work",".tsx","1208","1.18"
".wingman-work\backups\20260811-125346\src\__tests__\fixtures\documentIngest\blustreamPacific.fixture.ts",".wingman-work",".ts","1204","1.18"
".wingman-work\backups\20260811-125215\src\__tests__\fixtures\documentIngest\blustreamPacific.fixture.ts",".wingman-work",".ts","1204","1.18"
".wingman-work\backups\20260811-125821\src\__tests__\fixtures\documentIngest\blustreamPacific.fixture.ts",".wingman-work",".ts","1204","1.18"
"archive\repo-cleanup-20260709-050830\root-backups\_wingman_backup_orphan_fixture_move_20260706-115619\blustreamPacific.fixture.ts","archive",".ts","1204","1.18"
"archive\_wingman_backup_before_compare_restore_20260614-052137\src_wingman2_components_compare_CompareBackToListButton.tsx","archive",".tsx","1175","1.15"
"archive\_src_inline_backups\tools\run-product-intelligence-update.mjs.bak-optional-nonblocking-20260628-063453","archive",".bak-optional-nonblocking-20260628-063453","1173","1.15"
"archive\_wingman_backup_guru_single_instance_20260614-063825\src\wingman2\components\compare\CompareBackToListButton.tsx","archive",".tsx","1171","1.14"
"archive\_wingman_backup_compare_ui_polish_20260613-204505\src\wingman2\components\compare\CompareBackToListButton.tsx","archive",".tsx","1171","1.14"
"archive\_wingman_backup_guru_single_instance_20260614-063825\src\wingman2\lib\visualStudioTypes.ts","archive",".ts","1170","1.14"
"archive\_wingman_backup_guru_single_instance_20260614-063825\src\wingman2\app\wingmanDisplayScaleGuard.ts","archive",".ts","1162","1.13"
".wingman-work\backups\20260811-125821\src\__tests__\ingestNextStep.test.tsx",".wingman-work",".tsx","1152","1.12"
".wingman-work\backups\20260811-125346\src\__tests__\ingestNextStep.test.tsx",".wingman-work",".tsx","1152","1.12"
".wingman-work\backups\20260811-125215\src\__tests__\ingestNextStep.test.tsx",".wingman-work",".tsx","1152","1.12"
".wingman-work\backups\20260811-125215\src\wingman2\lib\productCallCardTypes.ts",".wingman-work",".ts","1144","1.12"
".wingman-work\backups\20260811-125346\src\wingman2\lib\productCallCardTypes.ts",".wingman-work",".ts","1144","1.12"
".wingman-work\backups\20260811-125821\src\wingman2\lib\productCallCardTypes.ts",".wingman-work",".ts","1144","1.12"
"archive\repo-cleanup-20260709-050830\root-artifacts\_review\text-hygiene-report-before-active-fix.md","archive",".md","1141","1.11"
"archive\_wingman_backup_pre_commit_20260614-053254\server_catalog_files.mjs","archive",".mjs","1136","1.11"
"archive\_src_inline_backups\tools\check-call-coach-no-call-cards-loop.mjs.bak-remove-redundant-call-buttons-20260627-153111","archive",".bak-remove-redundant-call-buttons-20260627-153111","1134","1.11"
"archive\_src_inline_backups\tools\run-product-intelligence-update.mjs.bak-stable-product-update-20260628-052832","archive",".bak-stable-product-update-20260628-052832","1116","1.09"
".wingman-work\backups\20260811-125346\src\wingman2\lib\wyrestormPortCountRecovery.test.ts",".wingman-work",".ts","1115","1.09"
".wingman-work\backups\20260811-125821\src\wingman2\lib\wyrestormPortCountRecovery.test.ts",".wingman-work",".ts","1115","1.09"
".wingman-work\backups\20260811-125215\src\wingman2\lib\wyrestormPortCountRecovery.test.ts",".wingman-work",".ts","1115","1.09"
"archive\repo-cleanup-20260709-050830\src-snapshots\src\main.tsx.templates-click-expand-20260707-194235.bak","archive",".bak","1113","1.09"
".wingman-work\backups\20260811-125821\src\wingman2\lib\buildInfo.ts",".wingman-work",".ts","1075","1.05"
".wingman-work\backups\20260811-125215\src\wingman2\lib\buildInfo.ts",".wingman-work",".ts","1075","1.05"
".wingman-work\backups\20260811-125346\src\wingman2\lib\buildInfo.ts",".wingman-work",".ts","1075","1.05"
".wingman-work\backups\20260811-125346\src\wingman2\pages\ComparePageNew.liveLookup.test.ts",".wingman-work",".ts","1072","1.05"
".wingman-work\backups\20260811-125821\src\wingman2\pages\ComparePageNew.liveLookup.test.ts",".wingman-work",".ts","1072","1.05"
".wingman-work\backups\20260811-125215\src\wingman2\pages\ComparePageNew.liveLookup.test.ts",".wingman-work",".ts","1072","1.05"
"archive\_wingman_backup_abandoned_hardcoded_topology_planner_20260710-104121\README.txt","archive",".txt","1050","1.03"
".wingman-work\backups\20260811-125346\src\wingman2\README.md",".wingman-work",".md","1042","1.02"
".wingman-work\backups\20260811-125215\src\wingman2\README.md",".wingman-work",".md","1042","1.02"
".wingman-work\backups\20260811-125821\src\wingman2\README.md",".wingman-work",".md","1042","1.02"
".wingman-work\backups\20260811-125346\src\__tests__\pageHeroGuidance.test.tsx",".wingman-work",".tsx","1040","1.02"
".wingman-work\backups\20260811-125215\src\__tests__\pageHeroGuidance.test.tsx",".wingman-work",".tsx","1040","1.02"
".wingman-work\backups\20260811-125821\src\__tests__\pageHeroGuidance.test.tsx",".wingman-work",".tsx","1040","1.02"
".wingman-work\backups\20260811-125821\src\__tests__\setup.ts",".wingman-work",".ts","1035","1.01"
".wingman-work\backups\20260811-125215\src\__tests__\setup.ts",".wingman-work",".ts","1035","1.01"
".wingman-work\backups\20260811-125346\src\__tests__\setup.ts",".wingman-work",".ts","1035","1.01"
".wingman-work\backups\20260811-125821\src\wingman2\pages\ComparePageNew.noMatchFallback.test.tsx",".wingman-work",".tsx","1030","1.01"
".wingman-work\backups\20260811-125346\src\wingman2\pages\ComparePageNew.noMatchFallback.test.tsx",".wingman-work",".tsx","1030","1.01"
".wingman-work\backups\20260811-125215\src\wingman2\pages\ComparePageNew.noMatchFallback.test.tsx",".wingman-work",".tsx","1030","1.01"
"archive\_wingman_backup_guru_single_instance_20260614-063825\src\wingman2\components\SectionCard.tsx","archive",".tsx","1024","1"
"archive\_wingman_backup_guru_single_instance_20260614-063825\src\wingman2\components\layout\WingmanRouteTabs.tsx","archive",".tsx","1017","0.99"
".wingman-work\backups\20260811-125215\src\wingman2\pages\CatalogBrowserPage.fetchError.test.tsx",".wingman-work",".tsx","1014","0.99"
".wingman-work\backups\20260811-125821\src\wingman2\pages\CatalogBrowserPage.fetchError.test.tsx",".wingman-work",".tsx","1014","0.99"
".wingman-work\backups\20260811-125346\src\wingman2\pages\CatalogBrowserPage.fetchError.test.tsx",".wingman-work",".tsx","1014","0.99"
".wingman-work\backups\20260811-125346\src\wingman2\lib\productIntelligenceIndexCache.test.ts",".wingman-work",".ts","1013","0.99"
".wingman-work\backups\20260811-125215\src\wingman2\lib\productIntelligenceIndexCache.test.ts",".wingman-work",".ts","1013","0.99"
".wingman-work\backups\20260811-125821\src\wingman2\lib\productIntelligenceIndexCache.test.ts",".wingman-work",".ts","1013","0.99"
".wingman-work\backups\20260811-125346\src\wingman2\pages\discovery\discoveryTypes.ts",".wingman-work",".ts","996","0.97"
".wingman-work\backups\20260811-125821\src\wingman2\pages\discovery\discoveryTypes.ts",".wingman-work",".ts","996","0.97"
".wingman-work\backups\20260811-125215\src\wingman2\pages\discovery\discoveryTypes.ts",".wingman-work",".ts","996","0.97"
".wingman-work\backups\20260811-125215\src\__tests__\visualStudioLayoutGuard.test.ts",".wingman-work",".ts","987","0.96"
".wingman-work\backups\20260811-125346\src\__tests__\visualStudioLayoutGuard.test.ts",".wingman-work",".ts","987","0.96"
".wingman-work\backups\20260811-125821\src\__tests__\visualStudioLayoutGuard.test.ts",".wingman-work",".ts","987","0.96"
"archive\_wingman_backup_guru_single_instance_20260614-063825\src\wingman2\lib\compareDisplayText.ts","archive",".ts","984","0.96"
".wingman-work\backups\20260811-125346\src\__tests__\wingmanCoach.test.ts",".wingman-work",".ts","973","0.95"
".wingman-work\backups\20260811-125821\src\__tests__\wingmanCoach.test.ts",".wingman-work",".ts","973","0.95"
".wingman-work\backups\20260811-125215\src\__tests__\wingmanCoach.test.ts",".wingman-work",".ts","973","0.95"
"archive\_wingman_backup_unused_server_agent_pipeline_20260710-122026\server\server\agents\schemas\proposal.schema.mjs","archive",".mjs","964","0.94"
".wingman-work\backups\20260811-125346\src\vite-env.d.ts",".wingman-work",".ts","948","0.93"
".wingman-work\backups\20260811-125215\src\vite-env.d.ts",".wingman-work",".ts","948","0.93"
".wingman-work\backups\20260811-125821\src\vite-env.d.ts",".wingman-work",".ts","948","0.93"
"archive\_wingman_backup_guru_single_instance_20260614-063825\src\wingman2\components\TopBarAudienceSelector.tsx","archive",".tsx","947","0.92"
".wingman-work\backups\20260811-125215\src\lib\server.ts",".wingman-work",".ts","942","0.92"
".wingman-work\backups\20260811-125346\src\lib\server.ts",".wingman-work",".ts","942","0.92"
".wingman-work\backups\20260811-125821\src\lib\server.ts",".wingman-work",".ts","942","0.92"
"archive\_wingman_backup_unreferenced_src_modules_20260710-104753\src\wingman2\components\layout\WingmanPanel.tsx","archive",".tsx","932","0.91"
"archive\_wingman_backup_before_reversing_compare_ui_polish_20260613-204652\src\wingman2\components\compare\CompareBackToListButton.tsx","archive",".tsx","900","0.88"
"archive\_wingman_backup_guru_single_instance_20260614-063825\src\vite-env.d.ts","archive",".ts","896","0.88"
"archive\_wingman_backup_unreferenced_src_modules_20260710-104753\src\wingman2\content\featureAudit.ts","archive",".ts","885","0.86"
".wingman-work\backups\20260811-125821\src\__tests__\visualDesignGeneratedSchematic.test.tsx",".wingman-work",".tsx","881","0.86"
".wingman-work\backups\20260811-125346\src\__tests__\visualDesignGeneratedSchematic.test.tsx",".wingman-work",".tsx","881","0.86"
".wingman-work\backups\20260811-125215\src\__tests__\visualDesignGeneratedSchematic.test.tsx",".wingman-work",".tsx","881","0.86"
"archive\_wingman_backup_unused_server_agent_pipeline_20260710-122026\server\server\agents\runPhase1Pipeline.mjs","archive",".mjs","876","0.86"
".wingman-work\backups\20260811-125346\src\wingman2\pages\ComparePageNew.ingestDrill.test.tsx",".wingman-work",".tsx","873","0.85"
".wingman-work\backups\20260811-125821\src\wingman2\pages\ComparePageNew.ingestDrill.test.tsx",".wingman-work",".tsx","873","0.85"
".wingman-work\backups\20260811-125215\src\wingman2\pages\ComparePageNew.ingestDrill.test.tsx",".wingman-work",".tsx","873","0.85"
"archive\_wingman_backup_unreferenced_src_modules_20260710-104753\src\wingman2\components\layout\WingmanPageHero.tsx","archive",".tsx","871","0.85"
".wingman-work\backups\20260811-125821\src\wingman2\lib\wyrestormCompareProfile.sharedData.test.ts",".wingman-work",".ts","861","0.84"
".wingman-work\backups\20260811-125346\src\wingman2\lib\wyrestormCompareProfile.sharedData.test.ts",".wingman-work",".ts","861","0.84"
".wingman-work\backups\20260811-125215\src\wingman2\lib\wyrestormCompareProfile.sharedData.test.ts",".wingman-work",".ts","861","0.84"
".wingman-work\backups\20260811-125346\src\wingman2\app\routeCatalog.test.ts",".wingman-work",".ts","859","0.84"
".wingman-work\backups\20260811-125821\src\wingman2\app\routeCatalog.test.ts",".wingman-work",".ts","859","0.84"
".wingman-work\backups\20260811-125215\src\wingman2\app\routeCatalog.test.ts",".wingman-work",".ts","859","0.84"
"archive\_wingman_backup_unreferenced_src_modules_20260710-104753\src\wingman2\components\layout\WingmanCard.tsx","archive",".tsx","857","0.84"
"archive\_wingman_backup_guru_single_instance_20260614-063825\src\wingman2\content\featureAudit.ts","archive",".ts","855","0.83"
".wingman-work\backups\20260811-125215\src\__tests__\finderProductFamilyReason.test.ts",".wingman-work",".ts","855","0.83"
".wingman-work\backups\20260811-125821\src\__tests__\finderProductFamilyReason.test.ts",".wingman-work",".ts","855","0.83"
".wingman-work\backups\20260811-125346\src\__tests__\finderProductFamilyReason.test.ts",".wingman-work",".ts","855","0.83"
"archive\_wingman_backup_guru_single_instance_20260614-063825\src\wingman2\components\TopBarUtilityActions.tsx","archive",".tsx","836","0.82"
"archive\repo-cleanup-20260709-050830\root-backups\_wingman_backup_dashboard_drift_repair_20260630-083220\tools\check-dashboard-visual-correction.mjs","archive",".mjs","831","0.81"
"archive\_wingman_backup_guru_single_instance_20260614-063825\src\wingman2\components\layout\WingmanPanel.tsx","archive",".tsx","829","0.81"
"archive\_wingman_backup_guru_single_instance_20260614-063825\src\wingman2\components\layout\WingmanCard.tsx","archive",".tsx","806","0.79"
"archive\_wingman_backup_guru_single_instance_20260614-063825\src\wingman2\components\layout\WingmanPageHero.tsx","archive",".tsx","806","0.79"
"archive\_backup_compare_runtime_product_normalise_20260613-181907\compareRuntimePipeline.ts","archive",".ts","780","0.76"
"archive\_wingman_backup_guru_single_instance_20260614-063825\src\wingman2\components\WorkflowActionCard.tsx","archive",".tsx","763","0.75"
"archive\_wingman_backup_unreferenced_src_modules_20260710-104753\src\wingman2\components\layout\WingmanPageFrame.tsx","archive",".tsx","762","0.74"
"archive\_wingman_backup_guru_single_instance_20260614-063825\src\wingman2\hooks\useWingmanAudience.ts","archive",".ts","755","0.74"
".wingman-work\backups\20260811-125215\src\wingman2\lib\productCallCardText.ts",".wingman-work",".ts","740","0.72"
".wingman-work\backups\20260811-125346\src\wingman2\lib\productCallCardText.ts",".wingman-work",".ts","740","0.72"
".wingman-work\backups\20260811-125821\src\wingman2\lib\productCallCardText.ts",".wingman-work",".ts","740","0.72"
"tools\wingman-size-budgets.json.20260806-130904.bak","tools",".bak","734","0.72"
"archive\_wingman_backup_guru_single_instance_20260614-063825\src\wingman2\lib\productIntelligenceIndexCache.ts","archive",".ts","716","0.7"
"tools\wingman-size-budgets.json.20260806-122837.bak","tools",".bak","716","0.7"
"archive\_wingman_backup_guru_single_instance_20260614-063825\src\wingman2\components\layout\WingmanPageFrame.tsx","archive",".tsx","705","0.69"
"archive\_wingman_backup_unused_server_agent_pipeline_20260710-122026\server\server\agents\schemas\competitor.schema.mjs","archive",".mjs","683","0.67"
"archive\_wingman_backup_guru_single_instance_20260614-063825\src\wingman2\components\ConfidenceMeter.tsx","archive",".tsx","678","0.66"
".wingman-work\backups\20260811-125215\src\wingman2\components\branding\GuruAssistantAvatar.tsx",".wingman-work",".tsx","669","0.65"
".wingman-work\backups\20260811-125346\src\wingman2\components\branding\GuruAssistantAvatar.tsx",".wingman-work",".tsx","669","0.65"
".wingman-work\backups\20260811-125821\src\wingman2\components\branding\GuruAssistantAvatar.tsx",".wingman-work",".tsx","669","0.65"
".wingman-work\backups\20260811-125821\src\__tests__\visualStudioSeedAndCanvasGuard.test.ts",".wingman-work",".ts","662","0.65"
".wingman-work\backups\20260811-125215\src\__tests__\visualStudioSeedAndCanvasGuard.test.ts",".wingman-work",".ts","662","0.65"
".wingman-work\backups\20260811-125346\src\__tests__\visualStudioSeedAndCanvasGuard.test.ts",".wingman-work",".ts","662","0.65"
"archive\_wingman_backup_guru_single_instance_20260614-063825\src\wingman2\components\ui\WingmanSelectionGrid.tsx","archive",".tsx","633","0.62"
"archive\_wingman_backup_guru_single_instance_20260614-063825\src\wingman2\components\branding\GuruAssistantAvatar.tsx","archive",".tsx","632","0.62"
"archive\_wingman_backup_unused_server_agent_pipeline_20260710-122026\server\server\agents\prompts\architectPrompt.mjs","archive",".mjs","613","0.6"
"archive\_wingman_backup_guru_single_instance_20260614-063825\src\wingman2\pages\productCallCards\ProductCallCardsModal.tsx","archive",".tsx","604","0.59"
".wingman-work\backups\20260811-125346\src\wingman2\pages\DiscoveryPage.resume.test.ts",".wingman-work",".ts","591","0.58"
".wingman-work\backups\20260811-125821\src\wingman2\pages\DiscoveryPage.resume.test.ts",".wingman-work",".ts","591","0.58"
".wingman-work\backups\20260811-125215\src\wingman2\pages\DiscoveryPage.resume.test.ts",".wingman-work",".ts","591","0.58"
".wingman-work\backups\20260811-125215\src\wingman2\lib\useDebouncedValue.ts",".wingman-work",".ts","582","0.57"
".wingman-work\backups\20260811-125821\src\wingman2\lib\useDebouncedValue.ts",".wingman-work",".ts","582","0.57"
".wingman-work\backups\20260811-125346\src\wingman2\lib\useDebouncedValue.ts",".wingman-work",".ts","582","0.57"
"archive\_wingman_backup_guru_single_instance_20260614-063825\src\wingman2\components\StatusChip.tsx","archive",".tsx","559","0.55"
"archive\_wingman_backup_unused_server_agent_pipeline_20260710-122026\server\server\agents\prompts\validationPrompt.mjs","archive",".mjs","525","0.51"
"archive\_wingman_backup_unreferenced_src_modules_20260710-104753\src\wingman2\components\layout\WingmanFilterBar.tsx","archive",".tsx","516","0.5"
".wingman-work\backups\20260811-125346\tsconfig.json",".wingman-work",".json","496","0.48"
".wingman-work\backups\20260811-125215\tsconfig.json",".wingman-work",".json","496","0.48"
".wingman-work\backups\20260811-125821\tsconfig.json",".wingman-work",".json","496","0.48"
"archive\_wingman_backup_guru_single_instance_20260614-063825\src\wingman2\components\layout\WingmanFilterBar.tsx","archive",".tsx","488","0.48"
".wingman-work\backups\20260811-125346\src\wingman2\app\WingmanApp.tsx",".wingman-work",".tsx","441","0.43"
".wingman-work\backups\20260811-125821\src\wingman2\app\WingmanApp.tsx",".wingman-work",".tsx","441","0.43"
".wingman-work\backups\20260811-125215\src\wingman2\app\WingmanApp.tsx",".wingman-work",".tsx","441","0.43"
"archive\_wingman_backup_unreferenced_src_modules_20260710-104753\src\wingman2\components\layout\WingmanActionBar.tsx","archive",".tsx","424","0.41"
"archive\_wingman_backup_guru_single_instance_20260614-063825\src\wingman2\components\layout\WingmanActionBar.tsx","archive",".tsx","413","0.4"
"archive\_wingman_backup_guru_single_instance_20260614-063825\src\wingman2\app\WingmanApp.tsx","archive",".tsx","411","0.4"
".wingman-work\backups\20260811-125821\src\wingman2\pages\ProposalPage.tsx",".wingman-work",".tsx","409","0.4"
".wingman-work\backups\20260811-125215\src\wingman2\pages\ProposalPage.tsx",".wingman-work",".tsx","409","0.4"
".wingman-work\backups\20260811-125346\src\wingman2\pages\ProposalPage.tsx",".wingman-work",".tsx","409","0.4"
"archive\_wingman_backup_unused_server_agent_pipeline_20260710-122026\server\server\agents\prompts\competitorPrompt.mjs","archive",".mjs","368","0.36"
"archive\_wingman_backup_guru_single_instance_20260614-063825\src\wingman2\components\layout\index.ts","archive",".ts","364","0.36"
"archive\_wingman_backup_unreferenced_src_modules_20260710-104753\src\wingman2\components\layout\index.ts","archive",".ts","364","0.36"
"archive\_wingman_backup_unused_server_agent_pipeline_20260710-122026\server\server\agents\prompts\proposalPrompt.mjs","archive",".mjs","363","0.35"
"archive\repo-cleanup-20260709-050830\root-backups\_wingman_backup_home_navhub_shared_ui_20260630-141354\tools\wingman-style-drift-baseline.json","archive",".json","300","0.29"
"archive\repo-cleanup-20260709-050830\root-artifacts\test_output.log","archive",".log","265","0.26"
"archive\repo-cleanup-20260709-050830\root-artifacts\_review\branch-cleanup\wonderful-tereshkova-stat.txt","archive",".txt","236","0.23"
".wingman-work\backups\20260811-125346\src\lib\client.ts",".wingman-work",".ts","219","0.21"
".wingman-work\backups\20260811-125821\src\lib\client.ts",".wingman-work",".ts","219","0.21"
".wingman-work\backups\20260811-125215\src\lib\client.ts",".wingman-work",".ts","219","0.21"
".wingman-work\backups\20260811-125821\src\wingman2\types.ts",".wingman-work",".ts","216","0.21"
".wingman-work\backups\20260811-125215\src\wingman2\types.ts",".wingman-work",".ts","216","0.21"
".wingman-work\backups\20260811-125346\src\wingman2\types.ts",".wingman-work",".ts","216","0.21"
".wingman-work\backups\20260811-125346\src\wingman2\components\WingmanViewportFitControl.tsx",".wingman-work",".tsx","214","0.21"
".wingman-work\backups\20260811-125215\src\wingman2\components\WingmanViewportFitControl.tsx",".wingman-work",".tsx","214","0.21"
".wingman-work\backups\20260811-125821\src\wingman2\components\WingmanViewportFitControl.tsx",".wingman-work",".tsx","214","0.21"
"archive\_wingman_backup_guru_single_instance_20260614-063825\src\wingman2\types.ts","archive",".ts","211","0.21"
".wingman-work\backups\20260811-125215\src\wingman2\pages\CallCardsPage.tsx",".wingman-work",".tsx","168","0.16"
".wingman-work\backups\20260811-125346\src\wingman2\pages\CallCardsPage.tsx",".wingman-work",".tsx","168","0.16"
".wingman-work\backups\20260811-125821\src\wingman2\pages\CallCardsPage.tsx",".wingman-work",".tsx","168","0.16"
".wingman-work\backups\20260811-125215\src\lib\utils.ts",".wingman-work",".ts","166","0.16"
".wingman-work\backups\20260811-125821\src\lib\utils.ts",".wingman-work",".ts","166","0.16"
".wingman-work\backups\20260811-125346\src\lib\utils.ts",".wingman-work",".ts","166","0.16"
".wingman-work\backups\20260811-125215\src\wingman2\lib\schematic\index.ts",".wingman-work",".ts","157","0.15"
".wingman-work\backups\20260811-125821\src\wingman2\lib\schematic\index.ts",".wingman-work",".ts","157","0.15"
".wingman-work\backups\20260811-125346\src\wingman2\lib\schematic\index.ts",".wingman-work",".ts","157","0.15"
"archive\_wingman_backup_unreferenced_src_modules_20260710-104753\src\wingman2\domain\productMatching\index.ts","archive",".ts","83","0.08"
"archive\_wingman_backup_unreferenced_src_modules_20260710-104753\src\wingman2\productMatching\index.ts","archive",".ts","83","0.08"
"archive\_wingman_backup_guru_single_instance_20260614-063825\src\wingman2\productMatching\index.ts","archive",".ts","83","0.08"
"archive\_wingman_backup_guru_single_instance_20260614-063825\src\wingman2\domain\productMatching\index.ts","archive",".ts","83","0.08"
".wingman-work\backups\20260811-125215\src\App.tsx",".wingman-work",".tsx","53","0.05"
"archive\_wingman_backup_guru_single_instance_20260614-063825\src\App.tsx","archive",".tsx","53","0.05"
".wingman-work\backups\20260811-125821\src\App.tsx",".wingman-work",".tsx","53","0.05"
".wingman-work\backups\20260811-125346\src\App.tsx",".wingman-work",".tsx","53","0.05"
"archive\_wingman_backup_unreferenced_src_modules_20260710-104753\src\components\index.ts","archive",".ts","49","0.05"
"archive\_wingman_backup_guru_single_instance_20260614-063825\src\components\index.ts","archive",".ts","49","0.05"
"archive\repo-cleanup-20260709-050830\root-backups\_wingman_backup_admin_db_bom_fix_20260706-143153\wingman-product-admin-db.json","archive",".json","46","0.04"
"archive\_wingman_backup_guru_single_instance_20260614-063825\src\__tests__\setup.ts","archive",".ts","43","0.04"
"archive\repo-cleanup-20260709-050830\src-snapshots\src\wingman2\pages\__writetest.tmp","archive",".tmp","40","0.04"
"archive\_wingman_backup_pre_commit_20260614-053254\data_catalog_competitor-custom.local.json","archive",".json","3","0"
".wingman-work\backups\20260811-125346\src\wingman2\pages\NavigationHubPages.tsx.20260718-195020.bak",".wingman-work",".bak","0","0"
".wingman-work\backups\20260811-125821\src\wingman2\pages\NavigationHubPages.tsx.20260718-194936.bak",".wingman-work",".bak","0","0"
".wingman-work\backups\20260811-125346\src\wingman2\pages\NavigationHubPages.tsx.20260718-194936.bak",".wingman-work",".bak","0","0"
"reports\wingman-readiness-audit-20260613-085658\04-full-diff.patch","reports",".patch","0","0"
"archive\_wingman_backup_unreferenced_src_modules_20260710-104753\src\wingman2\data\New Text Document.txt","archive",".txt","0","0"
".wingman-work\backups\20260811-125821\src\wingman2\pages\NavigationHubPages.tsx.20260718-194923.bak",".wingman-work",".bak","0","0"
".wingman-work\backups\20260811-125821\src\wingman2\pages\NavigationHubPages.tsx.20260718-194713.bak",".wingman-work",".bak","0","0"
".wingman-work\backups\20260811-125346\src\wingman2\pages\NavigationHubPages.tsx.20260718-194923.bak",".wingman-work",".bak","0","0"
"archive\repo-cleanup-20260709-050830\root-backups\_wingman_backup_competitor_lookup_server_20260706-105031\competitor-lookup-server.working.patch","archive",".patch","0","0"
"archive\repo-cleanup-20260709-050830\root-backups\_wingman_backup_before_dashboard_redesign_revert_20260706-095756\working-tree.patch","archive",".patch","0","0"
".wingman-work\backups\20260811-125215\src\wingman2\pages\NavigationHubPages.tsx.20260718-195020.bak",".wingman-work",".bak","0","0"
".wingman-work\backups\20260811-125215\src\wingman2\pages\NavigationHubPages.tsx.20260718-194713.bak",".wingman-work",".bak","0","0"
".wingman-work\backups\20260811-125215\src\wingman2\pages\NavigationHubPages.tsx.20260718-194923.bak",".wingman-work",".bak","0","0"
".wingman-work\backups\20260811-125215\src\wingman2\pages\NavigationHubPages.tsx.20260718-194936.bak",".wingman-work",".bak","0","0"
"src\wingman2\pages\NavigationHubPages.tsx.20260718-194713.bak","src",".bak","0","0"
".wingman-work\backups\20260811-125346\src\wingman2\pages\NavigationHubPages.tsx.20260718-194713.bak",".wingman-work",".bak","0","0"
".wingman-work\backups\20260811-125821\src\wingman2\pages\NavigationHubPages.tsx.20260718-195020.bak",".wingman-work",".bak","0","0"
"src\wingman2\pages\NavigationHubPages.tsx.20260718-195020.bak","src",".bak","0","0"
"src\wingman2\pages\NavigationHubPages.tsx.20260718-194936.bak","src",".bak","0","0"
"src\wingman2\pages\NavigationHubPages.tsx.20260718-194923.bak","src",".bak","0","0"
